# This file uses centimeters as units for non-parametric coordinates.

mtllib Mountain.mtl
g default
v -7.325389 0.495025 -7.230595
v -10.522993 0.482303 -8.435583
v -10.571359 1.963266 -8.436985
v -9.970640 1.716108 -4.537561
v -11.968453 1.738554 -6.171334
v -9.802471 0.495025 -4.459358
v -11.520261 0.579814 -6.151001
v -8.908404 2.385496 -8.162557
v -7.284624 1.589832 -7.086114
v -8.726783 2.455199 -5.167444
v -8.656546 0.488184 -8.865808
v -10.015130 3.665756 -6.577507
v -8.065134 0.495025 -5.514981
v -8.365219 2.657081 -6.836368
v -9.285116 3.243607 -7.309507
v -9.830080 3.638922 -6.695253
v -9.749467 3.598403 -6.433972
v -9.091560 3.306194 -5.987449
v -10.489724 2.600545 -7.773391
v -10.089255 3.428905 -6.820551
v -11.221162 2.573381 -6.030804
v -10.124451 3.487125 -6.458067
v -9.841859 2.784702 -4.864069
v -9.875318 3.595343 -6.277643
v -10.810729 1.142593 -5.323596
v -10.969547 1.727332 -5.354448
v -11.744357 1.159184 -6.161167
v -10.661366 0.537420 -5.305179
v -9.886555 1.105567 -4.498459
v -11.021627 0.531059 -7.293292
v -8.933802 0.495025 -4.987170
v -11.115797 1.205421 -7.360330
v -11.269906 1.850911 -7.304160
v -10.547176 1.222785 -8.436284
v -8.130081 2.167456 -7.353130
v -7.824922 2.123456 -6.961240
v -8.096514 1.987664 -7.624336
v -8.636812 2.521289 -7.499462
v -9.590366 1.333734 -8.479551
v -8.782475 1.436840 -8.514183
v -9.589769 0.485244 -8.650695
v -9.739881 2.174381 -8.299771
v -9.032108 1.309950 -4.981108
v -8.395958 1.475112 -5.341213
v -9.348711 2.085654 -4.852503
v -8.158354 1.293912 -7.933045
v -7.990968 0.491605 -8.048202
v -7.305007 1.042429 -7.158355
v -7.695261 0.495025 -6.372788
v -7.952258 1.367093 -6.093379
v -8.005704 2.022516 -6.126779
v -8.083784 2.191139 -6.368263
v -8.546001 2.556141 -6.001906
v -9.405165 3.397171 -6.633311
v -9.557598 3.441265 -7.002380
v -9.789773 3.618662 -6.564613
v -9.420513 3.452298 -6.210710
v -9.188338 3.274901 -6.648478
v -9.967312 3.122214 -7.267045
v -9.887420 2.922076 -7.541449
v -10.289489 3.014725 -7.296970
v -9.959667 3.533913 -6.757903
v -9.637106 3.209301 -5.679935
v -9.812393 3.596873 -6.355807
v -9.858588 3.190023 -5.570857
v -9.466710 3.045448 -5.425759
v -10.579529 2.915903 -6.784950
v -10.855442 2.586963 -6.902097
v -10.672807 3.030253 -6.244436
v -10.106853 3.458015 -6.639309
v -10.327817 3.009069 -5.799516
v -10.531511 2.679041 -5.447437
v -9.999885 3.541234 -6.367855
v -8.910633 2.884980 -7.106493
v -8.728390 2.981637 -6.411908
v -9.096760 2.814552 -7.736032
v -9.761431 2.561374 -7.913372
v -10.530541 2.281906 -8.105188
v -11.109752 2.177274 -7.076599
v -11.594807 2.155968 -6.101070
v -10.740983 2.161922 -5.372459
v -9.906250 2.250405 -4.700815
v -9.418295 2.538594 -5.116561
v -8.909171 2.880697 -5.577446
v -9.861736 3.632981 -6.560925
v -9.922605 3.652339 -6.636381
v -9.882298 3.632079 -6.505739
v -9.991306 3.561506 -6.710807
v -10.052192 3.547331 -6.699029
v -10.073955 3.528715 -6.627803
v -10.069790 3.576440 -6.517787
v -10.005547 3.582261 -6.437813
v -9.945224 3.630550 -6.427576
v -9.891726 3.623451 -6.440152
v -8.729755 2.803095 -5.983561
vt 0.106185 0.192947
vt 0.019070 0.192947
vt 0.420449 0.012011
vt 0.167807 0.012011
vt 0.337331 0.192947
vt 0.219102 0.243023
vt 0.219102 0.124298
vt 0.252503 0.192947
vt 0.252503 0.012011
vt 0.167807 0.192947
vt 0.219102 0.012011
vt 0.252503 0.322184
vt 0.937112 0.011156
vt 0.924385 0.030541
vt 0.167807 0.322184
vt 0.337331 0.322184
vt 0.971978 0.011156
vt 0.924385 0.045989
vt 0.106185 0.322184
vt 0.420449 0.322184
vt 0.971979 0.045989
vt 0.943151 0.025258
vt 0.106185 0.530708
vt 0.019070 0.530708
vt 0.337331 0.530708
vt 0.167807 0.530708
vt 0.252503 0.530708
vt 0.337331 0.012011
vt 0.106185 0.012011
vt 0.420449 0.530708
vt 0.420449 0.192947
vt 0.019070 0.322184
vt 0.019070 0.012011
vt 0.062976 0.104065
vt 0.062627 0.192947
vt 0.019070 0.102479
vt 0.062627 0.012011
vt 0.106185 0.102479
vt 0.376643 0.104222
vt 0.378890 0.012011
vt 0.420449 0.102479
vt 0.378890 0.192947
vt 0.337331 0.102479
vt 0.229741 0.182228
vt 0.219102 0.183660
vt 0.235802 0.158622
vt 0.235802 0.217985
vt 0.291359 0.101937
vt 0.252503 0.102479
vt 0.294917 0.012011
vt 0.294917 0.192947
vt 0.141433 0.101683
vt 0.136996 0.012011
vt 0.167807 0.102479
vt 0.136996 0.192947
vt 0.238355 0.090305
vt 0.235802 0.012011
vt 0.219102 0.068154
vt 0.189375 0.095141
vt 0.193454 0.012011
vt 0.193454 0.158622
vt 0.201851 0.181902
vt 0.193454 0.217985
vt 0.211729 0.396477
vt 0.252503 0.426446
vt 0.210155 0.530708
vt 0.167807 0.426446
vt 0.210155 0.322184
vt 0.301018 0.400849
vt 0.294917 0.322184
vt 0.337331 0.426446
vt 0.294917 0.530708
vt 0.130074 0.395287
vt 0.136996 0.530708
vt 0.106185 0.426446
vt 0.136996 0.322184
vt 0.380310 0.400866
vt 0.378890 0.322184
vt 0.420449 0.426446
vt 0.378890 0.530708
vt 0.062652 0.401991
vt 0.019070 0.426446
vt 0.062627 0.322184
vt 0.062627 0.530708
vt 0.224258 0.268241
vt 0.193454 0.282603
vt 0.252503 0.257565
vt 0.291896 0.256558
vt 0.337331 0.257565
vt 0.380866 0.250776
vt 0.420449 0.257565
vt 0.064139 0.251739
vt 0.106185 0.257565
vt 0.019070 0.257565
vt 0.136199 0.255033
vt 0.167807 0.257565
vt 0.934457 0.022894
vt 0.930749 0.020848
vt 0.940131 0.018207
vt 0.933768 0.027899
vt 0.953124 0.015402
vt 0.954545 0.011156
vt 0.957565 0.018207
vt 0.961945 0.026457
vt 0.971978 0.028572
vt 0.957565 0.035623
vt 0.946630 0.039114
vt 0.948182 0.045989
vt 0.933768 0.035623
vt 0.931633 0.033368
vt 0.924385 0.038265
vt 0.184537 0.252113
vn -0.648128 -0.087437 0.756495
vn -0.644016 0.078368 0.760987
vn -0.643255 0.087671 0.760616
vn -0.648128 -0.087437 0.756495
vn -0.897520 -0.095689 -0.430466
vn -0.897520 -0.095689 -0.430466
vn -0.897520 -0.095689 -0.430466
vn -0.897520 -0.095689 -0.430466
vn 0.552866 0.755458 -0.351600
vn 0.541198 0.767989 -0.342487
vn 0.600290 0.698820 -0.388977
vn 0.600290 0.698820 -0.388977
vn -0.017559 0.425977 -0.904563
vn -0.023194 0.459536 -0.887856
vn 0.005260 0.285440 -0.958382
vn 0.005260 0.285440 -0.958382
vn 0.496688 0.083575 0.863896
vn 0.496688 0.083575 0.863896
vn 0.496688 0.083575 0.863896
vn 0.496688 0.083575 0.863896
vn 0.726066 0.171533 -0.665886
vn 0.726066 0.171533 -0.665886
vn 0.726066 0.171533 -0.665886
vn 0.726066 0.171533 -0.665886
vn 0.829803 0.337589 0.444366
vn 0.833467 0.353942 0.424333
vn 0.838784 0.152211 0.522756
vn 0.838784 0.152211 0.522756
vn 0.733739 0.637116 0.236030
vn 0.710022 0.664108 0.234157
vn 0.628028 0.760505 -0.164963
vn 0.697702 0.689194 -0.195510
vn 0.492946 0.863264 -0.108531
vn 0.492946 0.863264 -0.108531
vn -0.212403 0.749139 -0.627436
vn -0.213397 0.748901 -0.627383
vn -0.208807 0.749991 -0.627625
vn -0.208807 0.749991 -0.627625
vn 0.313396 0.696098 0.645934
vn 0.228461 0.784470 0.576552
vn 0.104324 0.880463 0.462495
vn 0.104324 0.880463 0.462495
vn -0.722845 0.647008 -0.242643
vn -0.711862 0.657450 -0.247005
vn -0.708868 0.660240 -0.248172
vn -0.708868 0.660240 -0.248172
vn -0.511104 0.760904 0.399747
vn -0.509894 0.761986 0.399230
vn -0.507327 0.764271 0.398133
vn -0.507327 0.764271 0.398133
vn 0.567862 0.804403 -0.174553
vn 0.560319 0.810853 -0.168996
vn 0.596948 0.777897 -0.196290
vn 0.596948 0.777897 -0.196290
vn -0.065512 0.695725 -0.715314
vn -0.065512 0.695725 -0.715314
vn -0.737169 0.558952 -0.379677
vn -0.866933 0.099490 -0.488393
vn -0.858770 0.186568 -0.477187
vn -0.737169 0.558952 -0.379677
vn -0.593060 0.375501 0.712236
vn -0.647730 0.015124 0.761720
vn -0.645571 0.062639 0.761127
vn -0.593059 0.375501 0.712236
vn 0.344818 0.374389 0.860775
vn 0.435942 0.128304 0.890782
vn 0.413096 0.199340 0.888603
vn 0.344818 0.374389 0.860775
vn 0.183883 0.975888 0.117597
vn 0.168143 0.896380 0.410159
vn 0.198795 0.975899 0.090008
vn 0.198795 0.975899 0.090008
vn -0.289695 0.728123 -0.621220
vn -0.289695 0.728123 -0.621220
vn -0.885547 0.437485 -0.156250
vn -0.885547 0.437485 -0.156250
vn -0.605861 0.663899 0.438372
vn -0.605861 0.663899 0.438372
vn 0.165003 0.974525 0.151902
vn 0.236430 0.862777 0.446896
vn 0.231114 0.876305 0.422700
vn 0.165003 0.974525 0.151902
vn 0.787395 0.568103 0.239306
vn 0.787395 0.568103 0.239306
vn -0.640706 -0.184486 0.745292
vn -0.640706 -0.184486 0.745292
vn -0.674762 -0.195565 0.711653
vn -0.674762 -0.195565 0.711653
vn -0.674762 -0.195565 0.711653
vn -0.674762 -0.195565 0.711653
vn -0.682873 -0.096870 0.724086
vn -0.682873 -0.096870 0.724086
vn -0.682873 -0.096870 0.724086
vn -0.682873 -0.096870 0.724086
vn -0.873098 -0.247506 -0.420049
vn -0.873098 -0.247506 -0.420049
vn -0.873098 -0.247506 -0.420049
vn -0.873098 -0.247506 -0.420049
vn -0.836649 -0.239840 -0.492438
vn -0.868565 0.091211 -0.487110
vn -0.869017 0.081186 -0.488077
vn -0.836649 -0.239840 -0.492438
vn -0.861497 -0.090829 -0.499573
vn -0.861497 -0.090829 -0.499573
vn 0.600289 0.698820 -0.388977
vn 0.661247 0.276497 -0.697354
vn 0.663993 0.362079 -0.654227
vn 0.600289 0.698820 -0.388977
vn 0.655097 0.443107 -0.611967
vn 0.659808 0.463797 -0.591223
vn 0.611630 0.703548 -0.361840
vn 0.600290 0.698820 -0.388977
vn -0.152728 0.266106 -0.951768
vn -0.152728 0.266106 -0.951768
vn -0.152728 0.266106 -0.951768
vn -0.152728 0.266106 -0.951768
vn -0.140834 0.103420 -0.984617
vn -0.140834 0.103420 -0.984617
vn -0.140834 0.103420 -0.984617
vn -0.140834 0.103420 -0.984617
vn 0.031286 0.115878 -0.992771
vn 0.002706 0.290458 -0.956884
vn -0.012567 0.379680 -0.925033
vn 0.031286 0.115878 -0.992771
vn 0.505081 0.034351 0.862388
vn 0.505081 0.034351 0.862388
vn 0.505081 0.034351 0.862388
vn 0.505081 0.034351 0.862388
vn 0.466234 0.019603 0.884445
vn 0.349563 0.288872 0.891268
vn 0.400998 0.181718 0.897875
vn 0.466234 0.019603 0.884445
vn 0.451856 0.073203 0.889082
vn 0.451856 0.073203 0.889082
vn 0.717991 0.289074 -0.633186
vn 0.717991 0.289074 -0.633186
vn 0.717991 0.289074 -0.633186
vn 0.717991 0.289074 -0.633186
vn 0.654259 0.303952 -0.692502
vn 0.654259 0.303952 -0.692502
vn 0.651668 0.182777 -0.736153
vn 0.651668 0.182777 -0.736153
vn 0.883547 0.174026 0.434810
vn 0.883547 0.174026 0.434810
vn 0.883547 0.174026 0.434810
vn 0.883547 0.174026 0.434810
vn 0.885753 0.032951 0.462986
vn 0.885753 0.032951 0.462986
vn 0.885753 0.032951 0.462986
vn 0.885753 0.032951 0.462986
vn 0.829299 0.004753 0.558786
vn 0.842506 0.119383 0.525292
vn 0.841184 0.269320 0.468910
vn 0.829299 0.004753 0.558786
vn 0.710024 0.664106 0.234157
vn 0.710024 0.664106 0.234157
vn 0.710023 0.664107 0.234157
vn 0.726960 0.645027 0.235519
vn 0.750859 0.616386 0.237232
vn 0.710023 0.664107 0.234157
vn 0.501895 0.860965 -0.082705
vn 0.501895 0.860965 -0.082705
vn 0.501895 0.860965 -0.082705
vn 0.501895 0.860965 -0.082705
vn 0.469681 0.879505 -0.076619
vn 0.469681 0.879505 -0.076619
vn 0.469681 0.879505 -0.076619
vn 0.469681 0.879505 -0.076619
vn 0.470836 0.875922 -0.105236
vn 0.470836 0.875922 -0.105236
vn -0.174246 0.760352 -0.625702
vn -0.120368 0.722019 -0.681322
vn -0.108790 0.713169 -0.692499
vn -0.174247 0.760352 -0.625702
vn -0.140868 0.743329 -0.653925
vn -0.110873 0.721709 -0.683259
vn -0.188520 0.774670 -0.603612
vn -0.188520 0.774670 -0.603612
vn -0.239858 0.768407 -0.593312
vn -0.240827 0.767668 -0.593876
vn -0.246745 0.763118 -0.597301
vn -0.239858 0.768407 -0.593312
vn 0.166810 0.886117 0.432402
vn 0.167034 0.891607 0.420877
vn 0.166810 0.886117 0.432402
vn 0.238811 0.856328 0.457899
vn 0.238811 0.856328 0.457899
vn 0.139266 0.863673 0.484431
vn 0.567512 0.410842 0.713540
vn 0.345319 0.705507 0.618882
vn 0.139266 0.863673 0.484431
vn -0.694483 0.664800 -0.275199
vn -0.745226 0.581342 -0.326619
vn -0.732208 0.604947 -0.312906
vn -0.694483 0.664800 -0.275199
vn -0.697621 0.652363 -0.296221
vn -0.700790 0.646600 -0.301333
vn -0.680772 0.680946 -0.269930
vn -0.680772 0.680946 -0.269930
vn -0.686779 0.685485 -0.241752
vn -0.694386 0.678616 -0.239393
vn -0.695546 0.677556 -0.239029
vn -0.686779 0.685485 -0.241752
vn -0.483321 0.766271 0.423356
vn -0.588992 0.512633 0.624737
vn -0.563069 0.599311 0.569016
vn -0.483321 0.766271 0.423356
vn -0.589557 0.522877 0.615648
vn -0.597280 0.492859 0.632729
vn -0.492035 0.753354 0.436301
vn -0.492035 0.753354 0.436301
vn -0.519970 0.743818 0.419960
vn -0.521451 0.742581 0.420313
vn -0.524167 0.740300 0.420958
vn -0.519970 0.743817 0.419960
vn 0.491559 0.816049 -0.304031
vn 0.491559 0.816049 -0.304031
vn 0.622786 0.707781 -0.333443
vn 0.622786 0.707781 -0.333443
vn 0.733402 0.645995 -0.211686
vn 0.733402 0.645995 -0.211686
vn -0.074872 0.712320 -0.697850
vn -0.074872 0.712320 -0.697850
vn -0.095823 0.710327 -0.697318
vn -0.095823 0.710327 -0.697318
vn -0.082335 0.692156 -0.717037
vn -0.082335 0.692156 -0.717037
vn -0.690402 0.634580 -0.347352
vn -0.690402 0.634580 -0.347352
vn -0.708861 0.631290 -0.314625
vn -0.708861 0.631290 -0.314625
vn -0.761837 0.548385 -0.344787
vn -0.761837 0.548385 -0.344787
vn -0.605318 0.319426 0.729080
vn -0.605318 0.319426 0.729080
vn -0.625597 0.323774 0.709788
vn -0.625597 0.323774 0.709788
vn -0.613451 0.386246 0.688834
vn -0.613451 0.386246 0.688834
vn 0.132106 0.627006 0.767731
vn 0.132106 0.627006 0.767731
vn 0.371393 0.622990 0.688441
vn 0.371393 0.622990 0.688441
vn 0.614939 0.318014 0.721607
vn 0.614939 0.318014 0.721607
vn 0.198788 0.975900 0.090010
vn 0.198788 0.975900 0.090010
vn 0.198788 0.975900 0.090010
vn 0.198788 0.975900 0.090010
vn 0.198786 0.975901 0.090007
vn 0.186732 0.975965 0.112353
vn 0.179918 0.975726 0.124856
vn 0.198786 0.975901 0.090007
vn -0.289700 0.728121 -0.621219
vn -0.289700 0.728121 -0.621219
vn -0.289689 0.728126 -0.621219
vn -0.289689 0.728126 -0.621219
vn -0.289689 0.728126 -0.621219
vn -0.289689 0.728126 -0.621219
vn -0.885553 0.437473 -0.156249
vn -0.885553 0.437473 -0.156249
vn -0.885552 0.437475 -0.156246
vn -0.885552 0.437475 -0.156246
vn -0.885552 0.437475 -0.156246
vn -0.885552 0.437475 -0.156246
vn -0.605853 0.663906 0.438374
vn -0.605853 0.663906 0.438374
vn -0.605858 0.663904 0.438370
vn -0.605858 0.663904 0.438370
vn -0.605858 0.663904 0.438370
vn -0.605858 0.663904 0.438370
vn 0.164995 0.974526 0.151909
vn 0.165002 0.974525 0.151907
vn 0.165002 0.974525 0.151907
vn 0.787394 0.568105 0.239307
vn 0.787394 0.568105 0.239307
vn 0.787394 0.568105 0.239306
vn 0.787394 0.568105 0.239306
vn 0.787394 0.568105 0.239306
vn 0.787394 0.568105 0.239306
s 1
g Ore_Clicker16 group2
usemtl initialShadingGroup
f 29/38/1 4/1/2 26/35/3 25/34/4
s off
f 34/43/5 2/28/6 30/40/7 32/39/8
s 2
f 38/47/9 14/6/10 36/45/11 35/44/12
s 3
f 42/51/13 8/8/14 40/49/15 39/48/16
s off
f 29/38/17 6/29/18 31/53/19 43/52/20
f 48/58/21 1/11/22 47/57/23 46/56/24
s 4
f 51/61/25 10/10/26 44/54/27 50/59/28
f 53/63/29 10/10/26 51/61/25 52/62/30
s 5
f 58/68/31 15/12/32 55/65/33 54/64/34
s 6
f 62/72/35 16/27/36 55/65/37 59/69/38
s 7
f 66/76/39 18/15/40 57/67/41 63/73/42
s 8
f 70/80/43 20/25/44 61/71/45 67/77/46
s 9
f 73/84/47 22/24/48 69/82/49 71/81/50
s 10
f 58/68/51 18/15/52 75/86/53 74/85/54
s 3
f 76/87/55 8/8/14 42/51/13 77/88/56
s 11
f 78/89/57 3/5/58 33/42/59 79/90/60
s 12
f 80/94/61 5/2/62 26/35/63 81/92/64
s 13
f 82/93/65 4/1/66 45/55/67 83/95/68
s 14
f 87/100/69 17/14/70 56/98/71 85/97/72
s 6
f 86/99/73 16/13/36 62/102/35 88/101/74
s 8
f 89/103/75 20/17/44 70/105/43 90/104/76
s 9
f 91/106/77 22/21/48 73/108/47 92/107/78
s 15
f 93/109/79 24/18/80 64/111/81 94/110/82
s 4
f 84/96/83 10/10/26 53/63/29 95/112/84
s 12
f 26/35/63 5/2/62 27/36/85 25/34/86
s off
f 27/36/87 7/33/88 28/37/89 25/34/90
f 28/37/91 6/29/92 29/38/93 25/34/94
f 30/40/95 7/3/96 27/41/97 32/39/98
s 16
f 27/41/99 5/31/100 33/42/101 32/39/102
s 11
f 33/42/59 3/5/58 34/43/103 32/39/104
s 17
f 36/45/105 9/7/106 37/46/107 35/44/108
s 18
f 37/46/109 8/8/110 38/47/111 35/44/112
s off
f 40/49/113 11/9/114 41/50/115 39/48/116
f 41/50/117 2/28/118 34/43/119 39/48/120
s 19
f 34/43/121 3/5/122 42/51/123 39/48/124
s off
f 31/53/125 13/4/126 44/54/127 43/52/128
s 20
f 44/54/129 10/10/130 45/55/131 43/52/132
s 13
f 45/55/67 4/1/66 29/38/133 43/52/134
s off
f 47/57/135 11/9/136 40/49/137 46/56/138
s 18
f 40/49/139 8/8/110 37/46/109 46/56/140
s 17
f 37/46/107 9/7/106 48/58/141 46/56/142
s off
f 44/54/143 13/4/144 49/60/145 50/59/146
f 49/60/147 1/11/148 48/58/149 50/59/150
s 21
f 48/58/151 9/7/152 51/61/153 50/59/154
f 51/61/153 9/7/152 36/45/155 52/62/156
s 22
f 36/45/157 14/6/158 53/63/159 52/62/160
s off
f 55/65/161 16/27/162 56/66/163 54/64/164
f 56/66/165 17/26/166 57/67/167 54/64/168
s 10
f 57/67/169 18/15/52 58/68/51 54/64/170
s 23
f 55/65/171 15/12/172 60/70/173 59/69/174
s 24
f 60/70/175 19/16/176 61/71/177 59/69/178
s 25
f 61/71/179 20/25/180 62/72/181 59/69/182
s 14
f 57/67/183 17/26/70 64/74/184 63/73/185
s 15
f 64/74/81 24/23/80 65/75/186 63/73/187
s 26
f 65/75/188 23/19/189 66/76/190 63/73/191
s 27
f 61/71/192 19/16/193 68/78/194 67/77/195
s 28
f 68/78/196 21/20/197 69/79/198 67/77/199
s 29
f 69/79/200 22/30/201 70/80/202 67/77/203
s 30
f 69/82/204 21/32/205 72/83/206 71/81/207
s 31
f 72/83/208 23/19/209 65/75/210 71/81/211
s 32
f 65/75/212 24/23/213 73/84/214 71/81/215
s 2
f 75/86/216 14/6/10 38/47/9 74/85/217
s 18
f 38/47/111 8/8/110 76/87/218 74/85/219
s 5
f 76/87/220 15/12/32 58/68/31 74/85/221
s 19
f 42/51/123 3/5/122 78/89/222 77/88/223
s 24
f 78/89/224 19/16/176 60/70/175 77/88/225
s 23
f 60/70/173 15/12/172 76/87/226 77/88/227
s 16
f 33/42/101 5/31/100 80/91/228 79/90/229
s 28
f 80/91/230 21/20/197 68/78/196 79/90/231
s 27
f 68/78/194 19/16/193 78/89/232 79/90/233
s 1
f 26/35/3 4/1/2 82/93/234 81/92/235
s 31
f 82/93/236 23/19/209 72/83/208 81/92/237
s 30
f 72/83/206 21/32/205 80/94/238 81/92/239
s 20
f 45/55/131 10/10/130 84/96/240 83/95/241
s 7
f 84/96/242 18/15/40 66/76/39 83/95/243
s 26
f 66/76/190 23/19/189 82/93/244 83/95/245
s off
f 56/98/246 16/13/247 86/99/248 85/97/249
s 33
f 86/99/250 12/22/251 87/100/252 85/97/253
s 25
f 62/102/181 20/17/180 89/103/254 88/101/255
s off
f 89/103/256 12/22/257 86/99/258 88/101/259
s 29
f 70/105/202 22/21/201 91/106/260 90/104/261
s off
f 91/106/262 12/22/263 89/103/264 90/104/265
s 32
f 73/108/214 24/18/213 93/109/266 92/107/267
s off
f 93/109/268 12/22/269 91/106/270 92/107/271
s 14
f 64/111/184 17/14/70 87/100/69 94/110/272
s 33
f 87/100/252 12/22/251 93/109/273 94/110/274
s 22
f 53/63/159 14/6/158 75/86/275 95/112/276
s off
f 75/86/277 18/15/278 84/96/279 95/112/280
g default
v 0.571834 0.368180 -11.127150
v -6.329416 0.329518 -16.187946
v -6.445135 4.829627 -16.223911
v -7.623143 4.078598 -6.413287
v -11.341469 4.146810 -11.700078
v -7.270183 0.368180 -6.111356
v -10.274069 0.625821 -11.349088
v -2.618751 6.112555 -14.441632
v 0.572826 3.694871 -10.751180
v -4.198449 6.324416 -7.094669
v -1.537461 0.347385 -15.968292
v -6.356158 10.002879 -11.363880
v -2.368328 0.368180 -7.487225
v -2.201964 6.937853 -10.876748
v -4.102124 8.720055 -12.637754
v -5.830470 9.921238 -11.523231
v -5.812043 9.798157 -10.838677
v -4.525906 8.910280 -9.318375
v -6.695283 6.766048 -14.568237
v -6.371221 9.283134 -12.000069
v -9.633579 6.683490 -10.857656
v -6.700323 9.460118 -11.149422
v -7.092541 7.325617 -7.114108
v -6.220932 9.788934 -10.546377
v -9.124834 2.339779 -8.882175
v -9.482306 4.112704 -9.056683
v -10.807770 2.386315 -11.524584
v -8.772126 0.497000 -8.730222
v -7.446663 2.223389 -6.262321
v -8.301743 0.477669 -13.768518
v -4.819256 0.368180 -6.799290
v -8.499920 2.528115 -13.976886
v -8.893302 4.488218 -13.961995
v -6.387276 2.579572 -16.205929
v -1.311841 5.468458 -12.003829
v -0.814569 5.316362 -10.813965
v -1.022963 4.903713 -12.596407
v -2.410358 6.525204 -12.659191
v -4.053842 2.895544 -15.669458
v -2.078106 3.229970 -15.204963
v -3.933438 0.338451 -16.078120
v -4.531943 5.471091 -15.332773
v -5.063276 2.785335 -6.848064
v -3.283388 3.346298 -7.290947
v -5.910796 5.201507 -6.753977
v -0.949793 2.757187 -13.370519
v -0.482814 0.357783 -13.547721
v 0.572330 2.031525 -10.939165
v -0.898248 0.368180 -9.307188
v -1.686761 3.000066 -8.823997
v -1.812811 5.009643 -8.922924
v -1.882398 5.544026 -9.516773
v -3.200206 6.631135 -8.985708
v -4.839536 9.179856 -11.079270
v -4.966297 9.320646 -12.080492
v -5.821257 9.859698 -11.180954
v -5.168974 9.354219 -10.078526
v -4.314015 8.815168 -10.978064
v -5.762758 8.353099 -12.993884
v -5.398704 7.743051 -13.602995
v -6.533252 8.024591 -13.284154
v -6.100845 9.602186 -11.761650
v -6.039307 8.620915 -8.950876
v -6.016488 9.793546 -10.692527
v -6.656736 8.557276 -8.830243
v -5.809223 8.117949 -8.216242
v -7.593581 7.692684 -12.256651
v -8.164431 6.724769 -12.712948
v -8.166951 8.071804 -11.003539
v -6.535771 9.371626 -11.574746
v -7.645289 7.981319 -9.671189
v -8.363060 7.004553 -8.985882
v -6.460628 9.624526 -10.847899
v -3.337774 7.637155 -11.872749
v -3.363935 7.924067 -10.097562
v -3.360438 7.416305 -13.539694
v -4.842103 6.625281 -14.429909
v -6.570209 5.797837 -15.396076
v -8.650663 5.474968 -13.320048
v -10.487524 5.415150 -11.278868
v -8.940359 5.416513 -8.970510
v -7.357842 5.702107 -6.763697
v -5.881391 6.601430 -7.450810
v -4.362177 7.617348 -8.206522
v -5.997001 9.903315 -11.221316
v -6.093314 9.962058 -11.443554
v -6.084101 9.900518 -11.101278
v -6.205188 9.693267 -11.664609
v -6.363690 9.643006 -11.681974
v -6.466677 9.576097 -11.527666
v -6.528241 9.731499 -11.256650
v -6.422604 9.751497 -11.012244
v -6.288545 9.895907 -10.955129
v -6.150414 9.873826 -10.948066
v -3.631964 7.350962 -9.075502
vt 0.106185 0.192947
vt 0.019070 0.192947
vt 0.420449 0.012011
vt 0.167807 0.012011
vt 0.337331 0.192947
vt 0.219102 0.243023
vt 0.219102 0.124298
vt 0.252503 0.192947
vt 0.252503 0.012011
vt 0.167807 0.192947
vt 0.219102 0.012011
vt 0.252503 0.322184
vt 0.937112 0.011156
vt 0.924385 0.030541
vt 0.167807 0.322184
vt 0.337331 0.322184
vt 0.971978 0.011156
vt 0.924385 0.045989
vt 0.106185 0.322184
vt 0.420449 0.322184
vt 0.971979 0.045989
vt 0.943151 0.025258
vt 0.106185 0.530708
vt 0.019070 0.530708
vt 0.337331 0.530708
vt 0.167807 0.530708
vt 0.252503 0.530708
vt 0.337331 0.012011
vt 0.106185 0.012011
vt 0.420449 0.530708
vt 0.420449 0.192947
vt 0.019070 0.322184
vt 0.019070 0.012011
vt 0.062866 0.104218
vt 0.062627 0.192947
vt 0.019070 0.102479
vt 0.062627 0.012011
vt 0.106185 0.102479
vt 0.376942 0.104303
vt 0.378890 0.012011
vt 0.420449 0.102479
vt 0.378890 0.192947
vt 0.337331 0.102479
vt 0.230098 0.182581
vt 0.219102 0.183660
vt 0.235802 0.158622
vt 0.235802 0.217985
vt 0.291470 0.101342
vt 0.252503 0.102479
vt 0.294917 0.012011
vt 0.294917 0.192947
vt 0.141237 0.099960
vt 0.136996 0.012011
vt 0.167807 0.102479
vt 0.136996 0.192947
vt 0.238215 0.089282
vt 0.235802 0.012011
vt 0.219102 0.068154
vt 0.189613 0.094697
vt 0.193454 0.012011
vt 0.193454 0.158622
vt 0.201279 0.182269
vt 0.193454 0.217985
vt 0.211427 0.395310
vt 0.252503 0.426446
vt 0.210155 0.530708
vt 0.167807 0.426446
vt 0.210155 0.322184
vt 0.300435 0.400030
vt 0.294917 0.322184
vt 0.337331 0.426446
vt 0.294917 0.530708
vt 0.130471 0.395176
vt 0.136996 0.530708
vt 0.106185 0.426446
vt 0.136996 0.322184
vt 0.380283 0.398777
vt 0.378890 0.322184
vt 0.420449 0.426446
vt 0.378890 0.530708
vt 0.063038 0.400078
vt 0.019070 0.426446
vt 0.062627 0.322184
vt 0.062627 0.530708
vt 0.223866 0.268513
vt 0.193454 0.282603
vt 0.252503 0.257565
vt 0.292002 0.255637
vt 0.337331 0.257565
vt 0.380625 0.250473
vt 0.420449 0.257565
vt 0.063674 0.251181
vt 0.106185 0.257565
vt 0.019070 0.257565
vt 0.136592 0.255371
vt 0.167807 0.257565
vt 0.934465 0.022866
vt 0.930749 0.020848
vt 0.940131 0.018207
vt 0.933768 0.027899
vt 0.952819 0.015436
vt 0.954545 0.011156
vt 0.957565 0.018207
vt 0.962342 0.026506
vt 0.971978 0.028572
vt 0.957565 0.035623
vt 0.946157 0.039194
vt 0.948182 0.045989
vt 0.933768 0.035623
vt 0.931596 0.033395
vt 0.924385 0.038265
vt 0.185047 0.251024
vn -0.828759 -0.072186 0.554930
vn -0.825681 0.066637 0.560187
vn -0.825022 0.074557 0.560161
vn -0.828759 -0.072186 0.554930
vn -0.749625 -0.079216 -0.657106
vn -0.749625 -0.079216 -0.657106
vn -0.749624 -0.079216 -0.657106
vn -0.749625 -0.079216 -0.657106
vn 0.696404 0.685911 -0.211064
vn 0.679963 0.704293 -0.204015
vn 0.743195 0.627759 -0.231474
vn 0.743195 0.627759 -0.231474
vn 0.234965 0.354026 -0.905239
vn 0.221343 0.399700 -0.889521
vn 0.265942 0.237907 -0.934171
vn 0.265942 0.237907 -0.934171
vn 0.246599 0.069462 0.966625
vn 0.246599 0.069462 0.966625
vn 0.246599 0.069462 0.966625
vn 0.246599 0.069462 0.966625
vn 0.882772 0.141624 -0.447947
vn 0.882772 0.141624 -0.447947
vn 0.882772 0.141624 -0.447947
vn 0.882772 0.141624 -0.447947
vn 0.690973 0.265493 0.672361
vn 0.703693 0.306065 0.641202
vn 0.669971 0.125565 0.731691
vn 0.669971 0.125565 0.731691
vn 0.690830 0.561123 0.455955
vn 0.669785 0.590519 0.450195
vn 0.722077 0.691736 0.010345
vn 0.785155 0.619299 -0.000990
vn 0.577347 0.815853 0.032476
vn 0.577347 0.815853 0.032476
vn -0.038932 0.681990 -0.730324
vn -0.040988 0.681471 -0.730696
vn -0.035629 0.682818 -0.729719
vn -0.035629 0.682818 -0.729719
vn 0.141667 0.622352 0.769811
vn 0.068902 0.727385 0.682762
vn -0.027402 0.837136 0.546308
vn -0.027402 0.837136 0.546308
vn -0.679107 0.572422 -0.459507
vn -0.668408 0.582910 -0.462003
vn -0.665260 0.585942 -0.462710
vn -0.665260 0.585942 -0.462710
vn -0.665023 0.693762 0.276474
vn -0.662966 0.695777 0.276350
vn -0.660512 0.698167 0.276200
vn -0.660512 0.698167 0.276200
vn 0.666527 0.745292 -0.016762
vn 0.658202 0.752726 -0.013191
vn 0.698924 0.714523 -0.031030
vn 0.698924 0.714523 -0.031030
vn 0.139902 0.624238 -0.768606
vn 0.139902 0.624238 -0.768606
vn -0.640810 0.485584 -0.594618
vn -0.704725 0.091847 -0.703511
vn -0.703343 0.142390 -0.696443
vn -0.640810 0.485584 -0.594618
vn -0.780362 0.317192 0.538911
vn -0.828584 0.016662 0.559617
vn -0.827108 0.049069 0.559897
vn -0.780362 0.317192 0.538911
vn 0.103178 0.316556 0.942946
vn 0.182447 0.102136 0.977896
vn 0.156661 0.175478 0.971939
vn 0.103178 0.316556 0.942946
vn 0.174837 0.965097 0.194987
vn 0.060394 0.857808 0.510410
vn 0.200851 0.965084 0.168143
vn 0.200851 0.965084 0.168143
vn -0.120686 0.658855 -0.742526
vn -0.120686 0.658855 -0.742526
vn -0.837178 0.372692 -0.400291
vn -0.837178 0.372692 -0.400291
vn -0.757310 0.590123 0.279707
vn -0.757310 0.590123 0.279707
vn 0.141868 0.963162 0.228459
vn 0.121517 0.815543 0.565794
vn 0.123754 0.831438 0.541661
vn 0.141868 0.963162 0.228459
vn 0.733014 0.495246 0.466285
vn 0.733014 0.495246 0.466285
vn -0.822024 -0.152991 0.548517
vn -0.822024 -0.152991 0.548517
vn -0.846531 -0.162170 0.507037
vn -0.846531 -0.162170 0.507037
vn -0.846531 -0.162170 0.507037
vn -0.846531 -0.162170 0.507037
vn -0.853742 -0.080027 0.514510
vn -0.853742 -0.080026 0.514510
vn -0.853742 -0.080027 0.514510
vn -0.853742 -0.080026 0.514510
vn -0.735228 -0.206236 -0.645683
vn -0.735228 -0.206236 -0.645683
vn -0.735228 -0.206236 -0.645683
vn -0.735228 -0.206236 -0.645683
vn -0.679474 -0.199782 -0.705976
vn -0.706358 0.071224 -0.704262
vn -0.706338 0.083158 -0.702974
vn -0.679474 -0.199782 -0.705976
vn -0.696350 -0.075158 -0.713756
vn -0.696351 -0.075158 -0.713756
vn 0.743950 0.626649 -0.232053
vn 0.834660 0.225862 -0.502323
vn 0.831566 0.327960 -0.448264
vn 0.743950 0.626649 -0.232053
vn 0.824127 0.360174 -0.437138
vn 0.822276 0.405786 -0.398999
vn 0.748465 0.632446 -0.199528
vn 0.743374 0.627036 -0.232854
vn 0.109834 0.222082 -0.968822
vn 0.109834 0.222082 -0.968822
vn 0.109834 0.222082 -0.968822
vn 0.109834 0.222082 -0.968822
vn 0.129166 0.085082 -0.987966
vn 0.129166 0.085082 -0.987966
vn 0.129166 0.085082 -0.987966
vn 0.129166 0.085082 -0.987966
vn 0.297713 0.095797 -0.949837
vn 0.265554 0.235194 -0.934968
vn 0.239775 0.329889 -0.913062
vn 0.297713 0.095797 -0.949837
vn 0.254613 0.028272 0.966630
vn 0.254613 0.028272 0.966630
vn 0.254613 0.028272 0.966630
vn 0.254613 0.028272 0.966630
vn 0.211344 0.016452 0.977273
vn 0.088635 0.259851 0.961572
vn 0.155656 0.131010 0.979085
vn 0.211344 0.016452 0.977273
vn 0.196611 0.060166 0.978634
vn 0.196611 0.060166 0.978634
vn 0.873756 0.241823 -0.421986
vn 0.873756 0.241823 -0.421986
vn 0.873756 0.241823 -0.421986
vn 0.873756 0.241823 -0.421986
vn 0.829261 0.253478 -0.498071
vn 0.829261 0.253478 -0.498071
vn 0.830078 0.151368 -0.536711
vn 0.830078 0.151368 -0.536711
vn 0.737574 0.144074 0.659718
vn 0.737574 0.144074 0.659718
vn 0.737574 0.144074 0.659718
vn 0.737574 0.144074 0.659718
vn 0.728873 0.026820 0.684124
vn 0.728873 0.026820 0.684124
vn 0.728873 0.026820 0.684124
vn 0.728873 0.026820 0.684124
vn 0.648262 0.003698 0.761409
vn 0.671178 0.096338 0.735010
vn 0.695390 0.256121 0.671442
vn 0.648262 0.003698 0.761409
vn 0.670511 0.590102 0.449661
vn 0.670511 0.590102 0.449661
vn 0.669897 0.591469 0.448779
vn 0.685135 0.569849 0.453721
vn 0.700760 0.546459 0.458605
vn 0.669897 0.591469 0.448779
vn 0.579378 0.812564 0.063733
vn 0.579378 0.812563 0.063733
vn 0.579378 0.812564 0.063733
vn 0.579378 0.812563 0.063733
vn 0.546089 0.835575 0.060013
vn 0.546089 0.835575 0.060013
vn 0.546089 0.835575 0.060013
vn 0.546089 0.835575 0.060013
vn 0.554462 0.831719 0.028573
vn 0.554462 0.831719 0.028573
vn 0.000919 0.694300 -0.719685
vn 0.070442 0.653921 -0.753276
vn 0.092511 0.639994 -0.762791
vn 0.000919 0.694300 -0.719685
vn 0.041256 0.677250 -0.734595
vn 0.086839 0.650482 -0.754541
vn -0.021403 0.710410 -0.703463
vn -0.021403 0.710410 -0.703462
vn -0.078764 0.703367 -0.706449
vn -0.079548 0.702597 -0.707128
vn -0.085800 0.696406 -0.712501
vn -0.078764 0.703367 -0.706449
vn 0.051727 0.844586 0.532916
vn 0.055733 0.851725 0.521016
vn 0.051727 0.844586 0.532916
vn 0.120384 0.807505 0.577446
vn 0.120384 0.807505 0.577446
vn 0.004307 0.816056 0.577956
vn 0.364559 0.346644 0.864254
vn 0.176266 0.639808 0.748048
vn 0.004307 0.816056 0.577956
vn -0.642241 0.591999 -0.486892
vn -0.666761 0.509372 -0.544031
vn -0.661332 0.530423 -0.530370
vn -0.642241 0.591999 -0.486892
vn -0.636924 0.578612 -0.509447
vn -0.637864 0.573147 -0.514424
vn -0.630936 0.608920 -0.480767
vn -0.630936 0.608920 -0.480767
vn -0.646954 0.611960 -0.454923
vn -0.655125 0.604098 -0.453737
vn -0.655132 0.604091 -0.453736
vn -0.646954 0.611960 -0.454923
vn -0.642195 0.701629 0.308711
vn -0.767673 0.443400 0.462681
vn -0.737545 0.528632 0.420209
vn -0.642195 0.701629 0.308711
vn -0.769810 0.445450 0.457130
vn -0.774554 0.429615 0.464216
vn -0.653897 0.686762 0.317452
vn -0.653897 0.686762 0.317452
vn -0.677816 0.675099 0.291216
vn -0.679422 0.673559 0.291040
vn -0.681293 0.671756 0.290833
vn -0.677816 0.675099 0.291216
vn 0.625929 0.758534 -0.181218
vn 0.625929 0.758534 -0.181218
vn 0.752524 0.636937 -0.167385
vn 0.752524 0.636937 -0.167385
vn 0.819549 0.572956 -0.007801
vn 0.819549 0.572956 -0.007801
vn 0.126446 0.642339 -0.755918
vn 0.126446 0.642339 -0.755918
vn 0.105413 0.638929 -0.762009
vn 0.105413 0.638929 -0.762009
vn 0.123398 0.619591 -0.775164
vn 0.123398 0.619591 -0.775164
vn -0.612331 0.560586 -0.557490
vn -0.612331 0.560586 -0.557490
vn -0.640433 0.556841 -0.528936
vn -0.640433 0.556841 -0.528936
vn -0.674466 0.475316 -0.564951
vn -0.674466 0.475316 -0.564951
vn -0.792219 0.267955 0.548260
vn -0.792219 0.267955 0.548260
vn -0.807145 0.271475 0.524231
vn -0.807145 0.271475 0.524231
vn -0.795386 0.325940 0.511002
vn -0.795387 0.325940 0.511002
vn -0.084486 0.552666 0.829109
vn -0.084486 0.552666 0.829109
vn 0.184858 0.550167 0.814336
vn 0.184858 0.550167 0.814336
vn 0.403289 0.267621 0.875064
vn 0.403289 0.267621 0.875064
vn 0.200868 0.965090 0.168087
vn 0.200868 0.965090 0.168087
vn 0.200868 0.965090 0.168087
vn 0.200868 0.965090 0.168087
vn 0.200805 0.965098 0.168116
vn 0.179745 0.965177 0.190065
vn 0.167638 0.964822 0.202526
vn 0.200805 0.965098 0.168116
vn -0.123132 0.657695 -0.743152
vn -0.123132 0.657695 -0.743152
vn -0.124418 0.659448 -0.741383
vn -0.124418 0.659448 -0.741383
vn -0.124418 0.659448 -0.741383
vn -0.124418 0.659448 -0.741383
vn -0.836166 0.372964 -0.402150
vn -0.836166 0.372964 -0.402150
vn -0.837556 0.370862 -0.401199
vn -0.837556 0.370862 -0.401199
vn -0.837556 0.370862 -0.401199
vn -0.837556 0.370862 -0.401199
vn -0.756791 0.590577 0.280153
vn -0.756791 0.590577 0.280153
vn -0.756806 0.590902 0.279426
vn -0.756806 0.590902 0.279426
vn -0.756806 0.590902 0.279426
vn -0.756806 0.590902 0.279426
vn 0.141468 0.963171 0.228666
vn 0.141800 0.963103 0.228745
vn 0.141800 0.963104 0.228745
vn 0.732226 0.494996 0.467786
vn 0.732226 0.494996 0.467786
vn 0.733636 0.493370 0.467295
vn 0.733636 0.493370 0.467295
vn 0.733636 0.493370 0.467295
vn 0.733636 0.493370 0.467295
s 1
g group2 Ore_Clicker13
usemtl initialShadingGroup
f 124/150/281 99/113/282 121/147/283 120/146/284
s off
f 129/155/285 97/140/286 125/152/287 127/151/288
s 2
f 133/159/289 109/118/290 131/157/291 130/156/292
s 3
f 137/163/293 103/120/294 135/161/295 134/160/296
s off
f 124/150/297 101/141/298 126/165/299 138/164/300
f 143/170/301 96/123/302 142/169/303 141/168/304
s 4
f 146/173/305 105/122/306 139/166/307 145/171/308
f 148/175/309 105/122/306 146/173/305 147/174/310
s 5
f 153/180/311 110/124/312 150/177/313 149/176/314
s 6
f 157/184/315 111/139/316 150/177/317 154/181/318
s 7
f 161/188/319 113/127/320 152/179/321 158/185/322
s 8
f 165/192/323 115/137/324 156/183/325 162/189/326
s 9
f 168/196/327 117/136/328 164/194/329 166/193/330
s 10
f 153/180/331 113/127/332 170/198/333 169/197/334
s 3
f 171/199/335 103/120/294 137/163/293 172/200/336
s 11
f 173/201/337 98/117/338 128/154/339 174/202/340
s 12
f 175/206/341 100/114/342 121/147/343 176/204/344
s 13
f 177/205/345 99/113/346 140/167/347 178/207/348
s 14
f 182/212/349 112/126/350 151/210/351 180/209/352
s 6
f 181/211/353 111/125/316 157/214/315 183/213/354
s 8
f 184/215/355 115/129/324 165/217/323 185/216/356
s 9
f 186/218/357 117/133/328 168/220/327 187/219/358
s 15
f 188/221/359 119/130/360 159/223/361 189/222/362
s 4
f 179/208/363 105/122/306 148/175/309 190/224/364
s 12
f 121/147/343 100/114/342 122/148/365 120/146/366
s off
f 122/148/367 102/145/368 123/149/369 120/146/370
f 123/149/371 101/141/372 124/150/373 120/146/374
f 125/152/375 102/115/376 122/153/377 127/151/378
s 16
f 122/153/379 100/143/380 128/154/381 127/151/382
s 11
f 128/154/339 98/117/338 129/155/383 127/151/384
s 17
f 131/157/385 104/119/386 132/158/387 130/156/388
s 18
f 132/158/389 103/120/390 133/159/391 130/156/392
s off
f 135/161/393 106/121/394 136/162/395 134/160/396
f 136/162/397 97/140/398 129/155/399 134/160/400
s 19
f 129/155/401 98/117/402 137/163/403 134/160/404
s off
f 126/165/405 108/116/406 139/166/407 138/164/408
s 20
f 139/166/409 105/122/410 140/167/411 138/164/412
s 13
f 140/167/347 99/113/346 124/150/413 138/164/414
s off
f 142/169/415 106/121/416 135/161/417 141/168/418
s 18
f 135/161/419 103/120/390 132/158/389 141/168/420
s 17
f 132/158/387 104/119/386 143/170/421 141/168/422
s off
f 139/166/423 108/116/424 144/172/425 145/171/426
f 144/172/427 96/123/428 143/170/429 145/171/430
s 21
f 143/170/431 104/119/432 146/173/433 145/171/434
f 146/173/433 104/119/432 131/157/435 147/174/436
s 22
f 131/157/437 109/118/438 148/175/439 147/174/440
s off
f 150/177/441 111/139/442 151/178/443 149/176/444
f 151/178/445 112/138/446 152/179/447 149/176/448
s 10
f 152/179/449 113/127/332 153/180/331 149/176/450
s 23
f 150/177/451 110/124/452 155/182/453 154/181/454
s 24
f 155/182/455 114/128/456 156/183/457 154/181/458
s 25
f 156/183/459 115/137/460 157/184/461 154/181/462
s 14
f 152/179/463 112/138/350 159/186/464 158/185/465
s 15
f 159/186/361 119/135/360 160/187/466 158/185/467
s 26
f 160/187/468 118/131/469 161/188/470 158/185/471
s 27
f 156/183/472 114/128/473 163/190/474 162/189/475
s 28
f 163/190/476 116/132/477 164/191/478 162/189/479
s 29
f 164/191/480 117/142/481 165/192/482 162/189/483
s 30
f 164/194/484 116/144/485 167/195/486 166/193/487
s 31
f 167/195/488 118/131/489 160/187/490 166/193/491
s 32
f 160/187/492 119/135/493 168/196/494 166/193/495
s 2
f 170/198/496 109/118/290 133/159/289 169/197/497
s 18
f 133/159/391 103/120/390 171/199/498 169/197/499
s 5
f 171/199/500 110/124/312 153/180/311 169/197/501
s 19
f 137/163/403 98/117/402 173/201/502 172/200/503
s 24
f 173/201/504 114/128/456 155/182/455 172/200/505
s 23
f 155/182/453 110/124/452 171/199/506 172/200/507
s 16
f 128/154/381 100/143/380 175/203/508 174/202/509
s 28
f 175/203/510 116/132/477 163/190/476 174/202/511
s 27
f 163/190/474 114/128/473 173/201/512 174/202/513
s 1
f 121/147/283 99/113/282 177/205/514 176/204/515
s 31
f 177/205/516 118/131/489 167/195/488 176/204/517
s 30
f 167/195/486 116/144/485 175/206/518 176/204/519
s 20
f 140/167/411 105/122/410 179/208/520 178/207/521
s 7
f 179/208/522 113/127/320 161/188/319 178/207/523
s 26
f 161/188/470 118/131/469 177/205/524 178/207/525
s off
f 151/210/526 111/125/527 181/211/528 180/209/529
s 33
f 181/211/530 107/134/531 182/212/532 180/209/533
s 25
f 157/214/461 115/129/460 184/215/534 183/213/535
s off
f 184/215/536 107/134/537 181/211/538 183/213/539
s 29
f 165/217/482 117/133/481 186/218/540 185/216/541
s off
f 186/218/542 107/134/543 184/215/544 185/216/545
s 32
f 168/220/494 119/130/493 188/221/546 187/219/547
s off
f 188/221/548 107/134/549 186/218/550 187/219/551
s 14
f 159/223/464 112/126/350 182/212/349 189/222/552
s 33
f 182/212/532 107/134/531 188/221/553 189/222/554
s 22
f 148/175/439 109/118/438 170/198/555 190/224/556
s off
f 170/198/557 113/127/558 179/208/559 190/224/560
g default
v -7.575089 4.747718 -3.185786
v -7.564630 4.422840 -3.746724
v -7.536727 3.880434 -4.221136
v -7.481770 3.087406 -4.570428
v -7.506909 1.831075 -4.595307
v -7.506909 1.831074 -0.506259
v -7.481770 3.087406 -0.531138
v -7.536727 3.880434 -0.880429
v -7.564630 4.422839 -1.354841
v -7.575089 4.747718 -1.915780
v -7.578673 4.859044 -2.550783
v -9.462761 4.747718 -3.185786
v -9.462761 4.422840 -3.746724
v -9.462761 3.880434 -4.221136
v -9.462761 3.087406 -4.570428
v -9.462761 1.831075 -4.595307
v -9.462761 1.831074 -0.506259
v -9.462761 3.087406 -0.531138
v -9.462761 3.880434 -0.880429
v -9.462761 4.422839 -1.354841
v -9.462761 4.747718 -1.915780
v -9.462761 4.859044 -2.550783
v -7.576922 0.689941 -4.413324
v -9.462761 0.689941 -4.413324
v -7.576922 0.689941 -0.688243
v -9.462761 0.689941 -0.688243
v -9.462761 4.454507 -3.094984
v -9.462761 4.176084 -3.575711
v -9.462761 3.711240 -3.982285
v -9.462761 3.031610 -4.281629
v -9.462761 1.954928 -4.302950
v -9.462761 1.954927 -0.798616
v -9.462761 3.031610 -0.819937
v -9.462761 3.711239 -1.119281
v -9.462761 4.176083 -1.525855
v -9.462761 4.454506 -2.006582
v -9.462761 4.549913 -2.550783
v -9.462761 0.689944 -4.146990
v -9.462761 0.689944 -0.954576
v -8.771349 4.454507 -3.094984
v -8.771349 4.176084 -3.575711
v -8.771351 2.077726 -2.550783
v -8.771349 3.711240 -3.982285
v -8.771351 3.031610 -4.281629
v -8.771351 1.954928 -4.302950
v -8.771351 1.954927 -0.798616
v -8.771351 3.031610 -0.819937
v -8.771349 3.711239 -1.119281
v -8.771349 4.176083 -1.525855
v -8.771349 4.454506 -2.006582
v -8.771349 4.549913 -2.550783
v -8.771349 0.689944 -4.146990
v -8.771349 0.689944 -2.550783
v -8.771349 0.689944 -0.954576
vt 0.854075 0.154600
vt 0.854076 0.170478
vt 0.807914 0.170481
vt 0.807913 0.154602
vt 0.854077 0.188153
vt 0.807915 0.188155
vt 0.854078 0.208916
vt 0.807916 0.208919
vt 0.854079 0.235559
vt 0.807918 0.235561
vt 0.854069 0.043821
vt 0.854070 0.068981
vt 0.807908 0.068984
vt 0.807907 0.043824
vt 0.854071 0.089540
vt 0.807909 0.089543
vt 0.854072 0.106961
vt 0.807910 0.106964
vt 0.854073 0.122847
vt 0.807911 0.122850
vt 0.854074 0.138755
vt 0.807912 0.138758
vt 0.941305 0.162409
vt 0.893168 0.099505
vt 0.954427 0.105084
vt 0.893168 0.108868
vt 0.893169 0.120128
vt 0.893170 0.136455
vt 0.996686 0.102120
vt 0.893165 0.045283
vt 0.893165 0.056543
vt 0.893166 0.065906
vt 0.893166 0.074329
vt 0.893167 0.082706
vt 0.854081 0.267365
vt 0.807919 0.267368
vt 0.807905 0.011786
vt 0.854067 0.011784
vt 0.893171 0.155780
vt 0.954425 0.071613
vt 0.992923 0.071611
vt 0.909843 0.099504
vt 0.909843 0.091081
vt 0.909844 0.108867
vt 0.909845 0.120127
vt 0.909845 0.136454
vt 0.909841 0.045282
vt 0.909840 0.028955
vt 0.909841 0.056542
vt 0.909841 0.065905
vt 0.909842 0.074328
vt 0.909842 0.082705
vt 0.800918 0.267368
vt 0.909838 0.009630
vt 0.893164 0.028956
vt 0.893163 0.009631
vt 0.912167 0.102124
vt 0.915927 0.071615
vt 0.954430 0.164709
vt 0.893167 0.091083
vt 0.967555 0.162407
vt 0.979149 0.155692
vt 0.988955 0.144480
vt 0.996174 0.128088
vt 0.912683 0.128092
vt 0.919904 0.144483
vt 0.929710 0.155694
vt 0.800906 0.043824
vt 0.800904 0.011787
vt 0.800916 0.235562
vt 0.909847 0.155779
vt 0.800911 0.138758
vt 0.800912 0.154603
vt 0.800910 0.122850
vt 0.800909 0.106964
vt 0.800908 0.089543
vt 0.800907 0.068984
vt 0.800915 0.208919
vt 0.800914 0.188155
vt 0.800912 0.170481
vn 0.000000 0.938928 -0.344114
vn 0.000000 0.764216 -0.644960
vn 0.000000 0.766050 -0.642781
vn 0.000000 0.939348 -0.342966
vn 0.000000 0.519442 -0.854506
vn 0.000000 0.523591 -0.851970
vn 0.000000 0.176206 -0.984353
vn 0.000000 0.178888 -0.983869
vn 0.000000 -0.062001 -0.998076
vn 0.000000 -0.064303 -0.997930
vn 0.000000 -0.062001 0.998076
vn 0.000000 0.176206 0.984353
vn 0.000000 0.178888 0.983869
vn 0.000000 -0.064303 0.997930
vn 0.000000 0.519442 0.854506
vn 0.000000 0.523591 0.851970
vn 0.000000 0.764217 0.644960
vn 0.000000 0.766050 0.642781
vn 0.000000 0.938928 0.344114
vn 0.000000 0.939347 0.342967
vn 0.000000 1.000000 0.000001
vn 0.000000 1.000000 0.000001
vn -1.000000 0.000001 0.000000
vn -1.000000 0.000001 0.000000
vn -1.000000 -0.000001 -0.000000
vn -1.000000 0.000001 0.000000
vn -1.000000 0.000001 0.000000
vn -1.000000 -0.000001 0.000000
vn -1.000000 -0.000001 -0.000000
vn -1.000000 0.000001 -0.000000
vn -1.000000 0.000001 -0.000000
vn -1.000000 0.000001 -0.000000
vn -1.000000 0.000001 -0.000000
vn -1.000000 0.000000 0.000000
vn 0.000000 -0.157486 -0.987521
vn 0.000000 -0.157486 -0.987521
vn 0.000000 -0.157486 0.987521
vn 0.000000 -0.157486 0.987521
vn -1.000000 -0.000002 0.000000
vn -1.000000 -0.000001 -0.000000
vn -1.000000 -0.000001 -0.000000
vn -1.000000 0.000000 0.000000
vn -1.000000 0.000001 0.000000
vn -1.000000 0.000001 0.000000
vn -1.000000 0.000000 0.000000
vn -1.000000 0.000001 0.000000
vn -1.000000 0.000000 0.000000
vn -1.000000 0.000000 0.000000
vn -1.000000 0.000000 0.000000
vn -1.000000 -0.000000 0.000000
vn -1.000000 -0.000000 0.000000
vn -1.000000 -0.000000 0.000000
vn -1.000000 -0.000000 0.000000
vn -1.000000 -0.000000 0.000000
vn -1.000000 -0.000000 0.000000
vn -1.000000 0.000001 0.000000
vn -1.000000 0.000001 0.000000
vn -1.000000 0.000002 0.000000
vn -1.000000 0.000002 0.000000
vn -1.000000 0.000001 0.000000
vn -1.000000 0.000001 0.000000
vn -1.000000 0.000000 0.000000
vn -1.000000 0.000000 0.000000
vn -1.000000 -0.000001 0.000000
vn -1.000000 -0.000001 0.000000
vn -1.000000 0.000000 0.000000
vn -1.000000 0.000000 0.000000
vn 0.000000 -0.939461 0.342656
vn 0.000000 -0.766583 0.642145
vn 0.000000 -0.766583 0.642145
vn 0.000000 -0.939461 0.342656
vn 0.000000 -0.524974 0.851118
vn 0.000000 -0.524974 0.851118
vn 0.000000 -0.179610 0.983738
vn 0.000000 -0.179610 0.983738
vn 0.000000 0.057402 0.998351
vn 0.000000 0.057402 0.998351
vn 0.000000 0.057402 -0.998351
vn 0.000000 -0.179610 -0.983738
vn 0.000000 -0.179610 -0.983738
vn 0.000000 0.057402 -0.998351
vn 0.000000 -0.524975 -0.851118
vn 0.000000 -0.524975 -0.851118
vn 0.000000 -0.766583 -0.642145
vn 0.000000 -0.766583 -0.642145
vn 0.000000 -0.939461 -0.342657
vn 0.000000 -0.939461 -0.342657
vn 0.000000 -1.000000 -0.000001
vn 0.000000 -1.000000 -0.000001
vn 0.000000 0.122364 0.992485
vn 0.000000 0.122364 0.992485
vn 0.000000 0.122364 -0.992485
vn 0.000000 0.122364 -0.992485
s 1
g group2 pCylinder3
usemtl initialShadingGroup
f 191/225/561 192/226/562 203/227/563 202/228/564
f 192/226/562 193/229/565 204/230/566 203/227/563
f 193/229/565 194/231/567 205/232/568 204/230/566
f 194/231/567 195/233/569 206/234/570 205/232/568
f 196/235/571 197/236/572 208/237/573 207/238/574
f 197/236/572 198/239/575 209/240/576 208/237/573
f 198/239/575 199/241/577 210/242/578 209/240/576
f 199/241/577 200/243/579 211/244/580 210/242/578
f 200/243/579 201/245/581 212/246/582 211/244/580
f 201/245/581 191/225/561 202/228/564 212/246/582
s 3
f 230/247/583 231/291/584 232/249/585
f 231/291/584 233/290/586 232/249/585
f 233/290/586 234/289/587 232/249/585
f 234/289/587 235/281/588 232/249/585
f 236/253/589 237/288/590 232/249/585
f 237/288/590 238/287/591 232/249/585
f 238/287/591 239/286/592 232/249/585
f 239/286/592 240/285/593 232/249/585
f 240/285/593 241/283/594 232/249/585
f 241/283/594 230/247/583 232/249/585
s 1
f 206/234/570 195/233/569 213/259/595 214/260/596
f 196/235/571 207/238/574 216/261/597 215/262/598
s 3
f 232/249/585 235/281/588 242/282/599 243/264/600
f 236/253/589 232/249/585 243/264/600 244/265/601
s 5
f 202/228/602 203/227/603 218/304/604 217/297/605
f 203/227/603 204/230/606 219/303/607 218/304/604
f 204/230/606 205/232/608 220/302/609 219/303/607
f 205/232/608 206/234/610 221/294/611 220/302/609
f 207/238/612 208/237/613 223/301/614 222/292/615
f 208/237/613 209/240/616 224/300/617 223/301/614
f 209/240/616 210/242/618 225/299/619 224/300/617
f 210/242/618 211/244/620 226/298/621 225/299/619
f 211/244/620 212/246/622 227/296/623 226/298/621
f 212/246/622 202/228/602 217/297/605 227/296/623
f 206/234/610 214/260/624 228/277/625 221/294/611
f 216/261/626 207/238/612 222/292/615 229/293/627
s 7
f 217/267/628 218/266/629 231/248/630 230/284/631
f 218/266/629 219/268/632 233/250/633 231/248/630
f 219/268/632 220/269/634 234/251/635 233/250/633
f 220/269/634 221/270/636 235/252/637 234/251/635
f 222/272/638 223/271/639 237/254/640 236/279/641
f 223/271/639 224/273/642 238/255/643 237/254/640
f 224/273/642 225/274/644 239/256/645 238/255/643
f 225/274/644 226/275/646 240/257/647 239/256/645
f 226/275/646 227/276/648 241/258/649 240/257/647
f 227/276/648 217/267/628 230/284/631 241/258/649
f 221/270/636 228/295/650 242/263/651 235/252/637
f 229/278/652 222/272/638 236/279/641 244/280/653
g default
v -12.526790 0.325721 6.522720
v -6.708809 0.304005 6.105926
v -6.632830 2.831956 6.073541
v -10.350332 2.410067 0.457819
v -6.085906 2.448381 1.563023
v -10.666909 0.325721 0.456748
v -6.795230 0.470453 1.851748
v -9.406856 3.552687 6.836350
v -12.693220 2.194518 6.327870
v -11.828509 3.671668 2.323048
v -9.294796 0.314043 8.106501
v -8.823758 5.738046 3.588389
v -12.605884 0.325721 3.334575
v -11.196515 4.016274 5.168590
v -9.432402 5.017453 5.244765
v -9.026493 5.692241 3.903144
v -9.338155 5.623076 3.555702
v -10.677108 5.124286 3.333589
v -7.233539 3.919769 5.103154
v -8.535187 5.333749 3.912194
v -7.344782 3.873400 1.879133
v -8.739631 5.433129 3.325116
v -10.316670 4.234118 1.055994
v -9.254758 5.617853 3.223434
v -8.486365 1.431096 1.076075
v -8.218119 2.429224 1.010421
v -6.440568 1.459417 1.707385
v -8.731069 0.398087 1.154248
v -10.508620 1.367894 0.457283
v -6.752019 0.387229 3.978837
v -11.636396 0.325721 1.895662
v -6.558135 1.538341 4.015474
v -6.359368 2.640169 3.818282
v -6.670819 1.567981 6.089733
v -11.191788 3.180501 6.137698
v -11.944866 3.105395 5.748230
v -11.050039 2.873603 6.582110
v -10.301686 3.784481 6.002469
v -8.123166 1.757367 6.840476
v -9.350826 1.933366 7.471425
v -8.001803 0.309024 7.106213
v -8.019843 3.192322 6.454945
v -11.488333 1.716769 1.816022
v -12.217197 1.998695 2.828812
v -11.089421 3.040868 1.390433
v -10.733590 1.689393 7.016490
v -10.910793 0.319882 7.314610
v -12.610005 1.260120 6.425295
v -12.566336 0.325721 4.928647
v -12.367583 1.814309 4.311870
v -12.260865 2.933093 4.325459
v -11.967276 3.220926 4.644021
v -11.512512 3.843972 3.745819
v -9.729463 5.279580 4.110736
v -9.229448 5.354847 4.573954
v -9.182324 5.657657 3.729423
v -10.007631 5.373680 3.444645
v -10.054755 5.070870 4.289177
v -8.405191 4.810240 4.691488
v -8.332971 4.468611 5.173960
v -7.884363 4.626759 4.507675
v -8.780839 5.512995 3.907669
v -10.051122 4.958894 2.467067
v -9.296457 5.620464 3.389568
v -9.785714 4.925985 2.139714
v -10.496889 4.679201 2.194791
v -7.800594 4.458074 3.506690
v -7.289160 3.896585 3.491144
v -8.042206 4.653265 2.602125
v -8.637409 5.383440 3.618656
v -8.894924 4.617104 2.158908
v -8.830726 4.053759 1.467564
v -8.997194 5.525491 3.274275
v -10.157993 4.405290 5.197630
v -10.936811 4.570279 4.251089
v -9.419629 4.285071 6.040558
v -8.262532 3.852904 5.840544
v -6.933185 3.375863 5.588348
v -6.770239 3.197261 3.579948
v -6.715344 3.160891 1.721078
v -8.559572 3.171054 1.201658
v -10.333501 3.322092 0.756906
v -10.792874 3.814020 1.750062
v -11.252808 4.397977 2.828318
v -9.073400 5.682100 3.672287
v -8.925125 5.715143 3.745767
v -9.080956 5.680561 3.572045
v -8.765444 5.560095 3.812056
v -8.679473 5.535898 3.750292
v -8.696628 5.504122 3.624325
v -8.781695 5.585588 3.456753
v -8.938431 5.595523 3.378679
v -9.039259 5.677949 3.405911
v -9.113206 5.665834 3.463635
v -11.240761 4.265514 3.586084
vt 0.106185 0.192947
vt 0.019070 0.192947
vt 0.420449 0.012011
vt 0.167807 0.012011
vt 0.337331 0.192947
vt 0.219102 0.243023
vt 0.219102 0.124298
vt 0.252503 0.192947
vt 0.252503 0.012011
vt 0.167807 0.192947
vt 0.219102 0.012011
vt 0.252503 0.322184
vt 0.937112 0.011156
vt 0.924385 0.030541
vt 0.167807 0.322184
vt 0.337331 0.322184
vt 0.971978 0.011156
vt 0.924385 0.045989
vt 0.106185 0.322184
vt 0.420449 0.322184
vt 0.971979 0.045989
vt 0.943151 0.025258
vt 0.106185 0.530708
vt 0.019070 0.530708
vt 0.337331 0.530708
vt 0.167807 0.530708
vt 0.252503 0.530708
vt 0.337331 0.012011
vt 0.106185 0.012011
vt 0.420449 0.530708
vt 0.420449 0.192947
vt 0.019070 0.322184
vt 0.019070 0.012011
vt 0.062976 0.104065
vt 0.062627 0.192947
vt 0.019070 0.102479
vt 0.062627 0.012011
vt 0.106185 0.102479
vt 0.376643 0.104222
vt 0.378890 0.012011
vt 0.420449 0.102479
vt 0.378890 0.192947
vt 0.337331 0.102479
vt 0.229741 0.182228
vt 0.219102 0.183660
vt 0.235802 0.158622
vt 0.235802 0.217985
vt 0.291359 0.101937
vt 0.252503 0.102479
vt 0.294917 0.012011
vt 0.294917 0.192947
vt 0.141433 0.101683
vt 0.136996 0.012011
vt 0.167807 0.102479
vt 0.136996 0.192947
vt 0.238355 0.090305
vt 0.235802 0.012011
vt 0.219102 0.068154
vt 0.189375 0.095141
vt 0.193454 0.012011
vt 0.193454 0.158622
vt 0.201851 0.181902
vt 0.193454 0.217985
vt 0.211729 0.396477
vt 0.252503 0.426446
vt 0.210155 0.530708
vt 0.167807 0.426446
vt 0.210155 0.322184
vt 0.301018 0.400849
vt 0.294917 0.322184
vt 0.337331 0.426446
vt 0.294917 0.530708
vt 0.130074 0.395287
vt 0.136996 0.530708
vt 0.106185 0.426446
vt 0.136996 0.322184
vt 0.380310 0.400866
vt 0.378890 0.322184
vt 0.420449 0.426446
vt 0.378890 0.530708
vt 0.062652 0.401991
vt 0.019070 0.426446
vt 0.062627 0.322184
vt 0.062627 0.530708
vt 0.224258 0.268241
vt 0.193454 0.282603
vt 0.252503 0.257565
vt 0.291896 0.256558
vt 0.337331 0.257565
vt 0.380866 0.250776
vt 0.420449 0.257565
vt 0.064139 0.251739
vt 0.106185 0.257565
vt 0.019070 0.257565
vt 0.136199 0.255033
vt 0.167807 0.257565
vt 0.934457 0.022894
vt 0.930749 0.020848
vt 0.940131 0.018207
vt 0.933768 0.027899
vt 0.953124 0.015402
vt 0.954545 0.011156
vt 0.957565 0.018207
vt 0.961945 0.026457
vt 0.971978 0.028572
vt 0.957565 0.035623
vt 0.946630 0.039114
vt 0.948182 0.045989
vt 0.933768 0.035623
vt 0.931633 0.033368
vt 0.924385 0.038265
vt 0.184537 0.252113
vn 0.271945 -0.087438 -0.958332
vn 0.266330 0.078367 -0.960691
vn 0.265794 0.087670 -0.960035
vn 0.271945 -0.087438 -0.958332
vn 0.995295 -0.095688 0.015238
vn 0.995295 -0.095688 0.015238
vn 0.995295 -0.095688 0.015238
vn 0.995295 -0.095688 0.015238
vn -0.354919 0.755457 0.550742
vn -0.348138 0.767988 0.537582
vn -0.382341 0.698820 0.604538
vn -0.382341 0.698820 0.604538
vn 0.394595 0.425977 0.814149
vn 0.392719 0.459536 0.796617
vn 0.396400 0.285440 0.872578
vn 0.396400 0.285440 0.872578
vn -0.812703 0.083574 -0.576654
vn -0.812703 0.083574 -0.576654
vn -0.812703 0.083574 -0.576654
vn -0.812703 0.083574 -0.576654
vn -0.380654 0.171533 0.908669
vn -0.380654 0.171533 0.908669
vn -0.380654 0.171533 0.908669
vn -0.380654 0.171533 0.908669
vn -0.939614 0.337588 -0.056207
vn -0.934555 0.353943 -0.036480
vn -0.980584 0.152211 -0.123640
vn -0.980584 0.152211 -0.123640
vn -0.765163 0.637116 0.092786
vn -0.742841 0.664106 0.084559
vn -0.501304 0.760505 0.412706
vn -0.551792 0.689194 0.469613
vn -0.402249 0.863264 0.304910
vn -0.402249 0.863264 0.304910
vn 0.455542 0.749138 0.480909
vn 0.456422 0.748901 0.480444
vn 0.452355 0.749991 0.482586
vn 0.452355 0.749991 0.482586
vn -0.555004 0.696099 -0.455431
vn -0.448825 0.784470 -0.427975
vn -0.288343 0.880464 -0.376354
vn -0.288343 0.880464 -0.376354
vn 0.758039 0.647007 -0.082221
vn 0.749890 0.657449 -0.073662
vn 0.747658 0.660240 -0.071348
vn 0.747658 0.660240 -0.071348
vn 0.296836 0.760904 -0.576986
vn 0.295954 0.761986 -0.576011
vn 0.294082 0.764271 -0.573939
vn 0.294082 0.764271 -0.573939
vn -0.442649 0.804403 0.396229
vn -0.438125 0.810853 0.388025
vn -0.459965 0.777897 0.428145
vn -0.459965 0.777897 0.428145
vn 0.358925 0.695725 0.622205
vn 0.358925 0.695725 0.622205
vn 0.828409 0.558950 0.036235
vn 0.991765 0.099489 0.080649
vn 0.979660 0.186567 0.073889
vn 0.828409 0.558950 0.036235
vn 0.240460 0.375501 -0.895085
vn 0.269397 0.015123 -0.962911
vn 0.267683 0.062638 -0.961469
vn 0.240460 0.375501 -0.895085
vn -0.673473 0.374389 -0.637391
vn -0.768790 0.128304 -0.626499
vn -0.747129 0.199340 -0.634083
vn -0.673473 0.374389 -0.637391
vn -0.216221 0.975889 -0.029824
vn -0.324395 0.896381 -0.302109
vn -0.218213 0.975900 0.001472
vn -0.218212 0.975900 0.001472
vn 0.523130 0.728125 0.442911
vn 0.523130 0.728125 0.442911
vn 0.869639 0.437476 -0.228787
vn 0.869639 0.437476 -0.228787
vn 0.366725 0.663898 -0.651730
vn 0.366725 0.663898 -0.651730
vn -0.213434 0.974526 -0.068885
vn -0.401786 0.862778 -0.306891
vn -0.386830 0.876306 -0.287143
vn -0.213434 0.974526 -0.068885
vn -0.815261 0.568106 0.112270
vn -0.815261 0.568106 0.112270
vn 0.269893 -0.184488 -0.945051
vn 0.269894 -0.184488 -0.945051
vn 0.314904 -0.195564 -0.928757
vn 0.314904 -0.195564 -0.928757
vn 0.314904 -0.195564 -0.928757
vn 0.314904 -0.195564 -0.928757
vn 0.317066 -0.096870 -0.943443
vn 0.317066 -0.096870 -0.943443
vn 0.317066 -0.096870 -0.943443
vn 0.317066 -0.096870 -0.943443
vn 0.968754 -0.247506 0.016001
vn 0.968754 -0.247506 0.016001
vn 0.968754 -0.247506 0.016001
vn 0.968754 -0.247506 0.016001
vn 0.965954 -0.239841 0.097000
vn 0.992709 0.091210 0.078801
vn 0.993524 0.081185 0.079490
vn 0.965954 -0.239841 0.097000
vn 0.991507 -0.090829 0.093077
vn 0.991507 -0.090829 0.093077
vn -0.382342 0.698820 0.604537
vn -0.308616 0.276497 0.910113
vn -0.329163 0.362079 0.872096
vn -0.382342 0.698820 0.604537
vn -0.338772 0.443108 0.829993
vn -0.351734 0.463798 0.813127
vn -0.403999 0.703548 0.584640
vn -0.382340 0.698821 0.604537
vn 0.537112 0.266106 0.800437
vn 0.537112 0.266106 0.800437
vn 0.537112 0.266106 0.800437
vn 0.537112 0.266106 0.800437
vn 0.540060 0.103420 0.835248
vn 0.540060 0.103420 0.835248
vn 0.540060 0.103420 0.835248
vn 0.540060 0.103420 0.835248
vn 0.387159 0.115879 0.914702
vn 0.398091 0.290459 0.870148
vn 0.398629 0.379681 0.834828
vn 0.387159 0.115879 0.914702
vn -0.819694 0.034352 -0.571771
vn -0.819694 0.034352 -0.571771
vn -0.819694 0.034352 -0.571771
vn -0.819694 0.034352 -0.571771
vn -0.793647 0.019603 -0.608063
vn -0.690546 0.288872 -0.663098
vn -0.740023 0.181718 -0.647568
vn -0.793647 0.019603 -0.608063
vn -0.782530 0.073203 -0.618294
vn -0.782530 0.073203 -0.618294
vn -0.387010 0.289074 0.875591
vn -0.387010 0.289074 0.875591
vn -0.387010 0.289074 0.875591
vn -0.387010 0.289074 0.875591
vn -0.304300 0.303952 0.902782
vn -0.304300 0.303952 0.902782
vn -0.283676 0.182777 0.941340
vn -0.283676 0.182777 0.941340
vn -0.984423 0.174025 -0.025031
vn -0.984423 0.174025 -0.025031
vn -0.984423 0.174025 -0.025031
vn -0.984423 0.174025 -0.025031
vn -0.998221 0.032951 -0.049698
vn -0.998221 0.032951 -0.049698
vn -0.998221 0.032951 -0.049698
vn -0.998221 0.032951 -0.049698
vn -0.987052 0.004751 -0.160331
vn -0.985026 0.119382 -0.124384
vn -0.960224 0.269321 -0.073733
vn -0.987052 0.004751 -0.160331
vn -0.742839 0.664109 0.084560
vn -0.742839 0.664109 0.084560
vn -0.742841 0.664106 0.084559
vn -0.758792 0.645027 0.090413
vn -0.781213 0.616387 0.098861
vn -0.742841 0.664106 0.084559
vn -0.421187 0.860965 0.285202
vn -0.421187 0.860965 0.285202
vn -0.421187 0.860965 0.285202
vn -0.421187 0.860965 0.285202
vn -0.394477 0.879506 0.266189
vn -0.394477 0.879506 0.266189
vn -0.394477 0.879506 0.266189
vn -0.394477 0.879506 0.266189
vn -0.383549 0.875921 0.292663
vn -0.383549 0.875921 0.292663
vn 0.420163 0.760353 0.495305
vn 0.394516 0.722019 0.568372
vn 0.388680 0.713168 0.583368
vn 0.420163 0.760352 0.495305
vn 0.401662 0.743329 0.534910
vn 0.386701 0.721709 0.574106
vn 0.423878 0.774669 0.469270
vn 0.423878 0.774669 0.469270
vn 0.466190 0.768405 0.438429
vn 0.467306 0.767667 0.438535
vn 0.474113 0.763118 0.439168
vn 0.466190 0.768405 0.438429
vn -0.332496 0.886117 -0.322868
vn -0.327874 0.891607 -0.312307
vn -0.332496 0.886117 -0.322868
vn -0.408555 0.856328 -0.315888
vn -0.408555 0.856328 -0.315888
vn -0.329259 0.863673 -0.381650
vn -0.814084 0.410843 -0.410458
vn -0.572670 0.705508 -0.417501
vn -0.329259 0.863673 -0.381650
vn 0.745907 0.664801 -0.040781
vn 0.813516 0.581341 -0.015323
vn 0.795953 0.604947 -0.022327
vn 0.745907 0.664801 -0.040781
vn 0.757557 0.652364 -0.023003
vn 0.762574 0.646601 -0.019687
vn 0.731249 0.680947 -0.039826
vn 0.731249 0.680947 -0.039826
vn 0.724912 0.685484 -0.067931
vn 0.730832 0.678615 -0.073257
vn 0.731733 0.677554 -0.074074
vn 0.724912 0.685484 -0.067931
vn 0.261723 0.766271 -0.586797
vn 0.273393 0.512633 -0.813919
vn 0.273175 0.599312 -0.752463
vn 0.261723 0.766271 -0.586797
vn 0.277710 0.522877 -0.805901
vn 0.277574 0.492859 -0.824647
vn 0.264219 0.753354 -0.602201
vn 0.264219 0.753354 -0.602201
vn 0.296430 0.743816 -0.599055
vn 0.297627 0.742579 -0.599995
vn 0.299824 0.740298 -0.601717
vn 0.296430 0.743816 -0.599055
vn -0.319155 0.816048 0.481878
vn -0.319155 0.816048 0.481878
vn -0.426017 0.707780 0.563521
vn -0.426017 0.707780 0.563521
vn -0.577443 0.645996 0.499248
vn -0.577443 0.645996 0.499247
vn 0.360114 0.712321 0.602426
vn 0.360114 0.712321 0.602426
vn 0.378919 0.710328 0.593174
vn 0.378919 0.710328 0.593174
vn 0.374926 0.692155 0.616727
vn 0.374926 0.692155 0.616727
vn 0.772404 0.634580 0.026455
vn 0.772404 0.634580 0.026455
vn 0.775468 0.631291 -0.010994
vn 0.775468 0.631291 -0.010994
vn 0.836207 0.548384 -0.005776
vn 0.836207 0.548384 -0.005776
vn 0.244542 0.319425 -0.915514
vn 0.244542 0.319425 -0.915514
vn 0.271034 0.323774 -0.906483
vn 0.271034 0.323774 -0.906483
vn 0.268774 0.386247 -0.882368
vn 0.268774 0.386247 -0.882368
vn -0.441346 0.627006 -0.641933
vn -0.441346 0.627006 -0.641933
vn -0.625469 0.622990 -0.469758
vn -0.625469 0.622990 -0.469758
vn -0.860533 0.318015 -0.397932
vn -0.860533 0.318015 -0.397932
vn -0.218212 0.975900 0.001461
vn -0.218212 0.975900 0.001461
vn -0.218212 0.975900 0.001461
vn -0.218212 0.975900 0.001461
vn -0.218212 0.975900 0.001474
vn -0.216617 0.975965 -0.023868
vn -0.215661 0.975725 -0.038078
vn -0.218212 0.975900 0.001474
vn 0.523130 0.728125 0.442910
vn 0.523130 0.728125 0.442910
vn 0.523131 0.728124 0.442910
vn 0.523131 0.728124 0.442910
vn 0.523131 0.728124 0.442910
vn 0.523131 0.728124 0.442910
vn 0.869636 0.437482 -0.228787
vn 0.869636 0.437482 -0.228787
vn 0.869638 0.437476 -0.228788
vn 0.869638 0.437476 -0.228788
vn 0.869638 0.437476 -0.228788
vn 0.869638 0.437476 -0.228788
vn 0.366719 0.663901 -0.651730
vn 0.366719 0.663901 -0.651730
vn 0.366721 0.663901 -0.651729
vn 0.366721 0.663901 -0.651729
vn 0.366721 0.663901 -0.651729
vn 0.366721 0.663901 -0.651729
vn -0.213433 0.974526 -0.068890
vn -0.213436 0.974525 -0.068892
vn -0.213436 0.974525 -0.068892
vn -0.815260 0.568108 0.112269
vn -0.815260 0.568108 0.112269
vn -0.815263 0.568104 0.112270
vn -0.815263 0.568104 0.112270
vn -0.815263 0.568104 0.112270
vn -0.815263 0.568104 0.112270
s 1
g group2 Ore_Clicker15
usemtl initialShadingGroup
f 273/342/654 248/305/655 270/339/656 269/338/657
s off
f 278/347/658 246/332/659 274/344/660 276/343/661
s 2
f 282/351/662 258/310/663 280/349/664 279/348/665
s 3
f 286/355/666 252/312/667 284/353/668 283/352/669
s off
f 273/342/670 250/333/671 275/357/672 287/356/673
f 292/362/674 245/315/675 291/361/676 290/360/677
s 4
f 295/365/678 254/314/679 288/358/680 294/363/681
f 297/367/682 254/314/679 295/365/678 296/366/683
s 5
f 302/372/684 259/316/685 299/369/686 298/368/687
s 6
f 306/376/688 260/331/689 299/369/690 303/373/691
s 7
f 310/380/692 262/319/693 301/371/694 307/377/695
s 8
f 314/384/696 264/329/697 305/375/698 311/381/699
s 9
f 317/388/700 266/328/701 313/386/702 315/385/703
s 10
f 302/372/704 262/319/705 319/390/706 318/389/707
s 3
f 320/391/708 252/312/667 286/355/666 321/392/709
s 11
f 322/393/710 247/309/711 277/346/712 323/394/713
s 12
f 324/398/714 249/306/715 270/339/716 325/396/717
s 13
f 326/397/718 248/305/719 289/359/720 327/399/721
s 14
f 331/404/722 261/318/723 300/402/724 329/401/725
s 6
f 330/403/726 260/317/689 306/406/688 332/405/727
s 8
f 333/407/728 264/321/697 314/409/696 334/408/729
s 9
f 335/410/730 266/325/701 317/412/700 336/411/731
s 15
f 337/413/732 268/322/733 308/415/734 338/414/735
s 4
f 328/400/736 254/314/679 297/367/682 339/416/737
s 12
f 270/339/716 249/306/715 271/340/738 269/338/739
s off
f 271/340/740 251/337/741 272/341/742 269/338/743
f 272/341/744 250/333/745 273/342/746 269/338/747
f 274/344/748 251/307/749 271/345/750 276/343/751
s 16
f 271/345/752 249/335/753 277/346/754 276/343/755
s 11
f 277/346/712 247/309/711 278/347/756 276/343/757
s 17
f 280/349/758 253/311/759 281/350/760 279/348/761
s 18
f 281/350/762 252/312/763 282/351/764 279/348/765
s off
f 284/353/766 255/313/767 285/354/768 283/352/769
f 285/354/770 246/332/771 278/347/772 283/352/773
s 19
f 278/347/774 247/309/775 286/355/776 283/352/777
s off
f 275/357/778 257/308/779 288/358/780 287/356/781
s 20
f 288/358/782 254/314/783 289/359/784 287/356/785
s 13
f 289/359/720 248/305/719 273/342/786 287/356/787
s off
f 291/361/788 255/313/789 284/353/790 290/360/791
s 18
f 284/353/792 252/312/763 281/350/762 290/360/793
s 17
f 281/350/760 253/311/759 292/362/794 290/360/795
s off
f 288/358/796 257/308/797 293/364/798 294/363/799
f 293/364/800 245/315/801 292/362/802 294/363/803
s 21
f 292/362/804 253/311/805 295/365/806 294/363/807
f 295/365/806 253/311/805 280/349/808 296/366/809
s 22
f 280/349/810 258/310/811 297/367/812 296/366/813
s off
f 299/369/814 260/331/815 300/370/816 298/368/817
f 300/370/818 261/330/819 301/371/820 298/368/821
s 10
f 301/371/822 262/319/705 302/372/704 298/368/823
s 23
f 299/369/824 259/316/825 304/374/826 303/373/827
s 24
f 304/374/828 263/320/829 305/375/830 303/373/831
s 25
f 305/375/832 264/329/833 306/376/834 303/373/835
s 14
f 301/371/836 261/330/723 308/378/837 307/377/838
s 15
f 308/378/734 268/327/733 309/379/839 307/377/840
s 26
f 309/379/841 267/323/842 310/380/843 307/377/844
s 27
f 305/375/845 263/320/846 312/382/847 311/381/848
s 28
f 312/382/849 265/324/850 313/383/851 311/381/852
s 29
f 313/383/853 266/334/854 314/384/855 311/381/856
s 30
f 313/386/857 265/336/858 316/387/859 315/385/860
s 31
f 316/387/861 267/323/862 309/379/863 315/385/864
s 32
f 309/379/865 268/327/866 317/388/867 315/385/868
s 2
f 319/390/869 258/310/663 282/351/662 318/389/870
s 18
f 282/351/764 252/312/763 320/391/871 318/389/872
s 5
f 320/391/873 259/316/685 302/372/684 318/389/874
s 19
f 286/355/776 247/309/775 322/393/875 321/392/876
s 24
f 322/393/877 263/320/829 304/374/828 321/392/878
s 23
f 304/374/826 259/316/825 320/391/879 321/392/880
s 16
f 277/346/754 249/335/753 324/395/881 323/394/882
s 28
f 324/395/883 265/324/850 312/382/849 323/394/884
s 27
f 312/382/847 263/320/846 322/393/885 323/394/886
s 1
f 270/339/656 248/305/655 326/397/887 325/396/888
s 31
f 326/397/889 267/323/862 316/387/861 325/396/890
s 30
f 316/387/859 265/336/858 324/398/891 325/396/892
s 20
f 289/359/784 254/314/783 328/400/893 327/399/894
s 7
f 328/400/895 262/319/693 310/380/692 327/399/896
s 26
f 310/380/843 267/323/842 326/397/897 327/399/898
s off
f 300/402/899 260/317/900 330/403/901 329/401/902
s 33
f 330/403/903 256/326/904 331/404/905 329/401/906
s 25
f 306/406/834 264/321/833 333/407/907 332/405/908
s off
f 333/407/909 256/326/910 330/403/911 332/405/912
s 29
f 314/409/855 266/325/854 335/410/913 334/408/914
s off
f 335/410/915 256/326/916 333/407/917 334/408/918
s 32
f 317/412/867 268/322/866 337/413/919 336/411/920
s off
f 337/413/921 256/326/922 335/410/923 336/411/924
s 14
f 308/415/837 261/318/723 331/404/722 338/414/925
s 33
f 331/404/905 256/326/904 337/413/926 338/414/927
s 22
f 297/367/812 258/310/811 319/390/928 339/416/929
s off
f 319/390/930 262/319/931 328/400/932 339/416/933
g default
v -4.700218 0.148576 14.809691
v -1.037208 0.114211 7.824526
v -0.136264 4.114732 6.594845
v -9.091483 3.447077 7.134815
v -4.931556 3.507728 3.097080
v -10.047364 0.148576 8.424794
v -5.690165 0.377621 4.842493
v -0.930233 5.255296 9.898004
v -4.556574 3.105970 14.261559
v -7.526031 5.443580 9.426445
v -0.705040 0.130095 12.243007
v -3.318175 8.713649 5.980682
v -8.188182 0.148576 12.579749
v -3.760361 5.988912 10.447587
v -2.051627 7.573341 7.995036
v -3.105242 8.641145 6.420602
v -3.704324 8.531696 6.531706
v -5.004691 7.742358 8.053619
v -1.011810 5.836200 5.825429
v -2.768189 8.073862 5.888187
v -4.683604 5.762852 3.761653
v -3.554372 8.231150 5.707938
v -7.679025 6.333657 6.586999
v -4.017908 8.523417 6.212869
v -7.302943 1.901229 5.692312
v -6.813560 3.477403 4.864862
v -5.298082 1.942675 3.953577
v -7.779378 0.263098 6.520268
v -9.596480 1.797827 7.814122
v -3.281946 0.245916 6.229832
v -9.071484 0.148576 10.443560
v -2.699027 2.068715 5.484193
v -2.352236 3.811230 4.615532
v -0.602552 2.114472 7.229747
v -3.077365 4.682286 11.620491
v -4.155231 4.547441 12.350469
v -2.684936 4.180633 12.005623
v -2.289058 5.622104 10.101463
v -0.678410 2.395813 9.263450
v -0.877496 2.692696 11.146429
v -0.831671 0.122153 9.983725
v -0.430072 4.685014 8.115559
v -8.565185 2.298474 9.591502
v -7.873710 2.796078 11.024156
v -8.232505 4.445329 8.183914
v -2.437899 2.273171 12.525119
v -2.660439 0.139336 13.472835
v -4.652231 1.627273 14.565856
v -6.410874 0.148576 13.652450
v -6.410336 2.488726 12.349171
v -5.906343 4.274775 11.672823
v -5.241602 4.749354 11.334394
v -5.537188 5.716246 9.802558
v -3.400328 7.982222 7.406687
v -2.537846 8.107242 7.156338
v -3.404783 8.586421 6.476153
v -4.319453 8.137027 7.248199
v -3.471608 7.657849 7.952600
v -1.899677 7.247054 6.398661
v -1.434929 6.704770 6.787466
v -1.804530 6.955031 5.748401
v -2.933187 8.357504 6.149921
v -5.513448 7.485016 6.744277
v -3.861116 8.527556 6.372287
v -5.726095 7.428537 6.244721
v -6.256129 7.038008 7.211573
v -2.858844 6.660624 4.964293
v -2.733055 5.799526 4.648118
v -4.009138 6.997001 4.595462
v -3.157752 8.152506 5.793588
v -5.142436 6.917104 5.281950
v -6.074560 6.048254 5.038920
v -3.786140 8.377283 5.960403
v -2.787405 6.610463 8.987294
v -4.310487 6.865635 9.159230
v -1.431739 6.414318 8.871443
v -0.909979 5.711511 7.516137
v -0.556419 4.975466 6.187790
v -2.585185 4.688551 4.540749
v -4.783309 4.635290 3.398582
v -6.489371 4.636819 4.941189
v -8.353517 4.890367 6.820653
v -7.246780 5.689486 7.645492
v -6.209488 6.592969 8.669164
v -3.393665 8.625174 6.316106
v -3.211709 8.677398 6.200642
v -3.511250 8.622672 6.256193
v -3.033005 8.438318 6.071746
v -3.039654 8.393756 5.929961
v -3.189512 8.334454 5.860792
v -3.436274 8.472400 5.844309
v -3.636550 8.490116 5.971130
v -3.668042 8.618534 6.096775
v -3.655116 8.598938 6.219165
v -5.349709 6.356780 9.197670
vt 0.106185 0.192947
vt 0.019070 0.192947
vt 0.420449 0.012011
vt 0.167807 0.012011
vt 0.337331 0.192947
vt 0.219102 0.243023
vt 0.219102 0.124298
vt 0.252503 0.192947
vt 0.252503 0.012011
vt 0.167807 0.192947
vt 0.219102 0.012011
vt 0.252503 0.322184
vt 0.937112 0.011156
vt 0.924385 0.030541
vt 0.167807 0.322184
vt 0.337331 0.322184
vt 0.971978 0.011156
vt 0.924385 0.045989
vt 0.106185 0.322184
vt 0.420449 0.322184
vt 0.971979 0.045989
vt 0.943151 0.025258
vt 0.106185 0.530708
vt 0.019070 0.530708
vt 0.337331 0.530708
vt 0.167807 0.530708
vt 0.252503 0.530708
vt 0.337331 0.012011
vt 0.106185 0.012011
vt 0.420449 0.530708
vt 0.420449 0.192947
vt 0.019070 0.322184
vt 0.019070 0.012011
vt 0.062864 0.104221
vt 0.062627 0.192947
vt 0.019070 0.102479
vt 0.062627 0.012011
vt 0.106185 0.102479
vt 0.376948 0.104305
vt 0.378890 0.012011
vt 0.420449 0.102479
vt 0.378890 0.192947
vt 0.337331 0.102479
vt 0.230104 0.182587
vt 0.219102 0.183660
vt 0.235802 0.158622
vt 0.235802 0.217985
vt 0.291472 0.101332
vt 0.252503 0.102479
vt 0.294917 0.012011
vt 0.294917 0.192947
vt 0.141234 0.099929
vt 0.136996 0.012011
vt 0.167807 0.102479
vt 0.136996 0.192947
vt 0.238212 0.089264
vt 0.235802 0.012011
vt 0.219102 0.068154
vt 0.189617 0.094690
vt 0.193454 0.012011
vt 0.193454 0.158622
vt 0.201268 0.182275
vt 0.193454 0.217985
vt 0.211421 0.395291
vt 0.252503 0.426446
vt 0.210155 0.530708
vt 0.167807 0.426446
vt 0.210155 0.322184
vt 0.300424 0.400014
vt 0.294917 0.322184
vt 0.337331 0.426446
vt 0.294917 0.530708
vt 0.130478 0.395174
vt 0.136996 0.530708
vt 0.106185 0.426446
vt 0.136996 0.322184
vt 0.380282 0.398740
vt 0.378890 0.322184
vt 0.420449 0.426446
vt 0.378890 0.530708
vt 0.063045 0.400044
vt 0.019070 0.426446
vt 0.062627 0.322184
vt 0.062627 0.530708
vt 0.223859 0.268517
vt 0.193454 0.282603
vt 0.252503 0.257565
vt 0.292004 0.255621
vt 0.337331 0.257565
vt 0.380621 0.250467
vt 0.420449 0.257565
vt 0.063665 0.251171
vt 0.106185 0.257565
vt 0.019070 0.257565
vt 0.136600 0.255377
vt 0.167807 0.257565
vt 0.934466 0.022865
vt 0.930749 0.020848
vt 0.940131 0.018207
vt 0.933768 0.027899
vt 0.952813 0.015436
vt 0.954545 0.011156
vt 0.957565 0.018207
vt 0.962350 0.026507
vt 0.971978 0.028572
vt 0.957565 0.035623
vt 0.946149 0.039196
vt 0.948182 0.045989
vt 0.933768 0.035623
vt 0.931596 0.033396
vt 0.924385 0.038265
vt 0.185056 0.251005
vn -0.685579 -0.123773 -0.717399
vn -0.693853 -0.024370 -0.719704
vn -0.695334 0.069258 -0.715342
vn -0.685579 -0.123773 -0.717399
vn 0.553102 -0.402891 -0.729216
vn 0.553102 -0.402891 -0.729216
vn 0.553102 -0.402891 -0.729216
vn 0.553102 -0.402891 -0.729216
vn 0.291690 0.770613 0.566633
vn 0.293196 0.768443 0.568799
vn 0.324432 0.720132 0.613313
vn 0.324432 0.720132 0.613313
vn 0.966211 0.209647 0.149948
vn 0.973563 0.165270 0.157672
vn 0.983186 0.047455 0.176334
vn 0.983186 0.047455 0.176334
vn -0.842061 0.365040 0.397089
vn -0.842061 0.365040 0.397089
vn -0.842061 0.365040 0.397089
vn -0.842061 0.365040 0.397089
vn 0.587694 0.213406 0.780432
vn 0.587694 0.213406 0.780432
vn 0.587694 0.213406 0.780432
vn 0.587693 0.213406 0.780432
vn -0.482963 0.570635 0.664171
vn -0.416276 0.622739 0.662504
vn -0.569781 0.459070 0.681619
vn -0.569781 0.459070 0.681619
vn -0.228915 0.761247 0.606713
vn -0.231086 0.792133 0.564911
vn 0.066125 0.757988 0.648908
vn 0.077427 0.720166 0.689468
vn 0.032177 0.853803 0.519601
vn 0.032177 0.853803 0.519601
vn 0.747465 0.650068 -0.136776
vn 0.746819 0.650346 -0.138969
vn 0.748688 0.649528 -0.132585
vn 0.748688 0.649528 -0.132585
vn -0.644714 0.740673 0.189068
vn -0.585054 0.802332 0.118217
vn -0.493737 0.869358 0.020980
vn -0.493737 0.869358 0.020980
vn 0.393372 0.475012 -0.787161
vn 0.399485 0.481078 -0.780369
vn 0.401415 0.482990 -0.778195
vn 0.401415 0.482990 -0.778195
vn -0.394278 0.674341 -0.624347
vn -0.394236 0.675616 -0.622993
vn -0.394166 0.677629 -0.620848
vn -0.394166 0.677629 -0.620848
vn 0.122698 0.804366 0.581327
vn 0.123898 0.802812 0.583217
vn 0.141145 0.779699 0.610039
vn 0.141145 0.779699 0.610039
vn 0.879032 0.466814 0.096887
vn 0.879032 0.466814 0.096887
vn 0.646671 0.031720 -0.762109
vn 0.634895 -0.307620 -0.708716
vn 0.640625 -0.266066 -0.720284
vn 0.646671 0.031720 -0.762109
vn -0.657121 0.253051 -0.710040
vn -0.673225 0.016859 -0.739245
vn -0.669779 -0.066934 -0.739538
vn -0.657121 0.253051 -0.710040
vn -0.774176 0.578232 0.257486
vn -0.837792 0.423819 0.344212
vn -0.820197 0.476157 0.317098
vn -0.774176 0.578232 0.257486
vn -0.165304 0.965162 0.202821
vn -0.464279 0.875081 0.136672
vn -0.134758 0.965159 0.224295
vn -0.134758 0.965159 0.224295
vn 0.714219 0.659167 -0.235351
vn 0.714219 0.659167 -0.235351
vn 0.282543 0.363492 -0.887718
vn 0.282543 0.363492 -0.887718
vn -0.394209 0.590557 -0.704160
vn -0.394209 0.590557 -0.704160
vn -0.203555 0.963220 0.175421
vn -0.496997 0.842800 0.206599
vn -0.478010 0.854075 0.205093
vn -0.203555 0.963220 0.175421
vn -0.223627 0.702267 0.675879
vn -0.223627 0.702267 0.675879
vn -0.652419 -0.212246 -0.727531
vn -0.652419 -0.212246 -0.727531
vn -0.617491 -0.234926 -0.750676
vn -0.617491 -0.234926 -0.750676
vn -0.617491 -0.234926 -0.750676
vn -0.617491 -0.234926 -0.750676
vn -0.651164 -0.142533 -0.745432
vn -0.651164 -0.142533 -0.745432
vn -0.651164 -0.142533 -0.745433
vn -0.651164 -0.142533 -0.745432
vn 0.438556 -0.489769 -0.753522
vn 0.438556 -0.489769 -0.753522
vn 0.438556 -0.489769 -0.753522
vn 0.438556 -0.489769 -0.753522
vn 0.473135 -0.485479 -0.735155
vn 0.493062 -0.334514 -0.803113
vn 0.494591 -0.314966 -0.810047
vn 0.473135 -0.485479 -0.735155
vn 0.616181 -0.405179 -0.675389
vn 0.616181 -0.405179 -0.675389
vn 0.323572 0.721673 0.611955
vn 0.643858 0.262120 0.718846
vn 0.542058 0.456624 0.705456
vn 0.323572 0.721673 0.611955
vn 0.557342 0.422232 0.714905
vn 0.454668 0.550524 0.700144
vn 0.265389 0.734607 0.624437
vn 0.298310 0.730139 0.614743
vn 0.999807 0.010255 0.016734
vn 0.999807 0.010255 0.016734
vn 0.999807 0.010255 0.016734
vn 0.999807 0.010255 0.016734
vn 0.989574 -0.142517 -0.020773
vn 0.989574 -0.142517 -0.020773
vn 0.989574 -0.142517 -0.020773
vn 0.989574 -0.142517 -0.020773
vn 0.985463 -0.110571 0.128982
vn 0.993899 0.055950 0.095051
vn 0.994315 0.041216 0.098178
vn 0.985463 -0.110571 0.128982
vn -0.881554 0.323413 0.343898
vn -0.881554 0.323413 0.343898
vn -0.881554 0.323413 0.343898
vn -0.881554 0.323413 0.343898
vn -0.902202 0.313629 0.296087
vn -0.854022 0.493649 0.164186
vn -0.878166 0.426455 0.216704
vn -0.902202 0.313629 0.296087
vn -0.848187 0.386369 0.362351
vn -0.848187 0.386369 0.362351
vn 0.536782 0.331922 0.775689
vn 0.536782 0.331922 0.775689
vn 0.536782 0.331922 0.775689
vn 0.536782 0.331922 0.775689
vn 0.611288 0.326178 0.721065
vn 0.611288 0.326178 0.721065
vn 0.667287 0.204093 0.716292
vn 0.667287 0.204093 0.716292
vn -0.501803 0.453785 0.736392
vn -0.501803 0.453785 0.736392
vn -0.501803 0.453785 0.736392
vn -0.501803 0.453785 0.736392
vn -0.625920 0.299653 0.720022
vn -0.625920 0.299653 0.720022
vn -0.625920 0.299653 0.720022
vn -0.625920 0.299653 0.720022
vn -0.730167 0.316070 0.605768
vn -0.682915 0.404240 0.608454
vn -0.548320 0.591280 0.591383
vn -0.730168 0.316070 0.605768
vn -0.324185 0.790479 0.519662
vn -0.324185 0.790479 0.519662
vn -0.329916 0.777390 0.535555
vn -0.330599 0.758720 0.561292
vn -0.330824 0.748561 0.574640
vn -0.329916 0.777390 0.535555
vn 0.019092 0.828653 0.559437
vn 0.019092 0.828653 0.559437
vn 0.019092 0.828653 0.559437
vn 0.019092 0.828653 0.559437
vn 0.025482 0.850550 0.525277
vn 0.025482 0.850550 0.525277
vn 0.025482 0.850550 0.525277
vn 0.025482 0.850550 0.525277
vn 0.072514 0.863077 0.499839
vn 0.072514 0.863077 0.499839
vn 0.777974 0.625981 -0.053895
vn 0.832331 0.553739 0.024456
vn 0.836280 0.547432 0.030898
vn 0.777974 0.625981 -0.053895
vn 0.856655 0.509955 -0.078028
vn 0.874959 0.482001 -0.046063
vn 0.808083 0.569584 -0.150254
vn 0.808083 0.569584 -0.150254
vn 0.734643 0.648392 -0.199719
vn 0.734421 0.648384 -0.200562
vn 0.732849 0.648312 -0.206456
vn 0.734643 0.648392 -0.199719
vn -0.484758 0.864653 0.131850
vn -0.473834 0.870373 0.133911
vn -0.484758 0.864653 0.131850
vn -0.507151 0.836538 0.207370
vn -0.507151 0.836538 0.207370
vn -0.472684 0.876123 0.094754
vn -0.628652 0.573899 0.524821
vn -0.555807 0.783530 0.277775
vn -0.472684 0.876123 0.094754
vn 0.516815 0.334918 -0.787866
vn 0.577883 0.150528 -0.802118
vn 0.566853 0.189821 -0.801652
vn 0.516815 0.334918 -0.787866
vn 0.408776 0.268543 -0.872231
vn 0.415437 0.243480 -0.876430
vn 0.379325 0.366875 -0.849420
vn 0.379326 0.366875 -0.849420
vn 0.366576 0.525789 -0.767573
vn 0.363043 0.520359 -0.772934
vn 0.362838 0.520043 -0.773243
vn 0.366576 0.525789 -0.767573
vn -0.432769 0.650311 -0.624345
vn -0.572314 0.420571 -0.703972
vn -0.570128 0.425148 -0.702996
vn -0.432769 0.650311 -0.624345
vn -0.587617 0.435384 -0.682017
vn -0.629888 0.335960 -0.700265
vn -0.461226 0.646929 -0.607251
vn -0.461226 0.646929 -0.607251
vn -0.413242 0.655577 -0.632020
vn -0.412942 0.654476 -0.633356
vn -0.412510 0.652898 -0.635263
vn -0.413242 0.655577 -0.632020
vn 0.259005 0.814446 0.519224
vn 0.259005 0.814446 0.519224
vn 0.227812 0.738597 0.634489
vn 0.227812 0.738597 0.634489
vn 0.088117 0.681412 0.726576
vn 0.088117 0.681412 0.726576
vn 0.901300 0.433151 0.006190
vn 0.901300 0.433151 0.006190
vn 0.888599 0.458260 -0.019723
vn 0.888599 0.458260 -0.019723
vn 0.858302 0.508411 0.069545
vn 0.858302 0.508411 0.069545
vn 0.476335 0.118645 -0.871222
vn 0.476335 0.118645 -0.871222
vn 0.427460 0.194725 -0.882814
vn 0.427460 0.194725 -0.882814
vn 0.595399 0.078764 -0.799560
vn 0.595399 0.078764 -0.799560
vn -0.685181 0.216056 -0.695591
vn -0.685181 0.216056 -0.695590
vn -0.667909 0.221023 -0.710666
vn -0.667909 0.221023 -0.710666
vn -0.636644 0.260728 -0.725745
vn -0.636644 0.260728 -0.725745
vn -0.725657 0.687799 -0.018814
vn -0.725657 0.687799 -0.018814
vn -0.679374 0.695456 0.234079
vn -0.679374 0.695456 0.234079
vn -0.635684 0.516359 0.573829
vn -0.635684 0.516359 0.573829
vn -0.134711 0.965163 0.224306
vn -0.134711 0.965163 0.224306
vn -0.134711 0.965163 0.224306
vn -0.134711 0.965163 0.224306
vn -0.134745 0.965169 0.224258
vn -0.159684 0.965249 0.206868
vn -0.173868 0.964895 0.196846
vn -0.134745 0.965169 0.224258
vn 0.722446 0.647321 -0.242998
vn 0.722446 0.647321 -0.242998
vn 0.712895 0.659625 -0.238067
vn 0.712895 0.659625 -0.238067
vn 0.712895 0.659625 -0.238067
vn 0.712895 0.659625 -0.238067
vn 0.266663 0.373076 -0.888654
vn 0.266663 0.373076 -0.888654
vn 0.265765 0.371441 -0.889607
vn 0.265765 0.371441 -0.889607
vn 0.265765 0.371441 -0.889607
vn 0.265765 0.371441 -0.889607
vn -0.394482 0.590899 -0.703720
vn -0.394482 0.590899 -0.703720
vn -0.393936 0.591151 -0.703815
vn -0.393936 0.591151 -0.703815
vn -0.393936 0.591151 -0.703815
vn -0.393936 0.591151 -0.703815
vn -0.203746 0.963228 0.175156
vn -0.203764 0.963179 0.175402
vn -0.203764 0.963179 0.175402
vn -0.330769 0.704480 0.627933
vn -0.330769 0.704480 0.627933
vn -0.275883 0.651906 0.706333
vn -0.275883 0.651906 0.706333
vn -0.275883 0.651906 0.706333
vn -0.275883 0.651906 0.706333
s 1
g group2 Ore_Clicker14
usemtl initialShadingGroup
f 368/454/934 343/417/935 365/451/936 364/450/937
s off
f 373/459/938 341/444/939 369/456/940 371/455/941
s 2
f 377/463/942 353/422/943 375/461/944 374/460/945
s 3
f 381/467/946 347/424/947 379/465/948 378/464/949
s off
f 368/454/950 345/445/951 370/469/952 382/468/953
f 387/474/954 340/427/955 386/473/956 385/472/957
s 4
f 390/477/958 349/426/959 383/470/960 389/475/961
f 392/479/962 349/426/959 390/477/958 391/478/963
s 5
f 397/484/964 354/428/965 394/481/966 393/480/967
s 6
f 401/488/968 355/443/969 394/481/970 398/485/971
s 7
f 405/492/972 357/431/973 396/483/974 402/489/975
s 8
f 409/496/976 359/441/977 400/487/978 406/493/979
s 9
f 412/500/980 361/440/981 408/498/982 410/497/983
s 10
f 397/484/984 357/431/985 414/502/986 413/501/987
s 3
f 415/503/988 347/424/947 381/467/946 416/504/989
s 11
f 417/505/990 342/421/991 372/458/992 418/506/993
s 12
f 419/510/994 344/418/995 365/451/996 420/508/997
s 13
f 421/509/998 343/417/999 384/471/1000 422/511/1001
s 14
f 426/516/1002 356/430/1003 395/514/1004 424/513/1005
s 6
f 425/515/1006 355/429/969 401/518/968 427/517/1007
s 8
f 428/519/1008 359/433/977 409/521/976 429/520/1009
s 9
f 430/522/1010 361/437/981 412/524/980 431/523/1011
s 15
f 432/525/1012 363/434/1013 403/527/1014 433/526/1015
s 4
f 423/512/1016 349/426/959 392/479/962 434/528/1017
s 12
f 365/451/996 344/418/995 366/452/1018 364/450/1019
s off
f 366/452/1020 346/449/1021 367/453/1022 364/450/1023
f 367/453/1024 345/445/1025 368/454/1026 364/450/1027
f 369/456/1028 346/419/1029 366/457/1030 371/455/1031
s 16
f 366/457/1032 344/447/1033 372/458/1034 371/455/1035
s 11
f 372/458/992 342/421/991 373/459/1036 371/455/1037
s 17
f 375/461/1038 348/423/1039 376/462/1040 374/460/1041
s 18
f 376/462/1042 347/424/1043 377/463/1044 374/460/1045
s off
f 379/465/1046 350/425/1047 380/466/1048 378/464/1049
f 380/466/1050 341/444/1051 373/459/1052 378/464/1053
s 19
f 373/459/1054 342/421/1055 381/467/1056 378/464/1057
s off
f 370/469/1058 352/420/1059 383/470/1060 382/468/1061
s 20
f 383/470/1062 349/426/1063 384/471/1064 382/468/1065
s 13
f 384/471/1000 343/417/999 368/454/1066 382/468/1067
s off
f 386/473/1068 350/425/1069 379/465/1070 385/472/1071
s 18
f 379/465/1072 347/424/1043 376/462/1042 385/472/1073
s 17
f 376/462/1040 348/423/1039 387/474/1074 385/472/1075
s off
f 383/470/1076 352/420/1077 388/476/1078 389/475/1079
f 388/476/1080 340/427/1081 387/474/1082 389/475/1083
s 21
f 387/474/1084 348/423/1085 390/477/1086 389/475/1087
f 390/477/1086 348/423/1085 375/461/1088 391/478/1089
s 22
f 375/461/1090 353/422/1091 392/479/1092 391/478/1093
s off
f 394/481/1094 355/443/1095 395/482/1096 393/480/1097
f 395/482/1098 356/442/1099 396/483/1100 393/480/1101
s 10
f 396/483/1102 357/431/985 397/484/984 393/480/1103
s 23
f 394/481/1104 354/428/1105 399/486/1106 398/485/1107
s 24
f 399/486/1108 358/432/1109 400/487/1110 398/485/1111
s 25
f 400/487/1112 359/441/1113 401/488/1114 398/485/1115
s 14
f 396/483/1116 356/442/1003 403/490/1117 402/489/1118
s 15
f 403/490/1014 363/439/1013 404/491/1119 402/489/1120
s 26
f 404/491/1121 362/435/1122 405/492/1123 402/489/1124
s 27
f 400/487/1125 358/432/1126 407/494/1127 406/493/1128
s 28
f 407/494/1129 360/436/1130 408/495/1131 406/493/1132
s 29
f 408/495/1133 361/446/1134 409/496/1135 406/493/1136
s 30
f 408/498/1137 360/448/1138 411/499/1139 410/497/1140
s 31
f 411/499/1141 362/435/1142 404/491/1143 410/497/1144
s 32
f 404/491/1145 363/439/1146 412/500/1147 410/497/1148
s 2
f 414/502/1149 353/422/943 377/463/942 413/501/1150
s 18
f 377/463/1044 347/424/1043 415/503/1151 413/501/1152
s 5
f 415/503/1153 354/428/965 397/484/964 413/501/1154
s 19
f 381/467/1056 342/421/1055 417/505/1155 416/504/1156
s 24
f 417/505/1157 358/432/1109 399/486/1108 416/504/1158
s 23
f 399/486/1106 354/428/1105 415/503/1159 416/504/1160
s 16
f 372/458/1034 344/447/1033 419/507/1161 418/506/1162
s 28
f 419/507/1163 360/436/1130 407/494/1129 418/506/1164
s 27
f 407/494/1127 358/432/1126 417/505/1165 418/506/1166
s 1
f 365/451/936 343/417/935 421/509/1167 420/508/1168
s 31
f 421/509/1169 362/435/1142 411/499/1141 420/508/1170
s 30
f 411/499/1139 360/448/1138 419/510/1171 420/508/1172
s 20
f 384/471/1064 349/426/1063 423/512/1173 422/511/1174
s 7
f 423/512/1175 357/431/973 405/492/972 422/511/1176
s 26
f 405/492/1123 362/435/1122 421/509/1177 422/511/1178
s off
f 395/514/1179 355/429/1180 425/515/1181 424/513/1182
s 33
f 425/515/1183 351/438/1184 426/516/1185 424/513/1186
s 25
f 401/518/1114 359/433/1113 428/519/1187 427/517/1188
s off
f 428/519/1189 351/438/1190 425/515/1191 427/517/1192
s 29
f 409/521/1135 361/437/1134 430/522/1193 429/520/1194
s off
f 430/522/1195 351/438/1196 428/519/1197 429/520/1198
s 32
f 412/524/1147 363/434/1146 432/525/1199 431/523/1200
s off
f 432/525/1201 351/438/1202 430/522/1203 431/523/1204
s 14
f 403/527/1117 356/430/1003 426/516/1002 433/526/1205
s 33
f 426/516/1185 351/438/1184 432/525/1206 433/526/1207
s 22
f 392/479/1092 353/422/1091 414/502/1208 434/528/1209
s off
f 414/502/1210 357/431/1211 423/512/1212 434/528/1213
g default
v -2.576368 -0.054167 9.512348
v 11.852065 -0.145393 2.122146
v 12.812949 8.697556 2.155662
v 10.358708 8.317697 -8.340654
v 11.031177 0.600912 -7.651154
v 4.885752 12.823280 7.082119
v -4.739744 8.859734 7.561090
v -6.001602 13.322841 -1.160808
v 10.681866 -0.109175 9.269124
v 3.566928 24.849653 -2.031472
v -9.422402 -0.054167 -0.819176
v -1.697352 14.751085 4.635923
v 3.361267 19.433290 3.499699
v 3.125077 23.421414 -0.498789
v 1.456938 22.896344 -1.787330
v -1.958971 20.498777 -0.070747
v 8.937899 15.003615 1.371644
v 5.322904 19.491055 -1.510954
v 6.160943 14.798306 -5.019958
v 3.853002 20.216331 -3.498508
v -2.541625 16.307853 -5.870567
v 0.816175 21.971734 -3.353015
v 11.504513 4.502801 -8.281967
v 10.385561 0.207253 -2.526702
v -7.549883 -0.054167 -4.236537
v 12.116317 4.373882 -2.688132
v 11.449544 8.247355 -3.097893
v 13.429776 4.365235 2.523770
v -0.793779 12.039251 5.243565
v -3.362796 11.789989 4.925162
v 0.278359 10.937488 6.247203
v 1.594200 13.785885 5.859021
v 11.348728 4.978328 5.253456
v 6.933639 5.512207 7.279949
v 11.042257 -0.127569 5.432523
v 9.632822 9.976493 4.288063
v -7.698087 4.282476 -3.501698
v -8.836766 3.950917 -1.003417
v -6.063775 9.761112 -5.419876
v 4.498895 4.710808 9.828222
v 7.313018 -0.085598 9.807764
v -4.690861 3.824304 8.393480
v -8.060552 -0.054167 2.399269
v -9.828870 4.905582 0.708168
v -5.589216 11.234145 2.020771
v -4.453869 12.237741 2.464419
v -3.849478 14.033923 1.737558
v 1.438868 22.172641 -0.575485
v 3.042531 22.224018 0.586905
v 2.049864 23.111712 -1.176682
v 0.078099 21.832652 -1.451872
v 0.942874 19.613934 2.068972
v 5.083788 19.797149 -0.137230
v 6.153327 17.285216 2.481796
v 6.901508 17.142674 -0.739190
v 4.447136 21.041267 -0.948096
v -0.370444 20.952455 -2.945060
v 1.040011 22.401738 -2.524290
v -0.850436 19.746122 -4.523117
v -2.311524 17.933348 -3.820541
v 5.785921 17.429394 -2.634348
v 7.617097 14.732166 -1.940542
v 4.617137 17.667342 -4.618389
v 4.714358 19.456089 -2.408677
v 1.992097 18.737579 -4.573492
v 1.650494 15.312271 -4.923701
v 2.418625 20.761800 -3.540938
v 1.484132 17.458465 4.359606
v -1.999020 18.526726 2.694674
v 4.013882 17.012607 5.621599
v 7.866169 13.824180 4.608333
v 11.154201 12.088578 2.947434
v 9.792624 11.583711 -1.590751
v 7.961043 11.849701 -6.603720
v 2.318820 11.892773 -7.380239
v -4.562985 13.971314 -4.945059
v -4.331190 17.416376 -1.880233
v 2.554332 23.778150 -1.520480
v 3.289462 24.097803 -1.496978
v 2.816755 24.098201 -1.894814
v 4.268495 21.832981 -1.367440
v 4.121747 22.207150 -1.774262
v 3.966121 21.726453 -2.034485
v 3.571801 22.856699 -2.347421
v 3.038604 22.869692 -2.412953
v 2.790322 24.064068 -2.285929
v 2.642648 23.867836 -2.107805
v -4.035890 16.843284 0.127027
v -7.690098 -0.280773 -7.729257
v -7.887731 4.186589 -8.078295
v 9.160001 7.649193 -10.293960
v 6.925562 11.165369 -8.981167
v 1.393344 11.069283 -8.715789
v -6.683027 8.670724 -7.435966
v -5.222742 12.885280 -6.891603
v 10.244936 3.867603 -10.101000
v 10.055183 0.082589 -9.132230
v -3.501407 14.838701 -7.372330
v 1.041699 13.905598 -7.485945
v -3.407651 16.340983 -5.682409
v -4.698608 6.883215 -10.578855
v -4.379910 2.864255 -11.307397
v 2.701895 6.728661 -11.620682
v 4.565680 3.167389 -12.310245
v -4.121773 -0.805406 -12.615915
v -7.268355 -0.566243 -10.163953
v 6.010179 -0.450939 -11.716042
v -7.562438 3.559029 -10.140748
v 7.234000 6.931603 -11.511514
v 5.737310 10.205750 -10.121912
v 0.469577 10.243704 -10.048599
v -4.690580 10.894689 -10.010466
v -6.650155 7.893801 -9.424330
v -5.476707 11.912238 -8.854337
v 8.219727 3.205969 -11.368614
v 8.576176 -0.199453 -10.298760
v -4.253266 13.337332 -8.924391
v 0.433172 12.511395 -8.865313
v -4.393198 14.636978 -7.418391
v -7.623985 2.114154 -4.457809
v -7.788914 1.952908 -7.903775
v -7.415397 1.496393 -10.152351
v -4.250841 1.029425 -11.961655
v 5.287929 1.358225 -12.013144
v 8.397952 1.503258 -10.833687
v 10.150060 1.975096 -9.616615
v 11.267845 2.551857 -7.966560
v 11.250940 2.290567 -2.607417
v 12.640920 2.109921 2.322958
v 11.195492 2.425380 5.342989
v 8.807753 2.701516 8.274537
v 5.905957 2.312605 9.817993
v -3.633615 1.885068 8.952913
v -8.944711 2.425707 1.553718
v -9.129584 1.948375 -0.453527
vt 0.505982 0.192947
vt 0.425475 0.192947
vt 0.796405 0.012011
vt 0.562929 0.012011
vt 0.719593 0.192947
vt 0.610333 0.243023
vt 0.610333 0.124298
vt 0.641200 0.192947
vt 0.641200 0.012011
vt 0.562929 0.192947
vt 0.610333 0.012011
vt 0.641200 0.322184
vt 0.917607 0.175600
vt 0.898483 0.204729
vt 0.562929 0.322184
vt 0.719593 0.322184
vt 0.970000 0.175600
vt 0.898483 0.227941
vt 0.505982 0.322184
vt 0.796405 0.322184
vt 0.970000 0.227941
vt 0.926682 0.196790
vt 0.505982 0.530708
vt 0.425475 0.530708
vt 0.719593 0.530708
vt 0.562929 0.530708
vt 0.641200 0.530708
vt 0.719593 0.012011
vt 0.505982 0.012011
vt 0.796405 0.530708
vt 0.796405 0.192947
vt 0.425475 0.322184
vt 0.425475 0.012011
vt 0.466000 0.104181
vt 0.465729 0.192947
vt 0.425475 0.102479
vt 0.465729 0.012011
vt 0.505982 0.102479
vt 0.755969 0.103980
vt 0.757999 0.012011
vt 0.796405 0.102479
vt 0.757999 0.192947
vt 0.719593 0.102479
vt 0.620464 0.182301
vt 0.610333 0.183660
vt 0.625767 0.158622
vt 0.625767 0.217985
vt 0.677183 0.102554
vt 0.641200 0.102479
vt 0.680397 0.012011
vt 0.680397 0.192947
vt 0.538535 0.101629
vt 0.534456 0.012011
vt 0.562929 0.102479
vt 0.534456 0.192947
vt 0.628007 0.089536
vt 0.625767 0.012011
vt 0.610333 0.068154
vt 0.582871 0.094913
vt 0.586631 0.012011
vt 0.586631 0.158622
vt 0.594383 0.182238
vt 0.586631 0.217985
vt 0.602428 0.395955
vt 0.641200 0.426446
vt 0.602065 0.530708
vt 0.562929 0.426446
vt 0.602065 0.322184
vt 0.686342 0.399909
vt 0.680397 0.322184
vt 0.719593 0.426446
vt 0.680397 0.530708
vt 0.528437 0.396307
vt 0.534456 0.530708
vt 0.505982 0.426446
vt 0.534456 0.322184
vt 0.758957 0.401259
vt 0.757999 0.322184
vt 0.796405 0.426446
vt 0.757999 0.530708
vt 0.466052 0.399911
vt 0.425475 0.426446
vt 0.465729 0.322184
vt 0.465729 0.530708
vt 0.615158 0.267942
vt 0.586631 0.282603
vt 0.641200 0.257565
vt 0.677863 0.256251
vt 0.719593 0.257565
vt 0.759846 0.251037
vt 0.796405 0.257565
vt 0.466838 0.251308
vt 0.505982 0.257565
vt 0.425475 0.257565
vt 0.533950 0.254907
vt 0.562929 0.257565
vt 0.913411 0.193453
vt 0.908045 0.190164
vt 0.922145 0.186195
vt 0.912583 0.200759
vt 0.941751 0.181911
vt 0.943804 0.175600
vt 0.948341 0.186195
vt 0.955073 0.198495
vt 0.970000 0.201771
vt 0.948341 0.212366
vt 0.931323 0.217781
vt 0.934241 0.227941
vt 0.912583 0.212366
vt 0.909642 0.208772
vt 0.898483 0.216335
vt 0.578318 0.251757
vt 0.534456 0.012011
vt 0.538535 0.101629
vt 0.425475 0.257565
vt 0.425475 0.192947
vt 0.466838 0.251308
vt 0.534456 0.192947
vt 0.533950 0.254907
vt 0.425475 0.102479
vt 0.425475 0.012011
vt 0.505982 0.322184
vt 0.465729 0.322184
vt 0.534456 0.322184
vt 0.534456 0.012011
vt 0.538535 0.101629
vt 0.425475 0.257565
vt 0.425475 0.192947
vt 0.466838 0.251308
vt 0.534456 0.192947
vt 0.533950 0.254907
vt 0.425475 0.102479
vt 0.425475 0.012011
vt 0.505982 0.322184
vt 0.465729 0.322184
vt 0.534456 0.322184
vt 0.536496 0.056820
vt 0.536496 0.056820
vt 0.536496 0.056820
vt 0.505982 0.057245
vt 0.465864 0.058096
vt 0.425475 0.057245
vt 0.425475 0.057245
vt 0.425475 0.057245
vt 0.796405 0.057245
vt 0.756984 0.057995
vt 0.719593 0.057245
vt 0.678790 0.057283
vt 0.641200 0.057245
vt 0.626886 0.050774
vt 0.610333 0.040082
vt 0.584751 0.053462
vt 0.562929 0.057245
vn -0.124079 0.147837 -0.981198
vn -0.097969 0.197085 -0.975479
vn -0.109206 0.176038 -0.978307
vn -0.124079 0.147837 -0.981198
vn 0.902814 -0.336825 -0.267348
vn 0.903340 -0.337084 -0.265237
vn 0.897868 -0.334413 -0.286358
vn 0.897868 -0.334413 -0.286358
vn -0.253480 0.318462 0.913417
vn -0.253018 0.312101 0.915737
vn -0.236320 0.136814 0.961995
vn -0.236320 0.136814 0.961995
vn 0.524233 0.244774 0.815638
vn 0.537424 0.267645 0.799713
vn 0.519310 0.236396 0.821239
vn 0.519310 0.236396 0.821239
vn -0.471257 0.115990 -0.874336
vn -0.496293 0.111923 -0.860910
vn -0.548685 0.102875 -0.829676
vn -0.548685 0.102875 -0.829676
vn -0.083424 0.078390 0.993426
vn -0.102760 0.067278 0.992428
vn -0.061226 0.091069 0.993961
vn -0.061226 0.091069 0.993961
vn -0.893528 0.440137 0.088804
vn -0.891029 0.408632 0.197703
vn -0.911294 0.411565 -0.012582
vn -0.911294 0.411565 -0.012582
vn -0.803441 0.402949 0.438309
vn -0.731435 0.501268 0.462313
vn -0.364581 0.653865 0.662979
vn -0.341736 0.635962 0.691931
vn -0.386650 0.670549 0.633140
vn -0.386650 0.670549 0.633140
vn 0.806105 0.458600 0.374007
vn 0.818838 0.428573 0.381875
vn 0.801015 0.469904 0.370898
vn 0.801015 0.469904 0.370898
vn -0.644710 0.616435 -0.452058
vn -0.687320 0.622812 -0.373760
vn -0.721258 0.624294 -0.300074
vn -0.721258 0.624294 -0.300074
vn 0.771064 0.378936 -0.511730
vn 0.777370 0.393566 -0.490714
vn 0.788155 0.421429 -0.448564
vn 0.788155 0.421429 -0.448564
vn 0.169373 0.425069 -0.889173
vn 0.169861 0.427042 -0.888134
vn 0.170564 0.429891 -0.886624
vn 0.170564 0.429892 -0.886624
vn -0.187078 0.765131 0.616098
vn -0.229594 0.769539 0.595900
vn -0.145693 0.759262 0.634267
vn -0.145693 0.759262 0.634267
vn 0.550956 0.291803 0.781856
vn 0.550956 0.291802 0.781856
vn 0.820904 0.499303 -0.277153
vn 0.911010 0.312636 -0.268924
vn 0.920139 0.286512 -0.266936
vn 0.820904 0.499303 -0.277153
vn -0.003350 0.398297 -0.917250
vn 0.066840 0.249330 -0.966109
vn 0.037291 0.313460 -0.948869
vn -0.003350 0.398297 -0.917250
vn -0.543802 0.195705 -0.816076
vn -0.400961 0.187431 -0.896716
vn -0.446046 0.190515 -0.874498
vn -0.543802 0.195705 -0.816076
vn -0.663811 0.747101 0.034562
vn -0.659088 0.742309 -0.120748
vn -0.641289 0.710119 0.290653
vn -0.641289 0.710119 0.290653
vn 0.834814 0.386578 0.391974
vn 0.834814 0.386578 0.391974
vn 0.729825 0.298987 -0.614786
vn 0.729825 0.298987 -0.614786
vn 0.167348 0.416885 -0.893421
vn 0.167348 0.416885 -0.893421
vn -0.675350 0.728005 -0.117944
vn -0.679549 0.690644 -0.247437
vn -0.678940 0.711417 -0.181458
vn -0.675350 0.728005 -0.117944
vn -0.850460 0.322981 0.415211
vn -0.850460 0.322981 0.415211
vn 0.122829 0.121920 -0.984910
vn 0.122830 0.121920 -0.984910
vn 0.343129 -0.132334 -0.929920
vn 0.362963 -0.125678 -0.923289
vn 0.419792 -0.105925 -0.901418
vn 0.419792 -0.105925 -0.901418
vn 0.039150 0.106526 -0.993539
vn 0.039150 0.106526 -0.993539
vn -0.009783 0.095276 -0.995403
vn 0.001963 0.097999 -0.995185
vn 0.964796 -0.259159 0.044781
vn 0.964796 -0.259159 0.044781
vn 0.964095 -0.265021 -0.016882
vn 0.964454 -0.264156 -0.007063
vn 0.964634 0.218428 -0.147546
vn 0.901302 0.393952 -0.180157
vn 0.893008 0.411097 -0.183127
vn 0.964634 0.218428 -0.147546
vn 0.959753 0.126354 -0.250817
vn 0.959753 0.126354 -0.250817
vn -0.109401 0.670580 0.733726
vn -0.081429 0.366845 0.926711
vn -0.084212 0.394449 0.915051
vn -0.109401 0.670580 0.733726
vn -0.022137 0.308970 0.950814
vn -0.016548 0.313811 0.949341
vn -0.320078 0.289578 0.902050
vn -0.330280 0.275603 0.902750
vn 0.742168 0.353242 0.569567
vn 0.724030 0.352176 0.593088
vn 0.873513 0.348880 0.339498
vn 0.873513 0.348880 0.339498
vn 0.921946 -0.188469 0.338370
vn 0.921946 -0.188469 0.338370
vn 0.879983 -0.182565 0.438520
vn 0.878194 -0.182300 0.442202
vn 0.704074 0.269901 0.656836
vn 0.676391 0.243544 0.695113
vn 0.619196 0.192246 0.761340
vn 0.704074 0.269901 0.656836
vn -0.932906 0.243716 -0.265122
vn -0.914177 0.296432 -0.276421
vn -0.926587 0.262572 -0.269243
vn -0.932906 0.243716 -0.265122
vn -0.353616 0.183770 -0.917161
vn -0.353616 0.183770 -0.917161
vn 0.277708 0.344409 0.896806
vn 0.277708 0.344409 0.896806
vn 0.371757 0.393104 0.840991
vn 0.409944 0.412011 0.813752
vn 0.109630 0.314005 0.943071
vn 0.109630 0.314005 0.943071
vn -0.078459 0.337816 0.937936
vn -0.078459 0.337816 0.937936
vn -0.984366 -0.129101 0.119815
vn -0.983589 -0.127644 0.127513
vn -0.952204 -0.094520 0.290471
vn -0.952204 -0.094520 0.290471
vn -0.794513 -0.163073 0.584941
vn -0.794513 -0.163073 0.584941
vn -0.802011 -0.170319 0.572512
vn -0.809576 -0.177798 0.559441
vn -0.840802 0.290772 0.456621
vn -0.834003 0.312868 0.454480
vn -0.819686 0.354824 0.449682
vn -0.840802 0.290772 0.456621
vn -0.664220 0.639720 0.386742
vn -0.664220 0.639720 0.386742
vn -0.769100 0.461418 0.442244
vn -0.807339 0.309769 0.502241
vn -0.807126 0.310999 0.501823
vn -0.769099 0.461418 0.442244
vn -0.494980 0.631727 0.596587
vn -0.494980 0.631727 0.596587
vn -0.494980 0.631727 0.596587
vn -0.494980 0.631727 0.596587
vn -0.533152 0.729830 0.427899
vn -0.533152 0.729830 0.427899
vn -0.533152 0.729830 0.427899
vn -0.533152 0.729830 0.427899
vn -0.297595 0.773031 0.560233
vn -0.297595 0.773031 0.560233
vn 0.702949 0.593275 0.392285
vn 0.675320 0.598718 0.430674
vn 0.656070 0.601590 0.455699
vn 0.702949 0.593275 0.392285
vn 0.712897 0.653318 0.254859
vn 0.661518 0.649624 0.374676
vn 0.748269 0.647319 0.145164
vn 0.748269 0.647319 0.145164
vn 0.845242 0.533637 0.028221
vn 0.849275 0.526607 0.037644
vn 0.877530 0.465482 0.115187
vn 0.845242 0.533637 0.028221
vn -0.652826 0.731313 -0.197481
vn -0.652701 0.732418 -0.193767
vn -0.652826 0.731313 -0.197481
vn -0.679115 0.683973 -0.266428
vn -0.679115 0.683973 -0.266428
vn -0.798318 0.540493 -0.265624
vn -0.798318 0.540493 -0.265624
vn -0.798318 0.540493 -0.265624
vn -0.798318 0.540493 -0.265624
vn 0.817155 0.432495 -0.381059
vn 0.813061 0.476542 -0.334424
vn 0.814692 0.463074 -0.349055
vn 0.817155 0.432495 -0.381059
vn 0.780656 0.540046 -0.314525
vn 0.783557 0.529770 -0.324627
vn 0.797761 0.463453 -0.385733
vn 0.797761 0.463453 -0.385733
vn 0.808556 0.439451 -0.391307
vn 0.841371 0.377816 -0.386457
vn 0.824522 0.410658 -0.389259
vn 0.808556 0.439451 -0.391307
vn 0.006982 0.119906 -0.992761
vn 0.071366 0.478190 -0.875352
vn 0.055339 0.390168 -0.919079
vn 0.006982 0.119906 -0.992761
vn 0.176380 0.186802 -0.966434
vn 0.176380 0.186802 -0.966434
vn 0.176380 0.186802 -0.966434
vn 0.176380 0.186802 -0.966434
vn 0.149133 0.396124 -0.906005
vn 0.189314 0.368155 -0.910287
vn 0.177919 0.376210 -0.909292
vn 0.149133 0.396125 -0.906005
vn -0.258101 0.393358 0.882413
vn -0.258101 0.393358 0.882413
vn -0.312099 0.300358 0.901321
vn -0.312099 0.300358 0.901321
vn -0.315553 0.614711 0.722881
vn -0.315553 0.614711 0.722881
vn 0.546369 0.131473 0.827161
vn 0.546369 0.131473 0.827161
vn 0.626426 0.642389 0.441505
vn 0.626426 0.642389 0.441505
vn 0.633147 0.604143 0.483876
vn 0.633147 0.604143 0.483876
vn 0.796061 0.568277 -0.208205
vn 0.796061 0.568277 -0.208205
vn 0.773363 0.563188 -0.291084
vn 0.773363 0.563188 -0.291084
vn 0.811895 0.484740 -0.325351
vn 0.811895 0.484740 -0.325351
vn -0.066614 0.254674 -0.964730
vn -0.066614 0.254674 -0.964730
vn 0.066190 0.428507 -0.901111
vn 0.066190 0.428507 -0.901111
vn 0.066190 0.428507 -0.901111
vn 0.066190 0.428507 -0.901111
vn 0.085912 0.557281 -0.825868
vn 0.085912 0.557281 -0.825868
vn -0.898435 0.334741 -0.284187
vn -0.898435 0.334741 -0.284187
vn -0.623775 0.611941 -0.486243
vn -0.623775 0.611941 -0.486243
vn -0.602590 0.486215 -0.632835
vn -0.602590 0.486215 -0.632835
vn -0.602590 0.486215 -0.632835
vn -0.602590 0.486215 -0.632835
vn -0.451816 0.733095 0.508364
vn -0.451816 0.733095 0.508364
vn -0.451816 0.733095 0.508364
vn -0.451816 0.733095 0.508364
vn -0.461132 0.697410 0.548613
vn -0.547305 0.720855 0.425235
vn -0.579365 0.725684 0.371105
vn -0.461132 0.697410 0.548613
vn 0.898012 0.392081 0.199617
vn 0.898012 0.392081 0.199617
vn 0.831004 0.296819 0.470459
vn 0.831004 0.296819 0.470459
vn 0.831004 0.296819 0.470459
vn 0.831004 0.296819 0.470459
vn 0.875486 0.300961 -0.378082
vn 0.875486 0.300961 -0.378082
vn 0.771806 0.099254 -0.628064
vn 0.771806 0.099254 -0.628064
vn 0.771806 0.099254 -0.628064
vn 0.771806 0.099254 -0.628064
vn 0.257573 0.317799 -0.912502
vn 0.257573 0.317799 -0.912502
vn 0.151545 0.147865 -0.977328
vn 0.151545 0.147865 -0.977328
vn 0.151545 0.147865 -0.977328
vn 0.151545 0.147865 -0.977328
vn -0.651170 0.741683 -0.160885
vn -0.727664 0.685851 -0.010683
vn -0.727664 0.685851 -0.010683
vn -0.818564 0.224508 0.528723
vn -0.818564 0.224508 0.528723
vn -0.821855 0.483270 0.301669
vn -0.821855 0.483270 0.301669
vn -0.821855 0.483270 0.301669
vn -0.821855 0.483270 0.301669
vn -0.998331 -0.035092 0.045865
vn -0.998060 -0.042271 0.045720
vn -0.998082 -0.041735 0.045731
vn -0.998331 -0.035092 0.045865
vn 0.605030 0.615940 -0.504535
vn 0.605030 0.615940 -0.504535
vn 0.605030 0.615940 -0.504535
vn 0.605030 0.615940 -0.504535
vn 0.013097 0.924008 -0.382149
vn 0.013097 0.924008 -0.382149
vn 0.013097 0.924008 -0.382149
vn 0.013097 0.924008 -0.382149
vn -0.940177 0.314642 0.130646
vn -0.940177 0.314642 0.130646
vn -0.940177 0.314642 0.130646
vn -0.940177 0.314642 0.130646
vn 0.784027 0.210893 -0.583803
vn 0.784027 0.210893 -0.583803
vn 0.784027 0.210893 -0.583803
vn 0.784027 0.210893 -0.583803
vn 0.842657 -0.178407 -0.508035
vn 0.842066 -0.178549 -0.508964
vn 0.845630 -0.177684 -0.503327
vn 0.845630 -0.177684 -0.503327
vn -0.957276 0.281346 0.066829
vn -0.957276 0.281346 0.066829
vn -0.957276 0.281346 0.066829
vn -0.957276 0.281346 0.066829
vn 0.225158 0.752245 -0.619218
vn 0.225158 0.752245 -0.619218
vn 0.225158 0.752245 -0.619218
vn 0.225158 0.752245 -0.619218
vn 0.726485 0.432923 -0.533664
vn 0.726485 0.432923 -0.533664
vn 0.726485 0.432923 -0.533664
vn 0.726485 0.432923 -0.533664
vn -0.108019 0.767190 -0.632259
vn -0.108019 0.767190 -0.632259
vn -0.108019 0.767190 -0.632259
vn -0.108019 0.767190 -0.632259
vn -0.884772 0.458062 0.085779
vn -0.884772 0.458062 0.085779
vn -0.884772 0.458062 0.085779
vn -0.884772 0.458062 0.085779
vn -0.985552 -0.062370 -0.157474
vn -0.986619 -0.062175 -0.150722
vn -0.986400 -0.062216 -0.152130
vn -0.985552 -0.062370 -0.157474
vn 0.334344 0.501322 -0.798054
vn 0.334344 0.501322 -0.798054
vn 0.334344 0.501322 -0.798054
vn 0.334344 0.501322 -0.798054
vn -0.022364 0.819636 -0.572448
vn -0.022364 0.819636 -0.572448
vn -0.022364 0.819636 -0.572448
vn -0.022364 0.819636 -0.572448
vn -0.945459 0.314122 -0.086221
vn -0.945459 0.314122 -0.086221
vn -0.945459 0.314122 -0.086221
vn -0.945459 0.314122 -0.086221
vn 0.504273 0.100720 -0.857651
vn 0.504273 0.100720 -0.857651
vn 0.504273 0.100720 -0.857651
vn 0.504273 0.100720 -0.857651
vn 0.594699 -0.206500 -0.776975
vn 0.594020 -0.206652 -0.777454
vn 0.611511 -0.202670 -0.764840
vn 0.611511 -0.202670 -0.764840
vn -0.951432 0.254974 -0.172527
vn -0.951432 0.254974 -0.172527
vn -0.951432 0.254974 -0.172527
vn -0.951432 0.254974 -0.172527
vn 0.124620 0.676378 -0.725936
vn 0.124620 0.676378 -0.725936
vn 0.124620 0.676378 -0.725936
vn 0.124620 0.676378 -0.725936
vn 0.650945 0.364355 -0.665970
vn 0.650945 0.364355 -0.665970
vn 0.650945 0.364355 -0.665970
vn 0.650945 0.364355 -0.665970
vn -0.134527 0.744136 -0.654342
vn -0.134527 0.744136 -0.654342
vn -0.134527 0.744136 -0.654342
vn -0.134527 0.744136 -0.654342
vn -0.904423 0.426598 -0.005672
vn -0.904423 0.426598 -0.005672
vn -0.904423 0.426598 -0.005672
vn -0.904423 0.426598 -0.005672
vn -0.997839 -0.047297 0.045617
vn -0.997839 -0.047297 0.045617
vn -0.987562 -0.061993 -0.144493
vn -0.987562 -0.061993 -0.144493
vn -0.402047 0.126447 -0.906846
vn -0.402047 0.126447 -0.906846
vn -0.059595 0.083572 -0.994718
vn -0.059595 0.083572 -0.994718
vn 0.299605 -0.146532 -0.942744
vn 0.299605 -0.146532 -0.942743
vn 0.580474 -0.209625 -0.786834
vn 0.580474 -0.209625 -0.786834
vn 0.839610 -0.179136 -0.512801
vn 0.839610 -0.179136 -0.512801
vn 0.961254 -0.268653 -0.061780
vn 0.961254 -0.268653 -0.061780
vn 0.907415 -0.339109 -0.248202
vn 0.907415 -0.339109 -0.248202
vn 0.826587 -0.174339 0.535126
vn 0.826587 -0.174339 0.535126
vn 0.580528 0.336155 0.741611
vn 0.580528 0.336155 0.741611
vn 0.480154 0.445279 0.755764
vn 0.480154 0.445279 0.755764
vn -0.125441 0.054163 0.990622
vn -0.125441 0.054163 0.990622
vn -0.817014 -0.185332 0.546022
vn -0.817014 -0.185332 0.546022
vn -0.974149 -0.173540 -0.144630
vn -0.974149 -0.173540 -0.144630
s 1
g group2 Ore_Clicker12
usemtl initialShadingGroup
f 536/566/1214 535/529/1215 537/563/1216 538/562/1217
s 2
f 562/674/1218 563/675/1219 436/556/1220 458/568/1221
s 3
f 466/575/1222 446/534/1223 464/573/1224 463/572/1225
s 4
f 470/579/1226 440/536/1227 468/577/1228 467/576/1229
s 5
f 556/667/1230 557/668/1231 539/557/1232 540/653/1233
s 6
f 566/678/1234 567/679/1235 435/539/1236 475/585/1237
s 7
f 479/589/1238 442/538/1239 472/582/1240 478/587/1241
f 481/591/1242 442/538/1239 479/589/1238 480/590/1243
s 8
f 486/596/1244 447/540/1245 483/593/1246 482/592/1247
s 9
f 490/600/1248 448/555/1249 483/593/1250 487/597/1251
s 10
f 494/604/1252 450/543/1253 485/595/1254 491/601/1255
s 11
f 498/608/1256 452/553/1257 489/599/1258 495/605/1259
s 12
f 501/612/1260 454/552/1261 497/610/1262 499/609/1263
s 13
f 486/596/1264 450/543/1265 503/614/1266 502/613/1267
s 4
f 504/615/1268 440/536/1227 470/579/1226 505/616/1269
s 14
f 506/617/1270 437/533/1271 461/570/1272 507/618/1273
s 15
f 544/655/1274 543/656/1275 537/563/1276 545/657/1277
s 16
f 546/621/1278 535/529/1279 547/658/1280 548/659/1281
s 17
f 514/628/1282 449/542/1283 484/626/1284 512/625/1285
s 9
f 513/627/1286 448/541/1249 490/630/1248 515/629/1287
s 11
f 516/631/1288 452/545/1257 498/633/1256 517/632/1289
s 12
f 518/634/1290 454/549/1261 501/636/1260 519/635/1291
s 18
f 520/637/1292 456/546/1293 492/639/1294 521/638/1295
s 7
f 511/624/1296 442/538/1239 481/591/1242 522/640/1297
s 15
f 537/563/1276 543/656/1275 549/660/1298 538/562/1299
s 19
f 558/669/1300 559/670/1301 550/661/1302 541/565/1303
s 20
f 541/565/1304 539/557/1305 557/668/1306 558/669/1307
s 21
f 458/568/1308 439/531/1309 561/673/1310 562/674/1311
s 22
f 457/569/1312 438/559/1313 461/570/1314 460/567/1315
s 14
f 461/570/1272 437/533/1271 462/571/1316 460/567/1317
s 23
f 464/573/1318 441/535/1319 465/574/1320 463/572/1321
s 24
f 465/574/1322 440/536/1323 466/575/1324 463/572/1325
s 25
f 564/676/1326 565/677/1327 443/537/1328 469/578/1329
s 26
f 469/578/1330 436/556/1331 563/675/1332 564/676/1333
s 27
f 462/571/1334 437/533/1335 470/579/1336 467/576/1337
s 28
f 472/582/1338 442/538/1339 473/583/1340 471/580/1341
s 16
f 547/658/1280 535/529/1279 536/566/1342 542/654/1343
s 29
f 475/585/1344 443/537/1345 565/677/1346 566/678/1347
s 24
f 468/577/1348 440/536/1323 465/574/1322 474/584/1349
s 23
f 465/574/1320 441/535/1319 476/586/1350 474/584/1351
s 30
f 568/680/1352 569/681/1353 445/532/1354 477/588/1355
s 31
f 477/588/1356 435/539/1357 567/679/1358 568/680/1359
s 32
f 476/586/1360 441/535/1361 479/589/1362 478/587/1363
f 479/589/1362 441/535/1361 464/573/1364 480/590/1365
s 33
f 464/573/1366 446/534/1367 481/591/1368 480/590/1369
s off
f 483/593/1370 448/555/1371 484/594/1372 482/592/1373
f 484/594/1374 449/554/1375 485/595/1376 482/592/1377
s 13
f 485/595/1378 450/543/1265 486/596/1264 482/592/1379
s 34
f 483/593/1380 447/540/1381 488/598/1382 487/597/1383
s 35
f 488/598/1384 451/544/1385 489/599/1386 487/597/1387
s 36
f 489/599/1388 452/553/1389 490/600/1390 487/597/1391
s 17
f 485/595/1392 449/554/1283 492/602/1393 491/601/1394
s 18
f 492/602/1294 456/551/1293 493/603/1395 491/601/1396
s off
f 493/603/1397 455/547/1398 494/604/1399 491/601/1400
s 37
f 489/599/1401 451/544/1402 496/606/1403 495/605/1404
s 38
f 496/606/1405 453/548/1406 497/607/1407 495/605/1408
s 39
f 497/607/1409 454/558/1410 498/608/1411 495/605/1412
s 40
f 497/610/1413 453/560/1414 500/611/1415 499/609/1416
s off
f 500/611/1417 455/547/1418 493/603/1419 499/609/1420
s 41
f 493/603/1421 456/551/1422 501/612/1423 499/609/1424
s 3
f 503/614/1425 446/534/1223 466/575/1222 502/613/1426
s 24
f 466/575/1324 440/536/1323 504/615/1427 502/613/1428
s 8
f 504/615/1429 447/540/1245 486/596/1244 502/613/1430
s 27
f 470/579/1336 437/533/1335 506/617/1431 505/616/1432
s 35
f 506/617/1433 451/544/1385 488/598/1384 505/616/1434
s 34
f 488/598/1382 447/540/1381 504/615/1435 505/616/1436
s 22
f 461/570/1314 438/559/1313 508/619/1437 507/618/1438
s 38
f 508/619/1439 453/548/1406 496/606/1405 507/618/1440
s 37
f 496/606/1403 451/544/1402 506/617/1441 507/618/1442
s 1
f 537/563/1216 535/529/1215 546/621/1443 545/657/1444
s off
f 546/621/1445 551/662/1446 552/663/1447 545/657/1448
s 40
f 500/611/1415 453/560/1414 508/622/1449 509/620/1450
s 28
f 473/583/1340 442/538/1339 511/624/1451 510/623/1452
s 10
f 511/624/1453 450/543/1253 494/604/1252 510/623/1454
s off
f 553/664/1455 551/662/1456 546/621/1457 548/659/1458
f 484/626/1459 448/541/1460 513/627/1461 512/625/1462
s 42
f 513/627/1463 444/550/1464 514/628/1465 512/625/1466
s 36
f 490/630/1390 452/545/1389 516/631/1467 515/629/1468
s off
f 516/631/1469 444/550/1470 513/627/1471 515/629/1472
s 39
f 498/633/1411 454/549/1410 518/634/1473 517/632/1474
s off
f 518/634/1475 444/550/1476 516/631/1477 517/632/1478
s 41
f 501/636/1423 456/546/1422 520/637/1479 519/635/1480
s off
f 520/637/1481 444/550/1482 518/634/1483 519/635/1484
s 17
f 492/639/1393 449/542/1283 514/628/1282 521/638/1485
s 42
f 514/628/1465 444/550/1464 520/637/1486 521/638/1487
s 33
f 481/591/1368 446/534/1367 503/614/1488 522/640/1489
s off
f 503/614/1490 450/543/1491 511/624/1492 522/640/1493
s 43
f 459/581/1494 554/665/1495 555/666/1496 523/641/1497
s off
f 508/622/1498 438/530/1499 525/644/1500 526/643/1501
f 509/620/1502 508/622/1503 526/643/1504 527/645/1505
f 473/583/1506 510/623/1507 529/647/1508 528/646/1509
f 438/530/1510 457/564/1511 530/648/1512 525/644/1513
s 44
f 560/671/1514 561/672/1515 439/561/1516 531/649/1517
s off
f 471/580/1518 473/583/1519 528/646/1520 524/642/1521
f 455/547/1522 500/611/1523 533/651/1524 532/650/1525
f 500/611/1526 509/620/1527 527/645/1528 533/651/1529
f 494/604/1530 455/547/1531 532/650/1532 534/652/1533
f 510/623/1534 494/604/1535 534/652/1536 529/647/1537
s 45
f 523/641/1538 555/666/1539 556/667/1540 540/653/1541
s off
f 526/643/1542 525/644/1543 543/656/1544 544/655/1545
f 527/645/1546 526/643/1547 544/655/1548 545/657/1549
f 528/646/1550 529/647/1551 548/659/1552 547/658/1553
f 525/644/1554 530/648/1555 549/660/1556 543/656/1557
s 46
f 559/670/1558 560/671/1559 531/649/1560 550/661/1561
s off
f 524/642/1562 528/646/1563 547/658/1564 542/654/1565
f 532/650/1566 533/651/1567 552/663/1568 551/662/1569
f 533/651/1570 527/645/1571 545/657/1572 552/663/1573
f 534/652/1574 532/650/1575 551/662/1576 553/664/1577
f 529/647/1578 534/652/1579 553/664/1580 548/659/1581
s 43
f 555/666/1496 554/665/1495 471/580/1582 524/642/1583
s 45
f 556/667/1540 555/666/1539 524/642/1584 542/654/1585
s 5
f 536/566/1586 557/668/1231 556/667/1230 542/654/1587
s 20
f 558/669/1307 557/668/1306 536/566/1588 538/562/1589
s 19
f 549/660/1590 559/670/1301 558/669/1300 538/562/1591
s 46
f 530/648/1592 560/671/1559 559/670/1558 549/660/1593
s 44
f 457/564/1594 561/672/1515 560/671/1514 530/648/1595
s 21
f 562/674/1311 561/673/1310 457/569/1596 460/567/1597
s 2
f 462/571/1598 563/675/1219 562/674/1218 460/567/1599
s 26
f 564/676/1333 563/675/1332 462/571/1600 467/576/1601
s 25
f 468/577/1602 565/677/1327 564/676/1326 467/576/1603
s 29
f 566/678/1347 565/677/1346 468/577/1604 474/584/1605
s 6
f 476/586/1606 567/679/1235 566/678/1234 474/584/1607
s 31
f 568/680/1359 567/679/1358 476/586/1608 478/587/1609
s 30
f 472/582/1610 569/681/1353 568/680/1352 478/587/1611
g default
v -46.768276 1.778722 -0.820260
v -5.115371 1.640309 -1.867710
v -46.768276 1.768046 -4.090524
v -5.115371 1.639485 -5.137974
v -22.877060 1.990397 -2.756834
v -26.666457 2.070056 -2.276247
v -29.507107 2.002238 -0.386541
v -29.507126 2.050273 -3.656843
v -26.666333 2.080598 -5.546769
v -22.876962 1.979249 -6.027099
v -11.363722 1.586138 -0.315675
v -15.556428 1.660924 -0.485735
v -19.693470 1.821179 -1.537571
v -19.693470 1.818444 -4.807834
v -15.556328 1.648026 -3.755937
v -11.363722 1.564277 -3.585939
v -32.821466 1.815668 2.548922
v -36.624414 1.725009 3.920727
v -40.519921 1.704747 3.605567
v -40.519921 1.704747 0.335303
v -36.624452 1.754062 0.650655
v -32.821526 1.869966 -0.721233
v -46.768276 0.993140 -0.820260
v -40.519921 0.924339 3.605567
v -46.768276 0.982118 -4.090524
v -5.115371 0.857799 -1.867710
v -5.115371 0.856988 -5.137974
v -40.519921 0.924705 0.335303
v -22.877073 1.199532 -2.756831
v -19.693470 1.033111 -1.537571
v -22.876981 1.188570 -6.027095
v -19.693470 1.030399 -4.807834
v -11.363722 0.804389 -0.315675
v -11.363722 0.782814 -3.585939
v -32.821466 1.031246 2.548896
v -29.507093 1.213168 -0.386570
v -32.821518 1.084126 -0.721264
v -29.507107 1.260145 -3.656871
v -26.666465 1.278913 -2.276279
v -26.666349 1.289244 -5.546791
v -15.556401 0.876705 -0.485735
v -15.556302 0.863959 -3.755939
v -36.624436 0.943765 3.920729
v -36.624471 0.972302 0.650645
vt 0.884937 0.016693
vt 0.884937 0.061410
vt 0.862537 0.061410
vt 0.862537 0.016693
vt 0.862537 0.211890
vt 0.884937 0.211890
vt 0.884937 0.237089
vt 0.862537 0.237089
vt 0.862537 0.302376
vt 0.884937 0.302376
vt 0.884937 0.349922
vt 0.862537 0.349922
vt 0.862537 0.123320
vt 0.884937 0.123320
vt 0.884937 0.156125
vt 0.862537 0.156125
vt 0.884937 0.181940
vt 0.862537 0.181940
vt 0.884937 0.269461
vt 0.862537 0.269461
vt 0.884937 0.091861
vt 0.862537 0.091861
vt 0.889658 0.009467
vt 0.889658 0.061410
vt 0.858255 0.009467
vt 0.889658 0.353934
vt 0.858255 0.353934
vt 0.858255 0.061410
vt 0.889658 0.211890
vt 0.889658 0.237089
vt 0.858255 0.237089
vt 0.858255 0.211890
vt 0.889658 0.302376
vt 0.858255 0.302376
vt 0.889658 0.123320
vt 0.889658 0.156125
vt 0.858255 0.156125
vt 0.858255 0.123320
vt 0.889658 0.181940
vt 0.858255 0.181940
vt 0.889658 0.269461
vt 0.858255 0.269461
vt 0.889658 0.091861
vt 0.858255 0.091861
vn 0.012140 0.999925 -0.001632
vn 0.001020 0.999998 0.001520
vn 0.005752 0.999983 0.000179
vn 0.012140 0.999925 -0.001632
vn 0.035708 0.999362 -0.000928
vn 0.037925 0.999280 -0.001085
vn 0.044604 0.999002 -0.002297
vn 0.046917 0.998896 -0.002245
vn 0.000113 0.999991 -0.004158
vn 0.002017 0.999989 -0.004273
vn -0.011214 0.999931 -0.003468
vn -0.011214 0.999931 -0.003468
vn -0.034279 0.999307 0.014535
vn -0.027805 0.999522 0.013544
vn -0.033362 0.999348 0.013840
vn -0.020780 0.999723 0.011052
vn 0.005284 0.999975 0.004687
vn 0.013211 0.999909 0.002649
vn 0.028707 0.999580 -0.004004
vn 0.030687 0.999522 -0.003734
vn -0.015195 0.999851 0.008137
vn -0.016337 0.999827 0.008851
vn -0.578009 0.000000 0.816030
vn -0.578009 0.000000 0.816030
vn -0.578009 0.000000 0.816030
vn -0.578009 0.000000 0.816030
vn -1.000000 0.000000 0.000000
vn -1.000000 0.000000 0.000000
vn -1.000000 0.000000 0.000000
vn -1.000000 0.000000 0.000000
vn 1.000000 0.000000 0.000000
vn 1.000000 0.000000 0.000000
vn 1.000000 0.000000 0.000000
vn 1.000000 0.000000 0.000000
vn 0.578009 0.000000 -0.816030
vn 0.578009 0.000000 -0.816030
vn 0.578009 0.000000 -0.816030
vn 0.578009 0.000000 -0.816030
vn -0.357650 0.000005 0.933856
vn -0.357650 0.000005 0.933856
vn -0.357650 0.000005 0.933856
vn -0.357650 0.000005 0.933856
vn 0.357660 -0.000007 -0.933852
vn 0.357660 -0.000007 -0.933852
vn 0.357660 -0.000007 -0.933852
vn 0.357660 -0.000007 -0.933852
vn 0.241066 0.000000 0.970509
vn 0.241066 0.000000 0.970509
vn 0.241066 0.000000 0.970509
vn 0.241066 0.000000 0.970509
vn -0.241066 0.000000 -0.970509
vn -0.241066 0.000000 -0.970509
vn -0.241066 0.000000 -0.970509
vn -0.241066 0.000000 -0.970509
vn 0.663021 -0.000020 0.748601
vn 0.663021 -0.000020 0.748601
vn 0.663021 -0.000020 0.748601
vn 0.663021 -0.000020 0.748601
vn -0.663035 0.000016 -0.748589
vn -0.663035 0.000016 -0.748589
vn -0.663035 0.000016 -0.748589
vn -0.663035 0.000016 -0.748589
vn 0.553878 -0.000030 0.832598
vn 0.553878 -0.000030 0.832598
vn 0.553878 -0.000030 0.832598
vn 0.553878 -0.000030 0.832598
vn -0.553903 0.000025 -0.832581
vn -0.553903 0.000025 -0.832581
vn -0.553903 0.000025 -0.832581
vn -0.553903 0.000025 -0.832581
vn 0.125812 -0.000020 0.992054
vn 0.125812 -0.000020 0.992054
vn 0.125812 -0.000020 0.992054
vn 0.125812 -0.000020 0.992054
vn -0.125747 0.000014 -0.992062
vn -0.125747 0.000014 -0.992062
vn -0.125747 0.000014 -0.992062
vn -0.125747 0.000014 -0.992062
vn -0.246408 -0.000004 0.969166
vn -0.246408 -0.000004 0.969166
vn -0.246408 -0.000004 0.969166
vn -0.246408 -0.000004 0.969166
vn 0.246416 0.000006 -0.969164
vn 0.246416 0.000006 -0.969164
vn 0.246416 0.000006 -0.969164
vn 0.246416 0.000006 -0.969164
vn -0.040528 -0.000001 0.999178
vn -0.040528 -0.000001 0.999178
vn -0.040528 -0.000001 0.999178
vn -0.040528 -0.000001 0.999178
vn 0.040514 0.000002 -0.999179
vn 0.040514 0.000002 -0.999179
vn 0.040514 0.000002 -0.999179
vn 0.040514 0.000002 -0.999179
vn -0.080640 0.000002 0.996743
vn -0.080640 0.000002 0.996743
vn -0.080641 0.000002 0.996743
vn -0.080641 0.000002 0.996743
vn 0.080689 0.000005 -0.996739
vn 0.080689 0.000005 -0.996739
vn 0.080689 0.000005 -0.996739
vn 0.080689 0.000005 -0.996739
vn 0.339323 -0.000019 0.940670
vn 0.339323 -0.000019 0.940670
vn 0.339323 -0.000019 0.940670
vn 0.339323 -0.000019 0.940670
vn -0.339342 0.000027 -0.940663
vn -0.339342 0.000027 -0.940663
vn -0.339342 0.000027 -0.940663
vn -0.339342 0.000027 -0.940663
s 1
g group2 pPlane2
usemtl initialShadingGroup
f 570/682/1612 588/683/1613 589/684/1614 572/685/1615
f 579/686/1616 574/687/1617 582/688/1618 583/689/1619
f 585/690/1620 580/691/1621 571/692/1622 573/693/1623
f 591/694/1624 586/695/1625 576/696/1626 577/697/1627
f 576/696/1626 575/698/1628 578/699/1629 577/697/1627
f 575/698/1628 574/687/1617 579/686/1616 578/699/1629
f 582/688/1618 581/700/1630 584/701/1631 583/689/1619
f 581/700/1630 580/691/1621 585/690/1620 584/701/1631
f 588/683/1613 587/702/1632 590/703/1633 589/684/1614
f 587/702/1632 586/695/1625 591/694/1624 590/703/1633
s off
f 588/683/1634 570/682/1635 592/704/1636 593/705/1637
f 570/682/1638 572/685/1639 594/706/1640 592/704/1641
f 573/693/1642 571/692/1643 595/707/1644 596/708/1645
f 572/685/1646 589/684/1647 597/709/1648 594/706/1649
f 582/688/1650 574/687/1651 598/710/1652 599/711/1653
f 579/686/1654 583/689/1655 601/712/1656 600/713/1657
f 571/692/1658 580/691/1659 602/714/1660 595/707/1661
f 585/690/1662 573/693/1663 596/708/1664 603/715/1665
f 576/696/1666 586/695/1667 604/716/1668 605/717/1669
f 591/694/1670 577/697/1671 607/718/1672 606/719/1673
f 575/698/1674 576/696/1675 605/717/1676 608/720/1677
f 577/697/1678 578/699/1679 609/721/1680 607/718/1681
f 574/687/1682 575/698/1683 608/720/1684 598/710/1685
f 578/699/1686 579/686/1687 600/713/1688 609/721/1689
f 581/700/1690 582/688/1691 599/711/1692 610/722/1693
f 583/689/1694 584/701/1695 611/723/1696 601/712/1697
f 580/691/1698 581/700/1699 610/722/1700 602/714/1701
f 584/701/1702 585/690/1703 603/715/1704 611/723/1705
f 587/702/1706 588/683/1707 593/705/1708 612/724/1709
f 589/684/1710 590/703/1711 613/725/1712 597/709/1713
f 586/695/1714 587/702/1715 612/724/1716 604/716/1717
f 590/703/1718 591/694/1719 606/719/1720 613/725/1721
g default
v 23.061204 -0.171706 25.565935
v 28.537755 -0.223086 10.249377
v 29.884752 5.758077 7.553020
v 16.495844 4.759868 8.737028
v 22.715332 4.850548 -0.116624
v 15.066710 -0.171706 11.565598
v 21.581138 0.170737 3.710592
v 28.697692 7.463328 14.795946
v 23.275966 4.249881 24.364032
v 18.836344 7.744831 13.761947
v 29.034378 -0.199337 19.937896
v 25.127491 12.633898 6.206328
v 17.846365 -0.171706 20.676282
v 24.466380 8.560155 16.001032
v 27.021101 10.929027 10.623257
v 25.445846 12.525497 7.170953
v 24.550161 12.361860 7.414572
v 22.605988 11.181724 10.751713
v 28.575727 8.331835 5.865900
v 25.949773 11.677355 6.003514
v 23.086043 8.222174 1.340603
v 24.774353 11.912516 5.608276
v 18.607602 9.075582 7.535816
v 24.081323 12.349482 6.715452
v 19.169881 2.448677 5.574014
v 19.901555 4.805208 3.759641
v 22.167341 2.510643 1.761442
v 18.457565 -0.000485 7.389493
v 15.740824 2.294081 10.226562
v 25.181656 -0.026174 6.752646
v 16.525743 -0.171706 15.992201
v 26.053177 2.699086 5.117664
v 26.571662 5.304312 3.212928
v 29.187607 2.767496 8.945188
v 25.487525 6.606624 18.572891
v 23.876012 6.405019 20.173532
v 26.074243 5.856605 19.417380
v 26.666120 8.011742 15.242076
v 29.074192 3.188128 13.404544
v 28.776540 3.631996 17.533402
v 28.845053 -0.211211 14.983909
v 29.445481 6.610703 10.887531
v 17.282709 3.042597 14.123870
v 18.316530 3.786563 17.265290
v 17.780097 6.252350 11.037415
v 26.443589 3.004767 20.556494
v 26.110870 -0.185522 22.634576
v 23.132950 2.039087 25.031272
v 20.503610 -0.171706 23.028423
v 20.504414 3.327042 20.170685
v 21.257932 5.997356 18.687640
v 22.251783 6.706897 17.945556
v 21.809854 8.152494 14.586660
v 25.004665 11.540344 9.333169
v 26.294157 11.727262 8.784221
v 24.998004 12.443679 7.292763
v 23.630484 11.771793 8.985647
v 24.898094 11.055376 10.530206
v 27.248282 10.441197 7.122844
v 27.943124 9.630431 7.975386
v 27.390535 10.004596 5.697000
v 25.703085 12.101426 6.577425
v 21.845348 10.796973 7.880684
v 24.315742 12.355670 7.065013
v 21.527420 10.712532 6.785295
v 20.734968 10.128654 8.905337
v 25.814234 9.564428 3.977666
v 26.002301 8.277005 3.284380
v 24.094435 10.067344 3.168921
v 25.367338 11.794936 5.796084
v 22.400047 9.947891 4.674202
v 21.006432 8.648878 4.141302
v 24.427839 12.130998 6.161864
v 25.921043 9.489432 12.799008
v 23.643890 9.870940 13.176017
v 27.947893 9.196178 12.544979
v 28.727974 8.145413 9.573161
v 29.256580 7.044957 6.660460
v 26.223382 6.615990 3.048948
v 22.936975 6.536360 0.544489
v 20.386249 6.538646 3.927006
v 17.599173 6.917726 8.048156
v 19.253850 8.112484 9.856804
v 20.804700 9.463278 12.101435
v 25.014626 12.501619 6.941821
v 25.286668 12.579698 6.688641
v 24.838826 12.497878 6.810449
v 25.553847 12.222251 6.406008
v 25.543906 12.155627 6.095111
v 25.319854 12.066965 5.943444
v 24.950922 12.273207 5.907301
v 24.651489 12.299695 6.185383
v 24.604407 12.491691 6.460889
v 24.623731 12.462393 6.729257
v 22.090153 9.110153 13.260307
vt 0.106185 0.192947
vt 0.019070 0.192947
vt 0.420449 0.012011
vt 0.167807 0.012011
vt 0.337331 0.192947
vt 0.219102 0.243023
vt 0.219102 0.124298
vt 0.252503 0.192947
vt 0.252503 0.012011
vt 0.167807 0.192947
vt 0.219102 0.012011
vt 0.252503 0.322184
vt 0.937112 0.011156
vt 0.924385 0.030541
vt 0.167807 0.322184
vt 0.337331 0.322184
vt 0.971978 0.011156
vt 0.924385 0.045989
vt 0.106185 0.322184
vt 0.420449 0.322184
vt 0.971979 0.045989
vt 0.943151 0.025258
vt 0.106185 0.530708
vt 0.019070 0.530708
vt 0.337331 0.530708
vt 0.167807 0.530708
vt 0.252503 0.530708
vt 0.337331 0.012011
vt 0.106185 0.012011
vt 0.420449 0.530708
vt 0.420449 0.192947
vt 0.019070 0.322184
vt 0.019070 0.012011
vt 0.062864 0.104221
vt 0.062627 0.192947
vt 0.019070 0.102479
vt 0.062627 0.012011
vt 0.106185 0.102479
vt 0.376948 0.104305
vt 0.378890 0.012011
vt 0.420449 0.102479
vt 0.378890 0.192947
vt 0.337331 0.102479
vt 0.230104 0.182587
vt 0.219102 0.183660
vt 0.235802 0.158622
vt 0.235802 0.217985
vt 0.291472 0.101332
vt 0.252503 0.102479
vt 0.294917 0.012011
vt 0.294917 0.192947
vt 0.141234 0.099929
vt 0.136996 0.012011
vt 0.167807 0.102479
vt 0.136996 0.192947
vt 0.238212 0.089264
vt 0.235802 0.012011
vt 0.219102 0.068154
vt 0.189617 0.094690
vt 0.193454 0.012011
vt 0.193454 0.158622
vt 0.201268 0.182275
vt 0.193454 0.217985
vt 0.211421 0.395291
vt 0.252503 0.426446
vt 0.210155 0.530708
vt 0.167807 0.426446
vt 0.210155 0.322184
vt 0.300424 0.400014
vt 0.294917 0.322184
vt 0.337331 0.426446
vt 0.294917 0.530708
vt 0.130478 0.395174
vt 0.136996 0.530708
vt 0.106185 0.426446
vt 0.136996 0.322184
vt 0.380282 0.398740
vt 0.378890 0.322184
vt 0.420449 0.426446
vt 0.378890 0.530708
vt 0.063045 0.400044
vt 0.019070 0.426446
vt 0.062627 0.322184
vt 0.062627 0.530708
vt 0.223859 0.268517
vt 0.193454 0.282603
vt 0.252503 0.257565
vt 0.292004 0.255621
vt 0.337331 0.257565
vt 0.380621 0.250467
vt 0.420449 0.257565
vt 0.063665 0.251171
vt 0.106185 0.257565
vt 0.019070 0.257565
vt 0.136600 0.255377
vt 0.167807 0.257565
vt 0.934466 0.022865
vt 0.930749 0.020848
vt 0.940131 0.018207
vt 0.933768 0.027899
vt 0.952813 0.015436
vt 0.954545 0.011156
vt 0.957565 0.018207
vt 0.962350 0.026507
vt 0.971978 0.028572
vt 0.957565 0.035623
vt 0.946149 0.039196
vt 0.948182 0.045989
vt 0.933768 0.035623
vt 0.931596 0.033396
vt 0.924385 0.038265
vt 0.185056 0.251005
vn -0.805388 -0.145403 -0.574637
vn -0.815811 -0.035058 -0.577255
vn -0.815432 0.091680 -0.571546
vn -0.805388 -0.145403 -0.574637
vn 0.653901 -0.476315 -0.587824
vn 0.653901 -0.476315 -0.587824
vn 0.653901 -0.476315 -0.587824
vn 0.653901 -0.476315 -0.587824
vn 0.316570 0.850280 0.420484
vn 0.326257 0.841599 0.430427
vn 0.363016 0.805775 0.467917
vn 0.363016 0.805775 0.467917
vn 0.963566 0.248838 0.098079
vn 0.984658 0.133822 0.111987
vn 0.991468 0.047854 0.121245
vn 0.991468 0.047854 0.121245
vn -0.880003 0.381488 0.282952
vn -0.880003 0.381488 0.282952
vn -0.880003 0.381488 0.282952
vn -0.880003 0.381488 0.282952
vn 0.715800 0.259925 0.648127
vn 0.715800 0.259925 0.648127
vn 0.715800 0.259925 0.648127
vn 0.715800 0.259925 0.648127
vn -0.568464 0.636269 0.521546
vn -0.448849 0.731426 0.513372
vn -0.657315 0.529596 0.536157
vn -0.657316 0.529596 0.536157
vn -0.255334 0.851184 0.458575
vn -0.253766 0.869878 0.422984
vn 0.075844 0.859916 0.504769
vn 0.088288 0.836700 0.540498
vn 0.034788 0.923079 0.383033
vn 0.034788 0.923079 0.383033
vn 0.750812 0.653656 -0.094950
vn 0.751285 0.653309 -0.093585
vn 0.752235 0.652605 -0.090830
vn 0.752235 0.652605 -0.090830
vn -0.636137 0.762443 0.118364
vn -0.612698 0.783947 0.100144
vn -0.493795 0.869460 0.014307
vn -0.493795 0.869460 0.014307
vn 0.482140 0.581907 -0.654924
vn 0.486327 0.585721 -0.648396
vn 0.488241 0.587460 -0.645377
vn 0.488241 0.587460 -0.645377
vn -0.443348 0.757518 -0.479175
vn -0.442800 0.759349 -0.476779
vn -0.442424 0.760589 -0.475147
vn -0.442424 0.760589 -0.475147
vn 0.134449 0.889563 0.436579
vn 0.136961 0.887667 0.439647
vn 0.157719 0.871258 0.464795
vn 0.157719 0.871258 0.464795
vn 0.881248 0.467990 0.066228
vn 0.881248 0.467991 0.066228
vn 0.778944 0.038207 -0.625928
vn 0.737202 -0.379001 -0.559367
vn 0.758104 -0.292254 -0.582980
vn 0.778944 0.038207 -0.625928
vn -0.768981 0.296127 -0.566548
vn -0.800305 0.028564 -0.598912
vn -0.796223 -0.081400 -0.599503
vn -0.768981 0.296127 -0.566548
vn -0.788285 0.588770 0.178764
vn -0.859670 0.452594 0.236907
vn -0.851488 0.471476 0.229518
vn -0.788285 0.588770 0.178764
vn -0.174374 0.975213 0.136210
vn -0.471912 0.876734 0.092933
vn -0.136610 0.978418 0.155034
vn -0.136610 0.978418 0.155034
vn 0.725046 0.669156 -0.162905
vn 0.725046 0.669156 -0.162905
vn 0.371534 0.477978 -0.795927
vn 0.371534 0.477978 -0.795927
vn -0.459917 0.688988 -0.560154
vn -0.459917 0.688988 -0.560154
vn -0.205251 0.971250 0.120607
vn -0.499107 0.854775 0.142307
vn -0.493321 0.858180 0.141991
vn -0.205251 0.971250 0.120607
vn -0.257270 0.807916 0.530173
vn -0.257270 0.807916 0.530173
vn -0.770611 -0.250696 -0.585927
vn -0.770611 -0.250696 -0.585927
vn -0.738851 -0.281098 -0.612440
vn -0.738851 -0.281098 -0.612440
vn -0.738851 -0.281098 -0.612440
vn -0.738851 -0.281098 -0.612440
vn -0.776812 -0.170037 -0.606342
vn -0.776812 -0.170037 -0.606342
vn -0.776812 -0.170037 -0.606342
vn -0.776812 -0.170037 -0.606342
vn 0.525611 -0.586990 -0.615772
vn 0.525611 -0.586990 -0.615772
vn 0.525611 -0.586991 -0.615772
vn 0.525611 -0.586990 -0.615772
vn 0.561189 -0.575830 -0.594548
vn 0.611672 -0.402282 -0.681195
vn 0.609815 -0.410961 -0.677670
vn 0.561189 -0.575830 -0.594548
vn 0.708714 -0.466025 -0.529665
vn 0.708714 -0.466025 -0.529665
vn 0.361852 0.807049 0.466620
vn 0.762903 0.293798 0.575900
vn 0.613264 0.560218 0.556833
vn 0.361852 0.807049 0.466620
vn 0.665664 0.477242 0.573700
vn 0.503596 0.666216 0.550043
vn 0.300223 0.825378 0.478140
vn 0.333983 0.817453 0.469283
vn 0.999882 0.010256 0.011411
vn 0.999882 0.010256 0.011411
vn 0.999882 0.010256 0.011411
vn 0.999882 0.010256 0.011411
vn 0.989689 -0.142533 -0.014166
vn 0.989689 -0.142533 -0.014166
vn 0.989689 -0.142533 -0.014166
vn 0.989689 -0.142533 -0.014166
vn 0.989879 -0.111066 0.088340
vn 0.993694 0.095230 0.059191
vn 0.997358 0.003410 0.072558
vn 0.989879 -0.111066 0.088340
vn -0.910846 0.334159 0.242276
vn -0.910846 0.334159 0.242276
vn -0.910846 0.334159 0.242276
vn -0.910846 0.334159 0.242276
vn -0.924138 0.321255 0.206794
vn -0.878137 0.459077 0.134625
vn -0.871672 0.473489 0.126476
vn -0.924138 0.321255 0.206794
vn -0.879650 0.400700 0.256231
vn -0.879650 0.400700 0.256231
vn 0.651884 0.403096 0.642309
vn 0.651884 0.403096 0.642309
vn 0.651884 0.403096 0.642309
vn 0.651884 0.403096 0.642309
vn 0.719517 0.383928 0.578701
vn 0.719517 0.383928 0.578701
vn 0.783441 0.239619 0.573413
vn 0.783441 0.239619 0.573413
vn -0.595600 0.538606 0.595956
vn -0.595600 0.538606 0.595956
vn -0.595600 0.538606 0.595956
vn -0.595600 0.538606 0.595956
vn -0.736329 0.352511 0.577542
vn -0.736329 0.352511 0.577542
vn -0.736329 0.352511 0.577542
vn -0.736329 0.352511 0.577542
vn -0.814498 0.352574 0.460743
vn -0.775063 0.429771 0.463221
vn -0.582733 0.681607 0.442530
vn -0.814498 0.352574 0.460743
vn -0.350496 0.854634 0.383085
vn -0.350496 0.854634 0.383085
vn -0.358579 0.844926 0.396889
vn -0.361973 0.834102 0.416233
vn -0.365465 0.821825 0.437080
vn -0.358579 0.844926 0.396889
vn 0.020925 0.908180 0.418057
vn 0.020925 0.908180 0.418057
vn 0.020925 0.908180 0.418057
vn 0.020925 0.908180 0.418057
vn 0.027600 0.921273 0.387937
vn 0.027600 0.921273 0.387937
vn 0.027600 0.921273 0.387937
vn 0.027600 0.921273 0.387937
vn 0.077909 0.927283 0.366165
vn 0.077909 0.927283 0.366165
vn 0.778579 0.626468 -0.036776
vn 0.840895 0.540576 0.025951
vn 0.827933 0.560703 0.011812
vn 0.778579 0.626468 -0.036776
vn 0.865974 0.498189 -0.043562
vn 0.870472 0.490759 -0.037875
vn 0.813008 0.573056 -0.103074
vn 0.813008 0.573056 -0.103074
vn 0.742611 0.655424 -0.137654
vn 0.742409 0.655491 -0.138422
vn 0.741779 0.655697 -0.140800
vn 0.742611 0.655424 -0.137654
vn -0.487029 0.868703 0.090322
vn -0.471789 0.876866 0.092307
vn -0.487029 0.868703 0.090322
vn -0.513088 0.846332 0.143049
vn -0.513088 0.846332 0.143049
vn -0.473823 0.878235 0.064763
vn -0.671735 0.642362 0.368974
vn -0.591333 0.773136 0.229316
vn -0.473823 0.878235 0.064763
vn 0.632404 0.409826 -0.657350
vn 0.713603 0.186025 -0.675400
vn 0.703370 0.222486 -0.675108
vn 0.632404 0.409826 -0.657350
vn 0.528843 0.354626 -0.771081
vn 0.543590 0.310108 -0.779964
vn 0.484121 0.468232 -0.739179
vn 0.484121 0.468232 -0.739179
vn 0.442996 0.635401 -0.632471
vn 0.440389 0.631259 -0.638412
vn 0.439518 0.629875 -0.640376
vn 0.442996 0.635401 -0.632471
vn -0.486467 0.731001 -0.478527
vn -0.682302 0.463768 -0.565140
vn -0.654515 0.513348 -0.555053
vn -0.486467 0.731001 -0.478527
vn -0.687110 0.486023 -0.540057
vn -0.731626 0.395284 -0.555404
vn -0.514803 0.722079 -0.462147
vn -0.514803 0.722079 -0.462147
vn -0.466039 0.739335 -0.485996
vn -0.465969 0.738530 -0.487285
vn -0.465888 0.737605 -0.488761
vn -0.466039 0.739335 -0.485996
vn 0.279986 0.880422 0.382708
vn 0.279986 0.880422 0.382708
vn 0.257192 0.833849 0.488415
vn 0.257192 0.833849 0.488415
vn 0.104026 0.804439 0.584856
vn 0.104026 0.804439 0.584856
vn 0.901309 0.433156 0.004221
vn 0.901309 0.433156 0.004221
vn 0.888692 0.458308 -0.013450
vn 0.888692 0.458308 -0.013450
vn 0.859415 0.509070 0.047481
vn 0.859415 0.509070 0.047481
vn 0.618121 0.153961 -0.770858
vn 0.618121 0.153961 -0.770858
vn 0.559850 0.255034 -0.788369
vn 0.559850 0.255034 -0.788369
vn 0.734044 0.097105 -0.672124
vn 0.734044 0.097105 -0.672124
vn -0.795916 0.250974 -0.550935
vn -0.795916 0.250974 -0.550935
vn -0.781860 0.258731 -0.567233
vn -0.781860 0.258731 -0.567233
vn -0.751250 0.307663 -0.583924
vn -0.751250 0.307663 -0.583924
vn -0.725726 0.687865 -0.012829
vn -0.725726 0.687865 -0.012829
vn -0.689557 0.705881 0.161998
vn -0.689557 0.705881 0.161998
vn -0.700372 0.568904 0.431077
vn -0.700372 0.568904 0.431077
vn -0.136560 0.978424 0.155042
vn -0.136560 0.978424 0.155042
vn -0.136560 0.978424 0.155042
vn -0.136560 0.978424 0.155042
vn -0.136596 0.978424 0.155009
vn -0.167804 0.975889 0.139578
vn -0.169574 0.975709 0.138695
vn -0.136596 0.978424 0.155009
vn 0.734137 0.657796 -0.168367
vn 0.734137 0.657796 -0.168367
vn 0.723955 0.669862 -0.164843
vn 0.723955 0.669862 -0.164843
vn 0.723955 0.669862 -0.164843
vn 0.723955 0.669862 -0.164843
vn 0.350921 0.490959 -0.797379
vn 0.350921 0.490959 -0.797379
vn 0.350015 0.489191 -0.798863
vn 0.350015 0.489191 -0.798863
vn 0.350015 0.489191 -0.798863
vn 0.350015 0.489191 -0.798863
vn -0.460131 0.689232 -0.559678
vn -0.460131 0.689232 -0.559678
vn -0.459514 0.689560 -0.559779
vn -0.459514 0.689560 -0.559779
vn -0.459514 0.689560 -0.559779
vn -0.459514 0.689560 -0.559780
vn -0.205439 0.971233 0.120422
vn -0.205462 0.971207 0.120594
vn -0.205462 0.971207 0.120594
vn -0.372377 0.793097 0.482009
vn -0.372377 0.793097 0.482009
vn -0.322227 0.761415 0.562510
vn -0.322227 0.761415 0.562510
vn -0.322227 0.761415 0.562510
vn -0.322227 0.761415 0.562510
s 1
g group2 Ore_Clicker17
usemtl initialShadingGroup
f 642/763/1722 617/726/1723 639/760/1724 638/759/1725
s off
f 647/768/1726 615/753/1727 643/765/1728 645/764/1729
s 2
f 651/772/1730 627/731/1731 649/770/1732 648/769/1733
s 3
f 655/776/1734 621/733/1735 653/774/1736 652/773/1737
s off
f 642/763/1738 619/754/1739 644/778/1740 656/777/1741
f 661/783/1742 614/736/1743 660/782/1744 659/781/1745
s 4
f 664/786/1746 623/735/1747 657/779/1748 663/784/1749
f 666/788/1750 623/735/1747 664/786/1746 665/787/1751
s 5
f 671/793/1752 628/737/1753 668/790/1754 667/789/1755
s 6
f 675/797/1756 629/752/1757 668/790/1758 672/794/1759
s 7
f 679/801/1760 631/740/1761 670/792/1762 676/798/1763
s 8
f 683/805/1764 633/750/1765 674/796/1766 680/802/1767
s 9
f 686/809/1768 635/749/1769 682/807/1770 684/806/1771
s 10
f 671/793/1772 631/740/1773 688/811/1774 687/810/1775
s 3
f 689/812/1776 621/733/1735 655/776/1734 690/813/1777
s 11
f 691/814/1778 616/730/1779 646/767/1780 692/815/1781
s 12
f 693/819/1782 618/727/1783 639/760/1784 694/817/1785
s 13
f 695/818/1786 617/726/1787 658/780/1788 696/820/1789
s 14
f 700/825/1790 630/739/1791 669/823/1792 698/822/1793
s 6
f 699/824/1794 629/738/1757 675/827/1756 701/826/1795
s 8
f 702/828/1796 633/742/1765 683/830/1764 703/829/1797
s 9
f 704/831/1798 635/746/1769 686/833/1768 705/832/1799
s 15
f 706/834/1800 637/743/1801 677/836/1802 707/835/1803
s 4
f 697/821/1804 623/735/1747 666/788/1750 708/837/1805
s 12
f 639/760/1784 618/727/1783 640/761/1806 638/759/1807
s off
f 640/761/1808 620/758/1809 641/762/1810 638/759/1811
f 641/762/1812 619/754/1813 642/763/1814 638/759/1815
f 643/765/1816 620/728/1817 640/766/1818 645/764/1819
s 16
f 640/766/1820 618/756/1821 646/767/1822 645/764/1823
s 11
f 646/767/1780 616/730/1779 647/768/1824 645/764/1825
s 17
f 649/770/1826 622/732/1827 650/771/1828 648/769/1829
s 18
f 650/771/1830 621/733/1831 651/772/1832 648/769/1833
s off
f 653/774/1834 624/734/1835 654/775/1836 652/773/1837
f 654/775/1838 615/753/1839 647/768/1840 652/773/1841
s 19
f 647/768/1842 616/730/1843 655/776/1844 652/773/1845
s off
f 644/778/1846 626/729/1847 657/779/1848 656/777/1849
s 20
f 657/779/1850 623/735/1851 658/780/1852 656/777/1853
s 13
f 658/780/1788 617/726/1787 642/763/1854 656/777/1855
s off
f 660/782/1856 624/734/1857 653/774/1858 659/781/1859
s 18
f 653/774/1860 621/733/1831 650/771/1830 659/781/1861
s 17
f 650/771/1828 622/732/1827 661/783/1862 659/781/1863
s off
f 657/779/1864 626/729/1865 662/785/1866 663/784/1867
f 662/785/1868 614/736/1869 661/783/1870 663/784/1871
s 21
f 661/783/1872 622/732/1873 664/786/1874 663/784/1875
f 664/786/1874 622/732/1873 649/770/1876 665/787/1877
s 22
f 649/770/1878 627/731/1879 666/788/1880 665/787/1881
s off
f 668/790/1882 629/752/1883 669/791/1884 667/789/1885
f 669/791/1886 630/751/1887 670/792/1888 667/789/1889
s 10
f 670/792/1890 631/740/1773 671/793/1772 667/789/1891
s 23
f 668/790/1892 628/737/1893 673/795/1894 672/794/1895
s 24
f 673/795/1896 632/741/1897 674/796/1898 672/794/1899
s 25
f 674/796/1900 633/750/1901 675/797/1902 672/794/1903
s 14
f 670/792/1904 630/751/1791 677/799/1905 676/798/1906
s 15
f 677/799/1802 637/748/1801 678/800/1907 676/798/1908
s 26
f 678/800/1909 636/744/1910 679/801/1911 676/798/1912
s 27
f 674/796/1913 632/741/1914 681/803/1915 680/802/1916
s 28
f 681/803/1917 634/745/1918 682/804/1919 680/802/1920
s 29
f 682/804/1921 635/755/1922 683/805/1923 680/802/1924
s 30
f 682/807/1925 634/757/1926 685/808/1927 684/806/1928
s 31
f 685/808/1929 636/744/1930 678/800/1931 684/806/1932
s 32
f 678/800/1933 637/748/1934 686/809/1935 684/806/1936
s 2
f 688/811/1937 627/731/1731 651/772/1730 687/810/1938
s 18
f 651/772/1832 621/733/1831 689/812/1939 687/810/1940
s 5
f 689/812/1941 628/737/1753 671/793/1752 687/810/1942
s 19
f 655/776/1844 616/730/1843 691/814/1943 690/813/1944
s 24
f 691/814/1945 632/741/1897 673/795/1896 690/813/1946
s 23
f 673/795/1894 628/737/1893 689/812/1947 690/813/1948
s 16
f 646/767/1822 618/756/1821 693/816/1949 692/815/1950
s 28
f 693/816/1951 634/745/1918 681/803/1917 692/815/1952
s 27
f 681/803/1915 632/741/1914 691/814/1953 692/815/1954
s 1
f 639/760/1724 617/726/1723 695/818/1955 694/817/1956
s 31
f 695/818/1957 636/744/1930 685/808/1929 694/817/1958
s 30
f 685/808/1927 634/757/1926 693/819/1959 694/817/1960
s 20
f 658/780/1852 623/735/1851 697/821/1961 696/820/1962
s 7
f 697/821/1963 631/740/1761 679/801/1760 696/820/1964
s 26
f 679/801/1911 636/744/1910 695/818/1965 696/820/1966
s off
f 669/823/1967 629/738/1968 699/824/1969 698/822/1970
s 33
f 699/824/1971 625/747/1972 700/825/1973 698/822/1974
s 25
f 675/827/1902 633/742/1901 702/828/1975 701/826/1976
s off
f 702/828/1977 625/747/1978 699/824/1979 701/826/1980
s 29
f 683/830/1923 635/746/1922 704/831/1981 703/829/1982
s off
f 704/831/1983 625/747/1984 702/828/1985 703/829/1986
s 32
f 686/833/1935 637/743/1934 706/834/1987 705/832/1988
s off
f 706/834/1989 625/747/1990 704/831/1991 705/832/1992
s 14
f 677/836/1905 630/739/1791 700/825/1790 707/835/1993
s 33
f 700/825/1973 625/747/1972 706/834/1994 707/835/1995
s 22
f 666/788/1880 627/731/1879 688/811/1996 708/837/1997
s off
f 688/811/1998 631/740/1999 697/821/2000 708/837/2001
g default
v 13.449338 0.123334 6.546456
v 22.147775 0.090866 5.632541
v 22.261370 3.870395 5.561531
v 16.703349 3.239630 -6.752214
v 23.079074 3.296914 -4.328803
v 16.230036 0.123334 -6.754560
v 22.018567 0.339721 -3.695707
v 18.113935 4.947957 7.234161
v 13.200507 2.917364 6.119200
v 14.493332 5.125845 -2.662278
v 18.281475 0.105874 10.019260
v 18.985722 8.215278 0.112274
v 13.331083 0.123334 -0.444275
v 15.438224 5.641063 3.577223
v 18.075741 7.137922 3.744249
v 18.682615 8.146795 0.802444
v 18.216650 8.043386 0.040597
v 16.214788 7.297647 -0.446434
v 21.363252 5.496779 3.433739
v 19.417165 7.610815 0.822290
v 21.196933 5.427454 -3.635660
v 19.111501 7.759397 -0.465015
v 16.753677 5.966761 -5.440579
v 18.341337 8.035578 -0.687976
v 19.490158 1.775975 -5.396548
v 19.891212 3.268273 -5.540509
v 22.548820 1.818318 -4.012256
v 19.124302 0.231528 -5.225135
v 16.466693 1.681482 -6.753387
v 22.083171 0.215294 0.968417
v 14.780561 0.123334 -3.599417
v 22.373047 1.936316 1.048754
v 22.670223 3.583655 0.616364
v 22.204573 1.980631 5.597036
v 15.445292 4.391504 5.702210
v 14.319367 4.279213 4.848212
v 15.657220 3.932661 6.676683
v 16.776079 5.294511 5.405693
v 20.033176 2.263782 7.243208
v 18.197705 2.526916 8.626714
v 20.214625 0.098370 7.825903
v 20.187653 4.409177 6.397843
v 15.001928 2.203084 -3.774044
v 13.912206 2.624590 -1.553275
v 15.598340 4.182738 -4.707245
v 16.130341 2.162153 7.629158
v 15.865406 0.114604 8.282860
v 13.324921 1.520349 6.332833
v 13.390210 0.123334 3.051091
v 13.687366 2.348916 1.698665
v 13.846919 4.021605 1.728464
v 14.285863 4.451943 2.426984
v 14.965778 5.383455 0.457471
v 17.631607 7.529827 1.257637
v 18.379178 7.642359 2.273349
v 18.449633 8.095089 0.421520
v 17.215720 7.670515 -0.202923
v 17.145264 7.217785 1.648908
v 19.611520 6.828118 2.531069
v 19.719498 6.317351 3.588997
v 20.390209 6.553798 2.128013
v 19.049890 7.878805 0.812366
v 17.150697 7.050370 -2.346481
v 18.278993 8.039481 -0.323689
v 17.547508 7.001169 -3.064277
v 16.484232 6.632203 -2.943506
v 20.515451 6.301597 -0.066874
v 21.280093 5.462116 -0.100958
v 20.154218 6.593425 -2.050337
v 19.264333 7.685108 0.178638
v 18.879321 6.539363 -3.022189
v 18.975305 5.697107 -4.538119
v 18.726419 7.897488 -0.576495
v 16.990913 6.222679 3.640896
v 15.826507 6.469355 1.565389
v 18.094838 6.042940 5.489204
v 19.824810 5.396810 5.050630
v 21.812311 4.683588 4.497633
v 22.055930 4.416560 0.093762
v 22.138004 4.362185 -3.982233
v 19.380706 4.377379 -5.121178
v 16.728513 4.603195 -6.096397
v 16.041707 5.338675 -3.918677
v 15.354061 6.211747 -1.554355
v 18.612485 8.131632 0.296235
v 18.834170 8.181035 0.457359
v 18.601187 8.129332 0.076435
v 19.072908 7.949224 0.602714
v 19.201443 7.913047 0.467281
v 19.175795 7.865539 0.191071
v 19.048612 7.987338 -0.176370
v 18.814275 8.002191 -0.347565
v 18.663528 8.125427 -0.287854
v 18.552970 8.107313 -0.161279
v 15.372072 6.013701 0.107218
vt 0.106185 0.192947
vt 0.019070 0.192947
vt 0.420449 0.012011
vt 0.167807 0.012011
vt 0.337331 0.192947
vt 0.219102 0.243023
vt 0.219102 0.124298
vt 0.252503 0.192947
vt 0.252503 0.012011
vt 0.167807 0.192947
vt 0.219102 0.012011
vt 0.252503 0.322184
vt 0.937112 0.011156
vt 0.924385 0.030541
vt 0.167807 0.322184
vt 0.337331 0.322184
vt 0.971978 0.011156
vt 0.924385 0.045989
vt 0.106185 0.322184
vt 0.420449 0.322184
vt 0.971979 0.045989
vt 0.943151 0.025258
vt 0.106185 0.530708
vt 0.019070 0.530708
vt 0.337331 0.530708
vt 0.167807 0.530708
vt 0.252503 0.530708
vt 0.337331 0.012011
vt 0.106185 0.012011
vt 0.420449 0.530708
vt 0.420449 0.192947
vt 0.019070 0.322184
vt 0.019070 0.012011
vt 0.062976 0.104065
vt 0.062627 0.192947
vt 0.019070 0.102479
vt 0.062627 0.012011
vt 0.106185 0.102479
vt 0.376643 0.104222
vt 0.378890 0.012011
vt 0.420449 0.102479
vt 0.378890 0.192947
vt 0.337331 0.102479
vt 0.229741 0.182228
vt 0.219102 0.183660
vt 0.235802 0.158622
vt 0.235802 0.217985
vt 0.291359 0.101937
vt 0.252503 0.102479
vt 0.294917 0.012011
vt 0.294917 0.192947
vt 0.141433 0.101683
vt 0.136996 0.012011
vt 0.167807 0.102479
vt 0.136996 0.192947
vt 0.238355 0.090305
vt 0.235802 0.012011
vt 0.219102 0.068154
vt 0.189375 0.095141
vt 0.193454 0.012011
vt 0.193454 0.158622
vt 0.201851 0.181902
vt 0.193454 0.217985
vt 0.211729 0.396477
vt 0.252503 0.426446
vt 0.210155 0.530708
vt 0.167807 0.426446
vt 0.210155 0.322184
vt 0.301018 0.400849
vt 0.294917 0.322184
vt 0.337331 0.426446
vt 0.294917 0.530708
vt 0.130074 0.395287
vt 0.136996 0.530708
vt 0.106185 0.426446
vt 0.136996 0.322184
vt 0.380310 0.400866
vt 0.378890 0.322184
vt 0.420449 0.426446
vt 0.378890 0.530708
vt 0.062652 0.401991
vt 0.019070 0.426446
vt 0.062627 0.322184
vt 0.062627 0.530708
vt 0.224258 0.268241
vt 0.193454 0.282603
vt 0.252503 0.257565
vt 0.291896 0.256558
vt 0.337331 0.257565
vt 0.380866 0.250776
vt 0.420449 0.257565
vt 0.064139 0.251739
vt 0.106185 0.257565
vt 0.019070 0.257565
vt 0.136199 0.255033
vt 0.167807 0.257565
vt 0.934457 0.022894
vt 0.930749 0.020848
vt 0.940131 0.018207
vt 0.933768 0.027899
vt 0.953124 0.015402
vt 0.954545 0.011156
vt 0.957565 0.018207
vt 0.961945 0.026457
vt 0.971978 0.028572
vt 0.957565 0.035623
vt 0.946630 0.039114
vt 0.948182 0.045989
vt 0.933768 0.035623
vt 0.931633 0.033368
vt 0.924385 0.038265
vt 0.184537 0.252113
vn 0.381332 -0.122609 -0.916271
vn 0.374853 0.103306 -0.921310
vn 0.372810 0.129818 -0.918782
vn 0.381332 -0.122609 -0.916271
vn 0.995357 -0.095694 0.010390
vn 0.995357 -0.095694 0.010390
vn 0.995357 -0.095694 0.010390
vn 0.995357 -0.095694 0.010390
vn -0.395661 0.816561 0.420333
vn -0.372743 0.841455 0.391174
vn -0.426289 0.779143 0.459579
vn -0.426289 0.779143 0.459579
vn 0.486795 0.550378 0.678318
vn 0.487889 0.545539 0.681434
vn 0.514942 0.370800 0.772879
vn 0.514942 0.370800 0.772879
vn -0.896351 0.092175 -0.433657
vn -0.896351 0.092175 -0.433657
vn -0.896351 0.092175 -0.433657
vn -0.896351 0.092175 -0.433657
vn -0.509495 0.229593 0.829278
vn -0.509495 0.229593 0.829278
vn -0.509495 0.229593 0.829278
vn -0.509496 0.229593 0.829278
vn -0.930398 0.365229 -0.031095
vn -0.945619 0.323572 -0.033263
vn -0.984619 0.152837 -0.084650
vn -0.984619 0.152837 -0.084650
vn -0.763193 0.643144 0.062469
vn -0.744265 0.665382 0.057767
vn -0.500942 0.819972 0.276952
vn -0.597345 0.722396 0.348313
vn -0.412645 0.885572 0.213274
vn -0.412645 0.885572 0.213274
vn 0.486935 0.800173 0.350168
vn 0.487837 0.799798 0.349769
vn 0.483483 0.801598 0.351690
vn 0.483483 0.801598 0.351690
vn -0.600514 0.727741 -0.331325
vn -0.454290 0.837608 -0.303370
vn -0.299934 0.915854 -0.266930
vn -0.299934 0.915854 -0.266930
vn 0.757896 0.650044 -0.055101
vn 0.750609 0.658849 -0.050042
vn 0.748678 0.661141 -0.048715
vn 0.748679 0.661141 -0.048715
vn 0.327011 0.839665 -0.433620
vn 0.326947 0.839717 -0.433568
vn 0.324020 0.842079 -0.431177
vn 0.324020 0.842079 -0.431177
vn -0.466997 0.836243 0.287421
vn -0.448982 0.852742 0.266920
vn -0.484332 0.819105 0.307392
vn -0.484332 0.819105 0.307392
vn 0.403097 0.781346 0.476457
vn 0.403097 0.781346 0.476457
vn 0.828701 0.559146 0.024715
vn 0.996357 0.063547 0.056869
vn 0.975315 0.215352 0.048836
vn 0.828701 0.559146 0.024715
vn 0.318135 0.496798 -0.807454
vn 0.379215 0.030434 -0.924808
vn 0.376901 0.081883 -0.922627
vn 0.318135 0.496798 -0.807454
vn -0.761285 0.423205 -0.491267
vn -0.865114 0.143720 -0.480544
vn -0.845015 0.219500 -0.487616
vn -0.761285 0.423205 -0.491267
vn -0.216216 0.976121 -0.020943
vn -0.330727 0.920508 -0.208049
vn -0.218213 0.975901 0.001004
vn -0.218213 0.975901 0.001004
vn 0.552956 0.769637 0.319214
vn 0.552956 0.769637 0.319214
vn 0.882080 0.443733 -0.158229
vn 0.882080 0.443733 -0.158229
vn 0.417183 0.755252 -0.505522
vn 0.417183 0.755252 -0.505522
vn -0.213707 0.975765 -0.047028
vn -0.414558 0.883847 -0.216693
vn -0.385613 0.902556 -0.191563
vn -0.213707 0.975765 -0.047028
vn -0.818025 0.570030 0.076810
vn -0.818026 0.570030 0.076810
vn 0.373522 -0.255324 -0.891791
vn 0.373522 -0.255324 -0.891791
vn 0.429152 -0.266515 -0.863017
vn 0.429152 -0.266515 -0.863017
vn 0.429152 -0.266515 -0.863017
vn 0.429152 -0.266515 -0.863017
vn 0.438125 -0.133856 -0.888892
vn 0.438125 -0.133856 -0.888892
vn 0.438125 -0.133856 -0.888892
vn 0.438125 -0.133856 -0.888892
vn 0.968821 -0.247522 0.010911
vn 0.968821 -0.247522 0.010911
vn 0.968821 -0.247522 0.010911
vn 0.968821 -0.247522 0.010911
vn 0.968395 -0.240447 0.066306
vn 0.993753 0.097940 0.053507
vn 0.997675 0.038491 0.056241
vn 0.968395 -0.240447 0.066306
vn 0.993814 -0.091040 0.063612
vn 0.993813 -0.091040 0.063612
vn -0.426289 0.779144 0.459579
vn -0.417314 0.394143 0.818841
vn -0.426132 0.458975 0.779585
vn -0.426289 0.779144 0.459579
vn -0.426977 0.564450 0.706461
vn -0.434435 0.564532 0.701833
vn -0.448843 0.778207 0.439242
vn -0.426288 0.779144 0.459579
vn 0.662562 0.328258 0.673244
vn 0.662562 0.328258 0.673244
vn 0.662562 0.328259 0.673244
vn 0.662562 0.328259 0.673244
vn 0.682201 0.130640 0.719399
vn 0.682201 0.130640 0.719399
vn 0.682201 0.130640 0.719399
vn 0.682201 0.130640 0.719399
vn 0.520955 0.155925 0.839222
vn 0.513335 0.405326 0.756438
vn 0.507917 0.449331 0.734930
vn 0.520955 0.155925 0.839222
vn -0.902416 0.037818 -0.429203
vn -0.902416 0.037818 -0.429203
vn -0.902416 0.037818 -0.429203
vn -0.902416 0.037818 -0.429203
vn -0.886131 0.021889 -0.462918
vn -0.792852 0.323600 -0.516400
vn -0.840223 0.206496 -0.501383
vn -0.886131 0.021889 -0.462918
vn -0.877399 0.082078 -0.472689
vn -0.877399 0.082078 -0.472689
vn -0.503943 0.376416 0.777401
vn -0.503943 0.376416 0.777401
vn -0.503943 0.376416 0.777401
vn -0.503943 0.376416 0.777401
vn -0.405233 0.404768 0.819725
vn -0.405233 0.404768 0.819725
vn -0.391195 0.252055 0.885118
vn -0.391195 0.252055 0.885118
vn -0.984588 0.174055 -0.017070
vn -0.984588 0.174055 -0.017070
vn -0.984588 0.174055 -0.017070
vn -0.984588 0.174055 -0.017070
vn -0.998881 0.032972 -0.033908
vn -0.998881 0.032972 -0.033908
vn -0.998881 0.032972 -0.033908
vn -0.998881 0.032972 -0.033908
vn -0.993911 0.004784 -0.110080
vn -0.989590 0.115244 -0.086197
vn -0.975152 0.212067 -0.064072
vn -0.993911 0.004784 -0.110080
vn -0.744264 0.665382 0.057767
vn -0.744264 0.665382 0.057767
vn -0.744267 0.665380 0.057767
vn -0.755391 0.652474 0.060517
vn -0.790856 0.608036 0.069557
vn -0.744267 0.665380 0.057767
vn -0.430664 0.880337 0.198838
vn -0.430664 0.880337 0.198838
vn -0.430664 0.880337 0.198838
vn -0.430664 0.880337 0.198838
vn -0.402175 0.896669 0.185041
vn -0.402175 0.896669 0.185041
vn -0.402175 0.896669 0.185041
vn -0.402175 0.896669 0.185041
vn -0.392653 0.896711 0.204287
vn -0.392653 0.896711 0.204287
vn 0.450791 0.815780 0.362340
vn 0.433133 0.793028 0.428372
vn 0.430835 0.789984 0.436241
vn 0.450791 0.815780 0.362340
vn 0.435269 0.806314 0.400499
vn 0.427630 0.797107 0.426324
vn 0.451301 0.824787 0.340668
vn 0.451301 0.824787 0.340668
vn 0.492189 0.811258 0.315611
vn 0.493763 0.810257 0.315724
vn 0.499417 0.806629 0.316120
vn 0.492189 0.811258 0.315611
vn -0.342175 0.911915 -0.226554
vn -0.338047 0.914919 -0.220564
vn -0.342175 0.911915 -0.226554
vn -0.419921 0.880147 -0.221378
vn -0.419921 0.880147 -0.221378
vn -0.342894 0.899435 -0.271001
vn -0.865339 0.407775 -0.291389
vn -0.573540 0.763409 -0.297083
vn -0.342894 0.899435 -0.271001
vn 0.746239 0.665096 -0.027818
vn 0.817956 0.575207 -0.009218
vn 0.795569 0.605668 -0.015356
vn 0.746239 0.665096 -0.027818
vn 0.757847 0.652246 -0.015604
vn 0.764901 0.644029 -0.012398
vn 0.731560 0.681236 -0.027167
vn 0.731560 0.681235 -0.027167
vn 0.725809 0.686331 -0.046376
vn 0.729863 0.681848 -0.048805
vn 0.733961 0.677253 -0.051277
vn 0.725809 0.686331 -0.046376
vn 0.289776 0.848405 -0.442989
vn 0.337380 0.658879 -0.672349
vn 0.330391 0.701224 -0.631764
vn 0.289776 0.848405 -0.442989
vn 0.341209 0.663384 -0.665956
vn 0.349423 0.607116 -0.713662
vn 0.294313 0.839160 -0.457374
vn 0.294313 0.839160 -0.457374
vn 0.329779 0.827498 -0.454414
vn 0.331285 0.826394 -0.455328
vn 0.334388 0.824103 -0.457207
vn 0.329779 0.827498 -0.454414
vn -0.341044 0.872019 0.351101
vn -0.341045 0.872019 0.351101
vn -0.467591 0.776854 0.421730
vn -0.467591 0.776854 0.421730
vn -0.620286 0.693927 0.365665
vn -0.620286 0.693927 0.365665
vn 0.401166 0.793524 0.457586
vn 0.401166 0.793524 0.457586
vn 0.420573 0.788413 0.448913
vn 0.420573 0.788413 0.448913
vn 0.420104 0.775562 0.471185
vn 0.420104 0.775562 0.471186
vn 0.772549 0.634698 0.018042
vn 0.772549 0.634698 0.018042
vn 0.775492 0.631312 -0.007496
vn 0.775492 0.631312 -0.007496
vn 0.836214 0.548389 -0.003938
vn 0.836214 0.548389 -0.003938
vn 0.329291 0.430125 -0.840571
vn 0.329291 0.430125 -0.840571
vn 0.362085 0.432541 -0.825714
vn 0.362085 0.432541 -0.825714
vn 0.351890 0.505690 -0.787687
vn 0.351890 0.505690 -0.787687
vn -0.499886 0.710171 -0.495754
vn -0.499886 0.710171 -0.495754
vn -0.666025 0.663386 -0.341070
vn -0.666025 0.663386 -0.341070
vn -0.899483 0.332410 -0.283608
vn -0.899483 0.332410 -0.283608
vn -0.218212 0.975901 0.000996
vn -0.218212 0.975901 0.000996
vn -0.218212 0.975901 0.000996
vn -0.218212 0.975901 0.000996
vn -0.218212 0.975901 0.001005
vn -0.216585 0.976116 -0.016987
vn -0.215780 0.976106 -0.025602
vn -0.218212 0.975901 0.001005
vn 0.552957 0.769637 0.319213
vn 0.552957 0.769637 0.319213
vn 0.552956 0.769637 0.319214
vn 0.552956 0.769637 0.319214
vn 0.552956 0.769637 0.319214
vn 0.552956 0.769638 0.319214
vn 0.882078 0.443737 -0.158229
vn 0.882078 0.443737 -0.158229
vn 0.882078 0.443737 -0.158229
vn 0.882078 0.443737 -0.158229
vn 0.882078 0.443737 -0.158229
vn 0.882078 0.443737 -0.158229
vn 0.417182 0.755252 -0.505524
vn 0.417182 0.755252 -0.505523
vn 0.417182 0.755254 -0.505520
vn 0.417182 0.755254 -0.505520
vn 0.417182 0.755254 -0.505520
vn 0.417182 0.755254 -0.505520
vn -0.213704 0.975766 -0.047032
vn -0.213708 0.975765 -0.047033
vn -0.213708 0.975765 -0.047033
vn -0.818023 0.570033 0.076809
vn -0.818023 0.570033 0.076809
vn -0.818025 0.570031 0.076810
vn -0.818025 0.570031 0.076810
vn -0.818025 0.570031 0.076810
vn -0.818025 0.570031 0.076810
s 1
g group2 Ore_Clicker18
usemtl initialShadingGroup
f 737/875/2002 712/838/2003 734/872/2004 733/871/2005
s off
f 742/880/2006 710/865/2007 738/877/2008 740/876/2009
s 2
f 746/884/2010 722/843/2011 744/882/2012 743/881/2013
s 3
f 750/888/2014 716/845/2015 748/886/2016 747/885/2017
s off
f 737/875/2018 714/866/2019 739/890/2020 751/889/2021
f 756/895/2022 709/848/2023 755/894/2024 754/893/2025
s 4
f 759/898/2026 718/847/2027 752/891/2028 758/896/2029
f 761/900/2030 718/847/2027 759/898/2026 760/899/2031
s 5
f 766/905/2032 723/849/2033 763/902/2034 762/901/2035
s 6
f 770/909/2036 724/864/2037 763/902/2038 767/906/2039
s 7
f 774/913/2040 726/852/2041 765/904/2042 771/910/2043
s 8
f 778/917/2044 728/862/2045 769/908/2046 775/914/2047
s 9
f 781/921/2048 730/861/2049 777/919/2050 779/918/2051
s 10
f 766/905/2052 726/852/2053 783/923/2054 782/922/2055
s 3
f 784/924/2056 716/845/2015 750/888/2014 785/925/2057
s 11
f 786/926/2058 711/842/2059 741/879/2060 787/927/2061
s 12
f 788/931/2062 713/839/2063 734/872/2064 789/929/2065
s 13
f 790/930/2066 712/838/2067 753/892/2068 791/932/2069
s 14
f 795/937/2070 725/851/2071 764/935/2072 793/934/2073
s 6
f 794/936/2074 724/850/2037 770/939/2036 796/938/2075
s 8
f 797/940/2076 728/854/2045 778/942/2044 798/941/2077
s 9
f 799/943/2078 730/858/2049 781/945/2048 800/944/2079
s 15
f 801/946/2080 732/855/2081 772/948/2082 802/947/2083
s 4
f 792/933/2084 718/847/2027 761/900/2030 803/949/2085
s 12
f 734/872/2064 713/839/2063 735/873/2086 733/871/2087
s off
f 735/873/2088 715/870/2089 736/874/2090 733/871/2091
f 736/874/2092 714/866/2093 737/875/2094 733/871/2095
f 738/877/2096 715/840/2097 735/878/2098 740/876/2099
s 16
f 735/878/2100 713/868/2101 741/879/2102 740/876/2103
s 11
f 741/879/2060 711/842/2059 742/880/2104 740/876/2105
s 17
f 744/882/2106 717/844/2107 745/883/2108 743/881/2109
s 18
f 745/883/2110 716/845/2111 746/884/2112 743/881/2113
s off
f 748/886/2114 719/846/2115 749/887/2116 747/885/2117
f 749/887/2118 710/865/2119 742/880/2120 747/885/2121
s 19
f 742/880/2122 711/842/2123 750/888/2124 747/885/2125
s off
f 739/890/2126 721/841/2127 752/891/2128 751/889/2129
s 20
f 752/891/2130 718/847/2131 753/892/2132 751/889/2133
s 13
f 753/892/2068 712/838/2067 737/875/2134 751/889/2135
s off
f 755/894/2136 719/846/2137 748/886/2138 754/893/2139
s 18
f 748/886/2140 716/845/2111 745/883/2110 754/893/2141
s 17
f 745/883/2108 717/844/2107 756/895/2142 754/893/2143
s off
f 752/891/2144 721/841/2145 757/897/2146 758/896/2147
f 757/897/2148 709/848/2149 756/895/2150 758/896/2151
s 21
f 756/895/2152 717/844/2153 759/898/2154 758/896/2155
f 759/898/2154 717/844/2153 744/882/2156 760/899/2157
s 22
f 744/882/2158 722/843/2159 761/900/2160 760/899/2161
s off
f 763/902/2162 724/864/2163 764/903/2164 762/901/2165
f 764/903/2166 725/863/2167 765/904/2168 762/901/2169
s 10
f 765/904/2170 726/852/2053 766/905/2052 762/901/2171
s 23
f 763/902/2172 723/849/2173 768/907/2174 767/906/2175
s 24
f 768/907/2176 727/853/2177 769/908/2178 767/906/2179
s 25
f 769/908/2180 728/862/2181 770/909/2182 767/906/2183
s 14
f 765/904/2184 725/863/2071 772/911/2185 771/910/2186
s 15
f 772/911/2082 732/860/2081 773/912/2187 771/910/2188
s 26
f 773/912/2189 731/856/2190 774/913/2191 771/910/2192
s 27
f 769/908/2193 727/853/2194 776/915/2195 775/914/2196
s 28
f 776/915/2197 729/857/2198 777/916/2199 775/914/2200
s 29
f 777/916/2201 730/867/2202 778/917/2203 775/914/2204
s 30
f 777/919/2205 729/869/2206 780/920/2207 779/918/2208
s 31
f 780/920/2209 731/856/2210 773/912/2211 779/918/2212
s 32
f 773/912/2213 732/860/2214 781/921/2215 779/918/2216
s 2
f 783/923/2217 722/843/2011 746/884/2010 782/922/2218
s 18
f 746/884/2112 716/845/2111 784/924/2219 782/922/2220
s 5
f 784/924/2221 723/849/2033 766/905/2032 782/922/2222
s 19
f 750/888/2124 711/842/2123 786/926/2223 785/925/2224
s 24
f 786/926/2225 727/853/2177 768/907/2176 785/925/2226
s 23
f 768/907/2174 723/849/2173 784/924/2227 785/925/2228
s 16
f 741/879/2102 713/868/2101 788/928/2229 787/927/2230
s 28
f 788/928/2231 729/857/2198 776/915/2197 787/927/2232
s 27
f 776/915/2195 727/853/2194 786/926/2233 787/927/2234
s 1
f 734/872/2004 712/838/2003 790/930/2235 789/929/2236
s 31
f 790/930/2237 731/856/2210 780/920/2209 789/929/2238
s 30
f 780/920/2207 729/869/2206 788/931/2239 789/929/2240
s 20
f 753/892/2132 718/847/2131 792/933/2241 791/932/2242
s 7
f 792/933/2243 726/852/2041 774/913/2040 791/932/2244
s 26
f 774/913/2191 731/856/2190 790/930/2245 791/932/2246
s off
f 764/935/2247 724/850/2248 794/936/2249 793/934/2250
s 33
f 794/936/2251 720/859/2252 795/937/2253 793/934/2254
s 25
f 770/939/2182 728/854/2181 797/940/2255 796/938/2256
s off
f 797/940/2257 720/859/2258 794/936/2259 796/938/2260
s 29
f 778/942/2203 730/858/2202 799/943/2261 798/941/2262
s off
f 799/943/2263 720/859/2264 797/940/2265 798/941/2266
s 32
f 781/945/2215 732/855/2214 801/946/2267 800/944/2268
s off
f 801/946/2269 720/859/2270 799/943/2271 800/944/2272
s 14
f 772/948/2185 725/851/2071 795/937/2070 802/947/2273
s 33
f 795/937/2253 720/859/2252 801/946/2274 802/947/2275
s 22
f 761/900/2160 722/843/2159 783/923/2276 803/949/2277
s off
f 783/923/2278 726/852/2279 792/933/2280 803/949/2281
g default
v 30.785776 0.007905 -21.156727
v 20.467748 -0.049899 -32.253673
v 20.294736 6.678195 -32.332535
v 18.533501 5.555334 -10.820512
v 12.974249 5.657319 -22.413003
v 19.061211 0.007905 -10.158463
v 14.570113 0.393102 -21.643376
v 26.015546 8.596296 -28.424482
v 30.787260 4.981626 -20.332328
v 23.653748 8.913048 -12.314597
v 27.632179 -0.023185 -31.772032
v 20.427765 14.412702 -21.675810
v 26.389953 0.007905 -13.175366
v 26.638684 9.830195 -20.607665
v 23.797762 12.494758 -24.469068
v 21.213719 14.290641 -22.025225
v 21.241269 14.106623 -20.524185
v 23.164168 12.779162 -17.190579
v 19.920741 9.573330 -28.702091
v 20.405246 13.336615 -23.070802
v 15.527707 9.449898 -20.565802
v 19.913206 13.601222 -21.205564
v 19.326803 10.409939 -12.357223
v 20.629941 14.092834 -19.883251
v 16.288329 2.955635 -16.234111
v 15.753875 5.606326 -16.616759
v 13.772180 3.025210 -22.028191
v 16.815662 0.200504 -15.900919
v 18.797356 2.781619 -10.489486
v 17.518930 0.171602 -26.948526
v 22.725582 0.007905 -11.666913
v 17.222636 3.237215 -27.405420
v 16.634492 6.167757 -27.372767
v 20.381242 3.314148 -32.293104
v 27.969503 7.633309 -23.079046
v 28.712972 7.405911 -20.469998
v 28.401403 6.788961 -24.378407
v 26.327115 9.213246 -24.516076
v 23.869948 3.786556 -31.116768
v 26.823863 4.286555 -30.098257
v 24.049963 -0.036542 -32.012853
v 23.155141 7.637246 -30.378512
v 22.360748 3.621782 -11.773861
v 25.021850 4.460476 -12.744983
v 21.093624 7.234192 -11.567554
v 28.510798 3.579699 -26.075823
v 29.208977 -0.007640 -26.464380
v 30.786518 2.494765 -20.744529
v 28.587864 0.007905 -17.166048
v 27.408961 3.942826 -16.106543
v 27.220504 6.947337 -16.323463
v 27.116465 7.746290 -17.625611
v 25.146215 9.371622 -16.461132
v 22.695260 13.182204 -21.051742
v 22.505741 13.392699 -23.247147
v 21.227494 14.198632 -21.274705
v 22.202719 13.442893 -18.857382
v 23.480965 12.636960 -20.829822
v 21.314956 11.946124 -25.249966
v 21.859252 11.034043 -26.585581
v 20.162993 11.454973 -25.886450
v 20.809482 13.813628 -22.548013
v 20.901488 12.346534 -16.384754
v 20.935605 14.099730 -20.203718
v 19.978372 12.251387 -16.120237
v 21.245485 11.594551 -14.773902
v 18.577699 10.958740 -23.633415
v 17.724224 9.511613 -24.633949
v 17.720457 11.525560 -20.885683
v 20.159226 13.468919 -22.138183
v 18.500392 11.390276 -17.964202
v 17.427255 9.929918 -16.461513
v 20.271574 13.847028 -20.544407
v 24.940539 10.875718 -22.791622
v 24.901426 11.304680 -18.899122
v 24.906654 10.545527 -26.446776
v 22.691423 9.362869 -28.398777
v 20.107739 8.125762 -30.517316
v 16.997261 7.643042 -25.965155
v 14.250978 7.553608 -21.489404
v 16.564138 7.555646 -16.427805
v 18.930152 7.982637 -11.588869
v 21.137588 9.327211 -13.095518
v 23.408958 10.846105 -14.752588
v 20.964740 14.263845 -21.363208
v 20.820743 14.351671 -21.850517
v 20.834517 14.259663 -21.099997
v 20.653480 13.949802 -22.335230
v 20.416505 13.874657 -22.373304
v 20.262529 13.774622 -22.034950
v 20.170486 14.006962 -21.440687
v 20.328423 14.036861 -20.904770
v 20.528853 14.252768 -20.779532
v 20.735373 14.219756 -20.764046
v 24.500696 10.447832 -16.658023
vt 0.106185 0.192947
vt 0.019070 0.192947
vt 0.420449 0.012011
vt 0.167807 0.012011
vt 0.337331 0.192947
vt 0.219102 0.243023
vt 0.219102 0.124298
vt 0.252503 0.192947
vt 0.252503 0.012011
vt 0.167807 0.192947
vt 0.219102 0.012011
vt 0.252503 0.322184
vt 0.937112 0.011156
vt 0.924385 0.030541
vt 0.167807 0.322184
vt 0.337331 0.322184
vt 0.971978 0.011156
vt 0.924385 0.045989
vt 0.106185 0.322184
vt 0.420449 0.322184
vt 0.971979 0.045989
vt 0.943151 0.025258
vt 0.106185 0.530708
vt 0.019070 0.530708
vt 0.337331 0.530708
vt 0.167807 0.530708
vt 0.252503 0.530708
vt 0.337331 0.012011
vt 0.106185 0.012011
vt 0.420449 0.530708
vt 0.420449 0.192947
vt 0.019070 0.322184
vt 0.019070 0.012011
vt 0.062866 0.104218
vt 0.062627 0.192947
vt 0.019070 0.102479
vt 0.062627 0.012011
vt 0.106185 0.102479
vt 0.376942 0.104303
vt 0.378890 0.012011
vt 0.420449 0.102479
vt 0.378890 0.192947
vt 0.337331 0.102479
vt 0.230098 0.182581
vt 0.219102 0.183660
vt 0.235802 0.158622
vt 0.235802 0.217985
vt 0.291470 0.101342
vt 0.252503 0.102479
vt 0.294917 0.012011
vt 0.294917 0.192947
vt 0.141237 0.099960
vt 0.136996 0.012011
vt 0.167807 0.102479
vt 0.136996 0.192947
vt 0.238215 0.089282
vt 0.235802 0.012011
vt 0.219102 0.068154
vt 0.189613 0.094697
vt 0.193454 0.012011
vt 0.193454 0.158622
vt 0.201279 0.182269
vt 0.193454 0.217985
vt 0.211427 0.395310
vt 0.252503 0.426446
vt 0.210155 0.530708
vt 0.167807 0.426446
vt 0.210155 0.322184
vt 0.300435 0.400030
vt 0.294917 0.322184
vt 0.337331 0.426446
vt 0.294917 0.530708
vt 0.130471 0.395176
vt 0.136996 0.530708
vt 0.106185 0.426446
vt 0.136996 0.322184
vt 0.380283 0.398777
vt 0.378890 0.322184
vt 0.420449 0.426446
vt 0.378890 0.530708
vt 0.063038 0.400078
vt 0.019070 0.426446
vt 0.062627 0.322184
vt 0.062627 0.530708
vt 0.223866 0.268513
vt 0.193454 0.282603
vt 0.252503 0.257565
vt 0.292002 0.255637
vt 0.337331 0.257565
vt 0.380625 0.250473
vt 0.420449 0.257565
vt 0.063674 0.251181
vt 0.106185 0.257565
vt 0.019070 0.257565
vt 0.136592 0.255371
vt 0.167807 0.257565
vt 0.934465 0.022866
vt 0.930749 0.020848
vt 0.940131 0.018207
vt 0.933768 0.027899
vt 0.952819 0.015436
vt 0.954545 0.011156
vt 0.957565 0.018207
vt 0.962342 0.026506
vt 0.971978 0.028572
vt 0.957565 0.035623
vt 0.946157 0.039194
vt 0.948182 0.045989
vt 0.933768 0.035623
vt 0.931596 0.033395
vt 0.924385 0.038265
vt 0.185047 0.251024
vn -0.906834 -0.078987 0.414021
vn -0.905855 0.064033 0.418721
vn -0.904188 0.084506 0.418692
vn -0.906834 -0.078987 0.414021
vn -0.854857 -0.090336 -0.510939
vn -0.854857 -0.090336 -0.510939
vn -0.854857 -0.090336 -0.510939
vn -0.854857 -0.090336 -0.510939
vn 0.705016 0.694062 -0.145706
vn 0.686315 0.713646 -0.140293
vn 0.754084 0.636956 -0.160141
vn 0.754084 0.636956 -0.160141
vn 0.319426 0.457243 -0.829998
vn 0.283255 0.545273 -0.788951
vn 0.364255 0.325857 -0.872431
vn 0.364255 0.325857 -0.872431
vn 0.348732 0.098231 0.932060
vn 0.348732 0.098231 0.932060
vn 0.348732 0.098231 0.932060
vn 0.348732 0.098231 0.932060
vn 0.934357 0.149900 -0.323277
vn 0.934357 0.149900 -0.323277
vn 0.934357 0.149900 -0.323277
vn 0.934357 0.149900 -0.323277
vn 0.791553 0.329244 0.514822
vn 0.798444 0.317012 0.511850
vn 0.793141 0.148650 0.590618
vn 0.793141 0.148650 0.590618
vn 0.733176 0.594688 0.329848
vn 0.709353 0.625404 0.325097
vn 0.716698 0.697342 0.007677
vn 0.791016 0.611794 -0.001442
vn 0.577511 0.816083 0.022150
vn 0.577511 0.816083 0.022150
vn -0.045348 0.806895 -0.588951
vn -0.050360 0.805969 -0.589812
vn -0.042136 0.807478 -0.588391
vn -0.042136 0.807478 -0.588391
vn 0.182723 0.740825 0.646368
vn 0.058341 0.856290 0.513190
vn -0.029893 0.913226 0.406354
vn -0.029893 0.913226 0.406354
vn -0.723388 0.605263 -0.332215
vn -0.709361 0.620224 -0.334858
vn -0.706990 0.622695 -0.335285
vn -0.706990 0.622695 -0.335285
vn -0.677250 0.710147 0.192413
vn -0.677883 0.709536 0.192440
vn -0.674421 0.712868 0.192291
vn -0.674421 0.712868 0.192291
vn 0.666375 0.745530 -0.011371
vn 0.662237 0.749225 -0.010161
vn 0.699104 0.714707 -0.021163
vn 0.699104 0.714707 -0.021163
vn 0.169172 0.754842 -0.633715
vn 0.169172 0.754842 -0.633715
vn -0.711656 0.539269 -0.450261
vn -0.823158 0.076242 -0.562671
vn -0.814803 0.188199 -0.548340
vn -0.711656 0.539269 -0.450261
vn -0.849124 0.345142 0.399831
vn -0.908286 0.013224 0.418140
vn -0.906802 0.050927 0.418468
vn -0.849124 0.345142 0.399831
vn 0.142503 0.437212 0.887997
vn 0.261486 0.145040 0.954248
vn 0.222842 0.249367 0.942421
vn 0.142503 0.437212 0.887997
vn 0.183098 0.974510 0.129635
vn 0.067618 0.927118 0.368618
vn 0.202387 0.972468 0.115524
vn 0.202387 0.972468 0.115524
vn -0.143736 0.784695 -0.602987
vn -0.143736 0.784695 -0.602987
vn -0.875554 0.389775 -0.285447
vn -0.875554 0.389775 -0.285447
vn -0.773676 0.602879 0.194839
vn -0.773676 0.602879 0.194839
vn 0.143892 0.976900 0.157995
vn 0.133315 0.894588 0.426544
vn 0.135534 0.911149 0.389151
vn 0.143892 0.976900 0.157995
vn 0.779776 0.526839 0.338215
vn 0.779776 0.526839 0.338215
vn -0.897432 -0.167025 0.408311
vn -0.897432 -0.167025 0.408311
vn -0.911548 -0.174626 0.372272
vn -0.911548 -0.174626 0.372272
vn -0.911548 -0.174626 0.372272
vn -0.911548 -0.174626 0.372272
vn -0.921498 -0.086378 0.378657
vn -0.921498 -0.086378 0.378657
vn -0.921498 -0.086378 0.378657
vn -0.921498 -0.086378 0.378657
vn -0.834132 -0.233978 -0.499478
vn -0.834132 -0.233979 -0.499478
vn -0.834132 -0.233979 -0.499478
vn -0.834132 -0.233978 -0.499478
vn -0.793467 -0.233300 -0.562122
vn -0.822871 0.110269 -0.557426
vn -0.824803 0.054146 -0.562821
vn -0.793467 -0.233300 -0.562122
vn -0.816472 -0.088123 -0.570621
vn -0.816472 -0.088123 -0.570621
vn 0.754906 0.635877 -0.160554
vn 0.894984 0.263682 -0.359827
vn 0.889432 0.300689 -0.344235
vn 0.754906 0.635877 -0.160554
vn 0.861471 0.410254 -0.299266
vn 0.869485 0.389342 -0.303987
vn 0.756543 0.639258 -0.137811
vn 0.754398 0.636335 -0.161124
vn 0.155678 0.314779 -0.936311
vn 0.155678 0.314779 -0.936311
vn 0.155678 0.314779 -0.936311
vn 0.155678 0.314779 -0.936311
vn 0.186881 0.123100 -0.974639
vn 0.186881 0.123100 -0.974639
vn 0.186881 0.123100 -0.974639
vn 0.186881 0.123100 -0.974639
vn 0.413952 0.133199 -0.900501
vn 0.369061 0.305918 -0.877615
vn 0.314698 0.462496 -0.828892
vn 0.413952 0.133199 -0.900501
vn 0.360068 0.039982 0.932069
vn 0.360068 0.039982 0.932069
vn 0.360068 0.039982 0.932069
vn 0.360068 0.039982 0.932069
vn 0.302243 0.023527 0.952940
vn 0.125172 0.364771 0.922645
vn 0.223586 0.186653 0.956645
vn 0.302243 0.023527 0.952940
vn 0.281584 0.086169 0.955660
vn 0.281584 0.086169 0.955660
vn 0.918616 0.254239 -0.302501
vn 0.918616 0.254239 -0.302501
vn 0.918616 0.254239 -0.302501
vn 0.918616 0.254239 -0.302501
vn 0.890466 0.272186 -0.364671
vn 0.890466 0.272186 -0.364671
vn 0.902545 0.164582 -0.397901
vn 0.902545 0.164582 -0.397901
vn 0.842123 0.164496 0.513585
vn 0.842123 0.164496 0.513585
vn 0.842123 0.164496 0.513585
vn 0.842123 0.164496 0.513585
vn 0.841874 0.030978 0.538784
vn 0.841874 0.030978 0.538784
vn 0.841874 0.030978 0.538784
vn 0.841874 0.030978 0.538784
vn 0.780537 0.004452 0.625094
vn 0.797925 0.136949 0.586993
vn 0.800668 0.244737 0.546840
vn 0.780537 0.004452 0.625094
vn 0.710020 0.624872 0.324664
vn 0.710020 0.624872 0.324664
vn 0.709201 0.626171 0.323951
vn 0.725099 0.605688 0.327678
vn 0.743976 0.579918 0.331956
vn 0.709201 0.626171 0.323951
vn 0.580008 0.813448 0.043503
vn 0.580008 0.813448 0.043503
vn 0.580008 0.813448 0.043503
vn 0.580008 0.813448 0.043503
vn 0.546616 0.836381 0.040959
vn 0.546616 0.836381 0.040959
vn 0.546616 0.836381 0.040959
vn 0.546616 0.836381 0.040959
vn 0.554583 0.831900 0.019487
vn 0.554583 0.831901 0.019487
vn 0.001079 0.816625 -0.577168
vn 0.074099 0.788124 -0.611040
vn 0.118275 0.767966 -0.629475
vn 0.001079 0.816625 -0.577168
vn 0.039680 0.806556 -0.589824
vn 0.107813 0.778417 -0.618421
vn -0.024961 0.828523 -0.559398
vn -0.024961 0.828523 -0.559398
vn -0.091997 0.821570 -0.562636
vn -0.092811 0.821044 -0.563269
vn -0.102483 0.814709 -0.570742
vn -0.091997 0.821570 -0.562636
vn 0.056170 0.917143 0.394581
vn 0.059111 0.920098 0.387203
vn 0.056170 0.917143 0.394581
vn 0.132815 0.890882 0.434383
vn 0.132815 0.890882 0.434383
vn 0.004752 0.900491 0.434849
vn 0.478961 0.433094 0.763562
vn 0.181526 0.788816 0.587212
vn 0.004752 0.900491 0.434850
vn -0.687312 0.633544 -0.355282
vn -0.730169 0.547480 -0.408801
vn -0.713232 0.584467 -0.386908
vn -0.687312 0.633544 -0.355282
vn -0.687791 0.620207 -0.377209
vn -0.687525 0.620829 -0.376670
vn -0.673990 0.650472 -0.350177
vn -0.673990 0.650472 -0.350177
vn -0.686054 0.648947 -0.328934
vn -0.693638 0.641277 -0.328070
vn -0.693420 0.641500 -0.328096
vn -0.686054 0.648947 -0.328934
vn -0.659223 0.720234 0.216074
vn -0.810650 0.483188 0.330720
vn -0.789474 0.528105 0.312787
vn -0.659223 0.720234 0.216074
vn -0.806215 0.496491 0.321736
vn -0.838275 0.418176 0.349890
vn -0.672274 0.706063 0.222536
vn -0.672274 0.706063 0.222536
vn -0.693739 0.690959 0.203228
vn -0.694782 0.689935 0.203146
vn -0.698831 0.685929 0.202821
vn -0.693739 0.690959 0.203228
vn 0.631502 0.765287 -0.124662
vn 0.631502 0.765287 -0.124662
vn 0.758230 0.641766 -0.114996
vn 0.758230 0.641766 -0.114996
vn 0.819562 0.572966 -0.005319
vn 0.819562 0.572966 -0.005319
vn 0.151759 0.770919 -0.618590
vn 0.151759 0.770919 -0.618590
vn 0.126965 0.769573 -0.625809
vn 0.126965 0.769573 -0.625809
vn 0.149810 0.752208 -0.641669
vn 0.149810 0.752208 -0.641669
vn -0.670628 0.613957 -0.416310
vn -0.670628 0.613957 -0.416310
vn -0.694526 0.603874 -0.391113
vn -0.694526 0.603874 -0.391113
vn -0.740673 0.521975 -0.423020
vn -0.740673 0.521975 -0.423020
vn -0.864816 0.292509 0.408084
vn -0.864816 0.292509 0.408084
vn -0.873958 0.293947 0.387031
vn -0.873958 0.293947 0.387031
vn -0.857550 0.351414 0.375654
vn -0.857550 0.351414 0.375654
vn -0.106259 0.695100 0.711017
vn -0.106259 0.695100 0.711017
vn 0.230147 0.684954 0.691282
vn 0.230147 0.684954 0.691282
vn 0.524921 0.348335 0.776608
vn 0.524921 0.348335 0.776608
vn 0.202405 0.972469 0.115485
vn 0.202405 0.972469 0.115485
vn 0.202405 0.972469 0.115485
vn 0.202405 0.972469 0.115485
vn 0.202343 0.972479 0.115505
vn 0.187427 0.974096 0.126520
vn 0.163732 0.975963 0.143831
vn 0.202343 0.972479 0.115505
vn -0.146702 0.783591 -0.603708
vn -0.146702 0.783591 -0.603708
vn -0.148086 0.784897 -0.601670
vn -0.148086 0.784897 -0.601670
vn -0.148086 0.784897 -0.601670
vn -0.148086 0.784897 -0.601670
vn -0.874877 0.390231 -0.286898
vn -0.874877 0.390231 -0.286898
vn -0.876136 0.387945 -0.286156
vn -0.876135 0.387945 -0.286156
vn -0.876135 0.387945 -0.286156
vn -0.876135 0.387945 -0.286156
vn -0.773202 0.603382 0.195162
vn -0.773202 0.603382 0.195162
vn -0.773130 0.603645 0.194634
vn -0.773130 0.603645 0.194634
vn -0.773130 0.603645 0.194634
vn -0.773130 0.603645 0.194634
vn 0.143490 0.976935 0.158142
vn 0.143826 0.976876 0.158199
vn 0.143826 0.976876 0.158199
vn 0.779269 0.526797 0.339448
vn 0.779269 0.526797 0.339448
vn 0.780660 0.524994 0.339044
vn 0.780660 0.524994 0.339044
vn 0.780660 0.524994 0.339044
vn 0.780660 0.524994 0.339044
s 1
g group2 Ore_Clicker19
usemtl initialShadingGroup
f 832/987/2282 807/950/2283 829/984/2284 828/983/2285
s off
f 837/992/2286 805/977/2287 833/989/2288 835/988/2289
s 2
f 841/996/2290 817/955/2291 839/994/2292 838/993/2293
s 3
f 845/1000/2294 811/957/2295 843/998/2296 842/997/2297
s off
f 832/987/2298 809/978/2299 834/1002/2300 846/1001/2301
f 851/1007/2302 804/960/2303 850/1006/2304 849/1005/2305
s 4
f 854/1010/2306 813/959/2307 847/1003/2308 853/1008/2309
f 856/1012/2310 813/959/2307 854/1010/2306 855/1011/2311
s 5
f 861/1017/2312 818/961/2313 858/1014/2314 857/1013/2315
s 6
f 865/1021/2316 819/976/2317 858/1014/2318 862/1018/2319
s 7
f 869/1025/2320 821/964/2321 860/1016/2322 866/1022/2323
s 8
f 873/1029/2324 823/974/2325 864/1020/2326 870/1026/2327
s 9
f 876/1033/2328 825/973/2329 872/1031/2330 874/1030/2331
s 10
f 861/1017/2332 821/964/2333 878/1035/2334 877/1034/2335
s 3
f 879/1036/2336 811/957/2295 845/1000/2294 880/1037/2337
s 11
f 881/1038/2338 806/954/2339 836/991/2340 882/1039/2341
s 12
f 883/1043/2342 808/951/2343 829/984/2344 884/1041/2345
s 13
f 885/1042/2346 807/950/2347 848/1004/2348 886/1044/2349
s 14
f 890/1049/2350 820/963/2351 859/1047/2352 888/1046/2353
s 6
f 889/1048/2354 819/962/2317 865/1051/2316 891/1050/2355
s 8
f 892/1052/2356 823/966/2325 873/1054/2324 893/1053/2357
s 9
f 894/1055/2358 825/970/2329 876/1057/2328 895/1056/2359
s 15
f 896/1058/2360 827/967/2361 867/1060/2362 897/1059/2363
s 4
f 887/1045/2364 813/959/2307 856/1012/2310 898/1061/2365
s 12
f 829/984/2344 808/951/2343 830/985/2366 828/983/2367
s off
f 830/985/2368 810/982/2369 831/986/2370 828/983/2371
f 831/986/2372 809/978/2373 832/987/2374 828/983/2375
f 833/989/2376 810/952/2377 830/990/2378 835/988/2379
s 16
f 830/990/2380 808/980/2381 836/991/2382 835/988/2383
s 11
f 836/991/2340 806/954/2339 837/992/2384 835/988/2385
s 17
f 839/994/2386 812/956/2387 840/995/2388 838/993/2389
s 18
f 840/995/2390 811/957/2391 841/996/2392 838/993/2393
s off
f 843/998/2394 814/958/2395 844/999/2396 842/997/2397
f 844/999/2398 805/977/2399 837/992/2400 842/997/2401
s 19
f 837/992/2402 806/954/2403 845/1000/2404 842/997/2405
s off
f 834/1002/2406 816/953/2407 847/1003/2408 846/1001/2409
s 20
f 847/1003/2410 813/959/2411 848/1004/2412 846/1001/2413
s 13
f 848/1004/2348 807/950/2347 832/987/2414 846/1001/2415
s off
f 850/1006/2416 814/958/2417 843/998/2418 849/1005/2419
s 18
f 843/998/2420 811/957/2391 840/995/2390 849/1005/2421
s 17
f 840/995/2388 812/956/2387 851/1007/2422 849/1005/2423
s off
f 847/1003/2424 816/953/2425 852/1009/2426 853/1008/2427
f 852/1009/2428 804/960/2429 851/1007/2430 853/1008/2431
s 21
f 851/1007/2432 812/956/2433 854/1010/2434 853/1008/2435
f 854/1010/2434 812/956/2433 839/994/2436 855/1011/2437
s 22
f 839/994/2438 817/955/2439 856/1012/2440 855/1011/2441
s off
f 858/1014/2442 819/976/2443 859/1015/2444 857/1013/2445
f 859/1015/2446 820/975/2447 860/1016/2448 857/1013/2449
s 10
f 860/1016/2450 821/964/2333 861/1017/2332 857/1013/2451
s 23
f 858/1014/2452 818/961/2453 863/1019/2454 862/1018/2455
s 24
f 863/1019/2456 822/965/2457 864/1020/2458 862/1018/2459
s 25
f 864/1020/2460 823/974/2461 865/1021/2462 862/1018/2463
s 14
f 860/1016/2464 820/975/2351 867/1023/2465 866/1022/2466
s 15
f 867/1023/2362 827/972/2361 868/1024/2467 866/1022/2468
s 26
f 868/1024/2469 826/968/2470 869/1025/2471 866/1022/2472
s 27
f 864/1020/2473 822/965/2474 871/1027/2475 870/1026/2476
s 28
f 871/1027/2477 824/969/2478 872/1028/2479 870/1026/2480
s 29
f 872/1028/2481 825/979/2482 873/1029/2483 870/1026/2484
s 30
f 872/1031/2485 824/981/2486 875/1032/2487 874/1030/2488
s 31
f 875/1032/2489 826/968/2490 868/1024/2491 874/1030/2492
s 32
f 868/1024/2493 827/972/2494 876/1033/2495 874/1030/2496
s 2
f 878/1035/2497 817/955/2291 841/996/2290 877/1034/2498
s 18
f 841/996/2392 811/957/2391 879/1036/2499 877/1034/2500
s 5
f 879/1036/2501 818/961/2313 861/1017/2312 877/1034/2502
s 19
f 845/1000/2404 806/954/2403 881/1038/2503 880/1037/2504
s 24
f 881/1038/2505 822/965/2457 863/1019/2456 880/1037/2506
s 23
f 863/1019/2454 818/961/2453 879/1036/2507 880/1037/2508
s 16
f 836/991/2382 808/980/2381 883/1040/2509 882/1039/2510
s 28
f 883/1040/2511 824/969/2478 871/1027/2477 882/1039/2512
s 27
f 871/1027/2475 822/965/2474 881/1038/2513 882/1039/2514
s 1
f 829/984/2284 807/950/2283 885/1042/2515 884/1041/2516
s 31
f 885/1042/2517 826/968/2490 875/1032/2489 884/1041/2518
s 30
f 875/1032/2487 824/981/2486 883/1043/2519 884/1041/2520
s 20
f 848/1004/2412 813/959/2411 887/1045/2521 886/1044/2522
s 7
f 887/1045/2523 821/964/2321 869/1025/2320 886/1044/2524
s 26
f 869/1025/2471 826/968/2470 885/1042/2525 886/1044/2526
s off
f 859/1047/2527 819/962/2528 889/1048/2529 888/1046/2530
s 33
f 889/1048/2531 815/971/2532 890/1049/2533 888/1046/2534
s 25
f 865/1051/2462 823/966/2461 892/1052/2535 891/1050/2536
s off
f 892/1052/2537 815/971/2538 889/1048/2539 891/1050/2540
s 29
f 873/1054/2483 825/970/2482 894/1055/2541 893/1053/2542
s off
f 894/1055/2543 815/971/2544 892/1052/2545 893/1053/2546
s 32
f 876/1057/2495 827/967/2494 896/1058/2547 895/1056/2548
s off
f 896/1058/2549 815/971/2550 894/1055/2551 895/1056/2552
s 14
f 867/1060/2465 820/963/2351 890/1049/2350 897/1059/2553
s 33
f 890/1049/2533 815/971/2532 896/1058/2554 897/1059/2555
s 22
f 856/1012/2440 817/955/2439 878/1035/2556 898/1061/2557
s off
f 878/1035/2558 821/964/2559 887/1045/2560 898/1061/2561
g default
v 20.247651 -0.152444 -0.085490
v 26.959764 -0.200448 -5.127595
v 27.406768 4.452826 -5.104728
v 26.265054 4.252939 -12.266039
v 26.577887 0.192267 -11.795615
v 23.719032 6.623835 -1.743560
v 19.241248 4.538166 -1.416772
v 18.654231 6.886710 -7.367453
v 26.415387 -0.181390 -0.251433
v 23.105515 12.952268 -7.961480
v 17.062873 -0.152444 -7.134368
v 20.656570 7.638271 -3.412523
v 23.009841 10.102107 -4.187733
v 22.899966 12.200711 -6.915778
v 22.123947 11.924412 -7.794910
v 20.534865 10.662781 -6.623738
v 25.604093 7.771156 -5.639640
v 23.922396 10.132505 -7.606347
v 24.312252 7.663119 -10.000432
v 23.238597 10.514154 -8.962393
v 20.263814 8.457462 -10.580775
v 21.825863 11.437869 -8.863128
v 26.798083 2.245491 -12.225999
v 26.277546 -0.014881 -8.299360
v 17.933970 -0.152444 -9.465928
v 27.082694 2.177652 -8.409499
v 26.772511 4.215925 -8.689066
v 27.693716 2.173102 -4.853579
v 21.076912 6.211269 -2.997948
v 19.881805 6.080104 -3.215185
v 21.575671 5.631507 -2.313197
v 22.187801 7.130370 -2.578042
v 26.725612 2.495720 -2.991200
v 24.671710 2.776654 -1.608586
v 26.583041 -0.191069 -2.869028
v 25.927371 5.125819 -3.649857
v 17.865025 2.129554 -8.964570
v 17.335311 1.955083 -7.260070
v 18.625308 5.012483 -10.273283
v 23.539067 2.354947 0.130022
v 24.848198 -0.168983 0.116065
v 19.263988 1.888458 -0.848858
v 17.696407 -0.152444 -4.938523
v 16.873784 2.457440 -6.092309
v 18.846073 5.787611 -5.196760
v 19.374237 6.315717 -4.894073
v 19.655400 7.260891 -5.389988
v 22.115541 11.543590 -6.968106
v 22.861565 11.570624 -6.175043
v 22.399776 12.037741 -7.378283
v 21.482510 11.364683 -7.566037
v 21.884804 10.197164 -5.163874
v 23.811159 10.293575 -6.669098
v 24.308709 8.971763 -4.882217
v 24.656763 8.896756 -7.079796
v 23.514988 10.948246 -7.222326
v 21.273848 10.901512 -8.584793
v 21.929992 11.664144 -8.297714
v 21.050556 10.266724 -9.661452
v 20.370857 9.312819 -9.182106
v 24.137792 9.047632 -8.372804
v 24.989655 7.628316 -7.899441
v 23.594073 9.172843 -9.726453
v 23.639300 10.114105 -8.218836
v 22.372903 9.736016 -9.695822
v 22.213989 7.933575 -9.934758
v 22.571324 10.801187 -8.991342
v 22.136597 9.062929 -3.601046
v 20.516234 9.625062 -4.736977
v 23.313438 8.828314 -2.740026
v 25.105524 7.150521 -3.431347
v 26.635117 6.237225 -4.564527
v 26.001711 5.971558 -7.660790
v 25.149659 6.111525 -11.080982
v 22.524895 6.134190 -11.610778
v 19.323476 7.227946 -9.949331
v 19.431307 9.040781 -7.858295
v 22.634455 12.388429 -7.612846
v 22.976438 12.556635 -7.596812
v 22.756534 12.556844 -7.868243
v 23.431884 11.364857 -7.508432
v 23.363617 11.561749 -7.785993
v 23.291219 11.308799 -7.963536
v 23.107782 11.903550 -8.177042
v 22.859738 11.910388 -8.221754
v 22.744237 12.538884 -8.135088
v 22.675539 12.435623 -8.013560
v 19.568681 8.739213 -6.488803
v 17.868742 -0.271687 -11.848902
v 17.776803 2.079097 -12.087041
v 25.707415 3.901163 -13.598720
v 24.667953 5.751421 -12.703042
v 22.094363 5.700859 -12.521983
v 18.337232 4.438706 -11.648800
v 19.016557 6.656461 -11.277396
v 26.212127 1.911242 -13.467069
v 26.123854 -0.080481 -12.806108
v 19.817322 7.684376 -11.605383
v 21.930777 7.193365 -11.682898
v 19.860938 8.474896 -10.452401
v 19.260384 3.498096 -13.793095
v 19.408643 1.383267 -14.290157
v 22.703101 3.416768 -14.503901
v 23.570135 1.542781 -14.974368
v 19.528728 -0.547756 -15.182918
v 18.064937 -0.421905 -13.510019
v 24.242116 -0.361231 -14.568962
v 17.928129 1.748866 -13.494187
v 24.811439 3.523559 -14.429419
v 24.115177 5.246457 -13.481337
v 21.664626 5.266429 -13.431317
v 19.264119 5.608985 -13.405302
v 18.352524 4.029879 -13.005398
v 18.898412 6.144433 -12.616509
v 25.269999 1.563082 -14.331924
v 25.435819 -0.228895 -13.601994
v 19.467558 6.894336 -12.664305
v 21.647690 6.459717 -12.623999
v 19.402461 7.578226 -11.636808
v 17.899498 0.988555 -9.616895
v 17.822772 0.903705 -11.967971
v 17.996533 0.663481 -13.502104
v 19.468686 0.417756 -14.736536
v 23.906126 0.590775 -14.771667
v 25.352909 0.667093 -13.966959
v 26.167991 0.915380 -13.136589
v 26.687985 1.218879 -12.010807
v 26.680120 1.081385 -8.354430
v 27.326740 0.986327 -4.990587
v 26.654326 1.152326 -2.930113
v 25.543549 1.297632 -0.930009
v 24.193632 1.092982 0.123042
v 19.755819 0.868007 -0.467174
v 17.285095 1.152498 -5.515416
v 17.199092 0.901319 -6.884897
vt 0.106185 0.192947
vt 0.019070 0.192947
vt 0.420449 0.012011
vt 0.167807 0.012011
vt 0.337331 0.192947
vt 0.219102 0.243023
vt 0.219102 0.124298
vt 0.252503 0.192947
vt 0.252503 0.012011
vt 0.167807 0.192947
vt 0.219102 0.012011
vt 0.252503 0.322184
vt 0.937112 0.011156
vt 0.924385 0.030541
vt 0.167807 0.322184
vt 0.337331 0.322184
vt 0.971978 0.011156
vt 0.924385 0.045989
vt 0.106185 0.322184
vt 0.420449 0.322184
vt 0.971979 0.045989
vt 0.943151 0.025258
vt 0.106185 0.530708
vt 0.019070 0.530708
vt 0.337331 0.530708
vt 0.167807 0.530708
vt 0.252503 0.530708
vt 0.337331 0.012011
vt 0.106185 0.012011
vt 0.420449 0.530708
vt 0.420449 0.192947
vt 0.019070 0.322184
vt 0.019070 0.012011
vt 0.062921 0.104181
vt 0.062627 0.192947
vt 0.019070 0.102479
vt 0.062627 0.012011
vt 0.106185 0.102479
vt 0.376693 0.103980
vt 0.378890 0.012011
vt 0.420449 0.102479
vt 0.378890 0.192947
vt 0.337331 0.102479
vt 0.230065 0.182301
vt 0.219102 0.183660
vt 0.235802 0.158622
vt 0.235802 0.217985
vt 0.291440 0.102554
vt 0.252503 0.102479
vt 0.294917 0.012011
vt 0.294917 0.192947
vt 0.141411 0.101629
vt 0.136996 0.012011
vt 0.167807 0.102479
vt 0.136996 0.192947
vt 0.238226 0.089536
vt 0.235802 0.012011
vt 0.219102 0.068154
vt 0.189385 0.094913
vt 0.193454 0.012011
vt 0.193454 0.158622
vt 0.201843 0.182238
vt 0.193454 0.217985
vt 0.210548 0.395955
vt 0.252503 0.426446
vt 0.210155 0.530708
vt 0.167807 0.426446
vt 0.210155 0.322184
vt 0.301350 0.399909
vt 0.294917 0.322184
vt 0.337331 0.426446
vt 0.294917 0.530708
vt 0.130484 0.396307
vt 0.136996 0.530708
vt 0.106185 0.426446
vt 0.136996 0.322184
vt 0.379926 0.401259
vt 0.378890 0.322184
vt 0.420449 0.426446
vt 0.378890 0.530708
vt 0.062977 0.399911
vt 0.019070 0.426446
vt 0.062627 0.322184
vt 0.062627 0.530708
vt 0.224323 0.267942
vt 0.193454 0.282603
vt 0.252503 0.257565
vt 0.292176 0.256251
vt 0.337331 0.257565
vt 0.380888 0.251037
vt 0.420449 0.257565
vt 0.063828 0.251308
vt 0.106185 0.257565
vt 0.019070 0.257565
vt 0.136449 0.254907
vt 0.167807 0.257565
vt 0.934320 0.023037
vt 0.930749 0.020848
vt 0.940131 0.018207
vt 0.933768 0.027899
vt 0.953180 0.015356
vt 0.954545 0.011156
vt 0.957565 0.018207
vt 0.962045 0.026393
vt 0.971978 0.028572
vt 0.957565 0.035623
vt 0.946240 0.039227
vt 0.948182 0.045989
vt 0.933768 0.035623
vt 0.931811 0.033232
vt 0.924385 0.038265
vt 0.184459 0.251757
vt 0.136996 0.012011
vt 0.141411 0.101629
vt 0.019070 0.257565
vt 0.019070 0.192947
vt 0.063828 0.251308
vt 0.136996 0.192947
vt 0.136449 0.254907
vt 0.019070 0.102479
vt 0.019070 0.012011
vt 0.106185 0.322184
vt 0.062627 0.322184
vt 0.136996 0.322184
vt 0.136996 0.012011
vt 0.141411 0.101629
vt 0.019070 0.257565
vt 0.019070 0.192947
vt 0.063828 0.251308
vt 0.136996 0.192947
vt 0.136449 0.254907
vt 0.019070 0.102479
vt 0.019070 0.012011
vt 0.106185 0.322184
vt 0.062627 0.322184
vt 0.136996 0.322184
vt 0.139203 0.056820
vt 0.139203 0.056820
vt 0.139203 0.056820
vt 0.106185 0.057245
vt 0.062774 0.058096
vt 0.019070 0.057245
vt 0.019070 0.057245
vt 0.019070 0.057245
vt 0.420449 0.057245
vt 0.377791 0.057995
vt 0.337331 0.057245
vt 0.293178 0.057283
vt 0.252503 0.057245
vt 0.237014 0.050774
vt 0.219102 0.040082
vt 0.191420 0.053462
vt 0.167807 0.057245
vn -0.179079 0.188630 -0.965582
vn -0.140618 0.251584 -0.957566
vn -0.156699 0.225584 -0.961539
vn -0.179079 0.188630 -0.965582
vn 0.932753 -0.307660 -0.187927
vn 0.932949 -0.307768 -0.186777
vn 0.930200 -0.306285 -0.202282
vn 0.930200 -0.306285 -0.202282
vn -0.347485 0.376787 0.858653
vn -0.347715 0.385943 0.854484
vn -0.333966 0.170927 0.926958
vn -0.333966 0.170927 0.926958
vn 0.660488 0.273485 0.699258
vn 0.669730 0.293234 0.682258
vn 0.655880 0.263947 0.707215
vn 0.655880 0.263947 0.707215
vn -0.615154 0.133589 -0.777007
vn -0.644474 0.126670 -0.754061
vn -0.691633 0.114641 -0.713092
vn -0.691633 0.114641 -0.713092
vn -0.123393 0.100108 0.987296
vn -0.148291 0.087240 0.985088
vn -0.089351 0.117494 0.989046
vn -0.089351 0.117494 0.989046
vn -0.913070 0.401662 0.070502
vn -0.920812 0.366602 0.133075
vn -0.928677 0.370786 -0.008743
vn -0.928677 0.370786 -0.008743
vn -0.859021 0.395637 0.324893
vn -0.802495 0.486200 0.345850
vn -0.448514 0.707113 0.546649
vn -0.418645 0.692705 0.587279
vn -0.466393 0.715060 0.520736
vn -0.466393 0.715060 0.520736
vn 0.860937 0.429570 0.272500
vn 0.870497 0.407075 0.276632
vn 0.854781 0.443305 0.269870
vn 0.854781 0.443305 0.269870
vn -0.717711 0.606356 -0.342378
vn -0.748293 0.600908 -0.281011
vn -0.774749 0.592841 -0.219778
vn -0.774750 0.592841 -0.219778
vn 0.847833 0.371472 -0.378401
vn 0.849437 0.379675 -0.366476
vn 0.853100 0.403266 -0.331054
vn 0.853100 0.403266 -0.331054
vn 0.230985 0.512402 -0.827097
vn 0.231548 0.514609 -0.825568
vn 0.232325 0.517661 -0.823439
vn 0.232325 0.517661 -0.823439
vn -0.220007 0.827154 0.517119
vn -0.295516 0.823220 0.484746
vn -0.179498 0.826974 0.532817
vn -0.179498 0.826974 0.532817
vn 0.681128 0.318918 0.659057
vn 0.681128 0.318918 0.659057
vn 0.863183 0.464145 -0.198708
vn 0.938696 0.288095 -0.189345
vn 0.949456 0.252347 -0.186694
vn 0.863183 0.464145 -0.198708
vn -0.004667 0.490592 -0.871377
vn 0.092364 0.322175 -0.942164
vn 0.056771 0.386377 -0.920592
vn -0.004667 0.490591 -0.871377
vn -0.682276 0.217070 -0.698126
vn -0.532449 0.221018 -0.817098
vn -0.590441 0.220500 -0.776376
vn -0.682276 0.217070 -0.698126
vn -0.708620 0.705249 0.021948
vn -0.706507 0.702612 -0.084760
vn -0.697779 0.683085 0.215636
vn -0.697779 0.683085 0.215636
vn 0.887326 0.363253 0.284076
vn 0.887326 0.363253 0.284076
vn 0.827304 0.299625 -0.475177
vn 0.827304 0.299625 -0.475177
vn 0.228811 0.503904 -0.832902
vn 0.228811 0.503904 -0.832902
vn -0.721247 0.687334 -0.085882
vn -0.731497 0.657162 -0.181796
vn -0.727292 0.673135 -0.133925
vn -0.721247 0.687334 -0.085882
vn -0.904048 0.303524 0.300948
vn -0.904048 0.303524 0.300948
vn 0.177716 0.155948 -0.971647
vn 0.177716 0.155948 -0.971647
vn 0.470668 -0.159852 -0.867709
vn 0.496445 -0.150103 -0.854992
vn 0.559594 -0.124829 -0.819312
vn 0.559594 -0.124829 -0.819312
vn 0.057148 0.137466 -0.988856
vn 0.057148 0.137466 -0.988856
vn -0.013789 0.123251 -0.992280
vn 0.000702 0.126208 -0.992004
vn 0.972482 -0.230935 0.030777
vn 0.972482 -0.230935 0.030777
vn 0.971619 -0.236225 -0.012416
vn 0.971904 -0.235328 -0.004826
vn 0.975459 0.195269 -0.101732
vn 0.930152 0.345469 -0.124373
vn 0.916124 0.379491 -0.129239
vn 0.975459 0.195269 -0.101732
vn 0.978093 0.113838 -0.174286
vn 0.978093 0.113838 -0.174286
vn -0.139651 0.756748 0.638616
vn -0.113754 0.452186 0.884640
vn -0.118390 0.498530 0.858750
vn -0.139651 0.756747 0.638616
vn -0.023985 0.388479 0.921146
vn -0.028842 0.393416 0.918908
vn -0.432627 0.346911 0.832158
vn -0.446434 0.329335 0.832007
vn 0.829530 0.349450 0.435619
vn 0.832470 0.348918 0.430407
vn 0.914817 0.323013 0.242430
vn 0.914817 0.323013 0.242430
vn 0.955513 -0.172683 0.239115
vn 0.955513 -0.172683 0.239115
vn 0.933949 -0.171187 0.313742
vn 0.932211 -0.171042 0.318946
vn 0.811249 0.274928 0.516033
vn 0.791435 0.251052 0.557318
vn 0.754531 0.210613 0.621550
vn 0.811249 0.274928 0.516033
vn -0.957437 0.221124 -0.185525
vn -0.944280 0.266135 -0.193668
vn -0.951747 0.241569 -0.189265
vn -0.957437 0.221124 -0.185525
vn -0.480096 0.220570 -0.849033
vn -0.480096 0.220570 -0.849033
vn 0.376612 0.412914 0.829256
vn 0.376612 0.412914 0.829256
vn 0.498606 0.457990 0.735960
vn 0.519634 0.464997 0.716769
vn 0.154644 0.391580 0.907056
vn 0.154644 0.391580 0.907056
vn -0.110479 0.420531 0.900527
vn -0.110479 0.420531 0.900527
vn -0.989270 -0.112084 0.093709
vn -0.990017 -0.114909 0.081625
vn -0.975452 -0.085601 0.202891
vn -0.975452 -0.085601 0.202891
vn -0.882190 -0.160075 0.442851
vn -0.882190 -0.160075 0.442851
vn -0.886651 -0.166521 0.431416
vn -0.891105 -0.173182 0.419452
vn -0.901454 0.275601 0.333803
vn -0.896105 0.293680 0.332787
vn -0.884012 0.330788 0.330306
vn -0.901454 0.275601 0.333803
vn -0.728827 0.620556 0.289346
vn -0.728827 0.620556 0.289346
vn -0.834776 0.442752 0.327291
vn -0.875769 0.311093 0.369120
vn -0.880927 0.288089 0.375464
vn -0.834776 0.442752 0.327291
vn -0.582380 0.657093 0.478604
vn -0.582380 0.657093 0.478604
vn -0.582380 0.657093 0.478604
vn -0.582380 0.657093 0.478604
vn -0.601493 0.727914 0.329160
vn -0.601493 0.727914 0.329160
vn -0.601493 0.727914 0.329160
vn -0.601493 0.727914 0.329160
vn -0.355309 0.815937 0.456072
vn -0.355309 0.815937 0.456072
vn 0.766630 0.572001 0.291708
vn 0.741324 0.585273 0.328474
vn 0.732461 0.589447 0.340666
vn 0.766630 0.572001 0.291708
vn 0.756830 0.621026 0.203800
vn 0.731975 0.627983 0.264291
vn 0.789979 0.604164 0.104496
vn 0.789979 0.604164 0.104496
vn 0.873025 0.487270 0.019876
vn 0.877820 0.478123 0.028831
vn 0.898265 0.433664 0.071097
vn 0.873025 0.487270 0.019876
vn -0.703021 0.696229 -0.145004
vn -0.702673 0.697223 -0.141886
vn -0.703021 0.696229 -0.145004
vn -0.732384 0.652099 -0.195910
vn -0.732384 0.652099 -0.195910
vn -0.842236 0.504111 -0.191077
vn -0.842236 0.504111 -0.191077
vn -0.842236 0.504111 -0.191077
vn -0.842236 0.504111 -0.191077
vn 0.870378 0.407252 -0.276745
vn 0.861355 0.447282 -0.240846
vn 0.864517 0.434634 -0.252396
vn 0.870378 0.407252 -0.276745
vn 0.830864 0.507301 -0.228717
vn 0.832799 0.502276 -0.232732
vn 0.853591 0.438391 -0.281416
vn 0.853591 0.438391 -0.281416
vn 0.863948 0.415113 -0.285088
vn 0.888295 0.363720 -0.280429
vn 0.880526 0.380928 -0.282078
vn 0.863948 0.415113 -0.285088
vn 0.010191 0.154706 -0.987908
vn 0.096131 0.570649 -0.815548
vn 0.077101 0.480618 -0.873534
vn 0.010191 0.154706 -0.987908
vn 0.251304 0.235294 -0.938873
vn 0.251304 0.235294 -0.938873
vn 0.251304 0.235294 -0.938873
vn 0.251304 0.235294 -0.938873
vn 0.205530 0.482628 -0.851368
vn 0.267053 0.444276 -0.855162
vn 0.242106 0.460217 -0.854158
vn 0.205530 0.482628 -0.851368
vn -0.348165 0.469098 0.811621
vn -0.348165 0.469098 0.811621
vn -0.422529 0.359486 0.832009
vn -0.422529 0.359486 0.832009
vn -0.395109 0.680446 0.617157
vn -0.395109 0.680446 0.617157
vn 0.688296 0.146421 0.710500
vn 0.688296 0.146421 0.710500
vn 0.697949 0.632747 0.335409
vn 0.697949 0.632747 0.335409
vn 0.710109 0.599017 0.370032
vn 0.710109 0.599017 0.370032
vn 0.836219 0.527731 -0.149125
vn 0.836219 0.527731 -0.149125
vn 0.821902 0.529137 -0.210930
vn 0.821902 0.529137 -0.210930
vn 0.859628 0.453730 -0.234880
vn 0.859628 0.453730 -0.234880
vn -0.095375 0.322354 -0.941802
vn -0.095375 0.322354 -0.941802
vn 0.091317 0.522629 -0.847656
vn 0.091317 0.522629 -0.847656
vn 0.091317 0.522629 -0.847656
vn 0.091317 0.522629 -0.847656
vn 0.114074 0.654163 -0.747702
vn 0.114074 0.654163 -0.747702
vn -0.930480 0.306484 -0.200682
vn -0.930480 0.306484 -0.200682
vn -0.701055 0.608012 -0.372617
vn -0.701055 0.608012 -0.372617
vn -0.703323 0.501695 -0.503626
vn -0.703323 0.501695 -0.503626
vn -0.703323 0.501695 -0.503626
vn -0.703323 0.501695 -0.503626
vn -0.523701 0.751209 0.401774
vn -0.523701 0.751209 0.401774
vn -0.523701 0.751209 0.401774
vn -0.523701 0.751209 0.401774
vn -0.538719 0.720284 0.437005
vn -0.629087 0.715064 0.304848
vn -0.640647 0.712829 0.285388
vn -0.538719 0.720284 0.437005
vn 0.923728 0.356546 0.140006
vn 0.923728 0.356546 0.140006
vn 0.894887 0.282576 0.345439
vn 0.894887 0.282576 0.345439
vn 0.894887 0.282576 0.345439
vn 0.894887 0.282576 0.345439
vn 0.920940 0.279880 -0.271177
vn 0.920940 0.279880 -0.271177
vn 0.870128 0.098924 -0.482795
vn 0.870128 0.098924 -0.482795
vn 0.870128 0.098924 -0.482795
vn 0.870128 0.098924 -0.482795
vn 0.353008 0.385050 -0.852714
vn 0.353008 0.385050 -0.852714
vn 0.217805 0.187874 -0.957739
vn 0.217805 0.187874 -0.957739
vn 0.217805 0.187874 -0.957739
vn 0.217805 0.187874 -0.957739
vn -0.699745 0.704599 -0.117885
vn -0.768229 0.640130 -0.007685
vn -0.768229 0.640130 -0.007685
vn -0.893443 0.216633 0.393484
vn -0.893443 0.216633 0.393484
vn -0.866174 0.450275 0.216783
vn -0.866174 0.450275 0.216783
vn -0.866174 0.450275 0.216783
vn -0.866174 0.450275 0.216783
vn -0.999028 -0.031045 0.031295
vn -0.998811 -0.037453 0.031197
vn -0.998827 -0.037035 0.031203
vn -0.999028 -0.031045 0.031295
vn 0.684661 0.616191 -0.389290
vn 0.684661 0.616191 -0.389290
vn 0.684661 0.616191 -0.389290
vn 0.684661 0.616191 -0.389290
vn 0.015273 0.952595 -0.303858
vn 0.015273 0.952595 -0.303858
vn 0.015273 0.952595 -0.303858
vn 0.015273 0.952595 -0.303858
vn -0.954979 0.282540 0.090482
vn -0.954979 0.282540 0.090482
vn -0.954979 0.282540 0.090482
vn -0.954979 0.282540 0.090482
vn 0.872266 0.207424 -0.442862
vn 0.872266 0.207424 -0.442862
vn 0.872266 0.207424 -0.442862
vn 0.872266 0.207424 -0.442862
vn 0.911188 -0.170659 -0.374981
vn 0.911119 -0.170695 -0.375134
vn 0.913171 -0.169629 -0.370601
vn 0.913171 -0.169629 -0.370601
vn -0.966838 0.251210 0.046022
vn -0.966838 0.251210 0.046022
vn -0.966838 0.251210 0.046022
vn -0.966838 0.251210 0.046022
vn 0.274825 0.811722 -0.515343
vn 0.274825 0.811722 -0.515343
vn 0.274825 0.811722 -0.515343
vn 0.274825 0.811722 -0.515343
vn 0.808872 0.426130 -0.405141
vn 0.808872 0.426130 -0.405141
vn 0.808872 0.426130 -0.405141
vn 0.808872 0.426130 -0.405141
vn -0.133212 0.836423 -0.531649
vn -0.133212 0.836423 -0.531649
vn -0.133212 0.836424 -0.531649
vn -0.133212 0.836423 -0.531649
vn -0.907648 0.415422 0.060000
vn -0.907648 0.415422 0.060000
vn -0.907648 0.415422 0.060000
vn -0.907648 0.415422 0.060000
vn -0.992584 -0.055532 -0.108138
vn -0.993074 -0.055336 -0.103643
vn -0.993005 -0.055364 -0.104291
vn -0.992584 -0.055532 -0.108138
vn 0.430095 0.570121 -0.699986
vn 0.430095 0.570121 -0.699986
vn 0.430095 0.570121 -0.699986
vn 0.430095 0.570121 -0.699986
vn -0.027162 0.880070 -0.474066
vn -0.027162 0.880070 -0.474066
vn -0.027162 0.880070 -0.474066
vn -0.027162 0.880070 -0.474066
vn -0.957766 0.281316 -0.059555
vn -0.957765 0.281316 -0.059555
vn -0.957765 0.281316 -0.059555
vn -0.957765 0.281316 -0.059555
vn 0.648752 0.114553 -0.752328
vn 0.648752 0.114553 -0.752328
vn 0.648752 0.114553 -0.752328
vn 0.648752 0.114553 -0.752329
vn 0.727047 -0.223715 -0.649118
vn 0.728112 -0.223306 -0.648065
vn 0.742653 -0.217596 -0.633340
vn 0.742653 -0.217596 -0.633340
vn -0.966097 0.228885 -0.119450
vn -0.966097 0.228885 -0.119450
vn -0.966097 0.228885 -0.119450
vn -0.966097 0.228885 -0.119450
vn 0.158513 0.760582 -0.629595
vn 0.158513 0.760582 -0.629595
vn 0.158513 0.760582 -0.629595
vn 0.158513 0.760581 -0.629595
vn 0.759961 0.376054 -0.530135
vn 0.759961 0.376054 -0.530135
vn 0.759961 0.376054 -0.530135
vn 0.759961 0.376054 -0.530135
vn -0.166869 0.816014 -0.553422
vn -0.166869 0.816014 -0.553422
vn -0.166869 0.816014 -0.553422
vn -0.166869 0.816014 -0.553422
vn -0.922964 0.384867 -0.003947
vn -0.922964 0.384867 -0.003947
vn -0.922964 0.384867 -0.003947
vn -0.922964 0.384867 -0.003947
vn -0.998639 -0.041846 0.031129
vn -0.998639 -0.041846 0.031129
vn -0.993547 -0.055137 -0.099119
vn -0.993547 -0.055137 -0.099119
vn -0.538962 0.149854 -0.828893
vn -0.538962 0.149854 -0.828893
vn -0.087019 0.107881 -0.990348
vn -0.087019 0.107881 -0.990348
vn 0.415580 -0.179687 -0.891631
vn 0.415580 -0.179687 -0.891631
vn 0.714990 -0.228264 -0.660821
vn 0.714990 -0.228264 -0.660821
vn 0.909466 -0.171542 -0.378741
vn 0.909466 -0.171542 -0.378741
vn 0.969929 -0.239648 -0.042505
vn 0.969929 -0.239648 -0.042505
vn 0.934974 -0.308895 -0.174375
vn 0.934974 -0.308895 -0.174375
vn 0.901810 -0.168151 0.398076
vn 0.901810 -0.168151 0.398076
vn 0.703464 0.360112 0.612746
vn 0.703464 0.360112 0.612746
vn 0.595075 0.487867 0.638648
vn 0.595075 0.487867 0.638648
vn -0.182151 0.069530 0.980809
vn -0.182151 0.069530 0.980809
vn -0.895192 -0.179521 0.407926
vn -0.895192 -0.179521 0.407926
vn -0.982922 -0.154800 -0.099503
vn -0.982922 -0.154800 -0.099503
s 1
g group2 Ore_Clicker20
usemtl initialShadingGroup
f 1000/1099/2562 999/1062/2563 1001/1096/2564 1002/1095/2565
s 2
f 1026/1207/2566 1027/1208/2567 900/1089/2568 922/1101/2569
s 3
f 930/1108/2570 910/1067/2571 928/1106/2572 927/1105/2573
s 4
f 934/1112/2574 904/1069/2575 932/1110/2576 931/1109/2577
s 5
f 1020/1200/2578 1021/1201/2579 1003/1090/2580 1004/1186/2581
s 6
f 1030/1211/2582 1031/1212/2583 899/1072/2584 939/1118/2585
s 7
f 943/1122/2586 906/1071/2587 936/1115/2588 942/1120/2589
f 945/1124/2590 906/1071/2587 943/1122/2586 944/1123/2591
s 8
f 950/1129/2592 911/1073/2593 947/1126/2594 946/1125/2595
s 9
f 954/1133/2596 912/1088/2597 947/1126/2598 951/1130/2599
s 10
f 958/1137/2600 914/1076/2601 949/1128/2602 955/1134/2603
s 11
f 962/1141/2604 916/1086/2605 953/1132/2606 959/1138/2607
s 12
f 965/1145/2608 918/1085/2609 961/1143/2610 963/1142/2611
s 13
f 950/1129/2612 914/1076/2613 967/1147/2614 966/1146/2615
s 4
f 968/1148/2616 904/1069/2575 934/1112/2574 969/1149/2617
s 14
f 970/1150/2618 901/1066/2619 925/1103/2620 971/1151/2621
s 15
f 1008/1188/2622 1007/1189/2623 1001/1096/2624 1009/1190/2625
s 16
f 1010/1154/2626 999/1062/2627 1011/1191/2628 1012/1192/2629
s 17
f 978/1161/2630 913/1075/2631 948/1159/2632 976/1158/2633
s 9
f 977/1160/2634 912/1074/2597 954/1163/2596 979/1162/2635
s 11
f 980/1164/2636 916/1078/2605 962/1166/2604 981/1165/2637
s 12
f 982/1167/2638 918/1082/2609 965/1169/2608 983/1168/2639
s 18
f 984/1170/2640 920/1079/2641 956/1172/2642 985/1171/2643
s 7
f 975/1157/2644 906/1071/2587 945/1124/2590 986/1173/2645
s 15
f 1001/1096/2624 1007/1189/2623 1013/1193/2646 1002/1095/2647
s 19
f 1022/1202/2648 1023/1203/2649 1014/1194/2650 1005/1098/2651
s 20
f 1005/1098/2652 1003/1090/2653 1021/1201/2654 1022/1202/2655
s 21
f 922/1101/2656 903/1064/2657 1025/1206/2658 1026/1207/2659
s 22
f 921/1102/2660 902/1092/2661 925/1103/2662 924/1100/2663
s 14
f 925/1103/2620 901/1066/2619 926/1104/2664 924/1100/2665
s 23
f 928/1106/2666 905/1068/2667 929/1107/2668 927/1105/2669
s 24
f 929/1107/2670 904/1069/2671 930/1108/2672 927/1105/2673
s 25
f 1028/1209/2674 1029/1210/2675 907/1070/2676 933/1111/2677
s 26
f 933/1111/2678 900/1089/2679 1027/1208/2680 1028/1209/2681
s 27
f 926/1104/2682 901/1066/2683 934/1112/2684 931/1109/2685
s 28
f 936/1115/2686 906/1071/2687 937/1116/2688 935/1113/2689
s 16
f 1011/1191/2628 999/1062/2627 1000/1099/2690 1006/1187/2691
s 29
f 939/1118/2692 907/1070/2693 1029/1210/2694 1030/1211/2695
s 24
f 932/1110/2696 904/1069/2671 929/1107/2670 938/1117/2697
s 23
f 929/1107/2668 905/1068/2667 940/1119/2698 938/1117/2699
s 30
f 1032/1213/2700 1033/1214/2701 909/1065/2702 941/1121/2703
s 31
f 941/1121/2704 899/1072/2705 1031/1212/2706 1032/1213/2707
s 32
f 940/1119/2708 905/1068/2709 943/1122/2710 942/1120/2711
f 943/1122/2710 905/1068/2709 928/1106/2712 944/1123/2713
s 33
f 928/1106/2714 910/1067/2715 945/1124/2716 944/1123/2717
s off
f 947/1126/2718 912/1088/2719 948/1127/2720 946/1125/2721
f 948/1127/2722 913/1087/2723 949/1128/2724 946/1125/2725
s 13
f 949/1128/2726 914/1076/2613 950/1129/2612 946/1125/2727
s 34
f 947/1126/2728 911/1073/2729 952/1131/2730 951/1130/2731
s 35
f 952/1131/2732 915/1077/2733 953/1132/2734 951/1130/2735
s 36
f 953/1132/2736 916/1086/2737 954/1133/2738 951/1130/2739
s 17
f 949/1128/2740 913/1087/2631 956/1135/2741 955/1134/2742
s 18
f 956/1135/2642 920/1084/2641 957/1136/2743 955/1134/2744
s off
f 957/1136/2745 919/1080/2746 958/1137/2747 955/1134/2748
s 37
f 953/1132/2749 915/1077/2750 960/1139/2751 959/1138/2752
s 38
f 960/1139/2753 917/1081/2754 961/1140/2755 959/1138/2756
s 39
f 961/1140/2757 918/1091/2758 962/1141/2759 959/1138/2760
s 40
f 961/1143/2761 917/1093/2762 964/1144/2763 963/1142/2764
s off
f 964/1144/2765 919/1080/2766 957/1136/2767 963/1142/2768
s 41
f 957/1136/2769 920/1084/2770 965/1145/2771 963/1142/2772
s 3
f 967/1147/2773 910/1067/2571 930/1108/2570 966/1146/2774
s 24
f 930/1108/2672 904/1069/2671 968/1148/2775 966/1146/2776
s 8
f 968/1148/2777 911/1073/2593 950/1129/2592 966/1146/2778
s 27
f 934/1112/2684 901/1066/2683 970/1150/2779 969/1149/2780
s 35
f 970/1150/2781 915/1077/2733 952/1131/2732 969/1149/2782
s 34
f 952/1131/2730 911/1073/2729 968/1148/2783 969/1149/2784
s 22
f 925/1103/2662 902/1092/2661 972/1152/2785 971/1151/2786
s 38
f 972/1152/2787 917/1081/2754 960/1139/2753 971/1151/2788
s 37
f 960/1139/2751 915/1077/2750 970/1150/2789 971/1151/2790
s 1
f 1001/1096/2564 999/1062/2563 1010/1154/2791 1009/1190/2792
s off
f 1010/1154/2793 1015/1195/2794 1016/1196/2795 1009/1190/2796
s 40
f 964/1144/2763 917/1093/2762 972/1155/2797 973/1153/2798
s 28
f 937/1116/2688 906/1071/2687 975/1157/2799 974/1156/2800
s 10
f 975/1157/2801 914/1076/2601 958/1137/2600 974/1156/2802
s off
f 1017/1197/2803 1015/1195/2804 1010/1154/2805 1012/1192/2806
f 948/1159/2807 912/1074/2808 977/1160/2809 976/1158/2810
s 42
f 977/1160/2811 908/1083/2812 978/1161/2813 976/1158/2814
s 36
f 954/1163/2738 916/1078/2737 980/1164/2815 979/1162/2816
s off
f 980/1164/2817 908/1083/2818 977/1160/2819 979/1162/2820
s 39
f 962/1166/2759 918/1082/2758 982/1167/2821 981/1165/2822
s off
f 982/1167/2823 908/1083/2824 980/1164/2825 981/1165/2826
s 41
f 965/1169/2771 920/1079/2770 984/1170/2827 983/1168/2828
s off
f 984/1170/2829 908/1083/2830 982/1167/2831 983/1168/2832
s 17
f 956/1172/2741 913/1075/2631 978/1161/2630 985/1171/2833
s 42
f 978/1161/2813 908/1083/2812 984/1170/2834 985/1171/2835
s 33
f 945/1124/2716 910/1067/2715 967/1147/2836 986/1173/2837
s off
f 967/1147/2838 914/1076/2839 975/1157/2840 986/1173/2841
s 43
f 923/1114/2842 1018/1198/2843 1019/1199/2844 987/1174/2845
s off
f 972/1155/2846 902/1063/2847 989/1177/2848 990/1176/2849
f 973/1153/2850 972/1155/2851 990/1176/2852 991/1178/2853
f 937/1116/2854 974/1156/2855 993/1180/2856 992/1179/2857
f 902/1063/2858 921/1097/2859 994/1181/2860 989/1177/2861
s 44
f 1024/1204/2862 1025/1205/2863 903/1094/2864 995/1182/2865
s off
f 935/1113/2866 937/1116/2867 992/1179/2868 988/1175/2869
f 919/1080/2870 964/1144/2871 997/1184/2872 996/1183/2873
f 964/1144/2874 973/1153/2875 991/1178/2876 997/1184/2877
f 958/1137/2878 919/1080/2879 996/1183/2880 998/1185/2881
f 974/1156/2882 958/1137/2883 998/1185/2884 993/1180/2885
s 45
f 987/1174/2886 1019/1199/2887 1020/1200/2888 1004/1186/2889
s off
f 990/1176/2890 989/1177/2891 1007/1189/2892 1008/1188/2893
f 991/1178/2894 990/1176/2895 1008/1188/2896 1009/1190/2897
f 992/1179/2898 993/1180/2899 1012/1192/2900 1011/1191/2901
f 989/1177/2902 994/1181/2903 1013/1193/2904 1007/1189/2905
s 46
f 1023/1203/2906 1024/1204/2907 995/1182/2908 1014/1194/2909
s off
f 988/1175/2910 992/1179/2911 1011/1191/2912 1006/1187/2913
f 996/1183/2914 997/1184/2915 1016/1196/2916 1015/1195/2917
f 997/1184/2918 991/1178/2919 1009/1190/2920 1016/1196/2921
f 998/1185/2922 996/1183/2923 1015/1195/2924 1017/1197/2925
f 993/1180/2926 998/1185/2927 1017/1197/2928 1012/1192/2929
s 43
f 1019/1199/2844 1018/1198/2843 935/1113/2930 988/1175/2931
s 45
f 1020/1200/2888 1019/1199/2887 988/1175/2932 1006/1187/2933
s 5
f 1000/1099/2934 1021/1201/2579 1020/1200/2578 1006/1187/2935
s 20
f 1022/1202/2655 1021/1201/2654 1000/1099/2936 1002/1095/2937
s 19
f 1013/1193/2938 1023/1203/2649 1022/1202/2648 1002/1095/2939
s 46
f 994/1181/2940 1024/1204/2907 1023/1203/2906 1013/1193/2941
s 44
f 921/1097/2942 1025/1205/2863 1024/1204/2862 994/1181/2943
s 21
f 1026/1207/2659 1025/1206/2658 921/1102/2944 924/1100/2945
s 2
f 926/1104/2946 1027/1208/2567 1026/1207/2566 924/1100/2947
s 26
f 1028/1209/2681 1027/1208/2680 926/1104/2948 931/1109/2949
s 25
f 932/1110/2950 1029/1210/2675 1028/1209/2674 931/1109/2951
s 29
f 1030/1211/2695 1029/1210/2694 932/1110/2952 938/1117/2953
s 6
f 940/1119/2954 1031/1212/2583 1030/1211/2582 938/1117/2955
s 31
f 1032/1213/2707 1031/1212/2706 940/1119/2956 942/1120/2957
s 30
f 936/1115/2958 1033/1214/2701 1032/1213/2700 942/1120/2959
g default
v 18.351758 0.376460 -8.574777
v 13.571034 0.357439 -11.216985
v 13.498723 2.571621 -11.220062
v 14.396855 2.202096 -2.669691
v 11.409933 2.235655 -6.252108
v 14.648283 0.376460 -2.498211
v 12.080023 0.503227 -6.207520
v 15.985000 3.202894 -10.618317
v 18.412705 2.013301 -8.257965
v 16.256540 3.307107 -4.050849
v 16.361552 0.366231 -12.160351
v 14.330338 5.117006 -7.142742
v 17.245769 0.376460 -4.812904
v 16.797113 3.608940 -7.710347
v 15.421779 4.485853 -8.747809
v 14.607005 5.076886 -7.400914
v 14.727530 5.016306 -6.828004
v 15.711164 4.579426 -5.848897
v 13.620774 3.524413 -9.764975
v 14.219515 4.762890 -7.675668
v 12.527205 3.483800 -5.943964
v 14.166893 4.849935 -6.880835
v 14.589394 3.799746 -3.385632
v 14.539370 5.011731 -6.485212
v 13.140841 1.344635 -4.393251
v 12.903394 2.218876 -4.460894
v 11.744977 1.369441 -6.229816
v 13.364153 0.439843 -4.352868
v 14.522569 1.289278 -2.583949
v 12.825529 0.430333 -8.712253
v 15.947027 0.376460 -3.655560
v 12.684736 1.438569 -8.859254
v 12.454327 2.403638 -8.736082
v 13.534878 1.464530 -11.218526
v 17.148667 2.876904 -8.843467
v 17.604909 2.811120 -7.984156
v 17.198851 2.608098 -9.438147
v 16.391056 3.405917 -9.164328
v 14.965400 1.630410 -11.313396
v 16.173275 1.784563 -11.389335
v 14.966293 0.361835 -11.688668
v 14.741861 2.887258 -10.919188
v 15.800050 1.594850 -3.642264
v 16.751154 1.841784 -4.431877
v 15.326698 2.754602 -3.360269
v 17.106395 1.570872 -10.115062
v 17.356655 0.371345 -10.367565
v 18.382232 1.194880 -8.416377
v 17.798764 0.376460 -6.693846
v 17.414529 1.680284 -6.081174
v 17.334622 2.660204 -6.154409
v 17.217886 2.912312 -6.683916
v 16.526826 3.458024 -5.880600
v 15.242295 4.715445 -7.265096
v 15.014392 4.781370 -8.074365
v 14.667268 5.046595 -7.114465
v 15.219347 4.797865 -6.338448
v 15.566471 4.532640 -7.298351
v 14.401830 4.304359 -8.654705
v 14.521277 4.005133 -9.256395
v 13.920147 4.143652 -8.720316
v 14.413260 4.919888 -7.538291
v 14.895521 4.434562 -5.174603
v 14.633450 5.014018 -6.656601
v 14.564383 4.405739 -4.935425
v 15.150279 4.189585 -4.617264
v 13.486508 3.995904 -7.597595
v 13.073991 3.504107 -7.854471
v 13.347048 4.166868 -6.412400
v 14.193203 4.806414 -7.278250
v 13.862841 4.135196 -5.436813
v 13.558299 3.641773 -4.664798
v 14.353131 4.930834 -6.683023
v 15.981667 3.949671 -8.302657
v 16.254138 4.094183 -6.779624
v 15.703389 3.844374 -9.683058
v 14.709642 3.465848 -10.071914
v 13.559749 3.048017 -10.492520
v 12.693773 2.891583 -8.237099
v 11.968569 2.859728 -6.098036
v 13.245119 2.868629 -4.500392
v 14.493125 3.000920 -3.027660
v 15.222664 3.431790 -3.939278
v 15.983852 3.943267 -4.949873
v 14.559677 5.068004 -7.106373
v 14.468672 5.096945 -7.271823
v 14.528934 5.066656 -6.985370
v 14.365958 4.961142 -7.435022
v 14.274927 4.939949 -7.409197
v 14.242389 4.912116 -7.253020
v 14.248616 4.983470 -7.011784
v 14.344666 4.992173 -6.836418
v 14.434854 5.064369 -6.813970
v 14.514839 5.053756 -6.841550
v 16.252097 3.827245 -5.840371
vt 0.106185 0.192947
vt 0.019070 0.192947
vt 0.420449 0.012011
vt 0.167807 0.012011
vt 0.337331 0.192947
vt 0.219102 0.243023
vt 0.219102 0.124298
vt 0.252503 0.192947
vt 0.252503 0.012011
vt 0.167807 0.192947
vt 0.219102 0.012011
vt 0.252503 0.322184
vt 0.937112 0.011156
vt 0.924385 0.030541
vt 0.167807 0.322184
vt 0.337331 0.322184
vt 0.971978 0.011156
vt 0.924385 0.045989
vt 0.106185 0.322184
vt 0.420449 0.322184
vt 0.971979 0.045989
vt 0.943151 0.025258
vt 0.106185 0.530708
vt 0.019070 0.530708
vt 0.337331 0.530708
vt 0.167807 0.530708
vt 0.252503 0.530708
vt 0.337331 0.012011
vt 0.106185 0.012011
vt 0.420449 0.530708
vt 0.420449 0.192947
vt 0.019070 0.322184
vt 0.019070 0.012011
vt 0.062976 0.104065
vt 0.062627 0.192947
vt 0.019070 0.102479
vt 0.062627 0.012011
vt 0.106185 0.102479
vt 0.376643 0.104222
vt 0.378890 0.012011
vt 0.420449 0.102479
vt 0.378890 0.192947
vt 0.337331 0.102479
vt 0.229741 0.182228
vt 0.219102 0.183660
vt 0.235802 0.158622
vt 0.235802 0.217985
vt 0.291359 0.101937
vt 0.252503 0.102479
vt 0.294917 0.012011
vt 0.294917 0.192947
vt 0.141433 0.101683
vt 0.136996 0.012011
vt 0.167807 0.102479
vt 0.136996 0.192947
vt 0.238355 0.090305
vt 0.235802 0.012011
vt 0.219102 0.068154
vt 0.189375 0.095141
vt 0.193454 0.012011
vt 0.193454 0.158622
vt 0.201851 0.181902
vt 0.193454 0.217985
vt 0.211729 0.396477
vt 0.252503 0.426446
vt 0.210155 0.530708
vt 0.167807 0.426446
vt 0.210155 0.322184
vt 0.301018 0.400849
vt 0.294917 0.322184
vt 0.337331 0.426446
vt 0.294917 0.530708
vt 0.130074 0.395287
vt 0.136996 0.530708
vt 0.106185 0.426446
vt 0.136996 0.322184
vt 0.380310 0.400866
vt 0.378890 0.322184
vt 0.420449 0.426446
vt 0.378890 0.530708
vt 0.062652 0.401991
vt 0.019070 0.426446
vt 0.062627 0.322184
vt 0.062627 0.530708
vt 0.224258 0.268241
vt 0.193454 0.282603
vt 0.252503 0.257565
vt 0.291896 0.256558
vt 0.337331 0.257565
vt 0.380866 0.250776
vt 0.420449 0.257565
vt 0.064139 0.251739
vt 0.106185 0.257565
vt 0.019070 0.257565
vt 0.136199 0.255033
vt 0.167807 0.257565
vt 0.934457 0.022894
vt 0.930749 0.020848
vt 0.940131 0.018207
vt 0.933768 0.027899
vt 0.953124 0.015402
vt 0.954545 0.011156
vt 0.957565 0.018207
vt 0.961945 0.026457
vt 0.971978 0.028572
vt 0.957565 0.035623
vt 0.946630 0.039114
vt 0.948182 0.045989
vt 0.933768 0.035623
vt 0.931633 0.033368
vt 0.924385 0.038265
vt 0.184537 0.252113
vn -0.778127 -0.104977 0.619272
vn -0.776406 0.080907 0.625019
vn -0.773432 0.112355 0.623842
vn -0.778127 -0.104977 0.619272
vn -0.945624 -0.100818 -0.309241
vn -0.945624 -0.100818 -0.309241
vn -0.945624 -0.100818 -0.309241
vn -0.945624 -0.100818 -0.309241
vn 0.578582 0.775886 -0.251483
vn 0.553291 0.798200 -0.238212
vn 0.626173 0.728950 -0.276657
vn 0.626173 0.728950 -0.276657
vn -0.022258 0.562110 -0.826763
vn -0.032601 0.614878 -0.787948
vn 0.007376 0.400276 -0.916365
vn 0.007376 0.400276 -0.916365
vn 0.640872 0.107835 0.760036
vn 0.640872 0.107835 0.760036
vn 0.640872 0.107835 0.760036
vn 0.640872 0.107835 0.760036
vn 0.831358 0.196406 -0.519873
vn 0.831358 0.196406 -0.519873
vn 0.831358 0.196406 -0.519873
vn 0.831358 0.196406 -0.519873
vn 0.869188 0.386289 0.308696
vn 0.885906 0.335378 0.320455
vn 0.907776 0.164730 0.385755
vn 0.907776 0.164730 0.385755
vn 0.743557 0.648421 0.163318
vn 0.720673 0.674069 0.162053
vn 0.613051 0.782677 -0.107635
vn 0.714936 0.685494 -0.137712
vn 0.494506 0.865998 -0.074235
vn 0.494506 0.865998 -0.074235
vn -0.238482 0.843347 -0.481551
vn -0.242004 0.842439 -0.481384
vn -0.235042 0.844223 -0.481708
vn -0.235042 0.844223 -0.481708
vn 0.372878 0.775032 0.510183
vn 0.221222 0.883508 0.412886
vn 0.110861 0.935634 0.335110
vn 0.110861 0.935634 0.335110
vn -0.735492 0.656420 -0.167823
vn -0.722992 0.669241 -0.171462
vn -0.720845 0.671397 -0.172074
vn -0.720845 0.671397 -0.172074
vn -0.533028 0.796801 0.284588
vn -0.534361 0.795762 0.284991
vn -0.530315 0.798902 0.283765
vn -0.530315 0.798902 0.283765
vn 0.575391 0.808818 -0.121401
vn 0.562332 0.818878 -0.114984
vn 0.603197 0.786043 -0.135240
vn 0.603197 0.786043 -0.135240
vn -0.076878 0.816409 -0.572333
vn -0.076878 0.816409 -0.572333
vn -0.767358 0.581843 -0.269481
vn -0.930790 0.065398 -0.359656
vn -0.910663 0.229721 -0.343395
vn -0.767358 0.581843 -0.269481
vn -0.694810 0.439925 0.568951
vn -0.780016 0.019077 0.625468
vn -0.777624 0.068901 0.624943
vn -0.694810 0.439925 0.568951
vn 0.443853 0.481917 0.755480
vn 0.575713 0.165762 0.800673
vn 0.543418 0.262815 0.797261
vn 0.443853 0.481917 0.755480
vn 0.187269 0.979286 0.076998
vn 0.176153 0.941692 0.286681
vn 0.199228 0.978021 0.061505
vn 0.199228 0.978021 0.061505
vn -0.325206 0.817401 -0.475496
vn -0.325206 0.817401 -0.475496
vn -0.891389 0.440369 -0.107240
vn -0.891389 0.440369 -0.107239
vn -0.639647 0.700906 0.315567
vn -0.639647 0.700906 0.315567
vn 0.166031 0.980598 0.104219
vn 0.251233 0.911618 0.325323
vn 0.237597 0.927530 0.288508
vn 0.166031 0.980598 0.104219
vn 0.799744 0.577013 0.165728
vn 0.799744 0.577013 0.165728
vn -0.764275 -0.220069 0.606180
vn -0.764275 -0.220069 0.606180
vn -0.790289 -0.229047 0.568314
vn -0.790289 -0.229047 0.568314
vn -0.790289 -0.229047 0.568314
vn -0.790289 -0.229047 0.568314
vn -0.805081 -0.114205 0.582067
vn -0.805081 -0.114205 0.582067
vn -0.805081 -0.114205 0.582067
vn -0.805081 -0.114205 0.582067
vn -0.917481 -0.260090 -0.300967
vn -0.917481 -0.260090 -0.300967
vn -0.917481 -0.260090 -0.300967
vn -0.917481 -0.260090 -0.300967
vn -0.896857 -0.257097 -0.359928
vn -0.927314 0.123451 -0.353338
vn -0.932518 0.030150 -0.359863
vn -0.896857 -0.257097 -0.359928
vn -0.925509 -0.097577 -0.365940
vn -0.925509 -0.097577 -0.365939
vn 0.626172 0.728951 -0.276656
vn 0.765455 0.352453 -0.538382
vn 0.763109 0.370194 -0.529737
vn 0.626172 0.728951 -0.276656
vn 0.724837 0.522771 -0.448689
vn 0.739764 0.480927 -0.470594
vn 0.634562 0.729586 -0.255021
vn 0.626172 0.728951 -0.276657
vn -0.212764 0.370707 -0.904051
vn -0.212764 0.370707 -0.904051
vn -0.212764 0.370707 -0.904051
vn -0.212764 0.370707 -0.904051
vn -0.203013 0.149079 -0.967761
vn -0.203013 0.149079 -0.967761
vn -0.203013 0.149079 -0.967761
vn -0.203013 0.149079 -0.967761
vn 0.045509 0.168557 -0.984641
vn 0.004346 0.403707 -0.914878
vn -0.018857 0.524699 -0.851079
vn 0.045509 0.168557 -0.984641
vn 0.650947 0.044272 0.757831
vn 0.650948 0.044272 0.757831
vn 0.650947 0.044272 0.757831
vn 0.650947 0.044272 0.757831
vn 0.611442 0.025709 0.790871
vn 0.458412 0.385555 0.800753
vn 0.536578 0.230197 0.811846
vn 0.611442 0.025709 0.790871
vn 0.594841 0.096368 0.798046
vn 0.594841 0.096368 0.798046
vn 0.810130 0.326169 -0.487138
vn 0.810130 0.326169 -0.487138
vn 0.810130 0.326169 -0.487138
vn 0.810130 0.326170 -0.487138
vn 0.758822 0.352530 -0.547642
vn 0.758822 0.352530 -0.547642
vn 0.773376 0.216915 -0.595682
vn 0.773377 0.216915 -0.595682
vn 0.931944 0.183558 0.312710
vn 0.931944 0.183558 0.312710
vn 0.931944 0.183558 0.312710
vn 0.931944 0.183558 0.312710
vn 0.941385 0.035021 0.335512
vn 0.941385 0.035021 0.335512
vn 0.941385 0.035021 0.335512
vn 0.941385 0.035021 0.335512
vn 0.908674 0.005205 0.417473
vn 0.912037 0.143966 0.384009
vn 0.905546 0.222553 0.361187
vn 0.908674 0.005205 0.417473
vn 0.720674 0.674068 0.162054
vn 0.720674 0.674068 0.162054
vn 0.720673 0.674070 0.162053
vn 0.734567 0.658707 0.162838
vn 0.766300 0.621087 0.164423
vn 0.720673 0.674069 0.162053
vn 0.502815 0.862546 -0.056495
vn 0.502815 0.862546 -0.056495
vn 0.502815 0.862546 -0.056495
vn 0.502815 0.862546 -0.056495
vn 0.470420 0.880890 -0.052324
vn 0.470420 0.880890 -0.052324
vn 0.470420 0.880890 -0.052324
vn 0.470420 0.880890 -0.052324
vn 0.472238 0.878528 -0.071968
vn 0.472238 0.878528 -0.071968
vn -0.195976 0.855187 -0.479841
vn -0.144868 0.835433 -0.530156
vn -0.122662 0.825525 -0.550874
vn -0.195976 0.855187 -0.479841
vn -0.164718 0.848079 -0.503617
vn -0.127430 0.832998 -0.538401
vn -0.210114 0.863390 -0.458705
vn -0.210114 0.863390 -0.458705
vn -0.266242 0.852920 -0.449046
vn -0.267349 0.852304 -0.449559
vn -0.275579 0.847660 -0.453353
vn -0.266242 0.852920 -0.449046
vn 0.175843 0.934073 0.310785
vn 0.175657 0.936157 0.304555
vn 0.175843 0.934073 0.310785
vn 0.253446 0.908827 0.331358
vn 0.253446 0.908827 0.331358
vn 0.148931 0.923607 0.353227
vn 0.680070 0.457033 0.573259
vn 0.344924 0.821626 0.453826
vn 0.148931 0.923607 0.353227
vn -0.708997 0.678695 -0.191565
vn -0.772650 0.590582 -0.232863
vn -0.746831 0.629072 -0.215667
vn -0.708997 0.678695 -0.191565
vn -0.716587 0.665506 -0.208819
vn -0.718117 0.663384 -0.210307
vn -0.694444 0.694621 -0.187747
vn -0.694444 0.694621 -0.187747
vn -0.697777 0.696461 -0.167477
vn -0.703559 0.690933 -0.166181
vn -0.705900 0.688669 -0.165651
vn -0.697777 0.696461 -0.167477
vn -0.508309 0.805889 0.303587
vn -0.651796 0.598404 0.465913
vn -0.637022 0.627399 0.447855
vn -0.508309 0.805889 0.303587
vn -0.646472 0.613438 0.453616
vn -0.688751 0.519586 0.505620
vn -0.519188 0.794926 0.313905
vn -0.519187 0.794926 0.313905
vn -0.546392 0.781612 0.300897
vn -0.547590 0.780692 0.301106
vn -0.552662 0.776769 0.301984
vn -0.546392 0.781612 0.300897
vn 0.504185 0.837011 -0.212627
vn 0.504185 0.837011 -0.212627
vn 0.642181 0.729824 -0.234437
vn 0.642181 0.729824 -0.234437
vn 0.742358 0.653880 -0.146100
vn 0.742358 0.653880 -0.146100
vn -0.087070 0.828384 -0.553352
vn -0.087070 0.828384 -0.553352
vn -0.111405 0.825844 -0.552784
vn -0.111405 0.825844 -0.552784
vn -0.096706 0.812956 -0.574239
vn -0.096706 0.812956 -0.574239
vn -0.713828 0.656114 -0.244876
vn -0.713828 0.656114 -0.244876
vn -0.728414 0.648705 -0.220443
vn -0.728414 0.648705 -0.220443
vn -0.787289 0.566704 -0.242945
vn -0.787289 0.566704 -0.242945
vn -0.715579 0.377611 0.587670
vn -0.715579 0.377611 0.587670
vn -0.731994 0.378840 0.566272
vn -0.731994 0.378840 0.566272
vn -0.710198 0.447162 0.543750
vn -0.710198 0.447162 0.543750
vn 0.159662 0.757792 0.632661
vn 0.159662 0.757792 0.632661
vn 0.429882 0.721103 0.543334
vn 0.429882 0.721103 0.543334
vn 0.724024 0.374427 0.579304
vn 0.724024 0.374427 0.579304
vn 0.199225 0.978022 0.061508
vn 0.199225 0.978022 0.061508
vn 0.199225 0.978022 0.061508
vn 0.199225 0.978022 0.061508
vn 0.199217 0.978023 0.061506
vn 0.189918 0.979040 0.073571
vn 0.178157 0.979994 0.088722
vn 0.199217 0.978023 0.061506
vn -0.325206 0.817398 -0.475500
vn -0.325206 0.817398 -0.475500
vn -0.325186 0.817394 -0.475522
vn -0.325186 0.817394 -0.475522
vn -0.325186 0.817394 -0.475522
vn -0.325186 0.817394 -0.475522
vn -0.891391 0.440366 -0.107240
vn -0.891391 0.440366 -0.107240
vn -0.891397 0.440354 -0.107237
vn -0.891397 0.440354 -0.107237
vn -0.891397 0.440354 -0.107237
vn -0.891397 0.440354 -0.107237
vn -0.639637 0.700913 0.315572
vn -0.639637 0.700913 0.315572
vn -0.639634 0.700924 0.315555
vn -0.639634 0.700924 0.315555
vn -0.639634 0.700924 0.315555
vn -0.639634 0.700924 0.315555
vn 0.166026 0.980599 0.104219
vn 0.166034 0.980597 0.104218
vn 0.166034 0.980597 0.104218
vn 0.799743 0.577015 0.165728
vn 0.799742 0.577015 0.165728
vn 0.799742 0.577016 0.165727
vn 0.799742 0.577016 0.165728
vn 0.799742 0.577016 0.165728
vn 0.799742 0.577016 0.165727
s 1
g group2 Ore_Clicker21
usemtl initialShadingGroup
f 1062/1252/2960 1037/1215/2961 1059/1249/2962 1058/1248/2963
s off
f 1067/1257/2964 1035/1242/2965 1063/1254/2966 1065/1253/2967
s 2
f 1071/1261/2968 1047/1220/2969 1069/1259/2970 1068/1258/2971
s 3
f 1075/1265/2972 1041/1222/2973 1073/1263/2974 1072/1262/2975
s off
f 1062/1252/2976 1039/1243/2977 1064/1267/2978 1076/1266/2979
f 1081/1272/2980 1034/1225/2981 1080/1271/2982 1079/1270/2983
s 4
f 1084/1275/2984 1043/1224/2985 1077/1268/2986 1083/1273/2987
f 1086/1277/2988 1043/1224/2985 1084/1275/2984 1085/1276/2989
s 5
f 1091/1282/2990 1048/1226/2991 1088/1279/2992 1087/1278/2993
s 6
f 1095/1286/2994 1049/1241/2995 1088/1279/2996 1092/1283/2997
s 7
f 1099/1290/2998 1051/1229/2999 1090/1281/3000 1096/1287/3001
s 8
f 1103/1294/3002 1053/1239/3003 1094/1285/3004 1100/1291/3005
s 9
f 1106/1298/3006 1055/1238/3007 1102/1296/3008 1104/1295/3009
s 10
f 1091/1282/3010 1051/1229/3011 1108/1300/3012 1107/1299/3013
s 3
f 1109/1301/3014 1041/1222/2973 1075/1265/2972 1110/1302/3015
s 11
f 1111/1303/3016 1036/1219/3017 1066/1256/3018 1112/1304/3019
s 12
f 1113/1308/3020 1038/1216/3021 1059/1249/3022 1114/1306/3023
s 13
f 1115/1307/3024 1037/1215/3025 1078/1269/3026 1116/1309/3027
s 14
f 1120/1314/3028 1050/1228/3029 1089/1312/3030 1118/1311/3031
s 6
f 1119/1313/3032 1049/1227/2995 1095/1316/2994 1121/1315/3033
s 8
f 1122/1317/3034 1053/1231/3003 1103/1319/3002 1123/1318/3035
s 9
f 1124/1320/3036 1055/1235/3007 1106/1322/3006 1125/1321/3037
s 15
f 1126/1323/3038 1057/1232/3039 1097/1325/3040 1127/1324/3041
s 4
f 1117/1310/3042 1043/1224/2985 1086/1277/2988 1128/1326/3043
s 12
f 1059/1249/3022 1038/1216/3021 1060/1250/3044 1058/1248/3045
s off
f 1060/1250/3046 1040/1247/3047 1061/1251/3048 1058/1248/3049
f 1061/1251/3050 1039/1243/3051 1062/1252/3052 1058/1248/3053
f 1063/1254/3054 1040/1217/3055 1060/1255/3056 1065/1253/3057
s 16
f 1060/1255/3058 1038/1245/3059 1066/1256/3060 1065/1253/3061
s 11
f 1066/1256/3018 1036/1219/3017 1067/1257/3062 1065/1253/3063
s 17
f 1069/1259/3064 1042/1221/3065 1070/1260/3066 1068/1258/3067
s 18
f 1070/1260/3068 1041/1222/3069 1071/1261/3070 1068/1258/3071
s off
f 1073/1263/3072 1044/1223/3073 1074/1264/3074 1072/1262/3075
f 1074/1264/3076 1035/1242/3077 1067/1257/3078 1072/1262/3079
s 19
f 1067/1257/3080 1036/1219/3081 1075/1265/3082 1072/1262/3083
s off
f 1064/1267/3084 1046/1218/3085 1077/1268/3086 1076/1266/3087
s 20
f 1077/1268/3088 1043/1224/3089 1078/1269/3090 1076/1266/3091
s 13
f 1078/1269/3026 1037/1215/3025 1062/1252/3092 1076/1266/3093
s off
f 1080/1271/3094 1044/1223/3095 1073/1263/3096 1079/1270/3097
s 18
f 1073/1263/3098 1041/1222/3069 1070/1260/3068 1079/1270/3099
s 17
f 1070/1260/3066 1042/1221/3065 1081/1272/3100 1079/1270/3101
s off
f 1077/1268/3102 1046/1218/3103 1082/1274/3104 1083/1273/3105
f 1082/1274/3106 1034/1225/3107 1081/1272/3108 1083/1273/3109
s 21
f 1081/1272/3110 1042/1221/3111 1084/1275/3112 1083/1273/3113
f 1084/1275/3112 1042/1221/3111 1069/1259/3114 1085/1276/3115
s 22
f 1069/1259/3116 1047/1220/3117 1086/1277/3118 1085/1276/3119
s off
f 1088/1279/3120 1049/1241/3121 1089/1280/3122 1087/1278/3123
f 1089/1280/3124 1050/1240/3125 1090/1281/3126 1087/1278/3127
s 10
f 1090/1281/3128 1051/1229/3011 1091/1282/3010 1087/1278/3129
s 23
f 1088/1279/3130 1048/1226/3131 1093/1284/3132 1092/1283/3133
s 24
f 1093/1284/3134 1052/1230/3135 1094/1285/3136 1092/1283/3137
s 25
f 1094/1285/3138 1053/1239/3139 1095/1286/3140 1092/1283/3141
s 14
f 1090/1281/3142 1050/1240/3029 1097/1288/3143 1096/1287/3144
s 15
f 1097/1288/3040 1057/1237/3039 1098/1289/3145 1096/1287/3146
s 26
f 1098/1289/3147 1056/1233/3148 1099/1290/3149 1096/1287/3150
s 27
f 1094/1285/3151 1052/1230/3152 1101/1292/3153 1100/1291/3154
s 28
f 1101/1292/3155 1054/1234/3156 1102/1293/3157 1100/1291/3158
s 29
f 1102/1293/3159 1055/1244/3160 1103/1294/3161 1100/1291/3162
s 30
f 1102/1296/3163 1054/1246/3164 1105/1297/3165 1104/1295/3166
s 31
f 1105/1297/3167 1056/1233/3168 1098/1289/3169 1104/1295/3170
s 32
f 1098/1289/3171 1057/1237/3172 1106/1298/3173 1104/1295/3174
s 2
f 1108/1300/3175 1047/1220/2969 1071/1261/2968 1107/1299/3176
s 18
f 1071/1261/3070 1041/1222/3069 1109/1301/3177 1107/1299/3178
s 5
f 1109/1301/3179 1048/1226/2991 1091/1282/2990 1107/1299/3180
s 19
f 1075/1265/3082 1036/1219/3081 1111/1303/3181 1110/1302/3182
s 24
f 1111/1303/3183 1052/1230/3135 1093/1284/3134 1110/1302/3184
s 23
f 1093/1284/3132 1048/1226/3131 1109/1301/3185 1110/1302/3186
s 16
f 1066/1256/3060 1038/1245/3059 1113/1305/3187 1112/1304/3188
s 28
f 1113/1305/3189 1054/1234/3156 1101/1292/3155 1112/1304/3190
s 27
f 1101/1292/3153 1052/1230/3152 1111/1303/3191 1112/1304/3192
s 1
f 1059/1249/2962 1037/1215/2961 1115/1307/3193 1114/1306/3194
s 31
f 1115/1307/3195 1056/1233/3168 1105/1297/3167 1114/1306/3196
s 30
f 1105/1297/3165 1054/1246/3164 1113/1308/3197 1114/1306/3198
s 20
f 1078/1269/3090 1043/1224/3089 1117/1310/3199 1116/1309/3200
s 7
f 1117/1310/3201 1051/1229/2999 1099/1290/2998 1116/1309/3202
s 26
f 1099/1290/3149 1056/1233/3148 1115/1307/3203 1116/1309/3204
s off
f 1089/1312/3205 1049/1227/3206 1119/1313/3207 1118/1311/3208
s 33
f 1119/1313/3209 1045/1236/3210 1120/1314/3211 1118/1311/3212
s 25
f 1095/1316/3140 1053/1231/3139 1122/1317/3213 1121/1315/3214
s off
f 1122/1317/3215 1045/1236/3216 1119/1313/3217 1121/1315/3218
s 29
f 1103/1319/3161 1055/1235/3160 1124/1320/3219 1123/1318/3220
s off
f 1124/1320/3221 1045/1236/3222 1122/1317/3223 1123/1318/3224
s 32
f 1106/1322/3173 1057/1232/3172 1126/1323/3225 1125/1321/3226
s off
f 1126/1323/3227 1045/1236/3228 1124/1320/3229 1125/1321/3230
s 14
f 1097/1325/3143 1050/1228/3029 1120/1314/3028 1127/1324/3231
s 33
f 1120/1314/3211 1045/1236/3210 1126/1323/3232 1127/1324/3233
s 22
f 1086/1277/3118 1047/1220/3117 1108/1300/3234 1128/1326/3235
s off
f 1108/1300/3236 1051/1229/3237 1117/1310/3238 1128/1326/3239
g default
v 26.830445 1.779439 -42.114780
v 21.911755 1.760419 -39.739263
v 21.867465 3.974600 -39.682020
v 29.365258 3.605076 -35.475049
v 24.715541 3.638634 -35.106862
v 29.650485 1.779439 -35.581193
v 25.139084 1.906207 -35.628036
v 23.795077 4.605874 -41.363679
v 27.124243 3.416281 -41.981485
v 29.312389 4.710087 -37.790913
v 22.754012 1.769211 -42.561943
v 25.675881 6.519985 -38.005093
v 29.261926 1.779439 -39.038614
v 26.637793 5.011920 -40.346434
v 24.996399 5.888833 -39.823275
v 25.625006 6.479866 -38.380071
v 26.162255 6.419285 -38.147442
v 27.529711 5.982405 -38.384608
v 23.125636 4.927393 -38.940953
v 25.176874 6.165870 -38.222539
v 25.612563 4.886780 -35.840757
v 25.795221 6.252914 -37.720369
v 28.892140 5.202725 -36.045840
v 26.333333 6.414711 -37.795814
v 27.232802 2.747614 -35.445677
v 27.040403 3.621855 -35.290952
v 24.927311 2.772421 -35.367448
v 27.394782 1.842823 -35.604615
v 29.507872 2.692257 -35.528120
v 23.525419 1.833313 -37.683649
v 29.456204 1.779439 -37.309905
v 23.324091 2.841548 -37.653663
v 23.291506 3.806618 -37.394438
v 21.889608 2.867509 -39.710643
v 25.916044 4.279884 -41.288043
v 26.881018 4.214100 -41.163959
v 25.459655 4.011077 -41.672585
v 25.216439 4.808897 -40.855054
v 22.638668 3.033389 -40.933059
v 23.274544 3.187543 -41.962812
v 22.332883 1.764815 -41.150604
v 22.831273 4.290237 -40.522849
v 29.382140 2.997830 -37.182260
v 29.287158 3.244763 -38.414764
v 29.338824 4.157582 -36.632981
v 24.853733 2.973852 -41.988213
v 24.792227 1.774325 -42.338362
v 26.977339 2.597860 -42.048136
v 28.046182 1.779439 -40.576700
v 28.324255 3.083264 -39.909109
v 28.218314 4.063184 -39.886200
v 27.718680 4.315291 -40.096845
v 27.975089 4.861004 -39.068674
v 26.102905 6.118425 -38.820130
v 25.310699 6.184350 -39.101674
v 25.893626 6.449575 -38.263760
v 26.845984 6.200845 -38.266023
v 26.263056 5.935619 -39.103940
v 24.483109 5.707338 -38.936991
v 24.061015 5.408113 -39.382116
v 24.151260 5.546632 -38.581744
v 25.400940 6.322868 -38.301305
v 27.608833 5.837542 -37.329294
v 26.247800 6.416998 -37.971623
v 27.612735 5.808718 -36.920829
v 28.210926 5.592565 -37.215223
v 24.817098 5.398884 -37.579145
v 24.369099 4.907087 -37.390857
v 25.703892 5.569847 -36.780562
v 25.486049 6.209393 -37.971452
v 26.798177 5.538175 -36.637905
v 27.252351 5.044752 -35.943298
v 26.064276 6.333813 -37.758089
v 25.683216 5.352651 -40.023071
v 27.083750 5.497162 -39.365521
v 24.395742 5.247354 -40.593474
v 23.504211 4.868828 -40.007033
v 22.496550 4.450997 -39.311487
v 23.837121 4.294563 -37.301585
v 25.164052 4.262708 -35.473809
v 27.205599 4.271609 -35.592690
v 29.128700 4.403900 -35.760443
v 28.806125 4.834770 -36.882593
v 28.421050 5.346246 -38.087760
v 25.838068 6.470983 -38.171268
v 25.650448 6.499925 -38.192579
v 25.919071 6.469635 -38.076265
v 25.457900 6.364122 -38.203033
v 25.426384 6.342928 -38.113811
v 25.535059 6.315096 -37.997021
v 25.735556 6.386450 -37.862728
v 25.934185 6.395152 -37.839806
v 26.004613 6.467348 -37.900449
v 26.028314 6.456736 -37.981668
v 27.849198 5.230224 -38.821196
vt 0.106185 0.192947
vt 0.019070 0.192947
vt 0.420449 0.012011
vt 0.167807 0.012011
vt 0.337331 0.192947
vt 0.219102 0.243023
vt 0.219102 0.124298
vt 0.252503 0.192947
vt 0.252503 0.012011
vt 0.167807 0.192947
vt 0.219102 0.012011
vt 0.252503 0.322184
vt 0.937112 0.011156
vt 0.924385 0.030541
vt 0.167807 0.322184
vt 0.337331 0.322184
vt 0.971978 0.011156
vt 0.924385 0.045989
vt 0.106185 0.322184
vt 0.420449 0.322184
vt 0.971979 0.045989
vt 0.943151 0.025258
vt 0.106185 0.530708
vt 0.019070 0.530708
vt 0.337331 0.530708
vt 0.167807 0.530708
vt 0.252503 0.530708
vt 0.337331 0.012011
vt 0.106185 0.012011
vt 0.420449 0.530708
vt 0.420449 0.192947
vt 0.019070 0.322184
vt 0.019070 0.012011
vt 0.062976 0.104065
vt 0.062627 0.192947
vt 0.019070 0.102479
vt 0.062627 0.012011
vt 0.106185 0.102479
vt 0.376643 0.104222
vt 0.378890 0.012011
vt 0.420449 0.102479
vt 0.378890 0.192947
vt 0.337331 0.102479
vt 0.229741 0.182228
vt 0.219102 0.183660
vt 0.235802 0.158622
vt 0.235802 0.217985
vt 0.291359 0.101937
vt 0.252503 0.102479
vt 0.294917 0.012011
vt 0.294917 0.192947
vt 0.141433 0.101683
vt 0.136996 0.012011
vt 0.167807 0.102479
vt 0.136996 0.192947
vt 0.238355 0.090305
vt 0.235802 0.012011
vt 0.219102 0.068154
vt 0.189375 0.095141
vt 0.193454 0.012011
vt 0.193454 0.158622
vt 0.201851 0.181902
vt 0.193454 0.217985
vt 0.211729 0.396477
vt 0.252503 0.426446
vt 0.210155 0.530708
vt 0.167807 0.426446
vt 0.210155 0.322184
vt 0.301018 0.400849
vt 0.294917 0.322184
vt 0.337331 0.426446
vt 0.294917 0.530708
vt 0.130074 0.395287
vt 0.136996 0.530708
vt 0.106185 0.426446
vt 0.136996 0.322184
vt 0.380310 0.400866
vt 0.378890 0.322184
vt 0.420449 0.426446
vt 0.378890 0.530708
vt 0.062652 0.401991
vt 0.019070 0.426446
vt 0.062627 0.322184
vt 0.062627 0.530708
vt 0.224258 0.268241
vt 0.193454 0.282603
vt 0.252503 0.257565
vt 0.291896 0.256558
vt 0.337331 0.257565
vt 0.380866 0.250776
vt 0.420449 0.257565
vt 0.064139 0.251739
vt 0.106185 0.257565
vt 0.019070 0.257565
vt 0.136199 0.255033
vt 0.167807 0.257565
vt 0.934457 0.022894
vt 0.930749 0.020848
vt 0.940131 0.018207
vt 0.933768 0.027899
vt 0.953124 0.015402
vt 0.954545 0.011156
vt 0.957565 0.018207
vt 0.961945 0.026457
vt 0.971978 0.028572
vt 0.957565 0.035623
vt 0.946630 0.039114
vt 0.948182 0.045989
vt 0.933768 0.035623
vt 0.931633 0.033368
vt 0.924385 0.038265
vt 0.184537 0.252113
vn 0.055887 -0.104976 0.992903
vn 0.061573 0.080907 0.994818
vn 0.062331 0.112355 0.991711
vn 0.055887 -0.104976 0.992903
vn -0.798747 -0.100818 0.593161
vn -0.798747 -0.100818 0.593161
vn -0.798747 -0.100818 0.593161
vn -0.798746 -0.100818 0.593161
vn 0.129017 0.775886 -0.617540
vn 0.125237 0.798200 -0.589230
vn 0.135966 0.728950 -0.670928
vn 0.135966 0.728950 -0.670928
vn -0.687671 0.562110 -0.459500
vn -0.661966 0.614878 -0.428633
vn -0.743685 0.400275 -0.535455
vn -0.743685 0.400275 -0.535456
vn 0.990616 0.107835 -0.083970
vn 0.990616 0.107835 -0.083970
vn 0.990616 0.107835 -0.083970
vn 0.990616 0.107835 -0.083970
vn 0.055998 0.196406 -0.978922
vn 0.055998 0.196406 -0.978922
vn 0.055998 0.196406 -0.978922
vn 0.055998 0.196406 -0.978922
vn 0.754139 0.386289 -0.531088
vn 0.773397 0.335378 -0.537940
vn 0.839330 0.164730 -0.518062
vn 0.839330 0.164730 -0.518062
vn 0.562897 0.648422 -0.512540
vn 0.548643 0.674069 -0.494593
vn 0.266342 0.782677 -0.562565
vn 0.300658 0.685494 -0.663101
vn 0.225113 0.865998 -0.446510
vn 0.225113 0.865998 -0.446510
vn -0.530831 0.843347 -0.083568
vn -0.532730 0.842439 -0.080597
vn -0.528971 0.844223 -0.086466
vn -0.528971 0.844223 -0.086466
vn 0.631849 0.775032 -0.009584
vn 0.464813 0.883508 0.057985
vn 0.337570 0.935634 0.103126
vn 0.337570 0.935634 0.103126
vn -0.561914 0.656420 0.503355
vn -0.557662 0.669241 0.491050
vn -0.556921 0.671397 0.488943
vn -0.556921 0.671397 0.488943
vn -0.075678 0.796800 0.599485
vn -0.076119 0.795762 0.600807
vn -0.074782 0.798901 0.596795
vn -0.074782 0.798901 0.596795
vn 0.233347 0.808818 -0.539780
vn 0.231040 0.818878 -0.525413
vn 0.238117 0.786043 -0.570471
vn 0.238117 0.786043 -0.570471
vn -0.511561 0.816409 -0.267921
vn -0.511561 0.816409 -0.267921
vn -0.663299 0.581843 0.470630
vn -0.831325 0.065398 0.551925
vn -0.806424 0.229721 0.544893
vn -0.663299 0.581843 0.470630
vn 0.062952 0.439925 0.895825
vn 0.059853 0.019077 0.998025
vn 0.060806 0.068901 0.995769
vn 0.062952 0.439925 0.895825
vn 0.873069 0.481917 0.074207
vn 0.986139 0.165762 -0.007308
vn 0.964695 0.262815 0.017080
vn 0.873069 0.481917 0.074207
vn 0.171042 0.979286 -0.108365
vn 0.335765 0.941692 0.021855
vn 0.165307 0.978021 -0.127077
vn 0.165307 0.978021 -0.127077
vn -0.575994 0.817401 -0.009285
vn -0.575994 0.817401 -0.009285
vn -0.602536 0.440369 0.665602
vn -0.602536 0.440369 0.665602
vn -0.111995 0.700903 0.704409
vn -0.111995 0.700903 0.704409
vn 0.180990 0.980598 -0.075303
vn 0.410683 0.911618 -0.017102
vn 0.372756 0.927530 -0.027241
vn 0.180990 0.980598 -0.075303
vn 0.597326 0.577013 -0.557008
vn 0.597326 0.577013 -0.557008
vn 0.053205 -0.220069 0.974032
vn 0.053204 -0.220069 0.974032
vn 0.007268 -0.229047 0.973388
vn 0.007268 -0.229047 0.973388
vn 0.007268 -0.229047 0.973388
vn 0.007268 -0.229047 0.973388
vn 0.009948 -0.114206 0.993407
vn 0.009948 -0.114206 0.993407
vn 0.009948 -0.114206 0.993407
vn 0.009948 -0.114206 0.993407
vn -0.775733 -0.260092 0.574970
vn -0.775733 -0.260092 0.574970
vn -0.775733 -0.260092 0.574970
vn -0.775733 -0.260092 0.574970
vn -0.811942 -0.257097 0.524072
vn -0.824160 0.123451 0.552739
vn -0.832492 0.030150 0.553216
vn -0.811942 -0.257097 0.524072
vn -0.833402 -0.097577 0.543985
vn -0.833402 -0.097577 0.543985
vn 0.135967 0.728950 -0.670928
vn 0.002815 0.352454 -0.935825
vn 0.008516 0.370194 -0.928915
vn 0.135967 0.728950 -0.670928
vn 0.052556 0.522771 -0.850851
vn 0.043301 0.480927 -0.875691
vn 0.158472 0.729587 -0.665275
vn 0.135965 0.728952 -0.670926
vn -0.860821 0.370706 -0.348661
vn -0.860821 0.370706 -0.348661
vn -0.860821 0.370706 -0.348661
vn -0.860821 0.370706 -0.348661
vn -0.907187 0.149079 -0.393429
vn -0.907187 0.149079 -0.393429
vn -0.907187 0.149079 -0.393429
vn -0.907187 0.149079 -0.393429
vn -0.777380 0.168557 -0.606028
vn -0.744221 0.403707 -0.532124
vn -0.705553 0.524699 -0.476326
vn -0.777380 0.168557 -0.606028
vn 0.994638 0.044272 -0.093467
vn 0.994638 0.044272 -0.093467
vn 0.994638 0.044272 -0.093467
vn 0.994638 0.044272 -0.093467
vn 0.998781 0.025709 -0.042133
vn 0.918433 0.385555 0.088481
vn 0.972647 0.230197 0.031090
vn 0.998781 0.025709 -0.042133
vn 0.995046 0.096368 -0.024438
vn 0.995046 0.096368 -0.024438
vn 0.070451 0.326169 -0.942683
vn 0.070451 0.326169 -0.942683
vn 0.070451 0.326169 -0.942683
vn 0.070452 0.326169 -0.942683
vn -0.008575 0.352530 -0.935761
vn -0.008575 0.352530 -0.935761
vn -0.039377 0.216916 -0.975396
vn -0.039377 0.216915 -0.975396
vn 0.793674 0.183558 -0.579990
vn 0.793674 0.183558 -0.579990
vn 0.793674 0.183558 -0.579990
vn 0.793674 0.183558 -0.579990
vn 0.817739 0.035021 -0.574523
vn 0.817739 0.035021 -0.574523
vn 0.817739 0.035021 -0.574523
vn 0.817739 0.035021 -0.574523
vn 0.865738 0.005204 -0.500470
vn 0.840367 0.143966 -0.522549
vn 0.817990 0.222553 -0.530436
vn 0.865738 0.005204 -0.500470
vn 0.548643 0.674069 -0.494593
vn 0.548643 0.674069 -0.494593
vn 0.548643 0.674070 -0.494592
vn 0.557311 0.658707 -0.505479
vn 0.576939 0.621087 -0.530464
vn 0.548643 0.674069 -0.494592
vn 0.244393 0.862546 -0.443043
vn 0.244393 0.862546 -0.443043
vn 0.244392 0.862546 -0.443043
vn 0.244393 0.862546 -0.443043
vn 0.229080 0.880890 -0.414192
vn 0.229080 0.880890 -0.414192
vn 0.229080 0.880890 -0.414192
vn 0.229081 0.880890 -0.414192
vn 0.214097 0.878529 -0.427024
vn 0.214097 0.878529 -0.427024
vn -0.504878 0.855187 -0.117274
vn -0.516417 0.835433 -0.188059
vn -0.520497 0.825525 -0.218154
vn -0.504878 0.855187 -0.117274
vn -0.506224 0.848079 -0.156523
vn -0.513071 0.832998 -0.207055
vn -0.495794 0.863390 -0.093522
vn -0.495794 0.863390 -0.093522
vn -0.520337 0.852921 -0.042130
vn -0.521395 0.852305 -0.041523
vn -0.529247 0.847661 -0.036998
vn -0.520337 0.852921 -0.042130
vn 0.355260 0.934073 0.036033
vn 0.350068 0.936157 0.032586
vn 0.355260 0.934073 0.036033
vn 0.416888 0.908827 -0.015421
vn 0.416888 0.908827 -0.015421
vn 0.374353 0.923607 0.082521
vn 0.860814 0.457033 -0.223875
vn 0.569699 0.821626 -0.019329
vn 0.374353 0.923607 0.082521
vn -0.565984 0.678695 0.468012
vn -0.636468 0.590582 0.496106
vn -0.607516 0.629072 0.484967
vn -0.565984 0.678695 0.468012
vn -0.584453 0.665506 0.464238
vn -0.586552 0.663384 0.464627
vn -0.554460 0.694621 0.458339
vn -0.554460 0.694621 0.458339
vn -0.539842 0.696461 0.472772
vn -0.542125 0.690933 0.478239
vn -0.543044 0.688669 0.480456
vn -0.539842 0.696461 0.472772
vn -0.045889 0.805889 0.590286
vn 0.003703 0.598404 0.801186
vn -0.002501 0.627399 0.778694
vn -0.045889 0.805889 0.590286
vn -0.003258 0.613438 0.789736
vn 0.014762 0.519586 0.854290
vn -0.043752 0.794926 0.605126
vn -0.043752 0.794926 0.605126
vn -0.070086 0.781612 0.619815
vn -0.070608 0.780693 0.620913
vn -0.072821 0.776770 0.625560
vn -0.070086 0.781612 0.619815
vn 0.117749 0.837011 -0.534367
vn 0.117749 0.837011 -0.534367
vn 0.179674 0.729825 -0.659601
vn 0.179674 0.729825 -0.659601
vn 0.309655 0.653880 -0.690329
vn 0.309655 0.653880 -0.690329
vn -0.501956 0.828384 -0.248635
vn -0.501956 0.828384 -0.248635
vn -0.515552 0.825844 -0.228445
vn -0.515552 0.825845 -0.228445
vn -0.524571 0.812956 -0.252839
vn -0.524571 0.812956 -0.252839
vn -0.612289 0.656114 0.441154
vn -0.612289 0.656114 0.441154
vn -0.600774 0.648705 0.467176
vn -0.600774 0.648705 0.467176
vn -0.653156 0.566704 0.502229
vn -0.653156 0.566704 0.502229
vn 0.066231 0.377610 0.923593
vn 0.066231 0.377610 0.923593
vn 0.039282 0.378840 0.924628
vn 0.039282 0.378840 0.924628
vn 0.033491 0.447162 0.893825
vn 0.033491 0.447163 0.893826
vn 0.608629 0.757792 0.235207
vn 0.608629 0.757792 0.235207
vn 0.691842 0.721103 -0.036959
vn 0.691842 0.721103 -0.036959
vn 0.891143 0.374427 -0.256258
vn 0.891143 0.374427 -0.256258
vn 0.165307 0.978022 -0.127073
vn 0.165307 0.978022 -0.127073
vn 0.165307 0.978022 -0.127073
vn 0.165307 0.978022 -0.127073
vn 0.165300 0.978024 -0.127066
vn 0.169775 0.979040 -0.112505
vn 0.175346 0.979994 -0.094153
vn 0.165300 0.978024 -0.127066
vn -0.575998 0.817398 -0.009287
vn -0.575998 0.817398 -0.009287
vn -0.576003 0.817394 -0.009317
vn -0.576003 0.817394 -0.009317
vn -0.576003 0.817394 -0.009317
vn -0.576003 0.817394 -0.009317
vn -0.602537 0.440366 0.665603
vn -0.602537 0.440366 0.665603
vn -0.602538 0.440355 0.665609
vn -0.602538 0.440355 0.665609
vn -0.602538 0.440355 0.665609
vn -0.602538 0.440355 0.665609
vn -0.111981 0.700919 0.704395
vn -0.111981 0.700919 0.704395
vn -0.111995 0.700920 0.704392
vn -0.111995 0.700920 0.704392
vn -0.111995 0.700920 0.704392
vn -0.111995 0.700920 0.704392
vn 0.180987 0.980599 -0.075298
vn 0.180990 0.980598 -0.075305
vn 0.180990 0.980598 -0.075305
vn 0.597325 0.577015 -0.557006
vn 0.597325 0.577015 -0.557006
vn 0.597324 0.577016 -0.557006
vn 0.597325 0.577016 -0.557006
vn 0.597325 0.577016 -0.557006
vn 0.597325 0.577016 -0.557006
s 1
g group2 Ore_Clicker22
usemtl initialShadingGroup
f 1157/1364/3240 1132/1327/3241 1154/1361/3242 1153/1360/3243
s off
f 1162/1369/3244 1130/1354/3245 1158/1366/3246 1160/1365/3247
s 2
f 1166/1373/3248 1142/1332/3249 1164/1371/3250 1163/1370/3251
s 3
f 1170/1377/3252 1136/1334/3253 1168/1375/3254 1167/1374/3255
s off
f 1157/1364/3256 1134/1355/3257 1159/1379/3258 1171/1378/3259
f 1176/1384/3260 1129/1337/3261 1175/1383/3262 1174/1382/3263
s 4
f 1179/1387/3264 1138/1336/3265 1172/1380/3266 1178/1385/3267
f 1181/1389/3268 1138/1336/3265 1179/1387/3264 1180/1388/3269
s 5
f 1186/1394/3270 1143/1338/3271 1183/1391/3272 1182/1390/3273
s 6
f 1190/1398/3274 1144/1353/3275 1183/1391/3276 1187/1395/3277
s 7
f 1194/1402/3278 1146/1341/3279 1185/1393/3280 1191/1399/3281
s 8
f 1198/1406/3282 1148/1351/3283 1189/1397/3284 1195/1403/3285
s 9
f 1201/1410/3286 1150/1350/3287 1197/1408/3288 1199/1407/3289
s 10
f 1186/1394/3290 1146/1341/3291 1203/1412/3292 1202/1411/3293
s 3
f 1204/1413/3294 1136/1334/3253 1170/1377/3252 1205/1414/3295
s 11
f 1206/1415/3296 1131/1331/3297 1161/1368/3298 1207/1416/3299
s 12
f 1208/1420/3300 1133/1328/3301 1154/1361/3302 1209/1418/3303
s 13
f 1210/1419/3304 1132/1327/3305 1173/1381/3306 1211/1421/3307
s 14
f 1215/1426/3308 1145/1340/3309 1184/1424/3310 1213/1423/3311
s 6
f 1214/1425/3312 1144/1339/3275 1190/1428/3274 1216/1427/3313
s 8
f 1217/1429/3314 1148/1343/3283 1198/1431/3282 1218/1430/3315
s 9
f 1219/1432/3316 1150/1347/3287 1201/1434/3286 1220/1433/3317
s 15
f 1221/1435/3318 1152/1344/3319 1192/1437/3320 1222/1436/3321
s 4
f 1212/1422/3322 1138/1336/3265 1181/1389/3268 1223/1438/3323
s 12
f 1154/1361/3302 1133/1328/3301 1155/1362/3324 1153/1360/3325
s off
f 1155/1362/3326 1135/1359/3327 1156/1363/3328 1153/1360/3329
f 1156/1363/3330 1134/1355/3331 1157/1364/3332 1153/1360/3333
f 1158/1366/3334 1135/1329/3335 1155/1367/3336 1160/1365/3337
s 16
f 1155/1367/3338 1133/1357/3339 1161/1368/3340 1160/1365/3341
s 11
f 1161/1368/3298 1131/1331/3297 1162/1369/3342 1160/1365/3343
s 17
f 1164/1371/3344 1137/1333/3345 1165/1372/3346 1163/1370/3347
s 18
f 1165/1372/3348 1136/1334/3349 1166/1373/3350 1163/1370/3351
s off
f 1168/1375/3352 1139/1335/3353 1169/1376/3354 1167/1374/3355
f 1169/1376/3356 1130/1354/3357 1162/1369/3358 1167/1374/3359
s 19
f 1162/1369/3360 1131/1331/3361 1170/1377/3362 1167/1374/3363
s off
f 1159/1379/3364 1141/1330/3365 1172/1380/3366 1171/1378/3367
s 20
f 1172/1380/3368 1138/1336/3369 1173/1381/3370 1171/1378/3371
s 13
f 1173/1381/3306 1132/1327/3305 1157/1364/3372 1171/1378/3373
s off
f 1175/1383/3374 1139/1335/3375 1168/1375/3376 1174/1382/3377
s 18
f 1168/1375/3378 1136/1334/3349 1165/1372/3348 1174/1382/3379
s 17
f 1165/1372/3346 1137/1333/3345 1176/1384/3380 1174/1382/3381
s off
f 1172/1380/3382 1141/1330/3383 1177/1386/3384 1178/1385/3385
f 1177/1386/3386 1129/1337/3387 1176/1384/3388 1178/1385/3389
s 21
f 1176/1384/3390 1137/1333/3391 1179/1387/3392 1178/1385/3393
f 1179/1387/3392 1137/1333/3391 1164/1371/3394 1180/1388/3395
s 22
f 1164/1371/3396 1142/1332/3397 1181/1389/3398 1180/1388/3399
s off
f 1183/1391/3400 1144/1353/3401 1184/1392/3402 1182/1390/3403
f 1184/1392/3404 1145/1352/3405 1185/1393/3406 1182/1390/3407
s 10
f 1185/1393/3408 1146/1341/3291 1186/1394/3290 1182/1390/3409
s 23
f 1183/1391/3410 1143/1338/3411 1188/1396/3412 1187/1395/3413
s 24
f 1188/1396/3414 1147/1342/3415 1189/1397/3416 1187/1395/3417
s 25
f 1189/1397/3418 1148/1351/3419 1190/1398/3420 1187/1395/3421
s 14
f 1185/1393/3422 1145/1352/3309 1192/1400/3423 1191/1399/3424
s 15
f 1192/1400/3320 1152/1349/3319 1193/1401/3425 1191/1399/3426
s 26
f 1193/1401/3427 1151/1345/3428 1194/1402/3429 1191/1399/3430
s 27
f 1189/1397/3431 1147/1342/3432 1196/1404/3433 1195/1403/3434
s 28
f 1196/1404/3435 1149/1346/3436 1197/1405/3437 1195/1403/3438
s 29
f 1197/1405/3439 1150/1356/3440 1198/1406/3441 1195/1403/3442
s 30
f 1197/1408/3443 1149/1358/3444 1200/1409/3445 1199/1407/3446
s 31
f 1200/1409/3447 1151/1345/3448 1193/1401/3449 1199/1407/3450
s 32
f 1193/1401/3451 1152/1349/3452 1201/1410/3453 1199/1407/3454
s 2
f 1203/1412/3455 1142/1332/3249 1166/1373/3248 1202/1411/3456
s 18
f 1166/1373/3350 1136/1334/3349 1204/1413/3457 1202/1411/3458
s 5
f 1204/1413/3459 1143/1338/3271 1186/1394/3270 1202/1411/3460
s 19
f 1170/1377/3362 1131/1331/3361 1206/1415/3461 1205/1414/3462
s 24
f 1206/1415/3463 1147/1342/3415 1188/1396/3414 1205/1414/3464
s 23
f 1188/1396/3412 1143/1338/3411 1204/1413/3465 1205/1414/3466
s 16
f 1161/1368/3340 1133/1357/3339 1208/1417/3467 1207/1416/3468
s 28
f 1208/1417/3469 1149/1346/3436 1196/1404/3435 1207/1416/3470
s 27
f 1196/1404/3433 1147/1342/3432 1206/1415/3471 1207/1416/3472
s 1
f 1154/1361/3242 1132/1327/3241 1210/1419/3473 1209/1418/3474
s 31
f 1210/1419/3475 1151/1345/3448 1200/1409/3447 1209/1418/3476
s 30
f 1200/1409/3445 1149/1358/3444 1208/1420/3477 1209/1418/3478
s 20
f 1173/1381/3370 1138/1336/3369 1212/1422/3479 1211/1421/3480
s 7
f 1212/1422/3481 1146/1341/3279 1194/1402/3278 1211/1421/3482
s 26
f 1194/1402/3429 1151/1345/3428 1210/1419/3483 1211/1421/3484
s off
f 1184/1424/3485 1144/1339/3486 1214/1425/3487 1213/1423/3488
s 33
f 1214/1425/3489 1140/1348/3490 1215/1426/3491 1213/1423/3492
s 25
f 1190/1428/3420 1148/1343/3419 1217/1429/3493 1216/1427/3494
s off
f 1217/1429/3495 1140/1348/3496 1214/1425/3497 1216/1427/3498
s 29
f 1198/1431/3441 1150/1347/3440 1219/1432/3499 1218/1430/3500
s off
f 1219/1432/3501 1140/1348/3502 1217/1429/3503 1218/1430/3504
s 32
f 1201/1434/3453 1152/1344/3452 1221/1435/3505 1220/1433/3506
s off
f 1221/1435/3507 1140/1348/3508 1219/1432/3509 1220/1433/3510
s 14
f 1192/1437/3423 1145/1340/3309 1215/1426/3308 1222/1436/3511
s 33
f 1215/1426/3491 1140/1348/3490 1221/1435/3512 1222/1436/3513
s 22
f 1181/1389/3398 1142/1332/3397 1203/1412/3514 1223/1438/3515
s off
f 1203/1412/3516 1146/1341/3517 1212/1422/3518 1223/1438/3519
g default
v 23.201148 -2.080718 -36.530209
v 22.963706 -2.128722 -44.921806
v 23.240629 2.524552 -45.273443
v 16.735870 2.324666 -48.479061
v 17.300576 -1.736006 -48.462608
v 23.853431 4.695562 -40.321543
v 21.533088 2.609893 -36.477931
v 16.336936 4.958437 -39.436848
v 26.629156 -2.109663 -41.660245
v 18.423845 11.023994 -43.413230
v 15.607764 -2.080718 -38.003302
v 20.721850 5.709998 -38.786188
v 21.448735 8.173834 -41.154832
v 19.158599 10.272437 -42.641297
v 17.992693 9.996138 -42.515828
v 18.030511 8.734507 -40.542152
v 21.762522 5.842882 -44.111133
v 19.185666 8.204231 -43.874795
v 17.456835 5.734845 -45.576197
v 17.683780 8.585880 -44.100137
v 14.644141 6.529188 -42.607123
v 16.948585 9.509596 -42.889699
v 17.076513 0.317218 -48.890991
v 19.980726 -1.943155 -46.197482
v 14.208006 -2.080718 -40.061373
v 20.356010 0.249379 -46.918285
v 19.948614 2.287651 -46.826633
v 23.611406 0.244829 -45.362550
v 21.303086 4.282996 -38.889752
v 20.435294 4.151830 -38.039804
v 22.150147 3.703233 -38.901223
v 22.287640 5.202097 -39.553865
v 24.572168 0.567446 -43.496372
v 24.514014 0.848380 -41.021145
v 24.589515 -2.119343 -43.309419
v 23.573377 3.197545 -43.225385
v 14.577386 0.201280 -39.715437
v 15.662568 0.026810 -38.298293
v 13.948461 3.084209 -41.092104
v 25.278689 0.426674 -39.092178
v 26.023656 -2.097257 -40.168767
v 22.009763 -0.039816 -36.168375
v 17.766061 -2.080718 -37.251733
v 16.349055 0.529166 -37.246908
v 18.219513 3.859338 -38.339299
v 18.771719 4.387443 -38.595512
v 18.529393 5.332618 -39.111518
v 18.662682 9.615316 -42.031275
v 19.741008 9.642351 -42.181989
v 18.492110 10.109467 -42.500253
v 17.808907 9.436410 -41.860049
v 20.002002 8.268891 -40.800539
v 19.886390 8.365301 -43.242500
v 21.632321 7.043489 -42.616222
v 20.039728 6.968482 -44.169973
v 19.263725 9.019972 -43.320394
v 16.856834 8.973238 -42.278329
v 17.470241 9.735870 -42.648019
v 15.849046 8.338450 -42.718124
v 15.847592 7.384545 -41.886402
v 18.684524 7.119358 -44.493428
v 19.563056 5.700042 -44.915238
v 17.265526 7.244570 -44.831720
v 18.522187 8.185831 -43.997599
v 16.584988 7.807742 -43.817293
v 16.298152 6.005301 -43.825633
v 17.274630 8.872914 -43.572228
v 21.423072 7.134656 -40.103120
v 19.559738 7.696788 -39.436857
v 22.805772 6.900040 -40.566208
v 23.276899 5.222248 -42.428340
v 23.235721 4.308952 -44.331510
v 20.342568 4.043284 -45.603405
v 17.058697 4.183251 -46.883992
v 15.109798 4.205917 -45.047729
v 14.616245 5.299672 -41.474790
v 16.385267 7.112508 -40.354692
v 18.436245 10.460155 -42.827321
v 18.646915 10.628361 -43.097186
v 18.298320 10.628570 -43.074520
v 18.982189 9.436583 -43.417863
v 18.716199 9.633476 -43.522506
v 18.529459 9.380526 -43.565991
v 18.249211 9.975277 -43.539622
v 18.069408 9.982114 -43.362999
v 18.073414 10.610610 -43.218655
v 18.132916 10.507349 -43.092369
v 17.582428 6.810939 -39.675585
v 12.225316 -2.199960 -41.384912
v 11.977826 0.150823 -41.447457
v 15.325944 1.972890 -48.793877
v 15.456449 3.823147 -47.427975
v 14.117321 3.772586 -45.222780
v 12.659314 2.510433 -41.651688
v 13.354941 4.728187 -41.991578
v 15.725000 -0.017031 -49.129765
v 16.213482 -2.008755 -48.675841
v 13.549883 5.756102 -42.834667
v 14.707678 5.265091 -44.604473
v 14.516156 6.546622 -42.204123
v 11.442478 1.569823 -43.644054
v 11.122429 -0.545006 -44.052245
v 12.851365 1.488494 -46.864704
v 12.968300 -0.385493 -47.844200
v 10.463130 -2.476029 -44.666059
v 10.982849 -2.350179 -42.504770
v 13.687437 -2.289504 -48.158451
v 10.916730 -0.179407 -42.383960
v 14.130264 1.595285 -48.542515
v 14.501828 3.318183 -47.426459
v 13.126832 3.338155 -45.397398
v 11.761157 3.680712 -43.423052
v 11.560881 2.101606 -42.447953
v 12.193686 4.216160 -42.668829
v 14.474777 -0.365192 -48.860467
v 15.166356 -2.157169 -48.574090
v 12.483502 4.966062 -43.160985
v 13.775988 4.531444 -44.917142
v 13.284545 5.649953 -42.514209
v 14.064869 -0.939719 -40.120458
v 12.101571 -1.024569 -41.416185
v 10.949789 -1.264793 -42.444366
v 10.792781 -1.510518 -44.359151
v 13.327867 -1.337499 -48.001327
v 14.820566 -1.261180 -48.717279
v 15.969241 -1.012893 -48.902804
v 17.188544 -0.709394 -48.676800
v 20.168368 -0.846888 -46.557884
v 23.287555 -0.941947 -45.142178
v 24.580841 -0.775948 -43.402895
v 25.571585 -0.630642 -41.340695
v 25.651172 -0.835292 -39.630473
v 22.605456 -1.060267 -36.349292
v 17.057558 -0.775776 -37.249320
v 15.890086 -1.026954 -37.970351
vt 0.106185 0.192947
vt 0.019070 0.192947
vt 0.420449 0.012011
vt 0.167807 0.012011
vt 0.337331 0.192947
vt 0.219102 0.243023
vt 0.219102 0.124298
vt 0.252503 0.192947
vt 0.252503 0.012011
vt 0.167807 0.192947
vt 0.219102 0.012011
vt 0.252503 0.322184
vt 0.937112 0.011156
vt 0.924385 0.030541
vt 0.167807 0.322184
vt 0.337331 0.322184
vt 0.971978 0.011156
vt 0.924385 0.045989
vt 0.106185 0.322184
vt 0.420449 0.322184
vt 0.971979 0.045989
vt 0.943151 0.025258
vt 0.106185 0.530708
vt 0.019070 0.530708
vt 0.337331 0.530708
vt 0.167807 0.530708
vt 0.252503 0.530708
vt 0.337331 0.012011
vt 0.106185 0.012011
vt 0.420449 0.530708
vt 0.420449 0.192947
vt 0.019070 0.322184
vt 0.019070 0.012011
vt 0.062921 0.104181
vt 0.062627 0.192947
vt 0.019070 0.102479
vt 0.062627 0.012011
vt 0.106185 0.102479
vt 0.376693 0.103980
vt 0.378890 0.012011
vt 0.420449 0.102479
vt 0.378890 0.192947
vt 0.337331 0.102479
vt 0.230065 0.182301
vt 0.219102 0.183660
vt 0.235802 0.158622
vt 0.235802 0.217985
vt 0.291440 0.102554
vt 0.252503 0.102479
vt 0.294917 0.012011
vt 0.294917 0.192947
vt 0.141411 0.101629
vt 0.136996 0.012011
vt 0.167807 0.102479
vt 0.136996 0.192947
vt 0.238226 0.089536
vt 0.235802 0.012011
vt 0.219102 0.068154
vt 0.189385 0.094913
vt 0.193454 0.012011
vt 0.193454 0.158622
vt 0.201843 0.182238
vt 0.193454 0.217985
vt 0.210548 0.395955
vt 0.252503 0.426446
vt 0.210155 0.530708
vt 0.167807 0.426446
vt 0.210155 0.322184
vt 0.301350 0.399909
vt 0.294917 0.322184
vt 0.337331 0.426446
vt 0.294917 0.530708
vt 0.130484 0.396307
vt 0.136996 0.530708
vt 0.106185 0.426446
vt 0.136996 0.322184
vt 0.379926 0.401259
vt 0.378890 0.322184
vt 0.420449 0.426446
vt 0.378890 0.530708
vt 0.062977 0.399911
vt 0.019070 0.426446
vt 0.062627 0.322184
vt 0.062627 0.530708
vt 0.224323 0.267942
vt 0.193454 0.282603
vt 0.252503 0.257565
vt 0.292176 0.256251
vt 0.337331 0.257565
vt 0.380888 0.251037
vt 0.420449 0.257565
vt 0.063828 0.251308
vt 0.106185 0.257565
vt 0.019070 0.257565
vt 0.136449 0.254907
vt 0.167807 0.257565
vt 0.934320 0.023037
vt 0.930749 0.020848
vt 0.940131 0.018207
vt 0.933768 0.027899
vt 0.953180 0.015356
vt 0.954545 0.011156
vt 0.957565 0.018207
vt 0.962045 0.026393
vt 0.971978 0.028572
vt 0.957565 0.035623
vt 0.946240 0.039227
vt 0.948182 0.045989
vt 0.933768 0.035623
vt 0.931811 0.033232
vt 0.924385 0.038265
vt 0.184459 0.251757
vt 0.136996 0.012011
vt 0.141411 0.101629
vt 0.019070 0.257565
vt 0.019070 0.192947
vt 0.063828 0.251308
vt 0.136996 0.192947
vt 0.136449 0.254907
vt 0.019070 0.102479
vt 0.019070 0.012011
vt 0.106185 0.322184
vt 0.062627 0.322184
vt 0.136996 0.322184
vt 0.136996 0.012011
vt 0.141411 0.101629
vt 0.019070 0.257565
vt 0.019070 0.192947
vt 0.063828 0.251308
vt 0.136996 0.192947
vt 0.136449 0.254907
vt 0.019070 0.102479
vt 0.019070 0.012011
vt 0.106185 0.322184
vt 0.062627 0.322184
vt 0.136996 0.322184
vt 0.139203 0.056820
vt 0.139203 0.056820
vt 0.139203 0.056820
vt 0.106185 0.057245
vt 0.062774 0.058096
vt 0.019070 0.057245
vt 0.019070 0.057245
vt 0.019070 0.057245
vt 0.420449 0.057245
vt 0.377791 0.057995
vt 0.337331 0.057245
vt 0.293178 0.057283
vt 0.252503 0.057245
vt 0.237014 0.050774
vt 0.219102 0.040082
vt 0.191420 0.053462
vt 0.167807 0.057245
vn -0.891581 0.188630 -0.411706
vn -0.862817 0.251584 -0.438466
vn -0.875351 0.225584 -0.427636
vn -0.891581 0.188630 -0.411706
vn 0.385517 -0.307660 -0.869898
vn 0.386569 -0.307768 -0.869393
vn 0.372325 -0.306285 -0.876107
vn 0.372325 -0.306285 -0.876107
vn 0.500078 0.376787 0.779713
vn 0.496542 0.385943 0.777492
vn 0.563640 0.170927 0.808142
vn 0.563640 0.170927 0.808142
vn 0.952342 0.273485 -0.135095
vn 0.943806 0.293234 -0.152461
vn 0.956174 0.263947 -0.126737
vn 0.956174 0.263947 -0.126737
vn -0.989609 0.133589 0.053174
vn -0.987821 0.126670 0.090362
vn -0.981628 0.114641 0.152523
vn -0.981628 0.114641 0.152523
vn 0.734549 0.100108 0.671131
vn 0.718362 0.087240 0.690178
vn 0.755645 0.117494 0.644357
vn 0.755645 0.117494 0.644357
vn -0.469988 0.401662 0.785989
vn -0.423389 0.366602 0.828459
vn -0.543685 0.370786 0.752943
vn -0.543685 0.370786 0.752943
vn -0.231124 0.395637 0.888849
vn -0.181361 0.486200 0.854820
vn 0.187048 0.707113 0.681912
vn 0.237467 0.692705 0.681006
vn 0.155568 0.715060 0.681533
vn 0.155568 0.715060 0.681533
vn 0.719829 0.429570 -0.545266
vn 0.728725 0.407075 -0.550682
vn 0.714126 0.443305 -0.541761
vn 0.714126 0.443305 -0.541761
vn -0.694114 0.606356 0.387991
vn -0.661695 0.600908 0.448408
vn -0.627002 0.592841 0.505379
vn -0.627002 0.592841 0.505379
vn 0.180987 0.371472 -0.910633
vn 0.191647 0.379675 -0.905052
vn 0.222675 0.403266 -0.887577
vn 0.222675 0.403266 -0.887577
vn -0.541631 0.512402 -0.666393
vn -0.540058 0.514609 -0.665969
vn -0.537871 0.517661 -0.665373
vn -0.537871 0.517661 -0.665373
vn 0.294967 0.827154 0.478341
vn 0.224918 0.823220 0.521268
vn 0.331184 0.826974 0.454347
vn 0.331184 0.826974 0.454347
vn 0.931454 0.318918 -0.175168
vn 0.931454 0.318918 -0.175168
vn 0.336522 0.464145 -0.819343
vn 0.387793 0.288095 -0.875567
vn 0.396173 0.252347 -0.882818
vn 0.336523 0.464144 -0.819343
vn -0.713922 0.490592 -0.499635
vn -0.715638 0.322175 -0.619730
vn -0.718596 0.386377 -0.578216
vn -0.713922 0.490592 -0.499635
vn -0.964006 0.217070 0.153533
vn -0.974549 0.221018 -0.037495
vn -0.974816 0.220500 0.033367
vn -0.964006 0.217070 0.153533
vn -0.391495 0.705249 0.591062
vn -0.477371 0.702612 0.527687
vn -0.227142 0.683085 0.694119
vn -0.227142 0.683085 0.694119
vn 0.744524 0.363253 -0.560117
vn 0.744524 0.363253 -0.560117
vn 0.090137 0.299625 -0.949790
vn 0.090137 0.299625 -0.949790
vn -0.547626 0.503904 -0.667972
vn -0.547626 0.503904 -0.667972
vn -0.486803 0.687334 0.539069
vn -0.571011 0.657162 0.492020
vn -0.529508 0.673135 0.516246
vn -0.486802 0.687334 0.539069
vn -0.276684 0.303524 0.911767
vn -0.276684 0.303524 0.911767
vn -0.690390 0.155948 -0.706429
vn -0.690390 0.155948 -0.706430
vn -0.436300 -0.159852 -0.885488
vn -0.411027 -0.150103 -0.899180
vn -0.345420 -0.124829 -0.930109
vn -0.345420 -0.124829 -0.930109
vn -0.774096 0.137466 -0.617963
vn -0.774096 0.137466 -0.617963
vn -0.817874 0.123251 -0.562042
vn -0.809277 0.126208 -0.573709
vn 0.586978 -0.230935 -0.775967
vn 0.586978 -0.230935 -0.775967
vn 0.551225 -0.236225 -0.800218
vn 0.557585 -0.235328 -0.796065
vn 0.480543 0.195269 -0.854955
vn 0.435887 0.345469 -0.831056
vn 0.423811 0.379491 -0.822417
vn 0.480543 0.195269 -0.854955
vn 0.422846 0.113838 -0.899023
vn 0.422846 0.113838 -0.899023
vn 0.440560 0.756747 0.482949
vn 0.656329 0.452186 0.603954
vn 0.632518 0.498530 0.592780
vn 0.440560 0.756747 0.482949
vn 0.737990 0.388478 0.551775
vn 0.733358 0.393416 0.554446
vn 0.429262 0.346911 0.833899
vn 0.421161 0.329335 0.845081
vn 0.834823 0.349450 -0.425388
vn 0.832267 0.348918 -0.430799
vn 0.726415 0.323013 -0.606616
vn 0.726415 0.323013 -0.606617
vn 0.747222 -0.172683 -0.641748
vn 0.747222 -0.172683 -0.641748
vn 0.795674 -0.171187 -0.581031
vn 0.798918 -0.171042 -0.576606
vn 0.889895 0.274928 -0.364007
vn 0.912145 0.251052 -0.323983
vn 0.943250 0.210613 -0.256750
vn 0.889895 0.274928 -0.364007
vn -0.704593 0.221124 0.674280
vn -0.703638 0.266135 0.658837
vn -0.704358 0.241569 0.667476
vn -0.704593 0.221124 0.674280
vn -0.970367 0.220570 -0.098676
vn -0.970367 0.220570 -0.098676
vn 0.894436 0.412914 0.171714
vn 0.894437 0.412914 0.171714
vn 0.888770 0.457990 0.018240
vn 0.885255 0.464997 -0.010012
vn 0.829694 0.391580 0.397836
vn 0.829694 0.391580 0.397836
vn 0.671188 0.420531 0.610459
vn 0.671188 0.420531 0.610459
vn -0.495072 -0.112084 0.861592
vn -0.505365 -0.114909 0.855220
vn -0.397972 -0.085601 0.913395
vn -0.397972 -0.085601 0.913395
vn -0.148232 -0.160075 0.975911
vn -0.148232 -0.160075 0.975912
vn -0.160143 -0.166521 0.972947
vn -0.172481 -0.173182 0.969669
vn -0.248368 0.275601 0.928632
vn -0.246107 0.293680 0.923679
vn -0.241145 0.330788 0.912375
vn -0.248368 0.275601 0.928632
vn -0.184918 0.620556 0.762047
vn -0.184918 0.620556 0.762047
vn -0.215160 0.442752 0.870446
vn -0.204703 0.311093 0.928072
vn -0.202504 0.288089 0.935947
vn -0.215160 0.442752 0.870446
vn 0.054167 0.657093 0.751861
vn 0.054167 0.657093 0.751861
vn 0.054167 0.657093 0.751861
vn 0.054167 0.657093 0.751861
vn -0.078853 0.727914 0.681119
vn -0.078853 0.727914 0.681119
vn -0.078853 0.727914 0.681119
vn -0.078853 0.727914 0.681119
vn 0.166968 0.815937 0.553505
vn 0.166968 0.815937 0.553505
vn 0.681020 0.572001 -0.457194
vn 0.696408 0.585273 -0.415297
vn 0.701238 0.589447 -0.401019
vn 0.681020 0.572001 -0.457194
vn 0.603607 0.621026 -0.499985
vn 0.638620 0.627983 -0.444748
vn 0.541706 0.604164 -0.584414
vn 0.541706 0.604164 -0.584414
vn 0.520619 0.487270 -0.701087
vn 0.530699 0.478123 -0.699827
vn 0.577009 0.433664 -0.692096
vn 0.520619 0.487270 -0.701087
vn -0.524529 0.696229 0.490035
vn -0.521782 0.697223 0.491552
vn -0.524529 0.696229 0.490035
vn -0.583043 0.652099 0.484590
vn -0.583043 0.652099 0.484590
vn -0.642566 0.504112 0.577044
vn -0.642566 0.504112 0.577044
vn -0.642566 0.504112 0.577044
vn -0.642566 0.504112 0.577044
vn 0.276985 0.407252 -0.870302
vn 0.301073 0.447282 -0.842196
vn 0.293473 0.434634 -0.851450
vn 0.276985 0.407252 -0.870302
vn 0.293356 0.507301 -0.810301
vn 0.291198 0.502276 -0.814201
vn 0.263474 0.438391 -0.859299
vn 0.263474 0.438391 -0.859299
vn 0.266460 0.415113 -0.869874
vn 0.284330 0.363720 -0.887054
vn 0.278495 0.380928 -0.881666
vn 0.266460 0.415113 -0.869874
vn -0.800452 0.154706 -0.579088
vn -0.610118 0.570649 -0.549651
vn -0.668440 0.480618 -0.567621
vn -0.800452 0.154706 -0.579088
vn -0.621124 0.235293 -0.747557
vn -0.621124 0.235293 -0.747557
vn -0.621124 0.235293 -0.747557
vn -0.621124 0.235293 -0.747557
vn -0.576148 0.482628 -0.659639
vn -0.543699 0.444276 -0.712046
vn -0.557293 0.460217 -0.691104
vn -0.576148 0.482628 -0.659639
vn 0.461297 0.469098 0.753095
vn 0.461297 0.469098 0.753095
vn 0.434974 0.359486 0.825571
vn 0.434974 0.359486 0.825571
vn 0.275452 0.680446 0.679058
vn 0.275452 0.680446 0.679058
vn 0.977584 0.146421 -0.151297
vn 0.977584 0.146421 -0.151297
vn 0.677008 0.632747 -0.375887
vn 0.677008 0.632747 -0.375887
vn 0.712294 0.599017 -0.365809
vn 0.712294 0.599017 -0.365809
vn 0.361414 0.527731 -0.768687
vn 0.361414 0.527731 -0.768687
vn 0.302696 0.529137 -0.792710
vn 0.302696 0.529137 -0.792710
vn 0.304944 0.453730 -0.837340
vn 0.304944 0.453730 -0.837340
vn -0.823811 0.322354 -0.466287
vn -0.823811 0.322354 -0.466287
vn -0.639106 0.522629 -0.564272
vn -0.639106 0.522629 -0.564272
vn -0.639106 0.522629 -0.564272
vn -0.639106 0.522629 -0.564272
vn -0.544374 0.654163 -0.525098
vn -0.544374 0.654163 -0.525098
vn -0.701390 0.306484 0.643521
vn -0.701390 0.306484 0.643521
vn -0.709172 0.608012 0.356926
vn -0.709172 0.608012 0.356926
vn -0.817413 0.501695 0.283086
vn -0.817413 0.501695 0.283086
vn -0.817413 0.501695 0.283086
vn -0.817413 0.501695 0.283086
vn 0.025360 0.751209 0.659577
vn 0.025360 0.751209 0.659577
vn 0.025360 0.751209 0.659577
vn 0.025360 0.751209 0.659577
vn 0.045439 0.720284 0.692190
vn -0.114639 0.715064 0.689595
vn -0.137202 0.712829 0.687787
vn 0.045439 0.720284 0.692190
vn 0.647964 0.356546 -0.673065
vn 0.647964 0.356546 -0.673065
vn 0.798977 0.282576 -0.530835
vn 0.798977 0.282576 -0.530835
vn 0.798977 0.282576 -0.530835
vn 0.798977 0.282576 -0.530835
vn 0.310742 0.279880 -0.908354
vn 0.310742 0.279880 -0.908354
vn 0.108660 0.098924 -0.989145
vn 0.108660 0.098924 -0.989145
vn 0.108660 0.098924 -0.989145
vn 0.108660 0.098924 -0.989145
vn -0.492040 0.385050 -0.780790
vn -0.492040 0.385050 -0.780790
vn -0.655877 0.187874 -0.731115
vn -0.655877 0.187874 -0.731115
vn -0.655877 0.187874 -0.731115
vn -0.655877 0.187874 -0.731115
vn -0.500501 0.704599 0.503029
vn -0.450122 0.640129 0.622595
vn -0.450122 0.640129 0.622595
vn -0.195028 0.216633 0.956574
vn -0.195028 0.216633 0.956574
vn -0.323498 0.450275 0.832227
vn -0.323498 0.450275 0.832227
vn -0.323498 0.450275 0.832227
vn -0.323498 0.450275 0.832227
vn -0.551652 -0.031045 0.833496
vn -0.551607 -0.037453 0.833263
vn -0.551610 -0.037035 0.833279
vn -0.551652 -0.031045 0.833496
vn 0.077825 0.616191 -0.783742
vn 0.077825 0.616191 -0.783742
vn 0.077825 0.616191 -0.783742
vn 0.077825 0.616191 -0.783742
vn -0.239188 0.952595 -0.188022
vn -0.239188 0.952595 -0.188022
vn -0.239188 0.952595 -0.188022
vn -0.239188 0.952595 -0.188022
vn -0.477893 0.282540 0.831739
vn -0.477893 0.282540 0.831739
vn -0.477893 0.282540 0.831739
vn -0.477893 0.282540 0.831739
vn 0.142490 0.207424 -0.967818
vn 0.142489 0.207424 -0.967818
vn 0.142490 0.207424 -0.967818
vn 0.142490 0.207424 -0.967818
vn 0.220382 -0.170659 -0.960368
vn 0.220218 -0.170695 -0.960400
vn 0.225103 -0.169629 -0.959455
vn 0.225103 -0.169629 -0.959455
vn -0.521034 0.251210 0.815731
vn -0.521034 0.251210 0.815731
vn -0.521034 0.251210 0.815731
vn -0.521034 0.251210 0.815731
vn -0.261845 0.811722 -0.522058
vn -0.261845 0.811722 -0.522058
vn -0.261845 0.811722 -0.522058
vn -0.261845 0.811722 -0.522058
vn 0.136652 0.426130 -0.894281
vn 0.136652 0.426130 -0.894281
vn 0.136652 0.426130 -0.894281
vn 0.136652 0.426130 -0.894281
vn -0.510900 0.836424 -0.198436
vn -0.510900 0.836424 -0.198436
vn -0.510900 0.836423 -0.198436
vn -0.510900 0.836424 -0.198436
vn -0.475427 0.415422 0.775496
vn -0.475427 0.415422 0.775496
vn -0.475427 0.415422 0.775496
vn -0.475427 0.415422 0.775496
vn -0.661736 -0.055532 0.747678
vn -0.658350 -0.055336 0.750675
vn -0.658839 -0.055364 0.750244
vn -0.661735 -0.055532 0.747678
vn -0.322845 0.570121 -0.755469
vn -0.322845 0.570121 -0.755469
vn -0.322845 0.570121 -0.755469
vn -0.322845 0.570121 -0.755469
vn -0.402630 0.880070 -0.251725
vn -0.402630 0.880070 -0.251725
vn -0.402630 0.880070 -0.251725
vn -0.402630 0.880070 -0.251725
vn -0.601964 0.281316 0.747329
vn -0.601964 0.281316 0.747329
vn -0.601964 0.281316 0.747329
vn -0.601964 0.281316 0.747329
vn -0.239237 0.114553 -0.964180
vn -0.239237 0.114553 -0.964180
vn -0.239237 0.114553 -0.964180
vn -0.239237 0.114553 -0.964180
vn -0.109759 -0.223715 -0.968455
vn -0.108285 -0.223306 -0.968715
vn -0.087865 -0.217596 -0.972076
vn -0.087865 -0.217596 -0.972076
vn -0.655665 0.228885 0.719524
vn -0.655665 0.228885 0.719524
vn -0.655665 0.228885 0.719524
vn -0.655665 0.228885 0.719524
vn -0.422299 0.760582 -0.493132
vn -0.422299 0.760582 -0.493132
vn -0.422299 0.760582 -0.493132
vn -0.422299 0.760581 -0.493132
vn 0.006372 0.376054 -0.926576
vn 0.006372 0.376054 -0.926576
vn 0.006372 0.376054 -0.926576
vn 0.006372 0.376054 -0.926576
vn -0.548118 0.816014 -0.183544
vn -0.548118 0.816014 -0.183544
vn -0.548118 0.816014 -0.183544
vn -0.548118 0.816014 -0.183544
vn -0.536470 0.384867 0.751051
vn -0.536470 0.384867 0.751051
vn -0.536470 0.384867 0.751051
vn -0.536470 0.384867 0.751051
vn -0.551563 -0.041846 0.833083
vn -0.551563 -0.041846 0.833083
vn -0.654930 -0.055137 0.753675
vn -0.654930 -0.055137 0.753675
vn -0.987939 0.149854 -0.038993
vn -0.987939 0.149854 -0.038993
vn -0.858607 0.107881 -0.501154
vn -0.858607 0.107881 -0.501154
vn -0.487652 -0.179687 -0.854346
vn -0.487652 -0.179687 -0.854346
vn -0.126278 -0.228264 -0.965375
vn -0.126278 -0.228264 -0.965375
vn 0.216319 -0.171542 -0.961135
vn 0.216319 -0.171542 -0.961135
vn 0.525690 -0.239648 -0.816222
vn 0.525690 -0.239648 -0.816222
vn 0.397862 -0.308895 -0.863881
vn 0.397862 -0.308895 -0.863881
vn 0.845940 -0.168151 -0.506074
vn 0.845940 -0.168151 -0.506074
vn 0.906560 0.360112 -0.220156
vn 0.906560 0.360112 -0.220156
vn 0.865079 0.487867 -0.116722
vn 0.865079 0.487867 -0.116722
vn 0.695306 0.069530 0.715342
vn 0.695306 0.069530 0.715342
vn -0.184250 -0.179521 0.966346
vn -0.184250 -0.179521 0.966346
vn -0.649105 -0.154800 0.744781
vn -0.649105 -0.154800 0.744781
s 1
g group2 Ore_Clicker23
usemtl initialShadingGroup
f 1325/1476/3520 1324/1439/3521 1326/1473/3522 1327/1472/3523
s 2
f 1351/1584/3524 1352/1585/3525 1225/1466/3526 1247/1478/3527
s 3
f 1255/1485/3528 1235/1444/3529 1253/1483/3530 1252/1482/3531
s 4
f 1259/1489/3532 1229/1446/3533 1257/1487/3534 1256/1486/3535
s 5
f 1345/1577/3536 1346/1578/3537 1328/1467/3538 1329/1563/3539
s 6
f 1355/1588/3540 1356/1589/3541 1224/1449/3542 1264/1495/3543
s 7
f 1268/1499/3544 1231/1448/3545 1261/1492/3546 1267/1497/3547
f 1270/1501/3548 1231/1448/3545 1268/1499/3544 1269/1500/3549
s 8
f 1275/1506/3550 1236/1450/3551 1272/1503/3552 1271/1502/3553
s 9
f 1279/1510/3554 1237/1465/3555 1272/1503/3556 1276/1507/3557
s 10
f 1283/1514/3558 1239/1453/3559 1274/1505/3560 1280/1511/3561
s 11
f 1287/1518/3562 1241/1463/3563 1278/1509/3564 1284/1515/3565
s 12
f 1290/1522/3566 1243/1462/3567 1286/1520/3568 1288/1519/3569
s 13
f 1275/1506/3570 1239/1453/3571 1292/1524/3572 1291/1523/3573
s 4
f 1293/1525/3574 1229/1446/3533 1259/1489/3532 1294/1526/3575
s 14
f 1295/1527/3576 1226/1443/3577 1250/1480/3578 1296/1528/3579
s 15
f 1333/1565/3580 1332/1566/3581 1326/1473/3582 1334/1567/3583
s 16
f 1335/1531/3584 1324/1439/3585 1336/1568/3586 1337/1569/3587
s 17
f 1303/1538/3588 1238/1452/3589 1273/1536/3590 1301/1535/3591
s 9
f 1302/1537/3592 1237/1451/3555 1279/1540/3554 1304/1539/3593
s 11
f 1305/1541/3594 1241/1455/3563 1287/1543/3562 1306/1542/3595
s 12
f 1307/1544/3596 1243/1459/3567 1290/1546/3566 1308/1545/3597
s 18
f 1309/1547/3598 1245/1456/3599 1281/1549/3600 1310/1548/3601
s 7
f 1300/1534/3602 1231/1448/3545 1270/1501/3548 1311/1550/3603
s 15
f 1326/1473/3582 1332/1566/3581 1338/1570/3604 1327/1472/3605
s 19
f 1347/1579/3606 1348/1580/3607 1339/1571/3608 1330/1475/3609
s 20
f 1330/1475/3610 1328/1467/3611 1346/1578/3612 1347/1579/3613
s 21
f 1247/1478/3614 1228/1441/3615 1350/1583/3616 1351/1584/3617
s 22
f 1246/1479/3618 1227/1469/3619 1250/1480/3620 1249/1477/3621
s 14
f 1250/1480/3578 1226/1443/3577 1251/1481/3622 1249/1477/3623
s 23
f 1253/1483/3624 1230/1445/3625 1254/1484/3626 1252/1482/3627
s 24
f 1254/1484/3628 1229/1446/3629 1255/1485/3630 1252/1482/3631
s 25
f 1353/1586/3632 1354/1587/3633 1232/1447/3634 1258/1488/3635
s 26
f 1258/1488/3636 1225/1466/3637 1352/1585/3638 1353/1586/3639
s 27
f 1251/1481/3640 1226/1443/3641 1259/1489/3642 1256/1486/3643
s 28
f 1261/1492/3644 1231/1448/3645 1262/1493/3646 1260/1490/3647
s 16
f 1336/1568/3586 1324/1439/3585 1325/1476/3648 1331/1564/3649
s 29
f 1264/1495/3650 1232/1447/3651 1354/1587/3652 1355/1588/3653
s 24
f 1257/1487/3654 1229/1446/3629 1254/1484/3628 1263/1494/3655
s 23
f 1254/1484/3626 1230/1445/3625 1265/1496/3656 1263/1494/3657
s 30
f 1357/1590/3658 1358/1591/3659 1234/1442/3660 1266/1498/3661
s 31
f 1266/1498/3662 1224/1449/3663 1356/1589/3664 1357/1590/3665
s 32
f 1265/1496/3666 1230/1445/3667 1268/1499/3668 1267/1497/3669
f 1268/1499/3668 1230/1445/3667 1253/1483/3670 1269/1500/3671
s 33
f 1253/1483/3672 1235/1444/3673 1270/1501/3674 1269/1500/3675
s off
f 1272/1503/3676 1237/1465/3677 1273/1504/3678 1271/1502/3679
f 1273/1504/3680 1238/1464/3681 1274/1505/3682 1271/1502/3683
s 13
f 1274/1505/3684 1239/1453/3571 1275/1506/3570 1271/1502/3685
s 34
f 1272/1503/3686 1236/1450/3687 1277/1508/3688 1276/1507/3689
s 35
f 1277/1508/3690 1240/1454/3691 1278/1509/3692 1276/1507/3693
s 36
f 1278/1509/3694 1241/1463/3695 1279/1510/3696 1276/1507/3697
s 17
f 1274/1505/3698 1238/1464/3589 1281/1512/3699 1280/1511/3700
s 18
f 1281/1512/3600 1245/1461/3599 1282/1513/3701 1280/1511/3702
s off
f 1282/1513/3703 1244/1457/3704 1283/1514/3705 1280/1511/3706
s 37
f 1278/1509/3707 1240/1454/3708 1285/1516/3709 1284/1515/3710
s 38
f 1285/1516/3711 1242/1458/3712 1286/1517/3713 1284/1515/3714
s 39
f 1286/1517/3715 1243/1468/3716 1287/1518/3717 1284/1515/3718
s 40
f 1286/1520/3719 1242/1470/3720 1289/1521/3721 1288/1519/3722
s off
f 1289/1521/3723 1244/1457/3724 1282/1513/3725 1288/1519/3726
s 41
f 1282/1513/3727 1245/1461/3728 1290/1522/3729 1288/1519/3730
s 3
f 1292/1524/3731 1235/1444/3529 1255/1485/3528 1291/1523/3732
s 24
f 1255/1485/3630 1229/1446/3629 1293/1525/3733 1291/1523/3734
s 8
f 1293/1525/3735 1236/1450/3551 1275/1506/3550 1291/1523/3736
s 27
f 1259/1489/3642 1226/1443/3641 1295/1527/3737 1294/1526/3738
s 35
f 1295/1527/3739 1240/1454/3691 1277/1508/3690 1294/1526/3740
s 34
f 1277/1508/3688 1236/1450/3687 1293/1525/3741 1294/1526/3742
s 22
f 1250/1480/3620 1227/1469/3619 1297/1529/3743 1296/1528/3744
s 38
f 1297/1529/3745 1242/1458/3712 1285/1516/3711 1296/1528/3746
s 37
f 1285/1516/3709 1240/1454/3708 1295/1527/3747 1296/1528/3748
s 1
f 1326/1473/3522 1324/1439/3521 1335/1531/3749 1334/1567/3750
s off
f 1335/1531/3751 1340/1572/3752 1341/1573/3753 1334/1567/3754
s 40
f 1289/1521/3721 1242/1470/3720 1297/1532/3755 1298/1530/3756
s 28
f 1262/1493/3646 1231/1448/3645 1300/1534/3757 1299/1533/3758
s 10
f 1300/1534/3759 1239/1453/3559 1283/1514/3558 1299/1533/3760
s off
f 1342/1574/3761 1340/1572/3762 1335/1531/3763 1337/1569/3764
f 1273/1536/3765 1237/1451/3766 1302/1537/3767 1301/1535/3768
s 42
f 1302/1537/3769 1233/1460/3770 1303/1538/3771 1301/1535/3772
s 36
f 1279/1540/3696 1241/1455/3695 1305/1541/3773 1304/1539/3774
s off
f 1305/1541/3775 1233/1460/3776 1302/1537/3777 1304/1539/3778
s 39
f 1287/1543/3717 1243/1459/3716 1307/1544/3779 1306/1542/3780
s off
f 1307/1544/3781 1233/1460/3782 1305/1541/3783 1306/1542/3784
s 41
f 1290/1546/3729 1245/1456/3728 1309/1547/3785 1308/1545/3786
s off
f 1309/1547/3787 1233/1460/3788 1307/1544/3789 1308/1545/3790
s 17
f 1281/1549/3699 1238/1452/3589 1303/1538/3588 1310/1548/3791
s 42
f 1303/1538/3771 1233/1460/3770 1309/1547/3792 1310/1548/3793
s 33
f 1270/1501/3674 1235/1444/3673 1292/1524/3794 1311/1550/3795
s off
f 1292/1524/3796 1239/1453/3797 1300/1534/3798 1311/1550/3799
s 43
f 1248/1491/3800 1343/1575/3801 1344/1576/3802 1312/1551/3803
s off
f 1297/1532/3804 1227/1440/3805 1314/1554/3806 1315/1553/3807
f 1298/1530/3808 1297/1532/3809 1315/1553/3810 1316/1555/3811
f 1262/1493/3812 1299/1533/3813 1318/1557/3814 1317/1556/3815
f 1227/1440/3816 1246/1474/3817 1319/1558/3818 1314/1554/3819
s 44
f 1349/1581/3820 1350/1582/3821 1228/1471/3822 1320/1559/3823
s off
f 1260/1490/3824 1262/1493/3825 1317/1556/3826 1313/1552/3827
f 1244/1457/3828 1289/1521/3829 1322/1561/3830 1321/1560/3831
f 1289/1521/3832 1298/1530/3833 1316/1555/3834 1322/1561/3835
f 1283/1514/3836 1244/1457/3837 1321/1560/3838 1323/1562/3839
f 1299/1533/3840 1283/1514/3841 1323/1562/3842 1318/1557/3843
s 45
f 1312/1551/3844 1344/1576/3845 1345/1577/3846 1329/1563/3847
s off
f 1315/1553/3848 1314/1554/3849 1332/1566/3850 1333/1565/3851
f 1316/1555/3852 1315/1553/3853 1333/1565/3854 1334/1567/3855
f 1317/1556/3856 1318/1557/3857 1337/1569/3858 1336/1568/3859
f 1314/1554/3860 1319/1558/3861 1338/1570/3862 1332/1566/3863
s 46
f 1348/1580/3864 1349/1581/3865 1320/1559/3866 1339/1571/3867
s off
f 1313/1552/3868 1317/1556/3869 1336/1568/3870 1331/1564/3871
f 1321/1560/3872 1322/1561/3873 1341/1573/3874 1340/1572/3875
f 1322/1561/3876 1316/1555/3877 1334/1567/3878 1341/1573/3879
f 1323/1562/3880 1321/1560/3881 1340/1572/3882 1342/1574/3883
f 1318/1557/3884 1323/1562/3885 1342/1574/3886 1337/1569/3887
s 43
f 1344/1576/3802 1343/1575/3801 1260/1490/3888 1313/1552/3889
s 45
f 1345/1577/3846 1344/1576/3845 1313/1552/3890 1331/1564/3891
s 5
f 1325/1476/3892 1346/1578/3537 1345/1577/3536 1331/1564/3893
s 20
f 1347/1579/3613 1346/1578/3612 1325/1476/3894 1327/1472/3895
s 19
f 1338/1570/3896 1348/1580/3607 1347/1579/3606 1327/1472/3897
s 46
f 1319/1558/3898 1349/1581/3865 1348/1580/3864 1338/1570/3899
s 44
f 1246/1474/3900 1350/1582/3821 1349/1581/3820 1319/1558/3901
s 21
f 1351/1584/3617 1350/1583/3616 1246/1479/3902 1249/1477/3903
s 2
f 1251/1481/3904 1352/1585/3525 1351/1584/3524 1249/1477/3905
s 26
f 1353/1586/3639 1352/1585/3638 1251/1481/3906 1256/1486/3907
s 25
f 1257/1487/3908 1354/1587/3633 1353/1586/3632 1256/1486/3909
s 29
f 1355/1588/3653 1354/1587/3652 1257/1487/3910 1263/1494/3911
s 6
f 1265/1496/3912 1356/1589/3541 1355/1588/3540 1263/1494/3913
s 31
f 1357/1590/3665 1356/1589/3664 1265/1496/3914 1267/1497/3915
s 30
f 1261/1492/3916 1358/1591/3659 1357/1590/3658 1267/1497/3917
g default
v 31.439047 0.123334 -24.234187
v 35.718683 0.090866 -31.861952
v 35.726354 3.870395 -31.995696
v 22.464580 3.239630 -34.573538
v 28.126209 3.296914 -38.377320
v 22.189206 0.123334 -34.188572
v 28.030232 0.339721 -37.145950
v 34.695362 4.947957 -27.644149
v 30.946554 2.917364 -24.277941
v 24.525971 5.125845 -30.406714
v 37.065382 0.105874 -26.171787
v 29.386094 8.215278 -32.470428
v 25.664828 0.123334 -28.176610
v 30.164625 5.641063 -27.573030
v 31.824797 7.137922 -29.629295
v 29.774295 8.146795 -31.824279
v 28.883254 8.043386 -31.884116
v 27.329145 7.297647 -30.531563
v 33.470737 5.496779 -32.491991
v 30.214884 7.610815 -32.412359
v 27.604538 5.427454 -36.440632
v 28.987575 7.759397 -32.906622
v 23.564227 5.966761 -33.856811
v 28.360624 8.035578 -32.406825
v 25.181185 1.775975 -36.064912
v 25.295395 3.268273 -36.475430
v 28.078219 1.818318 -37.761636
v 25.109719 0.231528 -35.667262
v 22.326893 1.681482 -34.381055
v 31.874457 0.215294 -34.503951
v 23.927018 0.123334 -31.182592
v 32.107507 1.936316 -34.694135
v 31.926282 3.583655 -35.186508
v 35.722519 1.980631 -31.928826
v 31.903143 4.391504 -26.351073
v 30.555591 4.279213 -25.925487
v 32.820960 3.932661 -25.961044
v 32.429994 5.294511 -27.608589
v 35.811600 2.263782 -29.205423
v 35.880375 2.526916 -26.907966
v 36.392034 0.098370 -29.016868
v 35.210855 4.409177 -29.819924
v 23.912383 2.203084 -31.464167
v 25.095400 2.624590 -29.291661
v 23.495277 4.182738 -32.490126
v 33.871727 2.162153 -25.796910
v 34.252215 0.114604 -25.202986
v 31.192805 1.520349 -24.256061
v 28.551938 0.123334 -26.205399
v 27.619760 2.348916 -27.229313
v 27.736264 4.021605 -27.342326
v 28.560006 4.451943 -27.297021
v 27.345297 5.383455 -28.989873
v 29.538601 7.529827 -30.703446
v 30.799548 7.642359 -30.726786
v 29.328774 8.095089 -31.854197
v 28.106197 7.670515 -31.207843
v 29.576972 7.217785 -30.080429
v 31.721895 6.828118 -31.583735
v 32.647770 6.317351 -31.060641
v 31.842810 6.553798 -32.452176
v 29.994589 7.878805 -32.118319
v 26.319038 7.050370 -32.393225
v 28.621939 8.039481 -32.145470
v 25.962426 7.001169 -33.131817
v 25.446686 6.632203 -32.194187
v 30.123683 6.301597 -33.822509
v 30.537640 5.462116 -34.466310
v 28.296057 6.593425 -34.673627
v 29.601231 7.685108 -32.659490
v 26.766244 6.539363 -34.194540
v 25.584382 5.697107 -35.148721
v 28.674100 7.897488 -32.656723
v 31.113673 6.222679 -28.803561
v 28.746882 6.469355 -29.052300
v 33.260078 6.042940 -28.636723
v 33.901613 5.396810 -30.302130
v 34.598544 4.683588 -32.243844
v 31.144818 4.416560 -34.987054
v 27.865372 4.362185 -37.408977
v 25.342707 4.377379 -35.816479
v 23.014403 4.603195 -34.215175
v 24.395070 5.338675 -32.396405
v 25.927559 6.211747 -30.469140
v 29.320604 8.131632 -32.059503
v 29.580195 8.181035 -32.147354
v 29.134674 8.129332 -32.177273
v 29.836768 7.949224 -32.258234
v 29.800488 7.913047 -32.441393
v 29.560224 7.865539 -32.580041
v 29.186835 7.987338 -32.688525
v 28.911715 8.002191 -32.596167
v 28.873356 8.125427 -32.438627
v 28.912792 8.107313 -32.275258
v 27.294155 6.013701 -29.523854
vt 0.106185 0.192947
vt 0.019070 0.192947
vt 0.420449 0.012011
vt 0.167807 0.012011
vt 0.337331 0.192947
vt 0.219102 0.243023
vt 0.219102 0.124298
vt 0.252503 0.192947
vt 0.252503 0.012011
vt 0.167807 0.192947
vt 0.219102 0.012011
vt 0.252503 0.322184
vt 0.937112 0.011156
vt 0.924385 0.030541
vt 0.167807 0.322184
vt 0.337331 0.322184
vt 0.971978 0.011156
vt 0.924385 0.045989
vt 0.106185 0.322184
vt 0.420449 0.322184
vt 0.971979 0.045989
vt 0.943151 0.025258
vt 0.106185 0.530708
vt 0.019070 0.530708
vt 0.337331 0.530708
vt 0.167807 0.530708
vt 0.252503 0.530708
vt 0.337331 0.012011
vt 0.106185 0.012011
vt 0.420449 0.530708
vt 0.420449 0.192947
vt 0.019070 0.322184
vt 0.019070 0.012011
vt 0.062976 0.104065
vt 0.062627 0.192947
vt 0.019070 0.102479
vt 0.062627 0.012011
vt 0.106185 0.102479
vt 0.376643 0.104222
vt 0.378890 0.012011
vt 0.420449 0.102479
vt 0.378890 0.192947
vt 0.337331 0.102479
vt 0.229741 0.182228
vt 0.219102 0.183660
vt 0.235802 0.158622
vt 0.235802 0.217985
vt 0.291359 0.101937
vt 0.252503 0.102479
vt 0.294917 0.012011
vt 0.294917 0.192947
vt 0.141433 0.101683
vt 0.136996 0.012011
vt 0.167807 0.102479
vt 0.136996 0.192947
vt 0.238355 0.090305
vt 0.235802 0.012011
vt 0.219102 0.068154
vt 0.189375 0.095141
vt 0.193454 0.012011
vt 0.193454 0.158622
vt 0.201851 0.181902
vt 0.193454 0.217985
vt 0.211729 0.396477
vt 0.252503 0.426446
vt 0.210155 0.530708
vt 0.167807 0.426446
vt 0.210155 0.322184
vt 0.301018 0.400849
vt 0.294917 0.322184
vt 0.337331 0.426446
vt 0.294917 0.530708
vt 0.130074 0.395287
vt 0.136996 0.530708
vt 0.106185 0.426446
vt 0.136996 0.322184
vt 0.380310 0.400866
vt 0.378890 0.322184
vt 0.420449 0.426446
vt 0.378890 0.530708
vt 0.062652 0.401991
vt 0.019070 0.426446
vt 0.062627 0.322184
vt 0.062627 0.530708
vt 0.224258 0.268241
vt 0.193454 0.282603
vt 0.252503 0.257565
vt 0.291896 0.256558
vt 0.337331 0.257565
vt 0.380866 0.250776
vt 0.420449 0.257565
vt 0.064139 0.251739
vt 0.106185 0.257565
vt 0.019070 0.257565
vt 0.136199 0.255033
vt 0.167807 0.257565
vt 0.934457 0.022894
vt 0.930749 0.020848
vt 0.940131 0.018207
vt 0.933768 0.027899
vt 0.953124 0.015402
vt 0.954545 0.011156
vt 0.957565 0.018207
vt 0.961945 0.026457
vt 0.971978 0.028572
vt 0.957565 0.035623
vt 0.946630 0.039114
vt 0.948182 0.045989
vt 0.933768 0.035623
vt 0.931633 0.033368
vt 0.924385 0.038265
vt 0.184537 0.252113
vn -0.527551 -0.122608 -0.840629
vn -0.535408 0.103306 -0.838252
vn -0.534524 0.129818 -0.835123
vn -0.527551 -0.122608 -0.840629
vn 0.583555 -0.095695 -0.806416
vn 0.583555 -0.095695 -0.806416
vn 0.583555 -0.095695 -0.806416
vn 0.583555 -0.095695 -0.806416
vn 0.114484 0.816561 0.565792
vn 0.103925 0.841455 0.530239
vn 0.128821 0.779143 0.613466
vn 0.128821 0.779143 0.613466
vn 0.834898 0.550378 -0.005424
vn 0.838074 0.545539 -0.004517
vn 0.928342 0.370800 0.026236
vn 0.928342 0.370800 0.026236
vn -0.871827 0.092177 0.481062
vn -0.871827 0.092177 0.481062
vn -0.871827 0.092177 0.481062
vn -0.871827 0.092177 0.481062
vn 0.382500 0.229593 0.894976
vn 0.382500 0.229593 0.894976
vn 0.382499 0.229593 0.894976
vn 0.382500 0.229593 0.894976
vn -0.562924 0.365229 0.741434
vn -0.573488 0.323572 0.752604
vn -0.637962 0.152837 0.754748
vn -0.637962 0.152837 0.754748
vn -0.389952 0.643144 0.659017
vn -0.382854 0.665382 0.640851
vn -0.063371 0.819972 0.568884
vn -0.060824 0.722396 0.688799
vn -0.064332 0.885572 0.460025
vn -0.064332 0.885572 0.460025
vn 0.567140 0.800173 -0.195129
vn 0.567336 0.799798 -0.196096
vn 0.566388 0.801598 -0.191432
vn 0.566388 0.801598 -0.191432
vn -0.617381 0.727741 0.298720
vn -0.510082 0.837608 0.195522
vn -0.391159 0.915854 0.090588
vn -0.391159 0.915854 0.090588
vn 0.392906 0.650044 -0.650437
vn 0.392824 0.658849 -0.641566
vn 0.392793 0.661141 -0.639224
vn 0.392793 0.661141 -0.639224
vn -0.164992 0.839665 -0.517436
vn -0.164986 0.839717 -0.517354
vn -0.164726 0.842079 -0.513584
vn -0.164726 0.842079 -0.513584
vn -0.035215 0.836243 0.547227
vn -0.041540 0.852742 0.520678
vn -0.028930 0.819105 0.572914
vn -0.028930 0.819105 0.572914
vn 0.621780 0.781346 -0.053735
vn 0.621780 0.781346 -0.053735
vn 0.498960 0.559146 -0.662113
vn 0.622069 0.063547 -0.780380
vn 0.603355 0.215352 -0.767845
vn 0.498960 0.559146 -0.662113
vn -0.475247 0.496798 -0.726177
vn -0.535743 0.030435 -0.843833
vn -0.535300 0.081884 -0.840684
vn -0.475247 0.496798 -0.726177
vn -0.840814 0.423205 0.337535
vn -0.892050 0.143720 0.428477
vn -0.886210 0.219500 0.407985
vn -0.840814 0.423205 0.337535
vn -0.142014 0.976121 0.164377
vn -0.360892 0.920508 0.149741
vn -0.125255 0.975901 0.178686
vn -0.125255 0.975901 0.178686
vn 0.580020 0.769637 -0.266900
vn 0.580020 0.769637 -0.266900
vn 0.380478 0.443740 -0.811376
vn 0.380478 0.443740 -0.811376
vn -0.171581 0.755252 -0.632578
vn -0.171581 0.755252 -0.632578
vn -0.161855 0.975765 0.147258
vn -0.416379 0.883848 0.213170
vn -0.379145 0.902556 0.204064
vn -0.161855 0.975765 0.147258
vn -0.409927 0.570030 0.712057
vn -0.409927 0.570030 0.712057
vn -0.512083 -0.255324 -0.820110
vn -0.512083 -0.255323 -0.820110
vn -0.456457 -0.266516 -0.848891
vn -0.456457 -0.266516 -0.848891
vn -0.456457 -0.266516 -0.848891
vn -0.456457 -0.266516 -0.848891
vn -0.472392 -0.133856 -0.871165
vn -0.472392 -0.133856 -0.871165
vn -0.472392 -0.133856 -0.871165
vn -0.472392 -0.133856 -0.871165
vn 0.568648 -0.247523 -0.784456
vn 0.568648 -0.247523 -0.784456
vn 0.568648 -0.247523 -0.784456
vn 0.568648 -0.247523 -0.784456
vn 0.613616 -0.240447 -0.752104
vn 0.617820 0.097940 -0.780196
vn 0.622318 0.038491 -0.781818
vn 0.613616 -0.240447 -0.752104
vn 0.626103 -0.091040 -0.774408
vn 0.626103 -0.091040 -0.774408
vn 0.128821 0.779144 0.613466
vn 0.427239 0.394143 0.813706
vn 0.390104 0.458975 0.798223
vn 0.128821 0.779144 0.613466
vn 0.329931 0.564450 0.756665
vn 0.321844 0.564532 0.760079
vn 0.099191 0.778207 0.620125
vn 0.128822 0.779144 0.613465
vn 0.932308 0.328258 -0.151818
vn 0.932308 0.328258 -0.151818
vn 0.932308 0.328259 -0.151818
vn 0.932308 0.328259 -0.151818
vn 0.981326 0.130640 -0.141181
vn 0.981326 0.130640 -0.141181
vn 0.981326 0.130640 -0.141181
vn 0.981326 0.130640 -0.141181
vn 0.985966 0.155925 0.059658
vn 0.913994 0.405325 0.018049
vn 0.893309 0.449330 0.010044
vn 0.985966 0.155925 0.059658
vn -0.871696 0.037818 0.488585
vn -0.871696 0.037818 0.488585
vn -0.871696 0.037818 0.488585
vn -0.871696 0.037818 0.488585
vn -0.889806 0.021887 0.455814
vn -0.879566 0.323599 0.348779
vn -0.894678 0.206495 0.396120
vn -0.889806 0.021887 0.455814
vn -0.892736 0.082077 0.443042
vn -0.892736 0.082077 0.443042
vn 0.343365 0.376416 0.860472
vn 0.343365 0.376416 0.860472
vn 0.343365 0.376416 0.860472
vn 0.343365 0.376416 0.860472
vn 0.434940 0.404769 0.804356
vn 0.434940 0.404769 0.804356
vn 0.496426 0.252056 0.830680
vn 0.496426 0.252056 0.830680
vn -0.582785 0.174055 0.793767
vn -0.582785 0.174055 0.793767
vn -0.582785 0.174055 0.793767
vn -0.582785 0.174055 0.793767
vn -0.604787 0.032972 0.795705
vn -0.604787 0.032972 0.795705
vn -0.604787 0.032972 0.795705
vn -0.604787 0.032972 0.795705
vn -0.664088 0.004784 0.747639
vn -0.642097 0.115244 0.757911
vn -0.615697 0.212067 0.758910
vn -0.664088 0.004784 0.747639
vn -0.382854 0.665382 0.640851
vn -0.382854 0.665382 0.640851
vn -0.382855 0.665380 0.640852
vn -0.387037 0.652474 0.651521
vn -0.400149 0.608036 0.685691
vn -0.382855 0.665380 0.640852
vn -0.086526 0.880337 0.466391
vn -0.086526 0.880337 0.466391
vn -0.086526 0.880337 0.466391
vn -0.086526 0.880337 0.466391
vn -0.081327 0.896669 0.435168
vn -0.081327 0.896669 0.435168
vn -0.081327 0.896669 0.435168
vn -0.081327 0.896669 0.435168
vn -0.060117 0.896711 0.438515
vn -0.060117 0.896711 0.438515
vn 0.556193 0.815780 -0.158595
vn 0.599886 0.793028 -0.106033
vn 0.604982 0.789984 -0.099610
vn 0.556193 0.815780 -0.158595
vn 0.578371 0.806313 -0.123879
vn 0.595036 0.797107 -0.102724
vn 0.538799 0.824786 -0.171533
vn 0.538799 0.824786 -0.171533
vn 0.541970 0.811258 -0.219382
vn 0.542971 0.810257 -0.220602
vn 0.546562 0.806629 -0.224989
vn 0.541970 0.811258 -0.219382
vn -0.382610 0.911915 0.148393
vn -0.375335 0.914919 0.148484
vn -0.382610 0.911915 0.148393
vn -0.423302 0.880147 0.214841
vn -0.423302 0.880147 0.214841
vn -0.419302 0.899435 0.123301
vn -0.737790 0.407776 0.537945
vn -0.573848 0.763409 0.296487
vn -0.419302 0.899435 0.123301
vn 0.408439 0.665097 -0.625159
vn 0.465056 0.575208 -0.672948
vn 0.447111 0.605668 -0.658223
vn 0.408439 0.665097 -0.625159
vn 0.425115 0.652246 -0.627577
vn 0.431807 0.644029 -0.631482
vn 0.400490 0.681235 -0.612802
vn 0.400490 0.681235 -0.612802
vn 0.381489 0.686332 -0.619205
vn 0.381848 0.681849 -0.623918
vn 0.382198 0.677253 -0.628691
vn 0.381489 0.686332 -0.619205
vn -0.194152 0.848405 -0.492458
vn -0.353854 0.658879 -0.663827
vn -0.324766 0.701224 -0.634675
vn -0.194152 0.848405 -0.492458
vn -0.346423 0.663384 -0.663259
vn -0.380615 0.607116 -0.697525
vn -0.203272 0.839160 -0.504472
vn -0.203272 0.839160 -0.504472
vn -0.180365 0.827498 -0.531709
vn -0.180241 0.826394 -0.533467
vn -0.179982 0.824103 -0.537085
vn -0.180365 0.827498 -0.531709
vn 0.089531 0.872019 0.481214
vn 0.089531 0.872019 0.481214
vn 0.074066 0.776854 0.625309
vn 0.074066 0.776854 0.625309
vn -0.059915 0.693927 0.717548
vn -0.059915 0.693927 0.717548
vn 0.605263 0.793524 -0.063062
vn 0.605263 0.793524 -0.063062
vn 0.609396 0.788413 -0.083913
vn 0.609396 0.788413 -0.083913
vn 0.627304 0.775562 -0.070663
vn 0.627304 0.775562 -0.070663
vn 0.461071 0.634698 -0.620138
vn 0.461071 0.634698 -0.620138
vn 0.441927 0.631312 -0.637295
vn 0.441927 0.631312 -0.637295
vn 0.479914 0.548389 -0.684801
vn 0.479914 0.548389 -0.684801
vn -0.495832 0.430124 -0.754416
vn -0.495832 0.430124 -0.754416
vn -0.464758 0.432541 -0.772598
vn -0.464758 0.432542 -0.772598
vn -0.439611 0.505690 -0.742307
vn -0.439611 0.505690 -0.742307
vn -0.693451 0.710171 0.121586
vn -0.693451 0.710171 0.121586
vn -0.663185 0.663387 0.346560
vn -0.663185 0.663387 0.346560
vn -0.751166 0.332410 0.570309
vn -0.751166 0.332410 0.570310
vn -0.125258 0.975901 0.178683
vn -0.125258 0.975901 0.178683
vn -0.125258 0.975901 0.178683
vn -0.125258 0.975901 0.178683
vn -0.125253 0.975901 0.178688
vn -0.138998 0.976116 0.166964
vn -0.145565 0.976106 0.161329
vn -0.125253 0.975901 0.178688
vn 0.580022 0.769635 -0.266902
vn 0.580022 0.769635 -0.266902
vn 0.580019 0.769637 -0.266900
vn 0.580019 0.769637 -0.266900
vn 0.580019 0.769637 -0.266900
vn 0.580019 0.769638 -0.266900
vn 0.380479 0.443737 -0.811378
vn 0.380479 0.443737 -0.811378
vn 0.380479 0.443737 -0.811377
vn 0.380479 0.443737 -0.811377
vn 0.380479 0.443737 -0.811377
vn 0.380479 0.443737 -0.811377
vn -0.171584 0.755251 -0.632578
vn -0.171584 0.755251 -0.632578
vn -0.171580 0.755252 -0.632578
vn -0.171580 0.755252 -0.632578
vn -0.171580 0.755252 -0.632578
vn -0.171580 0.755252 -0.632578
vn -0.161857 0.975766 0.147254
vn -0.161859 0.975765 0.147256
vn -0.161859 0.975765 0.147256
vn -0.409926 0.570033 0.712055
vn -0.409926 0.570033 0.712055
vn -0.409926 0.570032 0.712056
vn -0.409926 0.570032 0.712056
vn -0.409926 0.570032 0.712056
vn -0.409926 0.570032 0.712056
s 1
g group2 Ore_Clicker24
usemtl initialShadingGroup
f 1387/1629/3918 1362/1592/3919 1384/1626/3920 1383/1625/3921
s off
f 1392/1634/3922 1360/1619/3923 1388/1631/3924 1390/1630/3925
s 2
f 1396/1638/3926 1372/1597/3927 1394/1636/3928 1393/1635/3929
s 3
f 1400/1642/3930 1366/1599/3931 1398/1640/3932 1397/1639/3933
s off
f 1387/1629/3934 1364/1620/3935 1389/1644/3936 1401/1643/3937
f 1406/1649/3938 1359/1602/3939 1405/1648/3940 1404/1647/3941
s 4
f 1409/1652/3942 1368/1601/3943 1402/1645/3944 1408/1650/3945
f 1411/1654/3946 1368/1601/3943 1409/1652/3942 1410/1653/3947
s 5
f 1416/1659/3948 1373/1603/3949 1413/1656/3950 1412/1655/3951
s 6
f 1420/1663/3952 1374/1618/3953 1413/1656/3954 1417/1660/3955
s 7
f 1424/1667/3956 1376/1606/3957 1415/1658/3958 1421/1664/3959
s 8
f 1428/1671/3960 1378/1616/3961 1419/1662/3962 1425/1668/3963
s 9
f 1431/1675/3964 1380/1615/3965 1427/1673/3966 1429/1672/3967
s 10
f 1416/1659/3968 1376/1606/3969 1433/1677/3970 1432/1676/3971
s 3
f 1434/1678/3972 1366/1599/3931 1400/1642/3930 1435/1679/3973
s 11
f 1436/1680/3974 1361/1596/3975 1391/1633/3976 1437/1681/3977
s 12
f 1438/1685/3978 1363/1593/3979 1384/1626/3980 1439/1683/3981
s 13
f 1440/1684/3982 1362/1592/3983 1403/1646/3984 1441/1686/3985
s 14
f 1445/1691/3986 1375/1605/3987 1414/1689/3988 1443/1688/3989
s 6
f 1444/1690/3990 1374/1604/3953 1420/1693/3952 1446/1692/3991
s 8
f 1447/1694/3992 1378/1608/3961 1428/1696/3960 1448/1695/3993
s 9
f 1449/1697/3994 1380/1612/3965 1431/1699/3964 1450/1698/3995
s 15
f 1451/1700/3996 1382/1609/3997 1422/1702/3998 1452/1701/3999
s 4
f 1442/1687/4000 1368/1601/3943 1411/1654/3946 1453/1703/4001
s 12
f 1384/1626/3980 1363/1593/3979 1385/1627/4002 1383/1625/4003
s off
f 1385/1627/4004 1365/1624/4005 1386/1628/4006 1383/1625/4007
f 1386/1628/4008 1364/1620/4009 1387/1629/4010 1383/1625/4011
f 1388/1631/4012 1365/1594/4013 1385/1632/4014 1390/1630/4015
s 16
f 1385/1632/4016 1363/1622/4017 1391/1633/4018 1390/1630/4019
s 11
f 1391/1633/3976 1361/1596/3975 1392/1634/4020 1390/1630/4021
s 17
f 1394/1636/4022 1367/1598/4023 1395/1637/4024 1393/1635/4025
s 18
f 1395/1637/4026 1366/1599/4027 1396/1638/4028 1393/1635/4029
s off
f 1398/1640/4030 1369/1600/4031 1399/1641/4032 1397/1639/4033
f 1399/1641/4034 1360/1619/4035 1392/1634/4036 1397/1639/4037
s 19
f 1392/1634/4038 1361/1596/4039 1400/1642/4040 1397/1639/4041
s off
f 1389/1644/4042 1371/1595/4043 1402/1645/4044 1401/1643/4045
s 20
f 1402/1645/4046 1368/1601/4047 1403/1646/4048 1401/1643/4049
s 13
f 1403/1646/3984 1362/1592/3983 1387/1629/4050 1401/1643/4051
s off
f 1405/1648/4052 1369/1600/4053 1398/1640/4054 1404/1647/4055
s 18
f 1398/1640/4056 1366/1599/4027 1395/1637/4026 1404/1647/4057
s 17
f 1395/1637/4024 1367/1598/4023 1406/1649/4058 1404/1647/4059
s off
f 1402/1645/4060 1371/1595/4061 1407/1651/4062 1408/1650/4063
f 1407/1651/4064 1359/1602/4065 1406/1649/4066 1408/1650/4067
s 21
f 1406/1649/4068 1367/1598/4069 1409/1652/4070 1408/1650/4071
f 1409/1652/4070 1367/1598/4069 1394/1636/4072 1410/1653/4073
s 22
f 1394/1636/4074 1372/1597/4075 1411/1654/4076 1410/1653/4077
s off
f 1413/1656/4078 1374/1618/4079 1414/1657/4080 1412/1655/4081
f 1414/1657/4082 1375/1617/4083 1415/1658/4084 1412/1655/4085
s 10
f 1415/1658/4086 1376/1606/3969 1416/1659/3968 1412/1655/4087
s 23
f 1413/1656/4088 1373/1603/4089 1418/1661/4090 1417/1660/4091
s 24
f 1418/1661/4092 1377/1607/4093 1419/1662/4094 1417/1660/4095
s 25
f 1419/1662/4096 1378/1616/4097 1420/1663/4098 1417/1660/4099
s 14
f 1415/1658/4100 1375/1617/3987 1422/1665/4101 1421/1664/4102
s 15
f 1422/1665/3998 1382/1614/3997 1423/1666/4103 1421/1664/4104
s 26
f 1423/1666/4105 1381/1610/4106 1424/1667/4107 1421/1664/4108
s 27
f 1419/1662/4109 1377/1607/4110 1426/1669/4111 1425/1668/4112
s 28
f 1426/1669/4113 1379/1611/4114 1427/1670/4115 1425/1668/4116
s 29
f 1427/1670/4117 1380/1621/4118 1428/1671/4119 1425/1668/4120
s 30
f 1427/1673/4121 1379/1623/4122 1430/1674/4123 1429/1672/4124
s 31
f 1430/1674/4125 1381/1610/4126 1423/1666/4127 1429/1672/4128
s 32
f 1423/1666/4129 1382/1614/4130 1431/1675/4131 1429/1672/4132
s 2
f 1433/1677/4133 1372/1597/3927 1396/1638/3926 1432/1676/4134
s 18
f 1396/1638/4028 1366/1599/4027 1434/1678/4135 1432/1676/4136
s 5
f 1434/1678/4137 1373/1603/3949 1416/1659/3948 1432/1676/4138
s 19
f 1400/1642/4040 1361/1596/4039 1436/1680/4139 1435/1679/4140
s 24
f 1436/1680/4141 1377/1607/4093 1418/1661/4092 1435/1679/4142
s 23
f 1418/1661/4090 1373/1603/4089 1434/1678/4143 1435/1679/4144
s 16
f 1391/1633/4018 1363/1622/4017 1438/1682/4145 1437/1681/4146
s 28
f 1438/1682/4147 1379/1611/4114 1426/1669/4113 1437/1681/4148
s 27
f 1426/1669/4111 1377/1607/4110 1436/1680/4149 1437/1681/4150
s 1
f 1384/1626/3920 1362/1592/3919 1440/1684/4151 1439/1683/4152
s 31
f 1440/1684/4153 1381/1610/4126 1430/1674/4125 1439/1683/4154
s 30
f 1430/1674/4123 1379/1623/4122 1438/1685/4155 1439/1683/4156
s 20
f 1403/1646/4048 1368/1601/4047 1442/1687/4157 1441/1686/4158
s 7
f 1442/1687/4159 1376/1606/3957 1424/1667/3956 1441/1686/4160
s 26
f 1424/1667/4107 1381/1610/4106 1440/1684/4161 1441/1686/4162
s off
f 1414/1689/4163 1374/1604/4164 1444/1690/4165 1443/1688/4166
s 33
f 1444/1690/4167 1370/1613/4168 1445/1691/4169 1443/1688/4170
s 25
f 1420/1693/4098 1378/1608/4097 1447/1694/4171 1446/1692/4172
s off
f 1447/1694/4173 1370/1613/4174 1444/1690/4175 1446/1692/4176
s 29
f 1428/1696/4119 1380/1612/4118 1449/1697/4177 1448/1695/4178
s off
f 1449/1697/4179 1370/1613/4180 1447/1694/4181 1448/1695/4182
s 32
f 1431/1699/4131 1382/1609/4130 1451/1700/4183 1450/1698/4184
s off
f 1451/1700/4185 1370/1613/4186 1449/1697/4187 1450/1698/4188
s 14
f 1422/1702/4101 1375/1605/3987 1445/1691/3986 1452/1701/4189
s 33
f 1445/1691/4169 1370/1613/4168 1451/1700/4190 1452/1701/4191
s 22
f 1411/1654/4076 1372/1597/4075 1433/1677/4192 1453/1703/4193
s off
f 1433/1677/4194 1376/1606/4195 1442/1687/4196 1453/1703/4197
g default
v 25.779923 0.007905 39.568978
v 24.644606 -0.049899 24.458883
v 24.558654 6.678195 24.289282
v 9.755816 5.555334 39.997402
v 12.647838 5.657319 27.470338
v 9.754897 0.007905 40.844035
v 13.414327 0.393102 29.067712
v 26.589118 8.596296 30.913311
v 25.266533 4.981626 40.214009
v 14.688814 8.913048 42.025884
v 29.941578 -0.023185 29.306887
v 18.011170 14.412702 32.698439
v 17.363870 0.007905 43.061173
v 22.197091 9.830195 37.409544
v 22.387576 12.494758 32.619450
v 18.843325 14.290641 32.915995
v 17.927973 14.106623 34.105958
v 17.349660 12.779162 37.910695
v 22.000501 9.573330 26.892327
v 18.864263 13.336615 31.594472
v 13.489927 9.449898 30.507308
v 17.315638 13.601222 32.744680
v 11.334766 10.409939 39.291908
v 17.050300 14.092834 34.225159
v 11.380568 2.955635 34.366414
v 11.201828 5.606326 33.733869
v 13.031083 3.025210 28.269023
v 11.584611 0.200504 34.955874
v 9.755356 2.781619 40.420720
v 19.029467 0.171602 26.763296
v 13.559382 0.007905 41.952604
v 19.083144 3.237215 26.221391
v 18.603245 6.167757 25.879812
v 24.601630 3.314148 24.374082
v 24.779382 7.633309 36.309281
v 23.731812 7.405911 38.811775
v 25.927826 6.788961 35.563658
v 24.393106 9.213246 34.161425
v 26.593153 3.786556 27.470641
v 28.265348 4.286555 30.110099
v 27.293093 -0.036542 26.882884
v 25.573887 7.637246 27.601294
v 13.341089 3.621782 41.641334
v 16.026343 4.460476 42.543527
v 12.222314 7.234192 41.011644
v 27.072743 3.579699 34.305742
v 27.860751 -0.007640 34.437931
v 25.523228 2.494765 39.891492
v 21.571897 0.007905 41.315073
v 19.989525 3.942826 41.407052
v 19.977673 6.947337 41.119946
v 20.709126 7.746290 40.037639
v 18.442953 9.371622 39.717713
v 19.393254 13.182204 34.601289
v 20.615451 13.392699 32.767723
v 18.385649 14.198632 33.510976
v 17.638817 13.442893 36.008326
v 19.868617 12.636960 35.265074
v 20.935152 11.946124 30.459684
v 22.194039 11.034043 29.755888
v 20.432383 11.454973 29.243397
v 18.853793 13.813628 32.255235
v 15.078864 12.346534 37.128031
v 17.489136 14.099730 34.165558
v 14.192533 12.251387 36.758533
v 14.342214 11.594551 38.601300
v 17.787552 10.958740 30.014234
v 17.745215 9.511613 28.699816
v 15.402783 11.525560 31.625995
v 18.089951 13.468919 32.169577
v 14.188699 11.390276 34.395354
v 12.412347 9.929918 34.899607
v 17.182969 13.847028 33.484920
v 22.233448 10.875718 34.643311
v 19.773375 11.304680 37.660119
v 24.488347 10.545527 31.766380
v 23.975927 9.362869 28.858636
v 23.279579 8.125762 25.590802
v 18.008112 7.643042 27.206006
v 13.068883 7.553608 28.988822
v 11.716952 7.555646 34.387228
v 10.545292 7.982637 39.644654
v 13.210346 9.327211 39.845281
v 16.019237 10.846105 39.968290
v 18.235598 14.263845 33.277830
v 18.427247 14.351671 32.807218
v 17.969570 14.259663 33.402198
v 18.599099 13.949802 32.324113
v 18.437715 13.874657 32.146457
v 18.106228 13.774622 32.314709
v 17.663404 14.006962 32.721560
v 17.452306 14.036861 33.238850
v 17.530736 14.252768 33.461798
v 17.682425 14.219756 33.602797
v 18.061497 10.447832 39.160979
vt 0.106185 0.192947
vt 0.019070 0.192947
vt 0.420449 0.012011
vt 0.167807 0.012011
vt 0.337331 0.192947
vt 0.219102 0.243023
vt 0.219102 0.124298
vt 0.252503 0.192947
vt 0.252503 0.012011
vt 0.167807 0.192947
vt 0.219102 0.012011
vt 0.252503 0.322184
vt 0.937112 0.011156
vt 0.924385 0.030541
vt 0.167807 0.322184
vt 0.337331 0.322184
vt 0.971978 0.011156
vt 0.924385 0.045989
vt 0.106185 0.322184
vt 0.420449 0.322184
vt 0.971979 0.045989
vt 0.943151 0.025258
vt 0.106185 0.530708
vt 0.019070 0.530708
vt 0.337331 0.530708
vt 0.167807 0.530708
vt 0.252503 0.530708
vt 0.337331 0.012011
vt 0.106185 0.012011
vt 0.420449 0.530708
vt 0.420449 0.192947
vt 0.019070 0.322184
vt 0.019070 0.012011
vt 0.062866 0.104218
vt 0.062627 0.192947
vt 0.019070 0.102479
vt 0.062627 0.012011
vt 0.106185 0.102479
vt 0.376942 0.104303
vt 0.378890 0.012011
vt 0.420449 0.102479
vt 0.378890 0.192947
vt 0.337331 0.102479
vt 0.230098 0.182581
vt 0.219102 0.183660
vt 0.235802 0.158622
vt 0.235802 0.217985
vt 0.291470 0.101342
vt 0.252503 0.102479
vt 0.294917 0.012011
vt 0.294917 0.192947
vt 0.141237 0.099960
vt 0.136996 0.012011
vt 0.167807 0.102479
vt 0.136996 0.192947
vt 0.238215 0.089282
vt 0.235802 0.012011
vt 0.219102 0.068154
vt 0.189613 0.094697
vt 0.193454 0.012011
vt 0.193454 0.158622
vt 0.201279 0.182269
vt 0.193454 0.217985
vt 0.211427 0.395310
vt 0.252503 0.426446
vt 0.210155 0.530708
vt 0.167807 0.426446
vt 0.210155 0.322184
vt 0.300435 0.400030
vt 0.294917 0.322184
vt 0.337331 0.426446
vt 0.294917 0.530708
vt 0.130471 0.395176
vt 0.136996 0.530708
vt 0.106185 0.426446
vt 0.136996 0.322184
vt 0.380283 0.398777
vt 0.378890 0.322184
vt 0.420449 0.426446
vt 0.378890 0.530708
vt 0.063038 0.400078
vt 0.019070 0.426446
vt 0.062627 0.322184
vt 0.062627 0.530708
vt 0.223866 0.268513
vt 0.193454 0.282603
vt 0.252503 0.257565
vt 0.292002 0.255637
vt 0.337331 0.257565
vt 0.380625 0.250473
vt 0.420449 0.257565
vt 0.063674 0.251181
vt 0.106185 0.257565
vt 0.019070 0.257565
vt 0.136592 0.255371
vt 0.167807 0.257565
vt 0.934465 0.022866
vt 0.930749 0.020848
vt 0.940131 0.018207
vt 0.933768 0.027899
vt 0.952819 0.015436
vt 0.954545 0.011156
vt 0.957565 0.018207
vt 0.962342 0.026506
vt 0.971978 0.028572
vt 0.957565 0.035623
vt 0.946157 0.039194
vt 0.948182 0.045989
vt 0.933768 0.035623
vt 0.931596 0.033395
vt 0.924385 0.038265
vt 0.185047 0.251024
vn -0.966924 -0.078987 -0.242527
vn -0.969092 0.064033 -0.238244
vn -0.967772 0.084506 -0.237226
vn -0.966924 -0.078987 -0.242527
vn -0.348998 -0.090336 -0.932759
vn -0.348998 -0.090336 -0.932759
vn -0.348998 -0.090336 -0.932759
vn -0.348998 -0.090336 -0.932759
vn 0.641773 0.694062 0.326197
vn 0.623783 0.713646 0.318754
vn 0.689120 0.636956 0.345545
vn 0.689120 0.636956 0.345545
vn 0.767613 0.457243 -0.449109
vn 0.713733 0.545273 -0.439616
vn 0.829123 0.325857 -0.454282
vn 0.829123 0.325857 -0.454282
vn -0.309283 0.098231 0.945883
vn -0.309283 0.098231 0.945883
vn -0.309283 0.098231 0.945883
vn -0.309283 0.098231 0.945883
vn 0.931789 0.149900 0.330604
vn 0.931789 0.149900 0.330604
vn 0.931789 0.149900 0.330604
vn 0.931789 0.149900 0.330604
vn 0.297116 0.329244 0.896282
vn 0.304354 0.317012 0.898260
vn 0.251048 0.148650 0.956493
vn 0.251048 0.148650 0.956493
vn 0.366957 0.594688 0.715324
vn 0.351310 0.625404 0.696743
vn 0.555166 0.697342 0.453326
vn 0.618922 0.611795 0.492588
vn 0.437386 0.816083 0.377760
vn 0.437386 0.816083 0.377760
vn 0.332165 0.806895 -0.488453
vn 0.328786 0.805969 -0.492254
vn 0.334325 0.807478 -0.486011
vn 0.334325 0.807478 -0.486011
vn -0.260670 0.740825 0.619056
vn -0.274727 0.856290 0.437371
vn -0.276982 0.913226 0.298828
vn -0.276982 0.913226 0.298828
vn -0.357832 0.605263 -0.711065
vn -0.345223 0.620224 -0.704375
vn -0.343104 0.622695 -0.703228
vn -0.343104 0.622695 -0.703228
vn -0.649233 0.710147 -0.272375
vn -0.649743 0.709536 -0.272748
vn -0.646945 0.712868 -0.270704
vn -0.646945 0.712868 -0.270704
vn 0.527738 0.745530 0.407036
vn 0.523749 0.749225 0.405399
vn 0.559421 0.714707 0.419813
vn 0.559421 0.714707 0.419813
vn 0.527710 0.754842 -0.389534
vn 0.527710 0.754842 -0.389534
vn -0.274987 0.539269 -0.795972
vn -0.291943 0.076242 -0.953392
vn -0.294360 0.188199 -0.936981
vn -0.274987 0.539269 -0.795972
vn -0.912979 0.345142 -0.217594
vn -0.970629 0.013224 -0.240216
vn -0.969675 0.050927 -0.239032
vn -0.912979 0.345142 -0.217594
vn -0.442908 0.437211 0.782738
vn -0.391297 0.145040 0.908763
vn -0.414108 0.249367 0.875403
vn -0.442908 0.437211 0.782738
vn 0.062143 0.974510 0.215565
vn -0.177244 0.927118 0.330207
vn 0.086021 0.972468 0.216580
vn 0.086021 0.972468 0.216579
vn 0.264055 0.784695 -0.560828
vn 0.264055 0.784695 -0.560828
vn -0.505911 0.389775 -0.769500
vn -0.505911 0.389775 -0.769500
vn -0.726084 0.602879 -0.330664
vn -0.726084 0.602879 -0.330664
vn 0.013810 0.976900 0.213252
vn -0.162069 0.894588 0.416469
vn -0.136996 0.911149 0.388639
vn 0.013810 0.976899 0.213252
vn 0.398143 0.526839 0.750948
vn 0.398143 0.526839 0.750948
vn -0.956015 -0.167025 -0.241120
vn -0.956015 -0.167025 -0.241120
vn -0.944549 -0.174626 -0.278088
vn -0.944549 -0.174626 -0.278087
vn -0.944549 -0.174626 -0.278087
vn -0.944549 -0.174626 -0.278087
vn -0.956308 -0.086378 -0.279309
vn -0.956308 -0.086378 -0.279309
vn -0.956308 -0.086378 -0.279309
vn -0.956308 -0.086378 -0.279309
vn -0.339959 -0.233978 -0.910869
vn -0.339959 -0.233978 -0.910869
vn -0.339959 -0.233978 -0.910869
vn -0.339959 -0.233978 -0.910869
vn -0.269088 -0.233300 -0.934432
vn -0.294993 0.110269 -0.949115
vn -0.293135 0.054146 -0.954537
vn -0.269088 -0.233300 -0.934432
vn -0.281757 -0.088123 -0.955430
vn -0.281757 -0.088123 -0.955430
vn 0.690020 0.635877 0.345735
vn 0.923840 0.263682 0.277472
vn 0.909770 0.300689 0.286190
vn 0.690020 0.635877 0.345735
vn 0.859856 0.410254 0.303872
vn 0.869065 0.389342 0.305186
vn 0.677104 0.639258 0.364526
vn 0.689979 0.636335 0.344973
vn 0.706032 0.314779 -0.634375
vn 0.706033 0.314779 -0.634375
vn 0.706033 0.314779 -0.634375
vn 0.706033 0.314779 -0.634375
vn 0.754334 0.123100 -0.644846
vn 0.754334 0.123100 -0.644846
vn 0.754334 0.123100 -0.644846
vn 0.754334 0.123100 -0.644846
vn 0.885471 0.133199 -0.445195
vn 0.836114 0.305918 -0.455332
vn 0.763230 0.462496 -0.451196
vn 0.885471 0.133199 -0.445195
vn -0.300431 0.039982 0.952965
vn -0.300431 0.039982 0.952965
vn -0.300431 0.039982 0.952965
vn -0.300431 0.039982 0.952965
vn -0.358637 0.023527 0.933181
vn -0.478074 0.364771 0.798991
vn -0.422404 0.186653 0.886981
vn -0.358637 0.023527 0.933181
vn -0.376476 0.086169 0.922410
vn -0.376476 0.086169 0.922410
vn 0.906524 0.254239 0.337012
vn 0.906524 0.254239 0.337012
vn 0.906524 0.254239 0.337012
vn 0.906524 0.254239 0.337012
vn 0.923334 0.272186 0.270868
vn 0.923334 0.272186 0.270868
vn 0.953512 0.164582 0.252444
vn 0.953512 0.164582 0.252444
vn 0.337398 0.164496 0.926879
vn 0.337398 0.164496 0.926879
vn 0.337398 0.164496 0.926879
vn 0.337398 0.164496 0.926879
vn 0.321475 0.030978 0.946411
vn 0.321475 0.030978 0.946411
vn 0.321475 0.030978 0.946411
vn 0.321475 0.030978 0.946411
vn 0.219682 0.004452 0.975561
vn 0.257048 0.136949 0.956646
vn 0.284253 0.244737 0.926987
vn 0.219682 0.004452 0.975561
vn 0.352100 0.624872 0.696822
vn 0.352100 0.624872 0.696822
vn 0.351906 0.626171 0.695753
vn 0.362001 0.605688 0.708589
vn 0.374079 0.579918 0.723712
vn 0.351906 0.626171 0.695753
vn 0.426009 0.813449 0.396002
vn 0.426009 0.813449 0.396002
vn 0.426009 0.813449 0.396002
vn 0.426009 0.813449 0.396002
vn 0.401508 0.836381 0.373174
vn 0.401508 0.836381 0.373174
vn 0.401508 0.836381 0.373174
vn 0.401508 0.836381 0.373174
vn 0.421134 0.831900 0.361369
vn 0.421134 0.831900 0.361369
vn 0.361083 0.816625 -0.450269
vn 0.439275 0.788124 -0.431159
vn 0.485297 0.767966 -0.417989
vn 0.361083 0.816625 -0.450269
vn 0.399142 0.806556 -0.436065
vn 0.470223 0.778417 -0.415882
vn 0.329647 0.828523 -0.452639
vn 0.329647 0.828523 -0.452639
vn 0.279293 0.821570 -0.497009
vn 0.279052 0.821044 -0.498012
vn 0.276160 0.814709 -0.509887
vn 0.279293 0.821570 -0.497009
vn -0.202393 0.917143 0.343346
vn -0.195490 0.920098 0.339417
vn -0.202393 0.917143 0.343346
vn -0.167352 0.890882 0.422281
vn -0.167352 0.890882 0.422281
vn -0.267699 0.900491 0.342715
vn -0.102365 0.433094 0.895517
vn -0.224683 0.788816 0.572090
vn -0.267699 0.900491 0.342715
vn -0.315248 0.633544 -0.706570
vn -0.315329 0.547480 -0.775134
vn -0.315761 0.584467 -0.747458
vn -0.315249 0.633544 -0.706570
vn -0.301937 0.620207 -0.724001
vn -0.302066 0.620829 -0.723414
vn -0.308027 0.650472 -0.694266
vn -0.308027 0.650472 -0.694266
vn -0.330711 0.648947 -0.685199
vn -0.337175 0.641278 -0.689258
vn -0.336989 0.641500 -0.689142
vn -0.330711 0.648947 -0.685199
vn -0.649916 0.720234 -0.242637
vn -0.839783 0.483188 -0.247577
vn -0.812045 0.528105 -0.248371
vn -0.649916 0.720234 -0.242637
vn -0.830710 0.496491 -0.251828
vn -0.873331 0.418176 -0.249842
vn -0.664146 0.706063 -0.245734
vn -0.664146 0.706063 -0.245734
vn -0.668865 0.690959 -0.274216
vn -0.669629 0.689935 -0.274931
vn -0.672590 0.685929 -0.277713
vn -0.668865 0.690959 -0.274216
vn 0.571202 0.765287 0.296754
vn 0.571202 0.765287 0.296754
vn 0.664181 0.641766 0.383404
vn 0.664181 0.641766 0.383405
vn 0.643646 0.572966 0.507376
vn 0.643646 0.572966 0.507376
vn 0.504664 0.770919 -0.388585
vn 0.504664 0.770919 -0.388585
vn 0.489799 0.769573 -0.409701
vn 0.489799 0.769573 -0.409701
vn 0.517547 0.752208 -0.407834
vn 0.517547 0.752208 -0.407834
vn -0.264122 0.613957 -0.743839
vn -0.264122 0.613957 -0.743839
vn -0.298521 0.603874 -0.739068
vn -0.298521 0.603874 -0.739068
vn -0.314660 0.521975 -0.792800
vn -0.314660 0.521975 -0.792800
vn -0.930389 0.292509 -0.220940
vn -0.930389 0.292509 -0.220940
vn -0.924392 0.293947 -0.243094
vn -0.924392 0.293947 -0.243094
vn -0.904472 0.351413 -0.241742
vn -0.904472 0.351413 -0.241742
vn -0.526804 0.695100 0.489198
vn -0.526804 0.695100 0.489198
vn -0.251651 0.684954 0.683747
vn -0.251651 0.684954 0.683747
vn -0.074600 0.348335 0.934397
vn -0.074599 0.348335 0.934397
vn 0.086059 0.972469 0.216560
vn 0.086059 0.972469 0.216560
vn 0.086059 0.972469 0.216560
vn 0.086059 0.972469 0.216560
vn 0.085998 0.972479 0.216537
vn 0.067470 0.974096 0.215833
vn 0.038151 0.975963 0.214569
vn 0.085998 0.972479 0.216537
vn 0.262188 0.783591 -0.563243
vn 0.262188 0.783591 -0.563243
vn 0.259834 0.784897 -0.562515
vn 0.259834 0.784897 -0.562515
vn 0.259834 0.784897 -0.562515
vn 0.259834 0.784897 -0.562515
vn -0.504476 0.390231 -0.770211
vn -0.504476 0.390231 -0.770211
vn -0.505922 0.387945 -0.770416
vn -0.505922 0.387945 -0.770416
vn -0.505922 0.387945 -0.770416
vn -0.505922 0.387945 -0.770416
vn -0.725916 0.603382 -0.330115
vn -0.725916 0.603382 -0.330115
vn -0.725530 0.603645 -0.330483
vn -0.725530 0.603645 -0.330483
vn -0.725530 0.603645 -0.330483
vn -0.725530 0.603645 -0.330483
vn 0.013404 0.976935 0.213117
vn 0.013631 0.976876 0.213370
vn 0.013631 0.976876 0.213370
vn 0.396977 0.526797 0.751594
vn 0.396977 0.526797 0.751594
vn 0.398317 0.524994 0.752147
vn 0.398317 0.524994 0.752147
vn 0.398317 0.524994 0.752147
vn 0.398317 0.524994 0.752147
s 1
g group2 Ore_Clicker25
usemtl initialShadingGroup
f 1482/1741/4198 1457/1704/4199 1479/1738/4200 1478/1737/4201
s off
f 1487/1746/4202 1455/1731/4203 1483/1743/4204 1485/1742/4205
s 2
f 1491/1750/4206 1467/1709/4207 1489/1748/4208 1488/1747/4209
s 3
f 1495/1754/4210 1461/1711/4211 1493/1752/4212 1492/1751/4213
s off
f 1482/1741/4214 1459/1732/4215 1484/1756/4216 1496/1755/4217
f 1501/1761/4218 1454/1714/4219 1500/1760/4220 1499/1759/4221
s 4
f 1504/1764/4222 1463/1713/4223 1497/1757/4224 1503/1762/4225
f 1506/1766/4226 1463/1713/4223 1504/1764/4222 1505/1765/4227
s 5
f 1511/1771/4228 1468/1715/4229 1508/1768/4230 1507/1767/4231
s 6
f 1515/1775/4232 1469/1730/4233 1508/1768/4234 1512/1772/4235
s 7
f 1519/1779/4236 1471/1718/4237 1510/1770/4238 1516/1776/4239
s 8
f 1523/1783/4240 1473/1728/4241 1514/1774/4242 1520/1780/4243
s 9
f 1526/1787/4244 1475/1727/4245 1522/1785/4246 1524/1784/4247
s 10
f 1511/1771/4248 1471/1718/4249 1528/1789/4250 1527/1788/4251
s 3
f 1529/1790/4252 1461/1711/4211 1495/1754/4210 1530/1791/4253
s 11
f 1531/1792/4254 1456/1708/4255 1486/1745/4256 1532/1793/4257
s 12
f 1533/1797/4258 1458/1705/4259 1479/1738/4260 1534/1795/4261
s 13
f 1535/1796/4262 1457/1704/4263 1498/1758/4264 1536/1798/4265
s 14
f 1540/1803/4266 1470/1717/4267 1509/1801/4268 1538/1800/4269
s 6
f 1539/1802/4270 1469/1716/4233 1515/1805/4232 1541/1804/4271
s 8
f 1542/1806/4272 1473/1720/4241 1523/1808/4240 1543/1807/4273
s 9
f 1544/1809/4274 1475/1724/4245 1526/1811/4244 1545/1810/4275
s 15
f 1546/1812/4276 1477/1721/4277 1517/1814/4278 1547/1813/4279
s 4
f 1537/1799/4280 1463/1713/4223 1506/1766/4226 1548/1815/4281
s 12
f 1479/1738/4260 1458/1705/4259 1480/1739/4282 1478/1737/4283
s off
f 1480/1739/4284 1460/1736/4285 1481/1740/4286 1478/1737/4287
f 1481/1740/4288 1459/1732/4289 1482/1741/4290 1478/1737/4291
f 1483/1743/4292 1460/1706/4293 1480/1744/4294 1485/1742/4295
s 16
f 1480/1744/4296 1458/1734/4297 1486/1745/4298 1485/1742/4299
s 11
f 1486/1745/4256 1456/1708/4255 1487/1746/4300 1485/1742/4301
s 17
f 1489/1748/4302 1462/1710/4303 1490/1749/4304 1488/1747/4305
s 18
f 1490/1749/4306 1461/1711/4307 1491/1750/4308 1488/1747/4309
s off
f 1493/1752/4310 1464/1712/4311 1494/1753/4312 1492/1751/4313
f 1494/1753/4314 1455/1731/4315 1487/1746/4316 1492/1751/4317
s 19
f 1487/1746/4318 1456/1708/4319 1495/1754/4320 1492/1751/4321
s off
f 1484/1756/4322 1466/1707/4323 1497/1757/4324 1496/1755/4325
s 20
f 1497/1757/4326 1463/1713/4327 1498/1758/4328 1496/1755/4329
s 13
f 1498/1758/4264 1457/1704/4263 1482/1741/4330 1496/1755/4331
s off
f 1500/1760/4332 1464/1712/4333 1493/1752/4334 1499/1759/4335
s 18
f 1493/1752/4336 1461/1711/4307 1490/1749/4306 1499/1759/4337
s 17
f 1490/1749/4304 1462/1710/4303 1501/1761/4338 1499/1759/4339
s off
f 1497/1757/4340 1466/1707/4341 1502/1763/4342 1503/1762/4343
f 1502/1763/4344 1454/1714/4345 1501/1761/4346 1503/1762/4347
s 21
f 1501/1761/4348 1462/1710/4349 1504/1764/4350 1503/1762/4351
f 1504/1764/4350 1462/1710/4349 1489/1748/4352 1505/1765/4353
s 22
f 1489/1748/4354 1467/1709/4355 1506/1766/4356 1505/1765/4357
s off
f 1508/1768/4358 1469/1730/4359 1509/1769/4360 1507/1767/4361
f 1509/1769/4362 1470/1729/4363 1510/1770/4364 1507/1767/4365
s 10
f 1510/1770/4366 1471/1718/4249 1511/1771/4248 1507/1767/4367
s 23
f 1508/1768/4368 1468/1715/4369 1513/1773/4370 1512/1772/4371
s 24
f 1513/1773/4372 1472/1719/4373 1514/1774/4374 1512/1772/4375
s 25
f 1514/1774/4376 1473/1728/4377 1515/1775/4378 1512/1772/4379
s 14
f 1510/1770/4380 1470/1729/4267 1517/1777/4381 1516/1776/4382
s 15
f 1517/1777/4278 1477/1726/4277 1518/1778/4383 1516/1776/4384
s 26
f 1518/1778/4385 1476/1722/4386 1519/1779/4387 1516/1776/4388
s 27
f 1514/1774/4389 1472/1719/4390 1521/1781/4391 1520/1780/4392
s 28
f 1521/1781/4393 1474/1723/4394 1522/1782/4395 1520/1780/4396
s 29
f 1522/1782/4397 1475/1733/4398 1523/1783/4399 1520/1780/4400
s 30
f 1522/1785/4401 1474/1735/4402 1525/1786/4403 1524/1784/4404
s 31
f 1525/1786/4405 1476/1722/4406 1518/1778/4407 1524/1784/4408
s 32
f 1518/1778/4409 1477/1726/4410 1526/1787/4411 1524/1784/4412
s 2
f 1528/1789/4413 1467/1709/4207 1491/1750/4206 1527/1788/4414
s 18
f 1491/1750/4308 1461/1711/4307 1529/1790/4415 1527/1788/4416
s 5
f 1529/1790/4417 1468/1715/4229 1511/1771/4228 1527/1788/4418
s 19
f 1495/1754/4320 1456/1708/4319 1531/1792/4419 1530/1791/4420
s 24
f 1531/1792/4421 1472/1719/4373 1513/1773/4372 1530/1791/4422
s 23
f 1513/1773/4370 1468/1715/4369 1529/1790/4423 1530/1791/4424
s 16
f 1486/1745/4298 1458/1734/4297 1533/1794/4425 1532/1793/4426
s 28
f 1533/1794/4427 1474/1723/4394 1521/1781/4393 1532/1793/4428
s 27
f 1521/1781/4391 1472/1719/4390 1531/1792/4429 1532/1793/4430
s 1
f 1479/1738/4200 1457/1704/4199 1535/1796/4431 1534/1795/4432
s 31
f 1535/1796/4433 1476/1722/4406 1525/1786/4405 1534/1795/4434
s 30
f 1525/1786/4403 1474/1735/4402 1533/1797/4435 1534/1795/4436
s 20
f 1498/1758/4328 1463/1713/4327 1537/1799/4437 1536/1798/4438
s 7
f 1537/1799/4439 1471/1718/4237 1519/1779/4236 1536/1798/4440
s 26
f 1519/1779/4387 1476/1722/4386 1535/1796/4441 1536/1798/4442
s off
f 1509/1801/4443 1469/1716/4444 1539/1802/4445 1538/1800/4446
s 33
f 1539/1802/4447 1465/1725/4448 1540/1803/4449 1538/1800/4450
s 25
f 1515/1805/4378 1473/1720/4377 1542/1806/4451 1541/1804/4452
s off
f 1542/1806/4453 1465/1725/4454 1539/1802/4455 1541/1804/4456
s 29
f 1523/1808/4399 1475/1724/4398 1544/1809/4457 1543/1807/4458
s off
f 1544/1809/4459 1465/1725/4460 1542/1806/4461 1543/1807/4462
s 32
f 1526/1811/4411 1477/1721/4410 1546/1812/4463 1545/1810/4464
s off
f 1546/1812/4465 1465/1725/4466 1544/1809/4467 1545/1810/4468
s 14
f 1517/1814/4381 1470/1717/4267 1540/1803/4266 1547/1813/4469
s 33
f 1540/1803/4449 1465/1725/4448 1546/1812/4470 1547/1813/4471
s 22
f 1506/1766/4356 1467/1709/4355 1528/1789/4472 1548/1815/4473
s off
f 1528/1789/4474 1471/1718/4475 1537/1799/4476 1548/1815/4477
g default
v 18.351758 0.376460 17.054913
v 13.571034 0.357439 14.412705
v 13.498723 2.571621 14.409628
v 14.396855 2.202096 22.960000
v 11.409933 2.235655 19.377582
v 14.648283 0.376460 23.131480
v 12.080023 0.503227 19.422171
v 15.985000 3.202894 15.011373
v 18.412705 2.013301 17.371725
v 16.256540 3.307107 21.578842
v 16.361552 0.366231 13.469339
v 14.330338 5.117006 18.486948
v 17.245769 0.376460 20.816786
v 16.797113 3.608940 17.919343
v 15.421779 4.485853 16.881881
v 14.607005 5.076886 18.228776
v 14.727530 5.016306 18.801687
v 15.711164 4.579426 19.780794
v 13.620774 3.524413 15.864715
v 14.219515 4.762890 17.954022
v 12.527205 3.483800 19.685727
v 14.166893 4.849935 18.748855
v 14.589394 3.799746 22.244059
v 14.539370 5.011731 19.144478
v 13.140841 1.344635 21.236439
v 12.903394 2.218876 21.168796
v 11.744977 1.369441 19.399875
v 13.364153 0.439843 21.276822
v 14.522569 1.289278 23.045741
v 12.825529 0.430333 16.917437
v 15.947027 0.376460 21.974130
v 12.684736 1.438569 16.770436
v 12.454327 2.403638 16.893608
v 13.534878 1.464530 14.411164
v 17.148667 2.876904 16.786224
v 17.604909 2.811120 17.645535
v 17.198851 2.608098 16.191543
v 16.391056 3.405917 16.465362
v 14.965400 1.630410 14.316294
v 16.173275 1.784563 14.240355
v 14.966293 0.361835 13.941022
v 14.741861 2.887258 14.710502
v 15.800050 1.594850 21.987426
v 16.751154 1.841784 21.197814
v 15.326698 2.754602 22.269422
v 17.106395 1.570872 15.514628
v 17.356655 0.371345 15.262126
v 18.382232 1.194880 17.213313
v 17.798764 0.376460 18.935845
v 17.414529 1.680284 19.548516
v 17.334622 2.660204 19.475282
v 17.217886 2.912312 18.945775
v 16.526826 3.458024 19.749091
v 15.242295 4.715445 18.364594
v 15.014392 4.781370 17.555325
v 14.667268 5.046595 18.515226
v 15.219347 4.797865 19.291242
v 15.566471 4.532640 18.331339
v 14.401830 4.304359 16.974986
v 14.521277 4.005133 16.373295
v 13.920147 4.143652 16.909374
v 14.413260 4.919888 18.091399
v 14.895521 4.434562 20.455087
v 14.633450 5.014018 18.973090
v 14.564383 4.405739 20.694265
v 15.150279 4.189585 21.012426
v 13.486508 3.995904 18.032095
v 13.073991 3.504107 17.775219
v 13.347048 4.166868 19.217290
v 14.193203 4.806414 18.351441
v 13.862841 4.135196 20.192878
v 13.558299 3.641773 20.964892
v 14.353131 4.930834 18.946667
v 15.981667 3.949671 17.327033
v 16.254138 4.094183 18.850066
v 15.703389 3.844374 15.946632
v 14.709642 3.465848 15.557777
v 13.559749 3.048017 15.137170
v 12.693773 2.891583 17.392591
v 11.968569 2.859728 19.531654
v 13.245119 2.868629 21.129299
v 14.493125 3.000920 22.602031
v 15.222664 3.431790 21.690413
v 15.983852 3.943267 20.679817
v 14.559677 5.068004 18.523317
v 14.468672 5.096945 18.357867
v 14.528934 5.066656 18.644320
v 14.365958 4.961142 18.194668
v 14.274927 4.939949 18.220493
v 14.242389 4.912116 18.376670
v 14.248616 4.983470 18.617907
v 14.344666 4.992173 18.793273
v 14.434854 5.064369 18.815720
v 14.514839 5.053756 18.788140
v 16.252097 3.827245 19.789319
vt 0.106185 0.192947
vt 0.019070 0.192947
vt 0.420449 0.012011
vt 0.167807 0.012011
vt 0.337331 0.192947
vt 0.219102 0.243023
vt 0.219102 0.124298
vt 0.252503 0.192947
vt 0.252503 0.012011
vt 0.167807 0.192947
vt 0.219102 0.012011
vt 0.252503 0.322184
vt 0.937112 0.011156
vt 0.924385 0.030541
vt 0.167807 0.322184
vt 0.337331 0.322184
vt 0.971978 0.011156
vt 0.924385 0.045989
vt 0.106185 0.322184
vt 0.420449 0.322184
vt 0.971979 0.045989
vt 0.943151 0.025258
vt 0.106185 0.530708
vt 0.019070 0.530708
vt 0.337331 0.530708
vt 0.167807 0.530708
vt 0.252503 0.530708
vt 0.337331 0.012011
vt 0.106185 0.012011
vt 0.420449 0.530708
vt 0.420449 0.192947
vt 0.019070 0.322184
vt 0.019070 0.012011
vt 0.062976 0.104065
vt 0.062627 0.192947
vt 0.019070 0.102479
vt 0.062627 0.012011
vt 0.106185 0.102479
vt 0.376643 0.104222
vt 0.378890 0.012011
vt 0.420449 0.102479
vt 0.378890 0.192947
vt 0.337331 0.102479
vt 0.229741 0.182228
vt 0.219102 0.183660
vt 0.235802 0.158622
vt 0.235802 0.217985
vt 0.291359 0.101937
vt 0.252503 0.102479
vt 0.294917 0.012011
vt 0.294917 0.192947
vt 0.141433 0.101683
vt 0.136996 0.012011
vt 0.167807 0.102479
vt 0.136996 0.192947
vt 0.238355 0.090305
vt 0.235802 0.012011
vt 0.219102 0.068154
vt 0.189375 0.095141
vt 0.193454 0.012011
vt 0.193454 0.158622
vt 0.201851 0.181902
vt 0.193454 0.217985
vt 0.211729 0.396477
vt 0.252503 0.426446
vt 0.210155 0.530708
vt 0.167807 0.426446
vt 0.210155 0.322184
vt 0.301018 0.400849
vt 0.294917 0.322184
vt 0.337331 0.426446
vt 0.294917 0.530708
vt 0.130074 0.395287
vt 0.136996 0.530708
vt 0.106185 0.426446
vt 0.136996 0.322184
vt 0.380310 0.400866
vt 0.378890 0.322184
vt 0.420449 0.426446
vt 0.378890 0.530708
vt 0.062652 0.401991
vt 0.019070 0.426446
vt 0.062627 0.322184
vt 0.062627 0.530708
vt 0.224258 0.268241
vt 0.193454 0.282603
vt 0.252503 0.257565
vt 0.291896 0.256558
vt 0.337331 0.257565
vt 0.380866 0.250776
vt 0.420449 0.257565
vt 0.064139 0.251739
vt 0.106185 0.257565
vt 0.019070 0.257565
vt 0.136199 0.255033
vt 0.167807 0.257565
vt 0.934457 0.022894
vt 0.930749 0.020848
vt 0.940131 0.018207
vt 0.933768 0.027899
vt 0.953124 0.015402
vt 0.954545 0.011156
vt 0.957565 0.018207
vt 0.961945 0.026457
vt 0.971978 0.028572
vt 0.957565 0.035623
vt 0.946630 0.039114
vt 0.948182 0.045989
vt 0.933768 0.035623
vt 0.931633 0.033368
vt 0.924385 0.038265
vt 0.184537 0.252113
vn -0.778127 -0.104977 0.619272
vn -0.776406 0.080907 0.625019
vn -0.773432 0.112355 0.623842
vn -0.778127 -0.104977 0.619272
vn -0.945624 -0.100818 -0.309241
vn -0.945624 -0.100818 -0.309241
vn -0.945624 -0.100818 -0.309241
vn -0.945624 -0.100818 -0.309241
vn 0.578582 0.775886 -0.251483
vn 0.553291 0.798200 -0.238212
vn 0.626173 0.728950 -0.276657
vn 0.626173 0.728950 -0.276657
vn -0.022258 0.562110 -0.826763
vn -0.032601 0.614878 -0.787948
vn 0.007376 0.400276 -0.916365
vn 0.007376 0.400276 -0.916365
vn 0.640872 0.107835 0.760036
vn 0.640872 0.107835 0.760036
vn 0.640872 0.107835 0.760036
vn 0.640872 0.107835 0.760036
vn 0.831358 0.196406 -0.519873
vn 0.831358 0.196406 -0.519873
vn 0.831358 0.196406 -0.519873
vn 0.831358 0.196406 -0.519873
vn 0.869188 0.386289 0.308696
vn 0.885906 0.335378 0.320455
vn 0.907776 0.164730 0.385755
vn 0.907776 0.164730 0.385755
vn 0.743557 0.648421 0.163318
vn 0.720673 0.674069 0.162053
vn 0.613051 0.782677 -0.107635
vn 0.714936 0.685494 -0.137712
vn 0.494506 0.865998 -0.074235
vn 0.494506 0.865998 -0.074235
vn -0.238482 0.843347 -0.481551
vn -0.242004 0.842439 -0.481384
vn -0.235042 0.844223 -0.481708
vn -0.235042 0.844223 -0.481708
vn 0.372878 0.775032 0.510183
vn 0.221222 0.883508 0.412886
vn 0.110861 0.935634 0.335110
vn 0.110861 0.935634 0.335110
vn -0.735492 0.656420 -0.167823
vn -0.722992 0.669241 -0.171462
vn -0.720845 0.671397 -0.172074
vn -0.720845 0.671397 -0.172074
vn -0.533028 0.796801 0.284588
vn -0.534361 0.795762 0.284991
vn -0.530315 0.798902 0.283765
vn -0.530315 0.798902 0.283765
vn 0.575391 0.808818 -0.121401
vn 0.562332 0.818878 -0.114984
vn 0.603197 0.786043 -0.135240
vn 0.603197 0.786043 -0.135240
vn -0.076878 0.816409 -0.572333
vn -0.076878 0.816409 -0.572333
vn -0.767358 0.581843 -0.269481
vn -0.930790 0.065398 -0.359656
vn -0.910663 0.229721 -0.343395
vn -0.767358 0.581843 -0.269481
vn -0.694810 0.439925 0.568951
vn -0.780016 0.019077 0.625468
vn -0.777624 0.068901 0.624943
vn -0.694810 0.439925 0.568951
vn 0.443853 0.481917 0.755480
vn 0.575713 0.165762 0.800673
vn 0.543418 0.262815 0.797261
vn 0.443853 0.481917 0.755480
vn 0.187269 0.979286 0.076998
vn 0.176153 0.941692 0.286681
vn 0.199228 0.978021 0.061505
vn 0.199228 0.978021 0.061505
vn -0.325206 0.817401 -0.475496
vn -0.325206 0.817401 -0.475496
vn -0.891389 0.440369 -0.107240
vn -0.891389 0.440369 -0.107239
vn -0.639647 0.700906 0.315567
vn -0.639647 0.700906 0.315567
vn 0.166031 0.980598 0.104219
vn 0.251233 0.911618 0.325323
vn 0.237597 0.927530 0.288508
vn 0.166031 0.980598 0.104219
vn 0.799744 0.577013 0.165728
vn 0.799744 0.577013 0.165728
vn -0.764275 -0.220069 0.606180
vn -0.764275 -0.220069 0.606180
vn -0.790289 -0.229047 0.568314
vn -0.790289 -0.229047 0.568314
vn -0.790289 -0.229047 0.568314
vn -0.790289 -0.229047 0.568314
vn -0.805081 -0.114205 0.582067
vn -0.805081 -0.114205 0.582067
vn -0.805081 -0.114205 0.582067
vn -0.805081 -0.114205 0.582067
vn -0.917481 -0.260090 -0.300967
vn -0.917481 -0.260090 -0.300967
vn -0.917481 -0.260090 -0.300967
vn -0.917481 -0.260090 -0.300967
vn -0.896857 -0.257097 -0.359928
vn -0.927314 0.123451 -0.353338
vn -0.932518 0.030150 -0.359863
vn -0.896857 -0.257097 -0.359928
vn -0.925509 -0.097577 -0.365940
vn -0.925509 -0.097577 -0.365939
vn 0.626172 0.728951 -0.276656
vn 0.765455 0.352453 -0.538382
vn 0.763109 0.370194 -0.529737
vn 0.626172 0.728951 -0.276656
vn 0.724837 0.522771 -0.448689
vn 0.739764 0.480927 -0.470594
vn 0.634562 0.729586 -0.255021
vn 0.626172 0.728951 -0.276657
vn -0.212764 0.370707 -0.904051
vn -0.212764 0.370707 -0.904051
vn -0.212764 0.370707 -0.904051
vn -0.212764 0.370707 -0.904051
vn -0.203013 0.149079 -0.967761
vn -0.203013 0.149079 -0.967761
vn -0.203013 0.149079 -0.967761
vn -0.203013 0.149079 -0.967761
vn 0.045509 0.168557 -0.984641
vn 0.004346 0.403707 -0.914878
vn -0.018857 0.524699 -0.851079
vn 0.045509 0.168557 -0.984641
vn 0.650947 0.044272 0.757831
vn 0.650948 0.044272 0.757831
vn 0.650947 0.044272 0.757831
vn 0.650947 0.044272 0.757831
vn 0.611442 0.025709 0.790871
vn 0.458412 0.385555 0.800753
vn 0.536578 0.230197 0.811846
vn 0.611442 0.025709 0.790871
vn 0.594841 0.096368 0.798046
vn 0.594841 0.096368 0.798046
vn 0.810130 0.326169 -0.487138
vn 0.810130 0.326169 -0.487138
vn 0.810130 0.326169 -0.487138
vn 0.810130 0.326170 -0.487138
vn 0.758822 0.352530 -0.547642
vn 0.758822 0.352530 -0.547642
vn 0.773376 0.216915 -0.595682
vn 0.773377 0.216915 -0.595682
vn 0.931944 0.183558 0.312710
vn 0.931944 0.183558 0.312710
vn 0.931944 0.183558 0.312710
vn 0.931944 0.183558 0.312710
vn 0.941385 0.035021 0.335512
vn 0.941385 0.035021 0.335512
vn 0.941385 0.035021 0.335512
vn 0.941385 0.035021 0.335512
vn 0.908674 0.005205 0.417473
vn 0.912037 0.143966 0.384009
vn 0.905546 0.222553 0.361187
vn 0.908674 0.005205 0.417473
vn 0.720674 0.674068 0.162054
vn 0.720674 0.674068 0.162054
vn 0.720673 0.674070 0.162053
vn 0.734567 0.658707 0.162838
vn 0.766300 0.621087 0.164423
vn 0.720673 0.674069 0.162053
vn 0.502815 0.862546 -0.056495
vn 0.502815 0.862546 -0.056495
vn 0.502815 0.862546 -0.056495
vn 0.502815 0.862546 -0.056495
vn 0.470420 0.880890 -0.052324
vn 0.470420 0.880890 -0.052324
vn 0.470420 0.880890 -0.052324
vn 0.470420 0.880890 -0.052324
vn 0.472238 0.878528 -0.071968
vn 0.472238 0.878528 -0.071968
vn -0.195976 0.855187 -0.479841
vn -0.144868 0.835433 -0.530156
vn -0.122662 0.825525 -0.550874
vn -0.195976 0.855187 -0.479841
vn -0.164718 0.848079 -0.503617
vn -0.127430 0.832998 -0.538401
vn -0.210114 0.863390 -0.458705
vn -0.210114 0.863390 -0.458705
vn -0.266242 0.852920 -0.449046
vn -0.267349 0.852304 -0.449559
vn -0.275579 0.847660 -0.453353
vn -0.266242 0.852920 -0.449046
vn 0.175843 0.934073 0.310785
vn 0.175657 0.936157 0.304555
vn 0.175843 0.934073 0.310785
vn 0.253446 0.908827 0.331358
vn 0.253446 0.908827 0.331358
vn 0.148931 0.923607 0.353227
vn 0.680070 0.457033 0.573259
vn 0.344924 0.821626 0.453826
vn 0.148931 0.923607 0.353227
vn -0.708997 0.678695 -0.191565
vn -0.772650 0.590582 -0.232863
vn -0.746831 0.629072 -0.215667
vn -0.708997 0.678695 -0.191565
vn -0.716587 0.665506 -0.208819
vn -0.718117 0.663384 -0.210307
vn -0.694444 0.694621 -0.187747
vn -0.694444 0.694621 -0.187747
vn -0.697777 0.696461 -0.167477
vn -0.703559 0.690933 -0.166181
vn -0.705900 0.688669 -0.165651
vn -0.697777 0.696461 -0.167477
vn -0.508309 0.805889 0.303587
vn -0.651796 0.598404 0.465913
vn -0.637022 0.627399 0.447855
vn -0.508309 0.805889 0.303587
vn -0.646472 0.613438 0.453616
vn -0.688751 0.519586 0.505620
vn -0.519188 0.794926 0.313905
vn -0.519187 0.794926 0.313905
vn -0.546392 0.781612 0.300897
vn -0.547590 0.780692 0.301106
vn -0.552662 0.776769 0.301984
vn -0.546392 0.781612 0.300897
vn 0.504185 0.837011 -0.212627
vn 0.504185 0.837011 -0.212627
vn 0.642181 0.729824 -0.234437
vn 0.642181 0.729824 -0.234437
vn 0.742358 0.653880 -0.146100
vn 0.742358 0.653880 -0.146100
vn -0.087070 0.828384 -0.553352
vn -0.087070 0.828384 -0.553352
vn -0.111405 0.825844 -0.552784
vn -0.111405 0.825844 -0.552784
vn -0.096706 0.812956 -0.574239
vn -0.096706 0.812956 -0.574239
vn -0.713828 0.656114 -0.244876
vn -0.713828 0.656114 -0.244876
vn -0.728414 0.648705 -0.220443
vn -0.728414 0.648705 -0.220443
vn -0.787289 0.566704 -0.242945
vn -0.787289 0.566704 -0.242945
vn -0.715579 0.377611 0.587670
vn -0.715579 0.377611 0.587670
vn -0.731994 0.378840 0.566272
vn -0.731994 0.378840 0.566272
vn -0.710198 0.447162 0.543750
vn -0.710198 0.447162 0.543750
vn 0.159662 0.757792 0.632661
vn 0.159662 0.757792 0.632661
vn 0.429882 0.721103 0.543334
vn 0.429882 0.721103 0.543334
vn 0.724024 0.374427 0.579304
vn 0.724024 0.374427 0.579304
vn 0.199225 0.978022 0.061508
vn 0.199225 0.978022 0.061508
vn 0.199225 0.978022 0.061508
vn 0.199225 0.978022 0.061508
vn 0.199217 0.978023 0.061506
vn 0.189918 0.979040 0.073571
vn 0.178157 0.979994 0.088722
vn 0.199217 0.978023 0.061506
vn -0.325206 0.817398 -0.475500
vn -0.325206 0.817398 -0.475500
vn -0.325186 0.817394 -0.475522
vn -0.325186 0.817394 -0.475522
vn -0.325186 0.817394 -0.475522
vn -0.325186 0.817394 -0.475522
vn -0.891391 0.440366 -0.107240
vn -0.891391 0.440366 -0.107240
vn -0.891397 0.440354 -0.107237
vn -0.891397 0.440354 -0.107237
vn -0.891397 0.440354 -0.107237
vn -0.891397 0.440354 -0.107237
vn -0.639637 0.700913 0.315572
vn -0.639637 0.700913 0.315572
vn -0.639634 0.700924 0.315555
vn -0.639634 0.700924 0.315555
vn -0.639634 0.700924 0.315555
vn -0.639634 0.700924 0.315555
vn 0.166026 0.980599 0.104219
vn 0.166034 0.980597 0.104218
vn 0.166034 0.980597 0.104218
vn 0.799743 0.577015 0.165728
vn 0.799742 0.577015 0.165728
vn 0.799742 0.577016 0.165727
vn 0.799742 0.577016 0.165728
vn 0.799742 0.577016 0.165728
vn 0.799742 0.577016 0.165727
s 1
g group2 Ore_Clicker26
usemtl initialShadingGroup
f 1577/1853/4478 1552/1816/4479 1574/1850/4480 1573/1849/4481
s off
f 1582/1858/4482 1550/1843/4483 1578/1855/4484 1580/1854/4485
s 2
f 1586/1862/4486 1562/1821/4487 1584/1860/4488 1583/1859/4489
s 3
f 1590/1866/4490 1556/1823/4491 1588/1864/4492 1587/1863/4493
s off
f 1577/1853/4494 1554/1844/4495 1579/1868/4496 1591/1867/4497
f 1596/1873/4498 1549/1826/4499 1595/1872/4500 1594/1871/4501
s 4
f 1599/1876/4502 1558/1825/4503 1592/1869/4504 1598/1874/4505
f 1601/1878/4506 1558/1825/4503 1599/1876/4502 1600/1877/4507
s 5
f 1606/1883/4508 1563/1827/4509 1603/1880/4510 1602/1879/4511
s 6
f 1610/1887/4512 1564/1842/4513 1603/1880/4514 1607/1884/4515
s 7
f 1614/1891/4516 1566/1830/4517 1605/1882/4518 1611/1888/4519
s 8
f 1618/1895/4520 1568/1840/4521 1609/1886/4522 1615/1892/4523
s 9
f 1621/1899/4524 1570/1839/4525 1617/1897/4526 1619/1896/4527
s 10
f 1606/1883/4528 1566/1830/4529 1623/1901/4530 1622/1900/4531
s 3
f 1624/1902/4532 1556/1823/4491 1590/1866/4490 1625/1903/4533
s 11
f 1626/1904/4534 1551/1820/4535 1581/1857/4536 1627/1905/4537
s 12
f 1628/1909/4538 1553/1817/4539 1574/1850/4540 1629/1907/4541
s 13
f 1630/1908/4542 1552/1816/4543 1593/1870/4544 1631/1910/4545
s 14
f 1635/1915/4546 1565/1829/4547 1604/1913/4548 1633/1912/4549
s 6
f 1634/1914/4550 1564/1828/4513 1610/1917/4512 1636/1916/4551
s 8
f 1637/1918/4552 1568/1832/4521 1618/1920/4520 1638/1919/4553
s 9
f 1639/1921/4554 1570/1836/4525 1621/1923/4524 1640/1922/4555
s 15
f 1641/1924/4556 1572/1833/4557 1612/1926/4558 1642/1925/4559
s 4
f 1632/1911/4560 1558/1825/4503 1601/1878/4506 1643/1927/4561
s 12
f 1574/1850/4540 1553/1817/4539 1575/1851/4562 1573/1849/4563
s off
f 1575/1851/4564 1555/1848/4565 1576/1852/4566 1573/1849/4567
f 1576/1852/4568 1554/1844/4569 1577/1853/4570 1573/1849/4571
f 1578/1855/4572 1555/1818/4573 1575/1856/4574 1580/1854/4575
s 16
f 1575/1856/4576 1553/1846/4577 1581/1857/4578 1580/1854/4579
s 11
f 1581/1857/4536 1551/1820/4535 1582/1858/4580 1580/1854/4581
s 17
f 1584/1860/4582 1557/1822/4583 1585/1861/4584 1583/1859/4585
s 18
f 1585/1861/4586 1556/1823/4587 1586/1862/4588 1583/1859/4589
s off
f 1588/1864/4590 1559/1824/4591 1589/1865/4592 1587/1863/4593
f 1589/1865/4594 1550/1843/4595 1582/1858/4596 1587/1863/4597
s 19
f 1582/1858/4598 1551/1820/4599 1590/1866/4600 1587/1863/4601
s off
f 1579/1868/4602 1561/1819/4603 1592/1869/4604 1591/1867/4605
s 20
f 1592/1869/4606 1558/1825/4607 1593/1870/4608 1591/1867/4609
s 13
f 1593/1870/4544 1552/1816/4543 1577/1853/4610 1591/1867/4611
s off
f 1595/1872/4612 1559/1824/4613 1588/1864/4614 1594/1871/4615
s 18
f 1588/1864/4616 1556/1823/4587 1585/1861/4586 1594/1871/4617
s 17
f 1585/1861/4584 1557/1822/4583 1596/1873/4618 1594/1871/4619
s off
f 1592/1869/4620 1561/1819/4621 1597/1875/4622 1598/1874/4623
f 1597/1875/4624 1549/1826/4625 1596/1873/4626 1598/1874/4627
s 21
f 1596/1873/4628 1557/1822/4629 1599/1876/4630 1598/1874/4631
f 1599/1876/4630 1557/1822/4629 1584/1860/4632 1600/1877/4633
s 22
f 1584/1860/4634 1562/1821/4635 1601/1878/4636 1600/1877/4637
s off
f 1603/1880/4638 1564/1842/4639 1604/1881/4640 1602/1879/4641
f 1604/1881/4642 1565/1841/4643 1605/1882/4644 1602/1879/4645
s 10
f 1605/1882/4646 1566/1830/4529 1606/1883/4528 1602/1879/4647
s 23
f 1603/1880/4648 1563/1827/4649 1608/1885/4650 1607/1884/4651
s 24
f 1608/1885/4652 1567/1831/4653 1609/1886/4654 1607/1884/4655
s 25
f 1609/1886/4656 1568/1840/4657 1610/1887/4658 1607/1884/4659
s 14
f 1605/1882/4660 1565/1841/4547 1612/1889/4661 1611/1888/4662
s 15
f 1612/1889/4558 1572/1838/4557 1613/1890/4663 1611/1888/4664
s 26
f 1613/1890/4665 1571/1834/4666 1614/1891/4667 1611/1888/4668
s 27
f 1609/1886/4669 1567/1831/4670 1616/1893/4671 1615/1892/4672
s 28
f 1616/1893/4673 1569/1835/4674 1617/1894/4675 1615/1892/4676
s 29
f 1617/1894/4677 1570/1845/4678 1618/1895/4679 1615/1892/4680
s 30
f 1617/1897/4681 1569/1847/4682 1620/1898/4683 1619/1896/4684
s 31
f 1620/1898/4685 1571/1834/4686 1613/1890/4687 1619/1896/4688
s 32
f 1613/1890/4689 1572/1838/4690 1621/1899/4691 1619/1896/4692
s 2
f 1623/1901/4693 1562/1821/4487 1586/1862/4486 1622/1900/4694
s 18
f 1586/1862/4588 1556/1823/4587 1624/1902/4695 1622/1900/4696
s 5
f 1624/1902/4697 1563/1827/4509 1606/1883/4508 1622/1900/4698
s 19
f 1590/1866/4600 1551/1820/4599 1626/1904/4699 1625/1903/4700
s 24
f 1626/1904/4701 1567/1831/4653 1608/1885/4652 1625/1903/4702
s 23
f 1608/1885/4650 1563/1827/4649 1624/1902/4703 1625/1903/4704
s 16
f 1581/1857/4578 1553/1846/4577 1628/1906/4705 1627/1905/4706
s 28
f 1628/1906/4707 1569/1835/4674 1616/1893/4673 1627/1905/4708
s 27
f 1616/1893/4671 1567/1831/4670 1626/1904/4709 1627/1905/4710
s 1
f 1574/1850/4480 1552/1816/4479 1630/1908/4711 1629/1907/4712
s 31
f 1630/1908/4713 1571/1834/4686 1620/1898/4685 1629/1907/4714
s 30
f 1620/1898/4683 1569/1847/4682 1628/1909/4715 1629/1907/4716
s 20
f 1593/1870/4608 1558/1825/4607 1632/1911/4717 1631/1910/4718
s 7
f 1632/1911/4719 1566/1830/4517 1614/1891/4516 1631/1910/4720
s 26
f 1614/1891/4667 1571/1834/4666 1630/1908/4721 1631/1910/4722
s off
f 1604/1913/4723 1564/1828/4724 1634/1914/4725 1633/1912/4726
s 33
f 1634/1914/4727 1560/1837/4728 1635/1915/4729 1633/1912/4730
s 25
f 1610/1917/4658 1568/1832/4657 1637/1918/4731 1636/1916/4732
s off
f 1637/1918/4733 1560/1837/4734 1634/1914/4735 1636/1916/4736
s 29
f 1618/1920/4679 1570/1836/4678 1639/1921/4737 1638/1919/4738
s off
f 1639/1921/4739 1560/1837/4740 1637/1918/4741 1638/1919/4742
s 32
f 1621/1923/4691 1572/1833/4690 1641/1924/4743 1640/1922/4744
s off
f 1641/1924/4745 1560/1837/4746 1639/1921/4747 1640/1922/4748
s 14
f 1612/1926/4661 1565/1829/4547 1635/1915/4546 1642/1925/4749
s 33
f 1635/1915/4729 1560/1837/4728 1641/1924/4750 1642/1925/4751
s 22
f 1601/1878/4636 1562/1821/4635 1623/1901/4752 1643/1927/4753
s off
f 1623/1901/4754 1566/1830/4755 1632/1911/4756 1643/1927/4757
g default
v 13.449338 0.123334 32.176146
v 22.147775 0.090866 31.262231
v 22.261370 3.870395 31.191221
v 16.703349 3.239630 18.877476
v 23.079074 3.296914 21.300888
v 16.230036 0.123334 18.875130
v 22.018567 0.339721 21.933983
v 18.113935 4.947957 32.863852
v 13.200507 2.917364 31.748891
v 14.493332 5.125845 22.967413
v 18.281475 0.105874 35.648951
v 18.985722 8.215278 25.741965
v 13.331083 0.123334 25.185416
v 15.438224 5.641063 29.206914
v 18.075741 7.137922 29.373939
v 18.682615 8.146795 26.432134
v 18.216650 8.043386 25.670287
v 16.214788 7.297647 25.183256
v 21.363252 5.496779 29.063429
v 19.417165 7.610815 26.451980
v 21.196933 5.427454 21.994030
v 19.111501 7.759397 25.164676
v 16.753677 5.966761 20.189112
v 18.341337 8.035578 24.941714
v 19.490158 1.775975 20.233142
v 19.891212 3.268273 20.089181
v 22.548820 1.818318 21.617434
v 19.124302 0.231528 20.404556
v 16.466693 1.681482 18.876303
v 22.083171 0.215294 26.598107
v 14.780561 0.123334 22.030273
v 22.373047 1.936316 26.678445
v 22.670223 3.583655 26.246055
v 22.204573 1.980631 31.226726
v 15.445292 4.391504 31.331901
v 14.319367 4.279213 30.477902
v 15.657220 3.932661 32.306374
v 16.776079 5.294511 31.035383
v 20.033176 2.263782 32.872899
v 18.197705 2.526916 34.256405
v 20.214625 0.098370 33.455593
v 20.187653 4.409177 32.027533
v 15.001928 2.203084 21.855646
v 13.912206 2.624590 24.076415
v 15.598340 4.182738 20.922446
v 16.130341 2.162153 33.258848
v 15.865406 0.114604 33.912550
v 13.324921 1.520349 31.962524
v 13.390210 0.123334 28.680781
v 13.687366 2.348916 27.328356
v 13.846919 4.021605 27.358154
v 14.285863 4.451943 28.056675
v 14.965778 5.383455 26.087161
v 17.631607 7.529827 26.887328
v 18.379178 7.642359 27.903039
v 18.449633 8.095089 26.051210
v 17.215720 7.670515 25.426768
v 17.145264 7.217785 27.278598
v 19.611520 6.828118 28.160759
v 19.719498 6.317351 29.218688
v 20.390209 6.553798 27.757703
v 19.049890 7.878805 26.442056
v 17.150697 7.050370 23.283210
v 18.278993 8.039481 25.306001
v 17.547508 7.001169 22.565413
v 16.484232 6.632203 22.686184
v 20.515451 6.301597 25.562817
v 21.280093 5.462116 25.528732
v 20.154218 6.593425 23.579354
v 19.264333 7.685108 25.808329
v 18.879321 6.539363 22.607501
v 18.975305 5.697107 21.091571
v 18.726419 7.897488 25.053196
v 16.990913 6.222679 29.270587
v 15.826507 6.469355 27.195080
v 18.094838 6.042940 31.118894
v 19.824810 5.396810 30.680320
v 21.812311 4.683588 30.127323
v 22.055930 4.416560 25.723453
v 22.138004 4.362185 21.647457
v 19.380706 4.377379 20.508512
v 16.728513 4.603195 19.533294
v 16.041707 5.338675 21.711013
v 15.354061 6.211747 24.075335
v 18.612485 8.131632 25.925925
v 18.834170 8.181035 26.087049
v 18.601187 8.129332 25.706125
v 19.072908 7.949224 26.232405
v 19.201443 7.913047 26.096971
v 19.175795 7.865539 25.820761
v 19.048612 7.987338 25.453321
v 18.814275 8.002191 25.282125
v 18.663528 8.125427 25.341836
v 18.552970 8.107313 25.468412
v 15.372072 6.013701 25.736908
vt 0.106185 0.192947
vt 0.019070 0.192947
vt 0.420449 0.012011
vt 0.167807 0.012011
vt 0.337331 0.192947
vt 0.219102 0.243023
vt 0.219102 0.124298
vt 0.252503 0.192947
vt 0.252503 0.012011
vt 0.167807 0.192947
vt 0.219102 0.012011
vt 0.252503 0.322184
vt 0.937112 0.011156
vt 0.924385 0.030541
vt 0.167807 0.322184
vt 0.337331 0.322184
vt 0.971978 0.011156
vt 0.924385 0.045989
vt 0.106185 0.322184
vt 0.420449 0.322184
vt 0.971979 0.045989
vt 0.943151 0.025258
vt 0.106185 0.530708
vt 0.019070 0.530708
vt 0.337331 0.530708
vt 0.167807 0.530708
vt 0.252503 0.530708
vt 0.337331 0.012011
vt 0.106185 0.012011
vt 0.420449 0.530708
vt 0.420449 0.192947
vt 0.019070 0.322184
vt 0.019070 0.012011
vt 0.062976 0.104065
vt 0.062627 0.192947
vt 0.019070 0.102479
vt 0.062627 0.012011
vt 0.106185 0.102479
vt 0.376643 0.104222
vt 0.378890 0.012011
vt 0.420449 0.102479
vt 0.378890 0.192947
vt 0.337331 0.102479
vt 0.229741 0.182228
vt 0.219102 0.183660
vt 0.235802 0.158622
vt 0.235802 0.217985
vt 0.291359 0.101937
vt 0.252503 0.102479
vt 0.294917 0.012011
vt 0.294917 0.192947
vt 0.141433 0.101683
vt 0.136996 0.012011
vt 0.167807 0.102479
vt 0.136996 0.192947
vt 0.238355 0.090305
vt 0.235802 0.012011
vt 0.219102 0.068154
vt 0.189375 0.095141
vt 0.193454 0.012011
vt 0.193454 0.158622
vt 0.201851 0.181902
vt 0.193454 0.217985
vt 0.211729 0.396477
vt 0.252503 0.426446
vt 0.210155 0.530708
vt 0.167807 0.426446
vt 0.210155 0.322184
vt 0.301018 0.400849
vt 0.294917 0.322184
vt 0.337331 0.426446
vt 0.294917 0.530708
vt 0.130074 0.395287
vt 0.136996 0.530708
vt 0.106185 0.426446
vt 0.136996 0.322184
vt 0.380310 0.400866
vt 0.378890 0.322184
vt 0.420449 0.426446
vt 0.378890 0.530708
vt 0.062652 0.401991
vt 0.019070 0.426446
vt 0.062627 0.322184
vt 0.062627 0.530708
vt 0.224258 0.268241
vt 0.193454 0.282603
vt 0.252503 0.257565
vt 0.291896 0.256558
vt 0.337331 0.257565
vt 0.380866 0.250776
vt 0.420449 0.257565
vt 0.064139 0.251739
vt 0.106185 0.257565
vt 0.019070 0.257565
vt 0.136199 0.255033
vt 0.167807 0.257565
vt 0.934457 0.022894
vt 0.930749 0.020848
vt 0.940131 0.018207
vt 0.933768 0.027899
vt 0.953124 0.015402
vt 0.954545 0.011156
vt 0.957565 0.018207
vt 0.961945 0.026457
vt 0.971978 0.028572
vt 0.957565 0.035623
vt 0.946630 0.039114
vt 0.948182 0.045989
vt 0.933768 0.035623
vt 0.931633 0.033368
vt 0.924385 0.038265
vt 0.184537 0.252113
vn 0.381332 -0.122609 -0.916271
vn 0.374853 0.103306 -0.921310
vn 0.372810 0.129818 -0.918782
vn 0.381332 -0.122609 -0.916271
vn 0.995357 -0.095694 0.010390
vn 0.995357 -0.095694 0.010390
vn 0.995357 -0.095694 0.010390
vn 0.995357 -0.095694 0.010390
vn -0.395661 0.816561 0.420333
vn -0.372743 0.841455 0.391174
vn -0.426289 0.779143 0.459579
vn -0.426289 0.779143 0.459579
vn 0.486795 0.550378 0.678318
vn 0.487889 0.545539 0.681434
vn 0.514942 0.370800 0.772879
vn 0.514942 0.370800 0.772879
vn -0.896351 0.092175 -0.433657
vn -0.896351 0.092175 -0.433657
vn -0.896351 0.092175 -0.433657
vn -0.896351 0.092175 -0.433657
vn -0.509495 0.229593 0.829278
vn -0.509495 0.229593 0.829278
vn -0.509495 0.229593 0.829278
vn -0.509496 0.229593 0.829278
vn -0.930398 0.365229 -0.031095
vn -0.945619 0.323572 -0.033263
vn -0.984619 0.152837 -0.084650
vn -0.984619 0.152837 -0.084650
vn -0.763193 0.643144 0.062469
vn -0.744265 0.665382 0.057767
vn -0.500942 0.819972 0.276952
vn -0.597345 0.722396 0.348313
vn -0.412645 0.885572 0.213274
vn -0.412645 0.885572 0.213274
vn 0.486935 0.800173 0.350168
vn 0.487837 0.799798 0.349769
vn 0.483483 0.801598 0.351690
vn 0.483483 0.801598 0.351690
vn -0.600514 0.727741 -0.331325
vn -0.454290 0.837608 -0.303370
vn -0.299934 0.915854 -0.266930
vn -0.299934 0.915854 -0.266930
vn 0.757896 0.650044 -0.055101
vn 0.750609 0.658849 -0.050042
vn 0.748678 0.661141 -0.048715
vn 0.748679 0.661141 -0.048715
vn 0.327011 0.839665 -0.433620
vn 0.326947 0.839717 -0.433568
vn 0.324020 0.842079 -0.431177
vn 0.324020 0.842079 -0.431177
vn -0.466997 0.836243 0.287421
vn -0.448982 0.852742 0.266920
vn -0.484332 0.819105 0.307392
vn -0.484332 0.819105 0.307392
vn 0.403097 0.781346 0.476457
vn 0.403097 0.781346 0.476457
vn 0.828701 0.559146 0.024715
vn 0.996357 0.063547 0.056869
vn 0.975315 0.215352 0.048836
vn 0.828701 0.559146 0.024715
vn 0.318135 0.496798 -0.807454
vn 0.379215 0.030434 -0.924808
vn 0.376901 0.081883 -0.922627
vn 0.318135 0.496798 -0.807454
vn -0.761285 0.423205 -0.491267
vn -0.865114 0.143720 -0.480544
vn -0.845015 0.219500 -0.487616
vn -0.761285 0.423205 -0.491267
vn -0.216216 0.976121 -0.020943
vn -0.330727 0.920508 -0.208049
vn -0.218213 0.975901 0.001004
vn -0.218213 0.975901 0.001004
vn 0.552956 0.769637 0.319214
vn 0.552956 0.769637 0.319214
vn 0.882080 0.443733 -0.158229
vn 0.882080 0.443733 -0.158229
vn 0.417183 0.755252 -0.505522
vn 0.417183 0.755252 -0.505522
vn -0.213707 0.975765 -0.047028
vn -0.414558 0.883847 -0.216693
vn -0.385613 0.902556 -0.191563
vn -0.213707 0.975765 -0.047028
vn -0.818025 0.570030 0.076810
vn -0.818026 0.570030 0.076810
vn 0.373522 -0.255324 -0.891791
vn 0.373522 -0.255324 -0.891791
vn 0.429152 -0.266515 -0.863017
vn 0.429152 -0.266515 -0.863017
vn 0.429152 -0.266515 -0.863017
vn 0.429152 -0.266515 -0.863017
vn 0.438125 -0.133856 -0.888892
vn 0.438125 -0.133856 -0.888892
vn 0.438125 -0.133856 -0.888892
vn 0.438125 -0.133856 -0.888892
vn 0.968821 -0.247522 0.010911
vn 0.968821 -0.247522 0.010911
vn 0.968821 -0.247522 0.010911
vn 0.968821 -0.247522 0.010911
vn 0.968395 -0.240447 0.066306
vn 0.993753 0.097940 0.053507
vn 0.997675 0.038491 0.056241
vn 0.968395 -0.240447 0.066306
vn 0.993814 -0.091040 0.063612
vn 0.993813 -0.091040 0.063612
vn -0.426289 0.779144 0.459579
vn -0.417314 0.394143 0.818841
vn -0.426132 0.458975 0.779585
vn -0.426289 0.779144 0.459579
vn -0.426977 0.564450 0.706461
vn -0.434435 0.564532 0.701833
vn -0.448843 0.778207 0.439242
vn -0.426288 0.779144 0.459579
vn 0.662562 0.328258 0.673244
vn 0.662562 0.328258 0.673244
vn 0.662562 0.328259 0.673244
vn 0.662562 0.328259 0.673244
vn 0.682201 0.130640 0.719399
vn 0.682201 0.130640 0.719399
vn 0.682201 0.130640 0.719399
vn 0.682201 0.130640 0.719399
vn 0.520955 0.155925 0.839222
vn 0.513335 0.405326 0.756438
vn 0.507917 0.449331 0.734930
vn 0.520955 0.155925 0.839222
vn -0.902416 0.037818 -0.429203
vn -0.902416 0.037818 -0.429203
vn -0.902416 0.037818 -0.429203
vn -0.902416 0.037818 -0.429203
vn -0.886131 0.021889 -0.462918
vn -0.792852 0.323600 -0.516400
vn -0.840223 0.206496 -0.501383
vn -0.886131 0.021889 -0.462918
vn -0.877399 0.082078 -0.472689
vn -0.877399 0.082078 -0.472689
vn -0.503943 0.376416 0.777401
vn -0.503943 0.376416 0.777401
vn -0.503943 0.376416 0.777401
vn -0.503943 0.376416 0.777401
vn -0.405233 0.404768 0.819725
vn -0.405233 0.404768 0.819725
vn -0.391195 0.252055 0.885118
vn -0.391195 0.252055 0.885118
vn -0.984588 0.174055 -0.017070
vn -0.984588 0.174055 -0.017070
vn -0.984588 0.174055 -0.017070
vn -0.984588 0.174055 -0.017070
vn -0.998881 0.032972 -0.033908
vn -0.998881 0.032972 -0.033908
vn -0.998881 0.032972 -0.033908
vn -0.998881 0.032972 -0.033908
vn -0.993911 0.004784 -0.110080
vn -0.989590 0.115244 -0.086197
vn -0.975152 0.212067 -0.064072
vn -0.993911 0.004784 -0.110080
vn -0.744264 0.665382 0.057767
vn -0.744264 0.665382 0.057767
vn -0.744267 0.665380 0.057767
vn -0.755391 0.652474 0.060517
vn -0.790856 0.608036 0.069557
vn -0.744267 0.665380 0.057767
vn -0.430664 0.880337 0.198838
vn -0.430664 0.880337 0.198838
vn -0.430664 0.880337 0.198838
vn -0.430664 0.880337 0.198838
vn -0.402175 0.896669 0.185041
vn -0.402175 0.896669 0.185041
vn -0.402175 0.896669 0.185041
vn -0.402175 0.896669 0.185041
vn -0.392653 0.896711 0.204287
vn -0.392653 0.896711 0.204287
vn 0.450791 0.815780 0.362340
vn 0.433133 0.793028 0.428372
vn 0.430835 0.789984 0.436241
vn 0.450791 0.815780 0.362340
vn 0.435269 0.806314 0.400499
vn 0.427630 0.797107 0.426324
vn 0.451301 0.824787 0.340668
vn 0.451301 0.824787 0.340668
vn 0.492189 0.811258 0.315611
vn 0.493763 0.810257 0.315724
vn 0.499417 0.806629 0.316120
vn 0.492189 0.811258 0.315611
vn -0.342175 0.911915 -0.226554
vn -0.338047 0.914919 -0.220564
vn -0.342175 0.911915 -0.226554
vn -0.419921 0.880147 -0.221378
vn -0.419921 0.880147 -0.221378
vn -0.342894 0.899435 -0.271001
vn -0.865339 0.407775 -0.291389
vn -0.573540 0.763409 -0.297083
vn -0.342894 0.899435 -0.271001
vn 0.746239 0.665096 -0.027818
vn 0.817956 0.575207 -0.009218
vn 0.795569 0.605668 -0.015356
vn 0.746239 0.665096 -0.027818
vn 0.757847 0.652246 -0.015604
vn 0.764901 0.644029 -0.012398
vn 0.731560 0.681236 -0.027167
vn 0.731560 0.681235 -0.027167
vn 0.725809 0.686331 -0.046376
vn 0.729863 0.681848 -0.048805
vn 0.733961 0.677253 -0.051277
vn 0.725809 0.686331 -0.046376
vn 0.289776 0.848405 -0.442989
vn 0.337380 0.658879 -0.672349
vn 0.330391 0.701224 -0.631764
vn 0.289776 0.848405 -0.442989
vn 0.341209 0.663384 -0.665956
vn 0.349423 0.607116 -0.713662
vn 0.294313 0.839160 -0.457374
vn 0.294313 0.839160 -0.457374
vn 0.329779 0.827498 -0.454414
vn 0.331285 0.826394 -0.455328
vn 0.334388 0.824103 -0.457207
vn 0.329779 0.827498 -0.454414
vn -0.341044 0.872019 0.351101
vn -0.341045 0.872019 0.351101
vn -0.467591 0.776854 0.421730
vn -0.467591 0.776854 0.421730
vn -0.620286 0.693927 0.365665
vn -0.620286 0.693927 0.365665
vn 0.401166 0.793524 0.457586
vn 0.401166 0.793524 0.457586
vn 0.420573 0.788413 0.448913
vn 0.420573 0.788413 0.448913
vn 0.420104 0.775562 0.471185
vn 0.420104 0.775562 0.471186
vn 0.772549 0.634698 0.018042
vn 0.772549 0.634698 0.018042
vn 0.775492 0.631312 -0.007496
vn 0.775492 0.631312 -0.007496
vn 0.836214 0.548389 -0.003938
vn 0.836214 0.548389 -0.003938
vn 0.329291 0.430125 -0.840571
vn 0.329291 0.430125 -0.840571
vn 0.362085 0.432541 -0.825714
vn 0.362085 0.432541 -0.825714
vn 0.351890 0.505690 -0.787687
vn 0.351890 0.505690 -0.787687
vn -0.499886 0.710171 -0.495754
vn -0.499886 0.710171 -0.495754
vn -0.666025 0.663386 -0.341070
vn -0.666025 0.663386 -0.341070
vn -0.899483 0.332410 -0.283608
vn -0.899483 0.332410 -0.283608
vn -0.218212 0.975901 0.000996
vn -0.218212 0.975901 0.000996
vn -0.218212 0.975901 0.000996
vn -0.218212 0.975901 0.000996
vn -0.218212 0.975901 0.001005
vn -0.216585 0.976116 -0.016987
vn -0.215780 0.976106 -0.025602
vn -0.218212 0.975901 0.001005
vn 0.552957 0.769637 0.319213
vn 0.552957 0.769637 0.319213
vn 0.552956 0.769637 0.319214
vn 0.552956 0.769637 0.319214
vn 0.552956 0.769637 0.319214
vn 0.552956 0.769638 0.319214
vn 0.882078 0.443737 -0.158229
vn 0.882078 0.443737 -0.158229
vn 0.882078 0.443737 -0.158229
vn 0.882078 0.443737 -0.158229
vn 0.882078 0.443737 -0.158229
vn 0.882078 0.443737 -0.158229
vn 0.417182 0.755252 -0.505524
vn 0.417182 0.755252 -0.505523
vn 0.417182 0.755254 -0.505520
vn 0.417182 0.755254 -0.505520
vn 0.417182 0.755254 -0.505520
vn 0.417182 0.755254 -0.505520
vn -0.213704 0.975766 -0.047032
vn -0.213708 0.975765 -0.047033
vn -0.213708 0.975765 -0.047033
vn -0.818023 0.570033 0.076809
vn -0.818023 0.570033 0.076809
vn -0.818025 0.570031 0.076810
vn -0.818025 0.570031 0.076810
vn -0.818025 0.570031 0.076810
vn -0.818025 0.570031 0.076810
s 1
g group2 Ore_Clicker27
usemtl initialShadingGroup
f 1672/1965/4758 1647/1928/4759 1669/1962/4760 1668/1961/4761
s off
f 1677/1970/4762 1645/1955/4763 1673/1967/4764 1675/1966/4765
s 2
f 1681/1974/4766 1657/1933/4767 1679/1972/4768 1678/1971/4769
s 3
f 1685/1978/4770 1651/1935/4771 1683/1976/4772 1682/1975/4773
s off
f 1672/1965/4774 1649/1956/4775 1674/1980/4776 1686/1979/4777
f 1691/1985/4778 1644/1938/4779 1690/1984/4780 1689/1983/4781
s 4
f 1694/1988/4782 1653/1937/4783 1687/1981/4784 1693/1986/4785
f 1696/1990/4786 1653/1937/4783 1694/1988/4782 1695/1989/4787
s 5
f 1701/1995/4788 1658/1939/4789 1698/1992/4790 1697/1991/4791
s 6
f 1705/1999/4792 1659/1954/4793 1698/1992/4794 1702/1996/4795
s 7
f 1709/2003/4796 1661/1942/4797 1700/1994/4798 1706/2000/4799
s 8
f 1713/2007/4800 1663/1952/4801 1704/1998/4802 1710/2004/4803
s 9
f 1716/2011/4804 1665/1951/4805 1712/2009/4806 1714/2008/4807
s 10
f 1701/1995/4808 1661/1942/4809 1718/2013/4810 1717/2012/4811
s 3
f 1719/2014/4812 1651/1935/4771 1685/1978/4770 1720/2015/4813
s 11
f 1721/2016/4814 1646/1932/4815 1676/1969/4816 1722/2017/4817
s 12
f 1723/2021/4818 1648/1929/4819 1669/1962/4820 1724/2019/4821
s 13
f 1725/2020/4822 1647/1928/4823 1688/1982/4824 1726/2022/4825
s 14
f 1730/2027/4826 1660/1941/4827 1699/2025/4828 1728/2024/4829
s 6
f 1729/2026/4830 1659/1940/4793 1705/2029/4792 1731/2028/4831
s 8
f 1732/2030/4832 1663/1944/4801 1713/2032/4800 1733/2031/4833
s 9
f 1734/2033/4834 1665/1948/4805 1716/2035/4804 1735/2034/4835
s 15
f 1736/2036/4836 1667/1945/4837 1707/2038/4838 1737/2037/4839
s 4
f 1727/2023/4840 1653/1937/4783 1696/1990/4786 1738/2039/4841
s 12
f 1669/1962/4820 1648/1929/4819 1670/1963/4842 1668/1961/4843
s off
f 1670/1963/4844 1650/1960/4845 1671/1964/4846 1668/1961/4847
f 1671/1964/4848 1649/1956/4849 1672/1965/4850 1668/1961/4851
f 1673/1967/4852 1650/1930/4853 1670/1968/4854 1675/1966/4855
s 16
f 1670/1968/4856 1648/1958/4857 1676/1969/4858 1675/1966/4859
s 11
f 1676/1969/4816 1646/1932/4815 1677/1970/4860 1675/1966/4861
s 17
f 1679/1972/4862 1652/1934/4863 1680/1973/4864 1678/1971/4865
s 18
f 1680/1973/4866 1651/1935/4867 1681/1974/4868 1678/1971/4869
s off
f 1683/1976/4870 1654/1936/4871 1684/1977/4872 1682/1975/4873
f 1684/1977/4874 1645/1955/4875 1677/1970/4876 1682/1975/4877
s 19
f 1677/1970/4878 1646/1932/4879 1685/1978/4880 1682/1975/4881
s off
f 1674/1980/4882 1656/1931/4883 1687/1981/4884 1686/1979/4885
s 20
f 1687/1981/4886 1653/1937/4887 1688/1982/4888 1686/1979/4889
s 13
f 1688/1982/4824 1647/1928/4823 1672/1965/4890 1686/1979/4891
s off
f 1690/1984/4892 1654/1936/4893 1683/1976/4894 1689/1983/4895
s 18
f 1683/1976/4896 1651/1935/4867 1680/1973/4866 1689/1983/4897
s 17
f 1680/1973/4864 1652/1934/4863 1691/1985/4898 1689/1983/4899
s off
f 1687/1981/4900 1656/1931/4901 1692/1987/4902 1693/1986/4903
f 1692/1987/4904 1644/1938/4905 1691/1985/4906 1693/1986/4907
s 21
f 1691/1985/4908 1652/1934/4909 1694/1988/4910 1693/1986/4911
f 1694/1988/4910 1652/1934/4909 1679/1972/4912 1695/1989/4913
s 22
f 1679/1972/4914 1657/1933/4915 1696/1990/4916 1695/1989/4917
s off
f 1698/1992/4918 1659/1954/4919 1699/1993/4920 1697/1991/4921
f 1699/1993/4922 1660/1953/4923 1700/1994/4924 1697/1991/4925
s 10
f 1700/1994/4926 1661/1942/4809 1701/1995/4808 1697/1991/4927
s 23
f 1698/1992/4928 1658/1939/4929 1703/1997/4930 1702/1996/4931
s 24
f 1703/1997/4932 1662/1943/4933 1704/1998/4934 1702/1996/4935
s 25
f 1704/1998/4936 1663/1952/4937 1705/1999/4938 1702/1996/4939
s 14
f 1700/1994/4940 1660/1953/4827 1707/2001/4941 1706/2000/4942
s 15
f 1707/2001/4838 1667/1950/4837 1708/2002/4943 1706/2000/4944
s 26
f 1708/2002/4945 1666/1946/4946 1709/2003/4947 1706/2000/4948
s 27
f 1704/1998/4949 1662/1943/4950 1711/2005/4951 1710/2004/4952
s 28
f 1711/2005/4953 1664/1947/4954 1712/2006/4955 1710/2004/4956
s 29
f 1712/2006/4957 1665/1957/4958 1713/2007/4959 1710/2004/4960
s 30
f 1712/2009/4961 1664/1959/4962 1715/2010/4963 1714/2008/4964
s 31
f 1715/2010/4965 1666/1946/4966 1708/2002/4967 1714/2008/4968
s 32
f 1708/2002/4969 1667/1950/4970 1716/2011/4971 1714/2008/4972
s 2
f 1718/2013/4973 1657/1933/4767 1681/1974/4766 1717/2012/4974
s 18
f 1681/1974/4868 1651/1935/4867 1719/2014/4975 1717/2012/4976
s 5
f 1719/2014/4977 1658/1939/4789 1701/1995/4788 1717/2012/4978
s 19
f 1685/1978/4880 1646/1932/4879 1721/2016/4979 1720/2015/4980
s 24
f 1721/2016/4981 1662/1943/4933 1703/1997/4932 1720/2015/4982
s 23
f 1703/1997/4930 1658/1939/4929 1719/2014/4983 1720/2015/4984
s 16
f 1676/1969/4858 1648/1958/4857 1723/2018/4985 1722/2017/4986
s 28
f 1723/2018/4987 1664/1947/4954 1711/2005/4953 1722/2017/4988
s 27
f 1711/2005/4951 1662/1943/4950 1721/2016/4989 1722/2017/4990
s 1
f 1669/1962/4760 1647/1928/4759 1725/2020/4991 1724/2019/4992
s 31
f 1725/2020/4993 1666/1946/4966 1715/2010/4965 1724/2019/4994
s 30
f 1715/2010/4963 1664/1959/4962 1723/2021/4995 1724/2019/4996
s 20
f 1688/1982/4888 1653/1937/4887 1727/2023/4997 1726/2022/4998
s 7
f 1727/2023/4999 1661/1942/4797 1709/2003/4796 1726/2022/5000
s 26
f 1709/2003/4947 1666/1946/4946 1725/2020/5001 1726/2022/5002
s off
f 1699/2025/5003 1659/1940/5004 1729/2026/5005 1728/2024/5006
s 33
f 1729/2026/5007 1655/1949/5008 1730/2027/5009 1728/2024/5010
s 25
f 1705/2029/4938 1663/1944/4937 1732/2030/5011 1731/2028/5012
s off
f 1732/2030/5013 1655/1949/5014 1729/2026/5015 1731/2028/5016
s 29
f 1713/2032/4959 1665/1948/4958 1734/2033/5017 1733/2031/5018
s off
f 1734/2033/5019 1655/1949/5020 1732/2030/5021 1733/2031/5022
s 32
f 1716/2035/4971 1667/1945/4970 1736/2036/5023 1735/2034/5024
s off
f 1736/2036/5025 1655/1949/5026 1734/2033/5027 1735/2034/5028
s 14
f 1707/2038/4941 1660/1941/4827 1730/2027/4826 1737/2037/5029
s 33
f 1730/2027/5009 1655/1949/5008 1736/2036/5030 1737/2037/5031
s 22
f 1696/1990/4916 1657/1933/4915 1718/2013/5032 1738/2039/5033
s off
f 1718/2013/5034 1661/1942/5035 1727/2023/5036 1738/2039/5037
g default
v 25.779923 0.007905 -47.287573
v 24.644606 -0.049899 -62.397668
v 24.558654 6.678195 -62.567269
v 9.755816 5.555334 -46.859149
v 12.647838 5.657319 -59.386213
v 9.754897 0.007905 -46.012516
v 13.414327 0.393102 -57.788839
v 26.589118 8.596296 -55.943240
v 25.266533 4.981626 -46.642542
v 14.688814 8.913048 -44.830667
v 29.941578 -0.023185 -57.549664
v 18.011170 14.412702 -54.158112
v 17.363870 0.007905 -43.795378
v 22.197091 9.830195 -49.447007
v 22.387576 12.494758 -54.237101
v 18.843325 14.290641 -53.940556
v 17.927973 14.106623 -52.750593
v 17.349660 12.779162 -48.945856
v 22.000501 9.573330 -59.964224
v 18.864263 13.336615 -55.262078
v 13.489927 9.449898 -56.349243
v 17.315638 13.601222 -54.111871
v 11.334766 10.409939 -47.564643
v 17.050300 14.092834 -52.631392
v 11.380568 2.955635 -52.490137
v 11.201828 5.606326 -53.122682
v 13.031083 3.025210 -58.587528
v 11.584611 0.200504 -51.900677
v 9.755356 2.781619 -46.435831
v 19.029467 0.171602 -60.093255
v 13.559382 0.007905 -44.903947
v 19.083144 3.237215 -60.635160
v 18.603245 6.167757 -60.976739
v 24.601630 3.314148 -62.482469
v 24.779382 7.633309 -50.547270
v 23.731812 7.405911 -48.044776
v 25.927826 6.788961 -51.292893
v 24.393106 9.213246 -52.695126
v 26.593153 3.786556 -59.385910
v 28.265348 4.286555 -56.746452
v 27.293093 -0.036542 -59.973667
v 25.573887 7.637246 -59.255257
v 13.341089 3.621782 -45.215217
v 16.026343 4.460476 -44.313024
v 12.222314 7.234192 -45.844907
v 27.072743 3.579699 -52.550809
v 27.860751 -0.007640 -52.418620
v 25.523228 2.494765 -46.965059
v 21.571897 0.007905 -45.541478
v 19.989525 3.942826 -45.449499
v 19.977673 6.947337 -45.736605
v 20.709126 7.746290 -46.818912
v 18.442953 9.371622 -47.138838
v 19.393254 13.182204 -52.255262
v 20.615451 13.392699 -54.088828
v 18.385649 14.198632 -53.345575
v 17.638817 13.442893 -50.848225
v 19.868617 12.636960 -51.591477
v 20.935152 11.946124 -56.396867
v 22.194039 11.034043 -57.100663
v 20.432383 11.454973 -57.613154
v 18.853793 13.813628 -54.601316
v 15.078864 12.346534 -49.728520
v 17.489136 14.099730 -52.690993
v 14.192533 12.251387 -50.098018
v 14.342214 11.594551 -48.255251
v 17.787552 10.958740 -56.842317
v 17.745215 9.511613 -58.156735
v 15.402783 11.525560 -55.230556
v 18.089951 13.468919 -54.686974
v 14.188699 11.390276 -52.461197
v 12.412347 9.929918 -51.956944
v 17.182969 13.847028 -53.371631
v 22.233448 10.875718 -52.213240
v 19.773375 11.304680 -49.196432
v 24.488347 10.545527 -55.090171
v 23.975927 9.362869 -57.997915
v 23.279579 8.125762 -61.265749
v 18.008112 7.643042 -59.650545
v 13.068883 7.553608 -57.867729
v 11.716952 7.555646 -52.469323
v 10.545292 7.982637 -47.211897
v 13.210346 9.327211 -47.011270
v 16.019237 10.846105 -46.888261
v 18.235598 14.263845 -53.578721
v 18.427247 14.351671 -54.049333
v 17.969570 14.259663 -53.454353
v 18.599099 13.949802 -54.532438
v 18.437715 13.874657 -54.710094
v 18.106228 13.774622 -54.541842
v 17.663404 14.006962 -54.134991
v 17.452306 14.036861 -53.617701
v 17.530736 14.252768 -53.394753
v 17.682425 14.219756 -53.253754
v 18.061497 10.447832 -47.695572
vt 0.106185 0.192947
vt 0.019070 0.192947
vt 0.420449 0.012011
vt 0.167807 0.012011
vt 0.337331 0.192947
vt 0.219102 0.243023
vt 0.219102 0.124298
vt 0.252503 0.192947
vt 0.252503 0.012011
vt 0.167807 0.192947
vt 0.219102 0.012011
vt 0.252503 0.322184
vt 0.937112 0.011156
vt 0.924385 0.030541
vt 0.167807 0.322184
vt 0.337331 0.322184
vt 0.971978 0.011156
vt 0.924385 0.045989
vt 0.106185 0.322184
vt 0.420449 0.322184
vt 0.971979 0.045989
vt 0.943151 0.025258
vt 0.106185 0.530708
vt 0.019070 0.530708
vt 0.337331 0.530708
vt 0.167807 0.530708
vt 0.252503 0.530708
vt 0.337331 0.012011
vt 0.106185 0.012011
vt 0.420449 0.530708
vt 0.420449 0.192947
vt 0.019070 0.322184
vt 0.019070 0.012011
vt 0.062866 0.104218
vt 0.062627 0.192947
vt 0.019070 0.102479
vt 0.062627 0.012011
vt 0.106185 0.102479
vt 0.376942 0.104303
vt 0.378890 0.012011
vt 0.420449 0.102479
vt 0.378890 0.192947
vt 0.337331 0.102479
vt 0.230098 0.182581
vt 0.219102 0.183660
vt 0.235802 0.158622
vt 0.235802 0.217985
vt 0.291470 0.101342
vt 0.252503 0.102479
vt 0.294917 0.012011
vt 0.294917 0.192947
vt 0.141237 0.099960
vt 0.136996 0.012011
vt 0.167807 0.102479
vt 0.136996 0.192947
vt 0.238215 0.089282
vt 0.235802 0.012011
vt 0.219102 0.068154
vt 0.189613 0.094697
vt 0.193454 0.012011
vt 0.193454 0.158622
vt 0.201279 0.182269
vt 0.193454 0.217985
vt 0.211427 0.395310
vt 0.252503 0.426446
vt 0.210155 0.530708
vt 0.167807 0.426446
vt 0.210155 0.322184
vt 0.300435 0.400030
vt 0.294917 0.322184
vt 0.337331 0.426446
vt 0.294917 0.530708
vt 0.130471 0.395176
vt 0.136996 0.530708
vt 0.106185 0.426446
vt 0.136996 0.322184
vt 0.380283 0.398777
vt 0.378890 0.322184
vt 0.420449 0.426446
vt 0.378890 0.530708
vt 0.063038 0.400078
vt 0.019070 0.426446
vt 0.062627 0.322184
vt 0.062627 0.530708
vt 0.223866 0.268513
vt 0.193454 0.282603
vt 0.252503 0.257565
vt 0.292002 0.255637
vt 0.337331 0.257565
vt 0.380625 0.250473
vt 0.420449 0.257565
vt 0.063674 0.251181
vt 0.106185 0.257565
vt 0.019070 0.257565
vt 0.136592 0.255371
vt 0.167807 0.257565
vt 0.934465 0.022866
vt 0.930749 0.020848
vt 0.940131 0.018207
vt 0.933768 0.027899
vt 0.952819 0.015436
vt 0.954545 0.011156
vt 0.957565 0.018207
vt 0.962342 0.026506
vt 0.971978 0.028572
vt 0.957565 0.035623
vt 0.946157 0.039194
vt 0.948182 0.045989
vt 0.933768 0.035623
vt 0.931596 0.033395
vt 0.924385 0.038265
vt 0.185047 0.251024
vn -0.966924 -0.078987 -0.242527
vn -0.969092 0.064033 -0.238244
vn -0.967772 0.084506 -0.237226
vn -0.966924 -0.078987 -0.242527
vn -0.348998 -0.090336 -0.932759
vn -0.348998 -0.090336 -0.932759
vn -0.348998 -0.090336 -0.932759
vn -0.348998 -0.090336 -0.932759
vn 0.641773 0.694062 0.326197
vn 0.623783 0.713646 0.318754
vn 0.689120 0.636956 0.345545
vn 0.689120 0.636956 0.345545
vn 0.767613 0.457243 -0.449109
vn 0.713733 0.545273 -0.439616
vn 0.829123 0.325857 -0.454282
vn 0.829123 0.325857 -0.454282
vn -0.309283 0.098231 0.945883
vn -0.309283 0.098231 0.945883
vn -0.309283 0.098231 0.945883
vn -0.309283 0.098231 0.945883
vn 0.931789 0.149900 0.330604
vn 0.931789 0.149900 0.330604
vn 0.931789 0.149900 0.330604
vn 0.931789 0.149900 0.330604
vn 0.297116 0.329244 0.896282
vn 0.304354 0.317012 0.898260
vn 0.251048 0.148650 0.956493
vn 0.251048 0.148650 0.956493
vn 0.366957 0.594688 0.715324
vn 0.351310 0.625404 0.696743
vn 0.555166 0.697342 0.453326
vn 0.618922 0.611795 0.492588
vn 0.437386 0.816083 0.377760
vn 0.437386 0.816083 0.377760
vn 0.332165 0.806895 -0.488453
vn 0.328786 0.805969 -0.492254
vn 0.334325 0.807478 -0.486011
vn 0.334325 0.807478 -0.486011
vn -0.260670 0.740825 0.619056
vn -0.274727 0.856290 0.437371
vn -0.276982 0.913226 0.298828
vn -0.276982 0.913226 0.298828
vn -0.357832 0.605263 -0.711065
vn -0.345223 0.620224 -0.704375
vn -0.343104 0.622695 -0.703228
vn -0.343104 0.622695 -0.703228
vn -0.649233 0.710147 -0.272375
vn -0.649743 0.709536 -0.272748
vn -0.646945 0.712868 -0.270704
vn -0.646945 0.712868 -0.270704
vn 0.527738 0.745530 0.407036
vn 0.523749 0.749225 0.405399
vn 0.559421 0.714707 0.419813
vn 0.559421 0.714707 0.419813
vn 0.527710 0.754842 -0.389534
vn 0.527710 0.754842 -0.389534
vn -0.274987 0.539269 -0.795972
vn -0.291943 0.076242 -0.953392
vn -0.294360 0.188199 -0.936981
vn -0.274987 0.539269 -0.795972
vn -0.912979 0.345142 -0.217594
vn -0.970629 0.013224 -0.240216
vn -0.969675 0.050927 -0.239032
vn -0.912979 0.345142 -0.217594
vn -0.442908 0.437211 0.782738
vn -0.391297 0.145040 0.908763
vn -0.414108 0.249367 0.875403
vn -0.442908 0.437211 0.782738
vn 0.062143 0.974510 0.215565
vn -0.177244 0.927118 0.330207
vn 0.086021 0.972468 0.216580
vn 0.086021 0.972468 0.216579
vn 0.264055 0.784695 -0.560828
vn 0.264055 0.784695 -0.560828
vn -0.505911 0.389775 -0.769500
vn -0.505911 0.389775 -0.769500
vn -0.726084 0.602879 -0.330664
vn -0.726084 0.602879 -0.330664
vn 0.013810 0.976900 0.213252
vn -0.162069 0.894588 0.416469
vn -0.136996 0.911149 0.388639
vn 0.013810 0.976899 0.213252
vn 0.398143 0.526839 0.750948
vn 0.398143 0.526839 0.750948
vn -0.956015 -0.167025 -0.241120
vn -0.956015 -0.167025 -0.241120
vn -0.944549 -0.174626 -0.278088
vn -0.944549 -0.174626 -0.278087
vn -0.944549 -0.174626 -0.278087
vn -0.944549 -0.174626 -0.278087
vn -0.956308 -0.086378 -0.279309
vn -0.956308 -0.086378 -0.279309
vn -0.956308 -0.086378 -0.279309
vn -0.956308 -0.086378 -0.279309
vn -0.339959 -0.233978 -0.910869
vn -0.339959 -0.233978 -0.910869
vn -0.339959 -0.233978 -0.910869
vn -0.339959 -0.233978 -0.910869
vn -0.269088 -0.233300 -0.934432
vn -0.294993 0.110269 -0.949115
vn -0.293135 0.054146 -0.954537
vn -0.269088 -0.233300 -0.934432
vn -0.281757 -0.088123 -0.955430
vn -0.281757 -0.088123 -0.955430
vn 0.690020 0.635877 0.345735
vn 0.923840 0.263682 0.277472
vn 0.909770 0.300689 0.286190
vn 0.690020 0.635877 0.345735
vn 0.859856 0.410254 0.303872
vn 0.869065 0.389342 0.305186
vn 0.677104 0.639258 0.364526
vn 0.689979 0.636335 0.344973
vn 0.706032 0.314779 -0.634375
vn 0.706033 0.314779 -0.634375
vn 0.706033 0.314779 -0.634375
vn 0.706033 0.314779 -0.634375
vn 0.754334 0.123100 -0.644846
vn 0.754334 0.123100 -0.644846
vn 0.754334 0.123100 -0.644846
vn 0.754334 0.123100 -0.644846
vn 0.885471 0.133199 -0.445195
vn 0.836114 0.305918 -0.455332
vn 0.763230 0.462496 -0.451196
vn 0.885471 0.133199 -0.445195
vn -0.300431 0.039982 0.952965
vn -0.300431 0.039982 0.952965
vn -0.300431 0.039982 0.952965
vn -0.300431 0.039982 0.952965
vn -0.358637 0.023527 0.933181
vn -0.478074 0.364771 0.798991
vn -0.422404 0.186653 0.886981
vn -0.358637 0.023527 0.933181
vn -0.376476 0.086169 0.922410
vn -0.376476 0.086169 0.922410
vn 0.906524 0.254239 0.337012
vn 0.906524 0.254239 0.337012
vn 0.906524 0.254239 0.337012
vn 0.906524 0.254239 0.337012
vn 0.923334 0.272186 0.270868
vn 0.923334 0.272186 0.270868
vn 0.953512 0.164582 0.252444
vn 0.953512 0.164582 0.252444
vn 0.337398 0.164496 0.926879
vn 0.337398 0.164496 0.926879
vn 0.337398 0.164496 0.926879
vn 0.337398 0.164496 0.926879
vn 0.321475 0.030978 0.946411
vn 0.321475 0.030978 0.946411
vn 0.321475 0.030978 0.946411
vn 0.321475 0.030978 0.946411
vn 0.219682 0.004452 0.975561
vn 0.257048 0.136949 0.956646
vn 0.284253 0.244737 0.926987
vn 0.219682 0.004452 0.975561
vn 0.352100 0.624872 0.696822
vn 0.352100 0.624872 0.696822
vn 0.351906 0.626171 0.695753
vn 0.362001 0.605688 0.708589
vn 0.374079 0.579918 0.723712
vn 0.351906 0.626171 0.695753
vn 0.426009 0.813449 0.396002
vn 0.426009 0.813449 0.396002
vn 0.426009 0.813449 0.396002
vn 0.426009 0.813449 0.396002
vn 0.401508 0.836381 0.373174
vn 0.401508 0.836381 0.373174
vn 0.401508 0.836381 0.373174
vn 0.401508 0.836381 0.373174
vn 0.421134 0.831900 0.361369
vn 0.421134 0.831900 0.361369
vn 0.361083 0.816625 -0.450269
vn 0.439275 0.788124 -0.431159
vn 0.485297 0.767966 -0.417989
vn 0.361083 0.816625 -0.450269
vn 0.399142 0.806556 -0.436065
vn 0.470223 0.778417 -0.415882
vn 0.329647 0.828523 -0.452639
vn 0.329647 0.828523 -0.452639
vn 0.279293 0.821570 -0.497009
vn 0.279052 0.821044 -0.498012
vn 0.276160 0.814709 -0.509887
vn 0.279293 0.821570 -0.497009
vn -0.202393 0.917143 0.343346
vn -0.195490 0.920098 0.339417
vn -0.202393 0.917143 0.343346
vn -0.167352 0.890882 0.422281
vn -0.167352 0.890882 0.422281
vn -0.267699 0.900491 0.342715
vn -0.102365 0.433094 0.895517
vn -0.224683 0.788816 0.572090
vn -0.267699 0.900491 0.342715
vn -0.315248 0.633544 -0.706570
vn -0.315329 0.547480 -0.775134
vn -0.315761 0.584467 -0.747458
vn -0.315249 0.633544 -0.706570
vn -0.301937 0.620207 -0.724001
vn -0.302066 0.620829 -0.723414
vn -0.308027 0.650472 -0.694266
vn -0.308027 0.650472 -0.694266
vn -0.330711 0.648947 -0.685199
vn -0.337175 0.641278 -0.689258
vn -0.336989 0.641500 -0.689142
vn -0.330711 0.648947 -0.685199
vn -0.649916 0.720234 -0.242637
vn -0.839783 0.483188 -0.247577
vn -0.812045 0.528105 -0.248371
vn -0.649916 0.720234 -0.242637
vn -0.830710 0.496491 -0.251828
vn -0.873331 0.418176 -0.249842
vn -0.664146 0.706063 -0.245734
vn -0.664146 0.706063 -0.245734
vn -0.668865 0.690959 -0.274216
vn -0.669629 0.689935 -0.274931
vn -0.672590 0.685929 -0.277713
vn -0.668865 0.690959 -0.274216
vn 0.571202 0.765287 0.296754
vn 0.571202 0.765287 0.296754
vn 0.664181 0.641766 0.383404
vn 0.664181 0.641766 0.383405
vn 0.643646 0.572966 0.507376
vn 0.643646 0.572966 0.507376
vn 0.504664 0.770919 -0.388585
vn 0.504664 0.770919 -0.388585
vn 0.489799 0.769573 -0.409701
vn 0.489799 0.769573 -0.409701
vn 0.517547 0.752208 -0.407834
vn 0.517547 0.752208 -0.407834
vn -0.264122 0.613957 -0.743839
vn -0.264122 0.613957 -0.743839
vn -0.298521 0.603874 -0.739068
vn -0.298521 0.603874 -0.739068
vn -0.314660 0.521975 -0.792800
vn -0.314660 0.521975 -0.792800
vn -0.930389 0.292509 -0.220940
vn -0.930389 0.292509 -0.220940
vn -0.924392 0.293947 -0.243094
vn -0.924392 0.293947 -0.243094
vn -0.904472 0.351413 -0.241742
vn -0.904472 0.351413 -0.241742
vn -0.526804 0.695100 0.489198
vn -0.526804 0.695100 0.489198
vn -0.251651 0.684954 0.683747
vn -0.251651 0.684954 0.683747
vn -0.074600 0.348335 0.934397
vn -0.074599 0.348335 0.934397
vn 0.086059 0.972469 0.216560
vn 0.086059 0.972469 0.216560
vn 0.086059 0.972469 0.216560
vn 0.086059 0.972469 0.216560
vn 0.085998 0.972479 0.216537
vn 0.067470 0.974096 0.215833
vn 0.038151 0.975963 0.214569
vn 0.085998 0.972479 0.216537
vn 0.262188 0.783591 -0.563243
vn 0.262188 0.783591 -0.563243
vn 0.259834 0.784897 -0.562515
vn 0.259834 0.784897 -0.562515
vn 0.259834 0.784897 -0.562515
vn 0.259834 0.784897 -0.562515
vn -0.504476 0.390231 -0.770211
vn -0.504476 0.390231 -0.770211
vn -0.505922 0.387945 -0.770416
vn -0.505922 0.387945 -0.770416
vn -0.505922 0.387945 -0.770416
vn -0.505922 0.387945 -0.770416
vn -0.725916 0.603382 -0.330115
vn -0.725916 0.603382 -0.330115
vn -0.725530 0.603645 -0.330483
vn -0.725530 0.603645 -0.330483
vn -0.725530 0.603645 -0.330483
vn -0.725530 0.603645 -0.330483
vn 0.013404 0.976935 0.213117
vn 0.013631 0.976876 0.213370
vn 0.013631 0.976876 0.213370
vn 0.396977 0.526797 0.751594
vn 0.396977 0.526797 0.751594
vn 0.398317 0.524994 0.752147
vn 0.398317 0.524994 0.752147
vn 0.398317 0.524994 0.752147
vn 0.398317 0.524994 0.752147
s 1
g group2 Ore_Clicker28
usemtl initialShadingGroup
f 1767/2077/5038 1742/2040/5039 1764/2074/5040 1763/2073/5041
s off
f 1772/2082/5042 1740/2067/5043 1768/2079/5044 1770/2078/5045
s 2
f 1776/2086/5046 1752/2045/5047 1774/2084/5048 1773/2083/5049
s 3
f 1780/2090/5050 1746/2047/5051 1778/2088/5052 1777/2087/5053
s off
f 1767/2077/5054 1744/2068/5055 1769/2092/5056 1781/2091/5057
f 1786/2097/5058 1739/2050/5059 1785/2096/5060 1784/2095/5061
s 4
f 1789/2100/5062 1748/2049/5063 1782/2093/5064 1788/2098/5065
f 1791/2102/5066 1748/2049/5063 1789/2100/5062 1790/2101/5067
s 5
f 1796/2107/5068 1753/2051/5069 1793/2104/5070 1792/2103/5071
s 6
f 1800/2111/5072 1754/2066/5073 1793/2104/5074 1797/2108/5075
s 7
f 1804/2115/5076 1756/2054/5077 1795/2106/5078 1801/2112/5079
s 8
f 1808/2119/5080 1758/2064/5081 1799/2110/5082 1805/2116/5083
s 9
f 1811/2123/5084 1760/2063/5085 1807/2121/5086 1809/2120/5087
s 10
f 1796/2107/5088 1756/2054/5089 1813/2125/5090 1812/2124/5091
s 3
f 1814/2126/5092 1746/2047/5051 1780/2090/5050 1815/2127/5093
s 11
f 1816/2128/5094 1741/2044/5095 1771/2081/5096 1817/2129/5097
s 12
f 1818/2133/5098 1743/2041/5099 1764/2074/5100 1819/2131/5101
s 13
f 1820/2132/5102 1742/2040/5103 1783/2094/5104 1821/2134/5105
s 14
f 1825/2139/5106 1755/2053/5107 1794/2137/5108 1823/2136/5109
s 6
f 1824/2138/5110 1754/2052/5073 1800/2141/5072 1826/2140/5111
s 8
f 1827/2142/5112 1758/2056/5081 1808/2144/5080 1828/2143/5113
s 9
f 1829/2145/5114 1760/2060/5085 1811/2147/5084 1830/2146/5115
s 15
f 1831/2148/5116 1762/2057/5117 1802/2150/5118 1832/2149/5119
s 4
f 1822/2135/5120 1748/2049/5063 1791/2102/5066 1833/2151/5121
s 12
f 1764/2074/5100 1743/2041/5099 1765/2075/5122 1763/2073/5123
s off
f 1765/2075/5124 1745/2072/5125 1766/2076/5126 1763/2073/5127
f 1766/2076/5128 1744/2068/5129 1767/2077/5130 1763/2073/5131
f 1768/2079/5132 1745/2042/5133 1765/2080/5134 1770/2078/5135
s 16
f 1765/2080/5136 1743/2070/5137 1771/2081/5138 1770/2078/5139
s 11
f 1771/2081/5096 1741/2044/5095 1772/2082/5140 1770/2078/5141
s 17
f 1774/2084/5142 1747/2046/5143 1775/2085/5144 1773/2083/5145
s 18
f 1775/2085/5146 1746/2047/5147 1776/2086/5148 1773/2083/5149
s off
f 1778/2088/5150 1749/2048/5151 1779/2089/5152 1777/2087/5153
f 1779/2089/5154 1740/2067/5155 1772/2082/5156 1777/2087/5157
s 19
f 1772/2082/5158 1741/2044/5159 1780/2090/5160 1777/2087/5161
s off
f 1769/2092/5162 1751/2043/5163 1782/2093/5164 1781/2091/5165
s 20
f 1782/2093/5166 1748/2049/5167 1783/2094/5168 1781/2091/5169
s 13
f 1783/2094/5104 1742/2040/5103 1767/2077/5170 1781/2091/5171
s off
f 1785/2096/5172 1749/2048/5173 1778/2088/5174 1784/2095/5175
s 18
f 1778/2088/5176 1746/2047/5147 1775/2085/5146 1784/2095/5177
s 17
f 1775/2085/5144 1747/2046/5143 1786/2097/5178 1784/2095/5179
s off
f 1782/2093/5180 1751/2043/5181 1787/2099/5182 1788/2098/5183
f 1787/2099/5184 1739/2050/5185 1786/2097/5186 1788/2098/5187
s 21
f 1786/2097/5188 1747/2046/5189 1789/2100/5190 1788/2098/5191
f 1789/2100/5190 1747/2046/5189 1774/2084/5192 1790/2101/5193
s 22
f 1774/2084/5194 1752/2045/5195 1791/2102/5196 1790/2101/5197
s off
f 1793/2104/5198 1754/2066/5199 1794/2105/5200 1792/2103/5201
f 1794/2105/5202 1755/2065/5203 1795/2106/5204 1792/2103/5205
s 10
f 1795/2106/5206 1756/2054/5089 1796/2107/5088 1792/2103/5207
s 23
f 1793/2104/5208 1753/2051/5209 1798/2109/5210 1797/2108/5211
s 24
f 1798/2109/5212 1757/2055/5213 1799/2110/5214 1797/2108/5215
s 25
f 1799/2110/5216 1758/2064/5217 1800/2111/5218 1797/2108/5219
s 14
f 1795/2106/5220 1755/2065/5107 1802/2113/5221 1801/2112/5222
s 15
f 1802/2113/5118 1762/2062/5117 1803/2114/5223 1801/2112/5224
s 26
f 1803/2114/5225 1761/2058/5226 1804/2115/5227 1801/2112/5228
s 27
f 1799/2110/5229 1757/2055/5230 1806/2117/5231 1805/2116/5232
s 28
f 1806/2117/5233 1759/2059/5234 1807/2118/5235 1805/2116/5236
s 29
f 1807/2118/5237 1760/2069/5238 1808/2119/5239 1805/2116/5240
s 30
f 1807/2121/5241 1759/2071/5242 1810/2122/5243 1809/2120/5244
s 31
f 1810/2122/5245 1761/2058/5246 1803/2114/5247 1809/2120/5248
s 32
f 1803/2114/5249 1762/2062/5250 1811/2123/5251 1809/2120/5252
s 2
f 1813/2125/5253 1752/2045/5047 1776/2086/5046 1812/2124/5254
s 18
f 1776/2086/5148 1746/2047/5147 1814/2126/5255 1812/2124/5256
s 5
f 1814/2126/5257 1753/2051/5069 1796/2107/5068 1812/2124/5258
s 19
f 1780/2090/5160 1741/2044/5159 1816/2128/5259 1815/2127/5260
s 24
f 1816/2128/5261 1757/2055/5213 1798/2109/5212 1815/2127/5262
s 23
f 1798/2109/5210 1753/2051/5209 1814/2126/5263 1815/2127/5264
s 16
f 1771/2081/5138 1743/2070/5137 1818/2130/5265 1817/2129/5266
s 28
f 1818/2130/5267 1759/2059/5234 1806/2117/5233 1817/2129/5268
s 27
f 1806/2117/5231 1757/2055/5230 1816/2128/5269 1817/2129/5270
s 1
f 1764/2074/5040 1742/2040/5039 1820/2132/5271 1819/2131/5272
s 31
f 1820/2132/5273 1761/2058/5246 1810/2122/5245 1819/2131/5274
s 30
f 1810/2122/5243 1759/2071/5242 1818/2133/5275 1819/2131/5276
s 20
f 1783/2094/5168 1748/2049/5167 1822/2135/5277 1821/2134/5278
s 7
f 1822/2135/5279 1756/2054/5077 1804/2115/5076 1821/2134/5280
s 26
f 1804/2115/5227 1761/2058/5226 1820/2132/5281 1821/2134/5282
s off
f 1794/2137/5283 1754/2052/5284 1824/2138/5285 1823/2136/5286
s 33
f 1824/2138/5287 1750/2061/5288 1825/2139/5289 1823/2136/5290
s 25
f 1800/2141/5218 1758/2056/5217 1827/2142/5291 1826/2140/5292
s off
f 1827/2142/5293 1750/2061/5294 1824/2138/5295 1826/2140/5296
s 29
f 1808/2144/5239 1760/2060/5238 1829/2145/5297 1828/2143/5298
s off
f 1829/2145/5299 1750/2061/5300 1827/2142/5301 1828/2143/5302
s 32
f 1811/2147/5251 1762/2057/5250 1831/2148/5303 1830/2146/5304
s off
f 1831/2148/5305 1750/2061/5306 1829/2145/5307 1830/2146/5308
s 14
f 1802/2150/5221 1755/2053/5107 1825/2139/5106 1832/2149/5309
s 33
f 1825/2139/5289 1750/2061/5288 1831/2148/5310 1832/2149/5311
s 22
f 1791/2102/5196 1752/2045/5195 1813/2125/5312 1833/2151/5313
s off
f 1813/2125/5314 1756/2054/5315 1822/2135/5316 1833/2151/5317
g default
v 30.415856 0.376460 -67.153887
v 25.635131 0.357439 -69.796095
v 25.562820 2.571621 -69.799172
v 26.460952 2.202096 -61.248801
v 23.474031 2.235655 -64.831219
v 26.712381 0.376460 -61.077321
v 24.144120 0.503227 -64.786630
v 28.049097 3.202894 -69.197427
v 30.476802 2.013301 -66.837076
v 28.320637 3.307107 -62.629959
v 28.425649 0.366231 -70.739462
v 26.394436 5.117006 -65.721852
v 29.309866 0.376460 -63.392015
v 28.861210 3.608940 -66.289457
v 27.485876 4.485853 -67.326919
v 26.671102 5.076886 -65.980024
v 26.791627 5.016306 -65.407114
v 27.775261 4.579426 -64.428007
v 25.684871 3.524413 -68.344085
v 26.283612 4.762890 -66.254778
v 24.591302 3.483800 -64.523074
v 26.230990 4.849935 -65.459945
v 26.653491 3.799746 -61.964742
v 26.603467 5.011731 -65.064322
v 25.204939 1.344635 -62.972361
v 24.967491 2.218876 -63.040004
v 23.809074 1.369441 -64.808926
v 25.428250 0.439843 -62.931978
v 26.586666 1.289278 -61.163060
v 24.889626 0.430333 -67.291363
v 28.011124 0.376460 -62.234670
v 24.748833 1.438569 -67.438364
v 24.518424 2.403638 -67.315192
v 25.598976 1.464530 -69.797636
v 29.212764 2.876904 -67.422577
v 29.669006 2.811120 -66.563266
v 29.262948 2.608098 -68.017258
v 28.455153 3.405917 -67.743438
v 27.029497 1.630410 -69.892506
v 28.237372 1.784563 -69.968445
v 27.030390 0.361835 -70.267778
v 26.805958 2.887258 -69.498298
v 27.864148 1.594850 -62.221374
v 28.815252 1.841784 -63.010987
v 27.390795 2.754602 -61.939379
v 29.170492 1.570872 -68.694172
v 29.420752 0.371345 -68.946675
v 30.446329 1.194880 -66.995487
v 29.862861 0.376460 -65.272956
v 29.478626 1.680284 -64.660285
v 29.398719 2.660204 -64.733519
v 29.281983 2.912312 -65.263026
v 28.590923 3.458024 -64.459710
v 27.306392 4.715445 -65.844206
v 27.078489 4.781370 -66.653475
v 26.731365 5.046595 -65.693575
v 27.283444 4.797865 -64.917558
v 27.630568 4.532640 -65.877462
v 26.465927 4.304359 -67.233815
v 26.585374 4.005133 -67.835505
v 25.984244 4.143652 -67.299426
v 26.477357 4.919888 -66.117401
v 26.959618 4.434562 -63.753713
v 26.697547 5.014018 -65.235711
v 26.628480 4.405739 -63.514535
v 27.214376 4.189585 -63.196375
v 25.550605 3.995904 -66.176705
v 25.138088 3.504107 -66.433581
v 25.411145 4.166868 -64.991510
v 26.257301 4.806414 -65.857360
v 25.926938 4.135196 -64.015923
v 25.622396 3.641773 -63.243909
v 26.417228 4.930834 -65.262133
v 28.045765 3.949671 -66.881767
v 28.318235 4.094183 -65.358734
v 27.767486 3.844374 -68.262168
v 26.773740 3.465848 -68.651024
v 25.623846 3.048017 -69.071630
v 24.757870 2.891583 -66.816209
v 24.032666 2.859728 -64.677146
v 25.309216 2.868629 -63.079502
v 26.557222 3.000920 -61.606770
v 27.286761 3.431790 -62.518388
v 28.047949 3.943267 -63.528983
v 26.623774 5.068004 -65.685483
v 26.532769 5.096945 -65.850933
v 26.593031 5.066656 -65.564480
v 26.430055 4.961142 -66.014133
v 26.339024 4.939949 -65.988307
v 26.306486 4.912116 -65.832130
v 26.312713 4.983470 -65.590894
v 26.408763 4.992173 -65.415528
v 26.498951 5.064369 -65.393080
v 26.578936 5.053756 -65.420660
v 28.316194 3.827245 -64.419481
vt 0.106185 0.192947
vt 0.019070 0.192947
vt 0.420449 0.012011
vt 0.167807 0.012011
vt 0.337331 0.192947
vt 0.219102 0.243023
vt 0.219102 0.124298
vt 0.252503 0.192947
vt 0.252503 0.012011
vt 0.167807 0.192947
vt 0.219102 0.012011
vt 0.252503 0.322184
vt 0.937112 0.011156
vt 0.924385 0.030541
vt 0.167807 0.322184
vt 0.337331 0.322184
vt 0.971978 0.011156
vt 0.924385 0.045989
vt 0.106185 0.322184
vt 0.420449 0.322184
vt 0.971979 0.045989
vt 0.943151 0.025258
vt 0.106185 0.530708
vt 0.019070 0.530708
vt 0.337331 0.530708
vt 0.167807 0.530708
vt 0.252503 0.530708
vt 0.337331 0.012011
vt 0.106185 0.012011
vt 0.420449 0.530708
vt 0.420449 0.192947
vt 0.019070 0.322184
vt 0.019070 0.012011
vt 0.062976 0.104065
vt 0.062627 0.192947
vt 0.019070 0.102479
vt 0.062627 0.012011
vt 0.106185 0.102479
vt 0.376643 0.104222
vt 0.378890 0.012011
vt 0.420449 0.102479
vt 0.378890 0.192947
vt 0.337331 0.102479
vt 0.229741 0.182228
vt 0.219102 0.183660
vt 0.235802 0.158622
vt 0.235802 0.217985
vt 0.291359 0.101937
vt 0.252503 0.102479
vt 0.294917 0.012011
vt 0.294917 0.192947
vt 0.141433 0.101683
vt 0.136996 0.012011
vt 0.167807 0.102479
vt 0.136996 0.192947
vt 0.238355 0.090305
vt 0.235802 0.012011
vt 0.219102 0.068154
vt 0.189375 0.095141
vt 0.193454 0.012011
vt 0.193454 0.158622
vt 0.201851 0.181902
vt 0.193454 0.217985
vt 0.211729 0.396477
vt 0.252503 0.426446
vt 0.210155 0.530708
vt 0.167807 0.426446
vt 0.210155 0.322184
vt 0.301018 0.400849
vt 0.294917 0.322184
vt 0.337331 0.426446
vt 0.294917 0.530708
vt 0.130074 0.395287
vt 0.136996 0.530708
vt 0.106185 0.426446
vt 0.136996 0.322184
vt 0.380310 0.400866
vt 0.378890 0.322184
vt 0.420449 0.426446
vt 0.378890 0.530708
vt 0.062652 0.401991
vt 0.019070 0.426446
vt 0.062627 0.322184
vt 0.062627 0.530708
vt 0.224258 0.268241
vt 0.193454 0.282603
vt 0.252503 0.257565
vt 0.291896 0.256558
vt 0.337331 0.257565
vt 0.380866 0.250776
vt 0.420449 0.257565
vt 0.064139 0.251739
vt 0.106185 0.257565
vt 0.019070 0.257565
vt 0.136199 0.255033
vt 0.167807 0.257565
vt 0.934457 0.022894
vt 0.930749 0.020848
vt 0.940131 0.018207
vt 0.933768 0.027899
vt 0.953124 0.015402
vt 0.954545 0.011156
vt 0.957565 0.018207
vt 0.961945 0.026457
vt 0.971978 0.028572
vt 0.957565 0.035623
vt 0.946630 0.039114
vt 0.948182 0.045989
vt 0.933768 0.035623
vt 0.931633 0.033368
vt 0.924385 0.038265
vt 0.184537 0.252113
vn -0.778127 -0.104977 0.619272
vn -0.776406 0.080907 0.625019
vn -0.773432 0.112355 0.623842
vn -0.778127 -0.104977 0.619272
vn -0.945624 -0.100818 -0.309241
vn -0.945624 -0.100818 -0.309241
vn -0.945624 -0.100818 -0.309241
vn -0.945624 -0.100818 -0.309241
vn 0.578582 0.775886 -0.251483
vn 0.553291 0.798200 -0.238212
vn 0.626173 0.728950 -0.276657
vn 0.626173 0.728950 -0.276657
vn -0.022258 0.562110 -0.826763
vn -0.032601 0.614878 -0.787948
vn 0.007376 0.400276 -0.916365
vn 0.007376 0.400276 -0.916365
vn 0.640872 0.107835 0.760036
vn 0.640872 0.107835 0.760036
vn 0.640872 0.107835 0.760036
vn 0.640872 0.107835 0.760036
vn 0.831358 0.196406 -0.519873
vn 0.831358 0.196406 -0.519873
vn 0.831358 0.196406 -0.519873
vn 0.831358 0.196406 -0.519873
vn 0.869188 0.386289 0.308696
vn 0.885906 0.335378 0.320455
vn 0.907776 0.164730 0.385755
vn 0.907776 0.164730 0.385755
vn 0.743557 0.648421 0.163318
vn 0.720673 0.674069 0.162053
vn 0.613051 0.782677 -0.107635
vn 0.714936 0.685494 -0.137712
vn 0.494506 0.865998 -0.074235
vn 0.494506 0.865998 -0.074235
vn -0.238482 0.843347 -0.481551
vn -0.242004 0.842439 -0.481384
vn -0.235042 0.844223 -0.481708
vn -0.235042 0.844223 -0.481708
vn 0.372878 0.775032 0.510183
vn 0.221222 0.883508 0.412886
vn 0.110861 0.935634 0.335110
vn 0.110861 0.935634 0.335110
vn -0.735492 0.656420 -0.167823
vn -0.722992 0.669241 -0.171462
vn -0.720845 0.671397 -0.172074
vn -0.720845 0.671397 -0.172074
vn -0.533028 0.796801 0.284588
vn -0.534361 0.795762 0.284991
vn -0.530315 0.798902 0.283765
vn -0.530315 0.798902 0.283765
vn 0.575391 0.808818 -0.121401
vn 0.562332 0.818878 -0.114984
vn 0.603197 0.786043 -0.135240
vn 0.603197 0.786043 -0.135240
vn -0.076878 0.816409 -0.572333
vn -0.076878 0.816409 -0.572333
vn -0.767358 0.581843 -0.269481
vn -0.930790 0.065398 -0.359656
vn -0.910663 0.229721 -0.343395
vn -0.767358 0.581843 -0.269481
vn -0.694810 0.439925 0.568951
vn -0.780016 0.019077 0.625468
vn -0.777624 0.068901 0.624943
vn -0.694810 0.439925 0.568951
vn 0.443853 0.481917 0.755480
vn 0.575713 0.165762 0.800673
vn 0.543418 0.262815 0.797261
vn 0.443853 0.481917 0.755480
vn 0.187269 0.979286 0.076998
vn 0.176153 0.941692 0.286681
vn 0.199228 0.978021 0.061505
vn 0.199228 0.978021 0.061505
vn -0.325206 0.817401 -0.475496
vn -0.325206 0.817401 -0.475496
vn -0.891389 0.440369 -0.107240
vn -0.891389 0.440369 -0.107239
vn -0.639647 0.700906 0.315567
vn -0.639647 0.700906 0.315567
vn 0.166031 0.980598 0.104219
vn 0.251233 0.911618 0.325323
vn 0.237597 0.927530 0.288508
vn 0.166031 0.980598 0.104219
vn 0.799744 0.577013 0.165728
vn 0.799744 0.577013 0.165728
vn -0.764275 -0.220069 0.606180
vn -0.764275 -0.220069 0.606180
vn -0.790289 -0.229047 0.568314
vn -0.790289 -0.229047 0.568314
vn -0.790289 -0.229047 0.568314
vn -0.790289 -0.229047 0.568314
vn -0.805081 -0.114205 0.582067
vn -0.805081 -0.114205 0.582067
vn -0.805081 -0.114205 0.582067
vn -0.805081 -0.114205 0.582067
vn -0.917481 -0.260090 -0.300967
vn -0.917481 -0.260090 -0.300967
vn -0.917481 -0.260090 -0.300967
vn -0.917481 -0.260090 -0.300967
vn -0.896857 -0.257097 -0.359928
vn -0.927314 0.123451 -0.353338
vn -0.932518 0.030150 -0.359863
vn -0.896857 -0.257097 -0.359928
vn -0.925509 -0.097577 -0.365940
vn -0.925509 -0.097577 -0.365939
vn 0.626172 0.728951 -0.276656
vn 0.765455 0.352453 -0.538382
vn 0.763109 0.370194 -0.529737
vn 0.626172 0.728951 -0.276656
vn 0.724837 0.522771 -0.448689
vn 0.739764 0.480927 -0.470594
vn 0.634562 0.729586 -0.255021
vn 0.626172 0.728951 -0.276657
vn -0.212764 0.370707 -0.904051
vn -0.212764 0.370707 -0.904051
vn -0.212764 0.370707 -0.904051
vn -0.212764 0.370707 -0.904051
vn -0.203013 0.149079 -0.967761
vn -0.203013 0.149079 -0.967761
vn -0.203013 0.149079 -0.967761
vn -0.203013 0.149079 -0.967761
vn 0.045509 0.168557 -0.984641
vn 0.004346 0.403707 -0.914878
vn -0.018857 0.524699 -0.851079
vn 0.045509 0.168557 -0.984641
vn 0.650947 0.044272 0.757831
vn 0.650948 0.044272 0.757831
vn 0.650947 0.044272 0.757831
vn 0.650947 0.044272 0.757831
vn 0.611442 0.025709 0.790871
vn 0.458412 0.385555 0.800753
vn 0.536578 0.230197 0.811846
vn 0.611442 0.025709 0.790871
vn 0.594841 0.096368 0.798046
vn 0.594841 0.096368 0.798046
vn 0.810130 0.326169 -0.487138
vn 0.810130 0.326169 -0.487138
vn 0.810130 0.326169 -0.487138
vn 0.810130 0.326170 -0.487138
vn 0.758822 0.352530 -0.547642
vn 0.758822 0.352530 -0.547642
vn 0.773376 0.216915 -0.595682
vn 0.773377 0.216915 -0.595682
vn 0.931944 0.183558 0.312710
vn 0.931944 0.183558 0.312710
vn 0.931944 0.183558 0.312710
vn 0.931944 0.183558 0.312710
vn 0.941385 0.035021 0.335512
vn 0.941385 0.035021 0.335512
vn 0.941385 0.035021 0.335512
vn 0.941385 0.035021 0.335512
vn 0.908674 0.005205 0.417473
vn 0.912037 0.143966 0.384009
vn 0.905546 0.222553 0.361187
vn 0.908674 0.005205 0.417473
vn 0.720674 0.674068 0.162054
vn 0.720674 0.674068 0.162054
vn 0.720673 0.674070 0.162053
vn 0.734567 0.658707 0.162838
vn 0.766300 0.621087 0.164423
vn 0.720673 0.674069 0.162053
vn 0.502815 0.862546 -0.056495
vn 0.502815 0.862546 -0.056495
vn 0.502815 0.862546 -0.056495
vn 0.502815 0.862546 -0.056495
vn 0.470420 0.880890 -0.052324
vn 0.470420 0.880890 -0.052324
vn 0.470420 0.880890 -0.052324
vn 0.470420 0.880890 -0.052324
vn 0.472238 0.878528 -0.071968
vn 0.472238 0.878528 -0.071968
vn -0.195976 0.855187 -0.479841
vn -0.144868 0.835433 -0.530156
vn -0.122662 0.825525 -0.550874
vn -0.195976 0.855187 -0.479841
vn -0.164718 0.848079 -0.503617
vn -0.127430 0.832998 -0.538401
vn -0.210114 0.863390 -0.458705
vn -0.210114 0.863390 -0.458705
vn -0.266242 0.852920 -0.449046
vn -0.267349 0.852304 -0.449559
vn -0.275579 0.847660 -0.453353
vn -0.266242 0.852920 -0.449046
vn 0.175843 0.934073 0.310785
vn 0.175657 0.936157 0.304555
vn 0.175843 0.934073 0.310785
vn 0.253446 0.908827 0.331358
vn 0.253446 0.908827 0.331358
vn 0.148931 0.923607 0.353227
vn 0.680070 0.457033 0.573259
vn 0.344924 0.821626 0.453826
vn 0.148931 0.923607 0.353227
vn -0.708997 0.678695 -0.191565
vn -0.772650 0.590582 -0.232863
vn -0.746831 0.629072 -0.215667
vn -0.708997 0.678695 -0.191565
vn -0.716587 0.665506 -0.208819
vn -0.718117 0.663384 -0.210307
vn -0.694444 0.694621 -0.187747
vn -0.694444 0.694621 -0.187747
vn -0.697777 0.696461 -0.167477
vn -0.703559 0.690933 -0.166181
vn -0.705900 0.688669 -0.165651
vn -0.697777 0.696461 -0.167477
vn -0.508309 0.805889 0.303587
vn -0.651796 0.598404 0.465913
vn -0.637022 0.627399 0.447855
vn -0.508309 0.805889 0.303587
vn -0.646472 0.613438 0.453616
vn -0.688751 0.519586 0.505620
vn -0.519188 0.794926 0.313905
vn -0.519187 0.794926 0.313905
vn -0.546392 0.781612 0.300897
vn -0.547590 0.780692 0.301106
vn -0.552662 0.776769 0.301984
vn -0.546392 0.781612 0.300897
vn 0.504185 0.837011 -0.212627
vn 0.504185 0.837011 -0.212627
vn 0.642181 0.729824 -0.234437
vn 0.642181 0.729824 -0.234437
vn 0.742358 0.653880 -0.146100
vn 0.742358 0.653880 -0.146100
vn -0.087070 0.828384 -0.553352
vn -0.087070 0.828384 -0.553352
vn -0.111405 0.825844 -0.552784
vn -0.111405 0.825844 -0.552784
vn -0.096706 0.812956 -0.574239
vn -0.096706 0.812956 -0.574239
vn -0.713828 0.656114 -0.244876
vn -0.713828 0.656114 -0.244876
vn -0.728414 0.648705 -0.220443
vn -0.728414 0.648705 -0.220443
vn -0.787289 0.566704 -0.242945
vn -0.787289 0.566704 -0.242945
vn -0.715579 0.377611 0.587670
vn -0.715579 0.377611 0.587670
vn -0.731994 0.378840 0.566272
vn -0.731994 0.378840 0.566272
vn -0.710198 0.447162 0.543750
vn -0.710198 0.447162 0.543750
vn 0.159662 0.757792 0.632661
vn 0.159662 0.757792 0.632661
vn 0.429882 0.721103 0.543334
vn 0.429882 0.721103 0.543334
vn 0.724024 0.374427 0.579304
vn 0.724024 0.374427 0.579304
vn 0.199225 0.978022 0.061508
vn 0.199225 0.978022 0.061508
vn 0.199225 0.978022 0.061508
vn 0.199225 0.978022 0.061508
vn 0.199217 0.978023 0.061506
vn 0.189918 0.979040 0.073571
vn 0.178157 0.979994 0.088722
vn 0.199217 0.978023 0.061506
vn -0.325206 0.817398 -0.475500
vn -0.325206 0.817398 -0.475500
vn -0.325186 0.817394 -0.475522
vn -0.325186 0.817394 -0.475522
vn -0.325186 0.817394 -0.475522
vn -0.325186 0.817394 -0.475522
vn -0.891391 0.440366 -0.107240
vn -0.891391 0.440366 -0.107240
vn -0.891397 0.440354 -0.107237
vn -0.891397 0.440354 -0.107237
vn -0.891397 0.440354 -0.107237
vn -0.891397 0.440354 -0.107237
vn -0.639637 0.700913 0.315572
vn -0.639637 0.700913 0.315572
vn -0.639634 0.700924 0.315555
vn -0.639634 0.700924 0.315555
vn -0.639634 0.700924 0.315555
vn -0.639634 0.700924 0.315555
vn 0.166026 0.980599 0.104219
vn 0.166034 0.980597 0.104218
vn 0.166034 0.980597 0.104218
vn 0.799743 0.577015 0.165728
vn 0.799742 0.577015 0.165728
vn 0.799742 0.577016 0.165727
vn 0.799742 0.577016 0.165728
vn 0.799742 0.577016 0.165728
vn 0.799742 0.577016 0.165727
s 1
g group2 Ore_Clicker29
usemtl initialShadingGroup
f 1862/2189/5318 1837/2152/5319 1859/2186/5320 1858/2185/5321
s off
f 1867/2194/5322 1835/2179/5323 1863/2191/5324 1865/2190/5325
s 2
f 1871/2198/5326 1847/2157/5327 1869/2196/5328 1868/2195/5329
s 3
f 1875/2202/5330 1841/2159/5331 1873/2200/5332 1872/2199/5333
s off
f 1862/2189/5334 1839/2180/5335 1864/2204/5336 1876/2203/5337
f 1881/2209/5338 1834/2162/5339 1880/2208/5340 1879/2207/5341
s 4
f 1884/2212/5342 1843/2161/5343 1877/2205/5344 1883/2210/5345
f 1886/2214/5346 1843/2161/5343 1884/2212/5342 1885/2213/5347
s 5
f 1891/2219/5348 1848/2163/5349 1888/2216/5350 1887/2215/5351
s 6
f 1895/2223/5352 1849/2178/5353 1888/2216/5354 1892/2220/5355
s 7
f 1899/2227/5356 1851/2166/5357 1890/2218/5358 1896/2224/5359
s 8
f 1903/2231/5360 1853/2176/5361 1894/2222/5362 1900/2228/5363
s 9
f 1906/2235/5364 1855/2175/5365 1902/2233/5366 1904/2232/5367
s 10
f 1891/2219/5368 1851/2166/5369 1908/2237/5370 1907/2236/5371
s 3
f 1909/2238/5372 1841/2159/5331 1875/2202/5330 1910/2239/5373
s 11
f 1911/2240/5374 1836/2156/5375 1866/2193/5376 1912/2241/5377
s 12
f 1913/2245/5378 1838/2153/5379 1859/2186/5380 1914/2243/5381
s 13
f 1915/2244/5382 1837/2152/5383 1878/2206/5384 1916/2246/5385
s 14
f 1920/2251/5386 1850/2165/5387 1889/2249/5388 1918/2248/5389
s 6
f 1919/2250/5390 1849/2164/5353 1895/2253/5352 1921/2252/5391
s 8
f 1922/2254/5392 1853/2168/5361 1903/2256/5360 1923/2255/5393
s 9
f 1924/2257/5394 1855/2172/5365 1906/2259/5364 1925/2258/5395
s 15
f 1926/2260/5396 1857/2169/5397 1897/2262/5398 1927/2261/5399
s 4
f 1917/2247/5400 1843/2161/5343 1886/2214/5346 1928/2263/5401
s 12
f 1859/2186/5380 1838/2153/5379 1860/2187/5402 1858/2185/5403
s off
f 1860/2187/5404 1840/2184/5405 1861/2188/5406 1858/2185/5407
f 1861/2188/5408 1839/2180/5409 1862/2189/5410 1858/2185/5411
f 1863/2191/5412 1840/2154/5413 1860/2192/5414 1865/2190/5415
s 16
f 1860/2192/5416 1838/2182/5417 1866/2193/5418 1865/2190/5419
s 11
f 1866/2193/5376 1836/2156/5375 1867/2194/5420 1865/2190/5421
s 17
f 1869/2196/5422 1842/2158/5423 1870/2197/5424 1868/2195/5425
s 18
f 1870/2197/5426 1841/2159/5427 1871/2198/5428 1868/2195/5429
s off
f 1873/2200/5430 1844/2160/5431 1874/2201/5432 1872/2199/5433
f 1874/2201/5434 1835/2179/5435 1867/2194/5436 1872/2199/5437
s 19
f 1867/2194/5438 1836/2156/5439 1875/2202/5440 1872/2199/5441
s off
f 1864/2204/5442 1846/2155/5443 1877/2205/5444 1876/2203/5445
s 20
f 1877/2205/5446 1843/2161/5447 1878/2206/5448 1876/2203/5449
s 13
f 1878/2206/5384 1837/2152/5383 1862/2189/5450 1876/2203/5451
s off
f 1880/2208/5452 1844/2160/5453 1873/2200/5454 1879/2207/5455
s 18
f 1873/2200/5456 1841/2159/5427 1870/2197/5426 1879/2207/5457
s 17
f 1870/2197/5424 1842/2158/5423 1881/2209/5458 1879/2207/5459
s off
f 1877/2205/5460 1846/2155/5461 1882/2211/5462 1883/2210/5463
f 1882/2211/5464 1834/2162/5465 1881/2209/5466 1883/2210/5467
s 21
f 1881/2209/5468 1842/2158/5469 1884/2212/5470 1883/2210/5471
f 1884/2212/5470 1842/2158/5469 1869/2196/5472 1885/2213/5473
s 22
f 1869/2196/5474 1847/2157/5475 1886/2214/5476 1885/2213/5477
s off
f 1888/2216/5478 1849/2178/5479 1889/2217/5480 1887/2215/5481
f 1889/2217/5482 1850/2177/5483 1890/2218/5484 1887/2215/5485
s 10
f 1890/2218/5486 1851/2166/5369 1891/2219/5368 1887/2215/5487
s 23
f 1888/2216/5488 1848/2163/5489 1893/2221/5490 1892/2220/5491
s 24
f 1893/2221/5492 1852/2167/5493 1894/2222/5494 1892/2220/5495
s 25
f 1894/2222/5496 1853/2176/5497 1895/2223/5498 1892/2220/5499
s 14
f 1890/2218/5500 1850/2177/5387 1897/2225/5501 1896/2224/5502
s 15
f 1897/2225/5398 1857/2174/5397 1898/2226/5503 1896/2224/5504
s 26
f 1898/2226/5505 1856/2170/5506 1899/2227/5507 1896/2224/5508
s 27
f 1894/2222/5509 1852/2167/5510 1901/2229/5511 1900/2228/5512
s 28
f 1901/2229/5513 1854/2171/5514 1902/2230/5515 1900/2228/5516
s 29
f 1902/2230/5517 1855/2181/5518 1903/2231/5519 1900/2228/5520
s 30
f 1902/2233/5521 1854/2183/5522 1905/2234/5523 1904/2232/5524
s 31
f 1905/2234/5525 1856/2170/5526 1898/2226/5527 1904/2232/5528
s 32
f 1898/2226/5529 1857/2174/5530 1906/2235/5531 1904/2232/5532
s 2
f 1908/2237/5533 1847/2157/5327 1871/2198/5326 1907/2236/5534
s 18
f 1871/2198/5428 1841/2159/5427 1909/2238/5535 1907/2236/5536
s 5
f 1909/2238/5537 1848/2163/5349 1891/2219/5348 1907/2236/5538
s 19
f 1875/2202/5440 1836/2156/5439 1911/2240/5539 1910/2239/5540
s 24
f 1911/2240/5541 1852/2167/5493 1893/2221/5492 1910/2239/5542
s 23
f 1893/2221/5490 1848/2163/5489 1909/2238/5543 1910/2239/5544
s 16
f 1866/2193/5418 1838/2182/5417 1913/2242/5545 1912/2241/5546
s 28
f 1913/2242/5547 1854/2171/5514 1901/2229/5513 1912/2241/5548
s 27
f 1901/2229/5511 1852/2167/5510 1911/2240/5549 1912/2241/5550
s 1
f 1859/2186/5320 1837/2152/5319 1915/2244/5551 1914/2243/5552
s 31
f 1915/2244/5553 1856/2170/5526 1905/2234/5525 1914/2243/5554
s 30
f 1905/2234/5523 1854/2183/5522 1913/2245/5555 1914/2243/5556
s 20
f 1878/2206/5448 1843/2161/5447 1917/2247/5557 1916/2246/5558
s 7
f 1917/2247/5559 1851/2166/5357 1899/2227/5356 1916/2246/5560
s 26
f 1899/2227/5507 1856/2170/5506 1915/2244/5561 1916/2246/5562
s off
f 1889/2249/5563 1849/2164/5564 1919/2250/5565 1918/2248/5566
s 33
f 1919/2250/5567 1845/2173/5568 1920/2251/5569 1918/2248/5570
s 25
f 1895/2253/5498 1853/2168/5497 1922/2254/5571 1921/2252/5572
s off
f 1922/2254/5573 1845/2173/5574 1919/2250/5575 1921/2252/5576
s 29
f 1903/2256/5519 1855/2172/5518 1924/2257/5577 1923/2255/5578
s off
f 1924/2257/5579 1845/2173/5580 1922/2254/5581 1923/2255/5582
s 32
f 1906/2259/5531 1857/2169/5530 1926/2260/5583 1925/2258/5584
s off
f 1926/2260/5585 1845/2173/5586 1924/2257/5587 1925/2258/5588
s 14
f 1897/2262/5501 1850/2165/5387 1920/2251/5386 1927/2261/5589
s 33
f 1920/2251/5569 1845/2173/5568 1926/2260/5590 1927/2261/5591
s 22
f 1886/2214/5476 1847/2157/5475 1908/2237/5592 1928/2263/5593
s off
f 1908/2237/5594 1851/2166/5595 1917/2247/5596 1928/2263/5597
g default
v 25.513435 0.123334 -52.032654
v 34.211872 0.090866 -52.946569
v 34.325467 3.870395 -53.017579
v 28.767446 3.239630 -65.331324
v 35.143171 3.296914 -62.907913
v 28.294133 0.123334 -65.333670
v 34.082664 0.339721 -62.274817
v 30.178032 4.947957 -51.344949
v 25.264604 2.917364 -52.459910
v 26.557429 5.125845 -61.241388
v 30.345572 0.105874 -48.559850
v 31.049820 8.215278 -58.466836
v 25.395180 0.123334 -59.023385
v 27.502321 5.641063 -55.001887
v 30.139838 7.137922 -54.834862
v 30.746712 8.146795 -57.776666
v 30.280748 8.043386 -58.538513
v 28.278885 7.297647 -59.025544
v 33.427350 5.496779 -55.145372
v 31.481262 7.610815 -57.756820
v 33.261030 5.427454 -62.214771
v 31.175598 7.759397 -59.044125
v 28.817774 5.966761 -64.019689
v 30.405434 8.035578 -59.267087
v 31.554255 1.775975 -63.975658
v 31.955309 3.268273 -64.119619
v 34.612918 1.818318 -62.591366
v 31.188399 0.231528 -63.804245
v 28.530790 1.681482 -65.332498
v 34.147268 0.215294 -57.610693
v 26.844658 0.123334 -62.178527
v 34.437144 1.936316 -57.530356
v 34.734320 3.583655 -57.962746
v 34.268670 1.980631 -52.982074
v 27.509389 4.391504 -52.876900
v 26.383464 4.279213 -53.730898
v 27.721317 3.932661 -51.902427
v 28.840177 5.294511 -53.173417
v 32.097273 2.263782 -51.335902
v 30.261802 2.526916 -49.952396
v 32.278722 0.098370 -50.753207
v 32.251750 4.409177 -52.181267
v 27.066025 2.203084 -62.353154
v 25.976304 2.624590 -60.132385
v 27.662438 4.182738 -63.286355
v 28.194438 2.162153 -50.949952
v 27.929503 0.114604 -50.296250
v 25.389019 1.520349 -52.246277
v 25.454307 0.123334 -55.528019
v 25.751463 2.348916 -56.880445
v 25.911017 4.021605 -56.850647
v 26.349960 4.451943 -56.152126
v 27.029875 5.383455 -58.121639
v 29.695705 7.529827 -57.321473
v 30.443275 7.642359 -56.305762
v 30.513730 8.095089 -58.157590
v 29.279817 7.670515 -58.782033
v 29.209362 7.217785 -56.930202
v 31.675617 6.828118 -56.048042
v 31.783595 6.317351 -54.990113
v 32.454306 6.553798 -56.451098
v 31.113987 7.878805 -57.766744
v 29.214794 7.050370 -60.925591
v 30.343090 8.039481 -58.902799
v 29.611605 7.001169 -61.643387
v 28.548329 6.632203 -61.522616
v 32.579548 6.301597 -58.645984
v 33.344190 5.462116 -58.680068
v 32.218315 6.593425 -60.629447
v 31.328430 7.685108 -58.400472
v 30.943418 6.539363 -61.601299
v 31.039402 5.697107 -63.117229
v 30.790516 7.897488 -59.155605
v 29.055011 6.222679 -54.938214
v 27.890604 6.469355 -57.013721
v 30.158935 6.042940 -53.089907
v 31.888907 5.396810 -53.528480
v 33.876408 4.683588 -54.081477
v 34.120027 4.416560 -58.485348
v 34.202101 4.362185 -62.561343
v 31.444803 4.377379 -63.700288
v 28.792610 4.603195 -64.675507
v 28.105804 5.338675 -62.497787
v 27.418158 6.211747 -60.133466
v 30.676582 8.131632 -58.282876
v 30.898267 8.181035 -58.121751
v 30.665284 8.129332 -58.502675
v 31.137005 7.949224 -57.976396
v 31.265540 7.913047 -58.111829
v 31.239892 7.865539 -58.388039
v 31.112709 7.987338 -58.755480
v 30.878373 8.002191 -58.926675
v 30.727625 8.125427 -58.866964
v 30.617067 8.107313 -58.740389
v 27.436169 6.013701 -58.471892
vt 0.106185 0.192947
vt 0.019070 0.192947
vt 0.420449 0.012011
vt 0.167807 0.012011
vt 0.337331 0.192947
vt 0.219102 0.243023
vt 0.219102 0.124298
vt 0.252503 0.192947
vt 0.252503 0.012011
vt 0.167807 0.192947
vt 0.219102 0.012011
vt 0.252503 0.322184
vt 0.937112 0.011156
vt 0.924385 0.030541
vt 0.167807 0.322184
vt 0.337331 0.322184
vt 0.971978 0.011156
vt 0.924385 0.045989
vt 0.106185 0.322184
vt 0.420449 0.322184
vt 0.971979 0.045989
vt 0.943151 0.025258
vt 0.106185 0.530708
vt 0.019070 0.530708
vt 0.337331 0.530708
vt 0.167807 0.530708
vt 0.252503 0.530708
vt 0.337331 0.012011
vt 0.106185 0.012011
vt 0.420449 0.530708
vt 0.420449 0.192947
vt 0.019070 0.322184
vt 0.019070 0.012011
vt 0.062976 0.104065
vt 0.062627 0.192947
vt 0.019070 0.102479
vt 0.062627 0.012011
vt 0.106185 0.102479
vt 0.376643 0.104222
vt 0.378890 0.012011
vt 0.420449 0.102479
vt 0.378890 0.192947
vt 0.337331 0.102479
vt 0.229741 0.182228
vt 0.219102 0.183660
vt 0.235802 0.158622
vt 0.235802 0.217985
vt 0.291359 0.101937
vt 0.252503 0.102479
vt 0.294917 0.012011
vt 0.294917 0.192947
vt 0.141433 0.101683
vt 0.136996 0.012011
vt 0.167807 0.102479
vt 0.136996 0.192947
vt 0.238355 0.090305
vt 0.235802 0.012011
vt 0.219102 0.068154
vt 0.189375 0.095141
vt 0.193454 0.012011
vt 0.193454 0.158622
vt 0.201851 0.181902
vt 0.193454 0.217985
vt 0.211729 0.396477
vt 0.252503 0.426446
vt 0.210155 0.530708
vt 0.167807 0.426446
vt 0.210155 0.322184
vt 0.301018 0.400849
vt 0.294917 0.322184
vt 0.337331 0.426446
vt 0.294917 0.530708
vt 0.130074 0.395287
vt 0.136996 0.530708
vt 0.106185 0.426446
vt 0.136996 0.322184
vt 0.380310 0.400866
vt 0.378890 0.322184
vt 0.420449 0.426446
vt 0.378890 0.530708
vt 0.062652 0.401991
vt 0.019070 0.426446
vt 0.062627 0.322184
vt 0.062627 0.530708
vt 0.224258 0.268241
vt 0.193454 0.282603
vt 0.252503 0.257565
vt 0.291896 0.256558
vt 0.337331 0.257565
vt 0.380866 0.250776
vt 0.420449 0.257565
vt 0.064139 0.251739
vt 0.106185 0.257565
vt 0.019070 0.257565
vt 0.136199 0.255033
vt 0.167807 0.257565
vt 0.934457 0.022894
vt 0.930749 0.020848
vt 0.940131 0.018207
vt 0.933768 0.027899
vt 0.953124 0.015402
vt 0.954545 0.011156
vt 0.957565 0.018207
vt 0.961945 0.026457
vt 0.971978 0.028572
vt 0.957565 0.035623
vt 0.946630 0.039114
vt 0.948182 0.045989
vt 0.933768 0.035623
vt 0.931633 0.033368
vt 0.924385 0.038265
vt 0.184537 0.252113
vn 0.381332 -0.122609 -0.916271
vn 0.374853 0.103306 -0.921310
vn 0.372810 0.129818 -0.918782
vn 0.381332 -0.122609 -0.916271
vn 0.995357 -0.095694 0.010390
vn 0.995357 -0.095694 0.010390
vn 0.995357 -0.095694 0.010390
vn 0.995357 -0.095694 0.010390
vn -0.395661 0.816561 0.420333
vn -0.372743 0.841455 0.391174
vn -0.426289 0.779143 0.459579
vn -0.426289 0.779143 0.459579
vn 0.486795 0.550378 0.678318
vn 0.487889 0.545539 0.681434
vn 0.514942 0.370800 0.772879
vn 0.514942 0.370800 0.772879
vn -0.896351 0.092175 -0.433657
vn -0.896351 0.092175 -0.433657
vn -0.896351 0.092175 -0.433657
vn -0.896351 0.092175 -0.433657
vn -0.509495 0.229593 0.829278
vn -0.509495 0.229593 0.829278
vn -0.509495 0.229593 0.829278
vn -0.509496 0.229593 0.829278
vn -0.930398 0.365229 -0.031095
vn -0.945619 0.323572 -0.033263
vn -0.984619 0.152837 -0.084650
vn -0.984619 0.152837 -0.084650
vn -0.763193 0.643144 0.062469
vn -0.744265 0.665382 0.057767
vn -0.500942 0.819972 0.276952
vn -0.597345 0.722396 0.348313
vn -0.412645 0.885572 0.213274
vn -0.412645 0.885572 0.213274
vn 0.486935 0.800173 0.350168
vn 0.487837 0.799798 0.349769
vn 0.483483 0.801598 0.351690
vn 0.483483 0.801598 0.351690
vn -0.600514 0.727741 -0.331325
vn -0.454290 0.837608 -0.303370
vn -0.299934 0.915854 -0.266930
vn -0.299934 0.915854 -0.266930
vn 0.757896 0.650044 -0.055101
vn 0.750609 0.658849 -0.050042
vn 0.748678 0.661141 -0.048715
vn 0.748679 0.661141 -0.048715
vn 0.327011 0.839665 -0.433620
vn 0.326947 0.839717 -0.433568
vn 0.324020 0.842079 -0.431177
vn 0.324020 0.842079 -0.431177
vn -0.466997 0.836243 0.287421
vn -0.448982 0.852742 0.266920
vn -0.484332 0.819105 0.307392
vn -0.484332 0.819105 0.307392
vn 0.403097 0.781346 0.476457
vn 0.403097 0.781346 0.476457
vn 0.828701 0.559146 0.024715
vn 0.996357 0.063547 0.056869
vn 0.975315 0.215352 0.048836
vn 0.828701 0.559146 0.024715
vn 0.318135 0.496798 -0.807454
vn 0.379215 0.030434 -0.924808
vn 0.376901 0.081883 -0.922627
vn 0.318135 0.496798 -0.807454
vn -0.761285 0.423205 -0.491267
vn -0.865114 0.143720 -0.480544
vn -0.845015 0.219500 -0.487616
vn -0.761285 0.423205 -0.491267
vn -0.216216 0.976121 -0.020943
vn -0.330727 0.920508 -0.208049
vn -0.218213 0.975901 0.001004
vn -0.218213 0.975901 0.001004
vn 0.552956 0.769637 0.319214
vn 0.552956 0.769637 0.319214
vn 0.882080 0.443733 -0.158229
vn 0.882080 0.443733 -0.158229
vn 0.417183 0.755252 -0.505522
vn 0.417183 0.755252 -0.505522
vn -0.213707 0.975765 -0.047028
vn -0.414558 0.883847 -0.216693
vn -0.385613 0.902556 -0.191563
vn -0.213707 0.975765 -0.047028
vn -0.818025 0.570030 0.076810
vn -0.818026 0.570030 0.076810
vn 0.373522 -0.255324 -0.891791
vn 0.373522 -0.255324 -0.891791
vn 0.429152 -0.266515 -0.863017
vn 0.429152 -0.266515 -0.863017
vn 0.429152 -0.266515 -0.863017
vn 0.429152 -0.266515 -0.863017
vn 0.438125 -0.133856 -0.888892
vn 0.438125 -0.133856 -0.888892
vn 0.438125 -0.133856 -0.888892
vn 0.438125 -0.133856 -0.888892
vn 0.968821 -0.247522 0.010911
vn 0.968821 -0.247522 0.010911
vn 0.968821 -0.247522 0.010911
vn 0.968821 -0.247522 0.010911
vn 0.968395 -0.240447 0.066306
vn 0.993753 0.097940 0.053507
vn 0.997675 0.038491 0.056241
vn 0.968395 -0.240447 0.066306
vn 0.993814 -0.091040 0.063612
vn 0.993813 -0.091040 0.063612
vn -0.426289 0.779144 0.459579
vn -0.417314 0.394143 0.818841
vn -0.426132 0.458975 0.779585
vn -0.426289 0.779144 0.459579
vn -0.426977 0.564450 0.706461
vn -0.434435 0.564532 0.701833
vn -0.448843 0.778207 0.439242
vn -0.426288 0.779144 0.459579
vn 0.662562 0.328258 0.673244
vn 0.662562 0.328258 0.673244
vn 0.662562 0.328259 0.673244
vn 0.662562 0.328259 0.673244
vn 0.682201 0.130640 0.719399
vn 0.682201 0.130640 0.719399
vn 0.682201 0.130640 0.719399
vn 0.682201 0.130640 0.719399
vn 0.520955 0.155925 0.839222
vn 0.513335 0.405326 0.756438
vn 0.507917 0.449331 0.734930
vn 0.520955 0.155925 0.839222
vn -0.902416 0.037818 -0.429203
vn -0.902416 0.037818 -0.429203
vn -0.902416 0.037818 -0.429203
vn -0.902416 0.037818 -0.429203
vn -0.886131 0.021889 -0.462918
vn -0.792852 0.323600 -0.516400
vn -0.840223 0.206496 -0.501383
vn -0.886131 0.021889 -0.462918
vn -0.877399 0.082078 -0.472689
vn -0.877399 0.082078 -0.472689
vn -0.503943 0.376416 0.777401
vn -0.503943 0.376416 0.777401
vn -0.503943 0.376416 0.777401
vn -0.503943 0.376416 0.777401
vn -0.405233 0.404768 0.819725
vn -0.405233 0.404768 0.819725
vn -0.391195 0.252055 0.885118
vn -0.391195 0.252055 0.885118
vn -0.984588 0.174055 -0.017070
vn -0.984588 0.174055 -0.017070
vn -0.984588 0.174055 -0.017070
vn -0.984588 0.174055 -0.017070
vn -0.998881 0.032972 -0.033908
vn -0.998881 0.032972 -0.033908
vn -0.998881 0.032972 -0.033908
vn -0.998881 0.032972 -0.033908
vn -0.993911 0.004784 -0.110080
vn -0.989590 0.115244 -0.086197
vn -0.975152 0.212067 -0.064072
vn -0.993911 0.004784 -0.110080
vn -0.744264 0.665382 0.057767
vn -0.744264 0.665382 0.057767
vn -0.744267 0.665380 0.057767
vn -0.755391 0.652474 0.060517
vn -0.790856 0.608036 0.069557
vn -0.744267 0.665380 0.057767
vn -0.430664 0.880337 0.198838
vn -0.430664 0.880337 0.198838
vn -0.430664 0.880337 0.198838
vn -0.430664 0.880337 0.198838
vn -0.402175 0.896669 0.185041
vn -0.402175 0.896669 0.185041
vn -0.402175 0.896669 0.185041
vn -0.402175 0.896669 0.185041
vn -0.392653 0.896711 0.204287
vn -0.392653 0.896711 0.204287
vn 0.450791 0.815780 0.362340
vn 0.433133 0.793028 0.428372
vn 0.430835 0.789984 0.436241
vn 0.450791 0.815780 0.362340
vn 0.435269 0.806314 0.400499
vn 0.427630 0.797107 0.426324
vn 0.451301 0.824787 0.340668
vn 0.451301 0.824787 0.340668
vn 0.492189 0.811258 0.315611
vn 0.493763 0.810257 0.315724
vn 0.499417 0.806629 0.316120
vn 0.492189 0.811258 0.315611
vn -0.342175 0.911915 -0.226554
vn -0.338047 0.914919 -0.220564
vn -0.342175 0.911915 -0.226554
vn -0.419921 0.880147 -0.221378
vn -0.419921 0.880147 -0.221378
vn -0.342894 0.899435 -0.271001
vn -0.865339 0.407775 -0.291389
vn -0.573540 0.763409 -0.297083
vn -0.342894 0.899435 -0.271001
vn 0.746239 0.665096 -0.027818
vn 0.817956 0.575207 -0.009218
vn 0.795569 0.605668 -0.015356
vn 0.746239 0.665096 -0.027818
vn 0.757847 0.652246 -0.015604
vn 0.764901 0.644029 -0.012398
vn 0.731560 0.681236 -0.027167
vn 0.731560 0.681235 -0.027167
vn 0.725809 0.686331 -0.046376
vn 0.729863 0.681848 -0.048805
vn 0.733961 0.677253 -0.051277
vn 0.725809 0.686331 -0.046376
vn 0.289776 0.848405 -0.442989
vn 0.337380 0.658879 -0.672349
vn 0.330391 0.701224 -0.631764
vn 0.289776 0.848405 -0.442989
vn 0.341209 0.663384 -0.665956
vn 0.349423 0.607116 -0.713662
vn 0.294313 0.839160 -0.457374
vn 0.294313 0.839160 -0.457374
vn 0.329779 0.827498 -0.454414
vn 0.331285 0.826394 -0.455328
vn 0.334388 0.824103 -0.457207
vn 0.329779 0.827498 -0.454414
vn -0.341044 0.872019 0.351101
vn -0.341045 0.872019 0.351101
vn -0.467591 0.776854 0.421730
vn -0.467591 0.776854 0.421730
vn -0.620286 0.693927 0.365665
vn -0.620286 0.693927 0.365665
vn 0.401166 0.793524 0.457586
vn 0.401166 0.793524 0.457586
vn 0.420573 0.788413 0.448913
vn 0.420573 0.788413 0.448913
vn 0.420104 0.775562 0.471185
vn 0.420104 0.775562 0.471186
vn 0.772549 0.634698 0.018042
vn 0.772549 0.634698 0.018042
vn 0.775492 0.631312 -0.007496
vn 0.775492 0.631312 -0.007496
vn 0.836214 0.548389 -0.003938
vn 0.836214 0.548389 -0.003938
vn 0.329291 0.430125 -0.840571
vn 0.329291 0.430125 -0.840571
vn 0.362085 0.432541 -0.825714
vn 0.362085 0.432541 -0.825714
vn 0.351890 0.505690 -0.787687
vn 0.351890 0.505690 -0.787687
vn -0.499886 0.710171 -0.495754
vn -0.499886 0.710171 -0.495754
vn -0.666025 0.663386 -0.341070
vn -0.666025 0.663386 -0.341070
vn -0.899483 0.332410 -0.283608
vn -0.899483 0.332410 -0.283608
vn -0.218212 0.975901 0.000996
vn -0.218212 0.975901 0.000996
vn -0.218212 0.975901 0.000996
vn -0.218212 0.975901 0.000996
vn -0.218212 0.975901 0.001005
vn -0.216585 0.976116 -0.016987
vn -0.215780 0.976106 -0.025602
vn -0.218212 0.975901 0.001005
vn 0.552957 0.769637 0.319213
vn 0.552957 0.769637 0.319213
vn 0.552956 0.769637 0.319214
vn 0.552956 0.769637 0.319214
vn 0.552956 0.769637 0.319214
vn 0.552956 0.769638 0.319214
vn 0.882078 0.443737 -0.158229
vn 0.882078 0.443737 -0.158229
vn 0.882078 0.443737 -0.158229
vn 0.882078 0.443737 -0.158229
vn 0.882078 0.443737 -0.158229
vn 0.882078 0.443737 -0.158229
vn 0.417182 0.755252 -0.505524
vn 0.417182 0.755252 -0.505523
vn 0.417182 0.755254 -0.505520
vn 0.417182 0.755254 -0.505520
vn 0.417182 0.755254 -0.505520
vn 0.417182 0.755254 -0.505520
vn -0.213704 0.975766 -0.047032
vn -0.213708 0.975765 -0.047033
vn -0.213708 0.975765 -0.047033
vn -0.818023 0.570033 0.076809
vn -0.818023 0.570033 0.076809
vn -0.818025 0.570031 0.076810
vn -0.818025 0.570031 0.076810
vn -0.818025 0.570031 0.076810
vn -0.818025 0.570031 0.076810
s 1
g group2 Ore_Clicker30
usemtl initialShadingGroup
f 1957/2301/5598 1932/2264/5599 1954/2298/5600 1953/2297/5601
s off
f 1962/2306/5602 1930/2291/5603 1958/2303/5604 1960/2302/5605
s 2
f 1966/2310/5606 1942/2269/5607 1964/2308/5608 1963/2307/5609
s 3
f 1970/2314/5610 1936/2271/5611 1968/2312/5612 1967/2311/5613
s off
f 1957/2301/5614 1934/2292/5615 1959/2316/5616 1971/2315/5617
f 1976/2321/5618 1929/2274/5619 1975/2320/5620 1974/2319/5621
s 4
f 1979/2324/5622 1938/2273/5623 1972/2317/5624 1978/2322/5625
f 1981/2326/5626 1938/2273/5623 1979/2324/5622 1980/2325/5627
s 5
f 1986/2331/5628 1943/2275/5629 1983/2328/5630 1982/2327/5631
s 6
f 1990/2335/5632 1944/2290/5633 1983/2328/5634 1987/2332/5635
s 7
f 1994/2339/5636 1946/2278/5637 1985/2330/5638 1991/2336/5639
s 8
f 1998/2343/5640 1948/2288/5641 1989/2334/5642 1995/2340/5643
s 9
f 2001/2347/5644 1950/2287/5645 1997/2345/5646 1999/2344/5647
s 10
f 1986/2331/5648 1946/2278/5649 2003/2349/5650 2002/2348/5651
s 3
f 2004/2350/5652 1936/2271/5611 1970/2314/5610 2005/2351/5653
s 11
f 2006/2352/5654 1931/2268/5655 1961/2305/5656 2007/2353/5657
s 12
f 2008/2357/5658 1933/2265/5659 1954/2298/5660 2009/2355/5661
s 13
f 2010/2356/5662 1932/2264/5663 1973/2318/5664 2011/2358/5665
s 14
f 2015/2363/5666 1945/2277/5667 1984/2361/5668 2013/2360/5669
s 6
f 2014/2362/5670 1944/2276/5633 1990/2365/5632 2016/2364/5671
s 8
f 2017/2366/5672 1948/2280/5641 1998/2368/5640 2018/2367/5673
s 9
f 2019/2369/5674 1950/2284/5645 2001/2371/5644 2020/2370/5675
s 15
f 2021/2372/5676 1952/2281/5677 1992/2374/5678 2022/2373/5679
s 4
f 2012/2359/5680 1938/2273/5623 1981/2326/5626 2023/2375/5681
s 12
f 1954/2298/5660 1933/2265/5659 1955/2299/5682 1953/2297/5683
s off
f 1955/2299/5684 1935/2296/5685 1956/2300/5686 1953/2297/5687
f 1956/2300/5688 1934/2292/5689 1957/2301/5690 1953/2297/5691
f 1958/2303/5692 1935/2266/5693 1955/2304/5694 1960/2302/5695
s 16
f 1955/2304/5696 1933/2294/5697 1961/2305/5698 1960/2302/5699
s 11
f 1961/2305/5656 1931/2268/5655 1962/2306/5700 1960/2302/5701
s 17
f 1964/2308/5702 1937/2270/5703 1965/2309/5704 1963/2307/5705
s 18
f 1965/2309/5706 1936/2271/5707 1966/2310/5708 1963/2307/5709
s off
f 1968/2312/5710 1939/2272/5711 1969/2313/5712 1967/2311/5713
f 1969/2313/5714 1930/2291/5715 1962/2306/5716 1967/2311/5717
s 19
f 1962/2306/5718 1931/2268/5719 1970/2314/5720 1967/2311/5721
s off
f 1959/2316/5722 1941/2267/5723 1972/2317/5724 1971/2315/5725
s 20
f 1972/2317/5726 1938/2273/5727 1973/2318/5728 1971/2315/5729
s 13
f 1973/2318/5664 1932/2264/5663 1957/2301/5730 1971/2315/5731
s off
f 1975/2320/5732 1939/2272/5733 1968/2312/5734 1974/2319/5735
s 18
f 1968/2312/5736 1936/2271/5707 1965/2309/5706 1974/2319/5737
s 17
f 1965/2309/5704 1937/2270/5703 1976/2321/5738 1974/2319/5739
s off
f 1972/2317/5740 1941/2267/5741 1977/2323/5742 1978/2322/5743
f 1977/2323/5744 1929/2274/5745 1976/2321/5746 1978/2322/5747
s 21
f 1976/2321/5748 1937/2270/5749 1979/2324/5750 1978/2322/5751
f 1979/2324/5750 1937/2270/5749 1964/2308/5752 1980/2325/5753
s 22
f 1964/2308/5754 1942/2269/5755 1981/2326/5756 1980/2325/5757
s off
f 1983/2328/5758 1944/2290/5759 1984/2329/5760 1982/2327/5761
f 1984/2329/5762 1945/2289/5763 1985/2330/5764 1982/2327/5765
s 10
f 1985/2330/5766 1946/2278/5649 1986/2331/5648 1982/2327/5767
s 23
f 1983/2328/5768 1943/2275/5769 1988/2333/5770 1987/2332/5771
s 24
f 1988/2333/5772 1947/2279/5773 1989/2334/5774 1987/2332/5775
s 25
f 1989/2334/5776 1948/2288/5777 1990/2335/5778 1987/2332/5779
s 14
f 1985/2330/5780 1945/2289/5667 1992/2337/5781 1991/2336/5782
s 15
f 1992/2337/5678 1952/2286/5677 1993/2338/5783 1991/2336/5784
s 26
f 1993/2338/5785 1951/2282/5786 1994/2339/5787 1991/2336/5788
s 27
f 1989/2334/5789 1947/2279/5790 1996/2341/5791 1995/2340/5792
s 28
f 1996/2341/5793 1949/2283/5794 1997/2342/5795 1995/2340/5796
s 29
f 1997/2342/5797 1950/2293/5798 1998/2343/5799 1995/2340/5800
s 30
f 1997/2345/5801 1949/2295/5802 2000/2346/5803 1999/2344/5804
s 31
f 2000/2346/5805 1951/2282/5806 1993/2338/5807 1999/2344/5808
s 32
f 1993/2338/5809 1952/2286/5810 2001/2347/5811 1999/2344/5812
s 2
f 2003/2349/5813 1942/2269/5607 1966/2310/5606 2002/2348/5814
s 18
f 1966/2310/5708 1936/2271/5707 2004/2350/5815 2002/2348/5816
s 5
f 2004/2350/5817 1943/2275/5629 1986/2331/5628 2002/2348/5818
s 19
f 1970/2314/5720 1931/2268/5719 2006/2352/5819 2005/2351/5820
s 24
f 2006/2352/5821 1947/2279/5773 1988/2333/5772 2005/2351/5822
s 23
f 1988/2333/5770 1943/2275/5769 2004/2350/5823 2005/2351/5824
s 16
f 1961/2305/5698 1933/2294/5697 2008/2354/5825 2007/2353/5826
s 28
f 2008/2354/5827 1949/2283/5794 1996/2341/5793 2007/2353/5828
s 27
f 1996/2341/5791 1947/2279/5790 2006/2352/5829 2007/2353/5830
s 1
f 1954/2298/5600 1932/2264/5599 2010/2356/5831 2009/2355/5832
s 31
f 2010/2356/5833 1951/2282/5806 2000/2346/5805 2009/2355/5834
s 30
f 2000/2346/5803 1949/2295/5802 2008/2357/5835 2009/2355/5836
s 20
f 1973/2318/5728 1938/2273/5727 2012/2359/5837 2011/2358/5838
s 7
f 2012/2359/5839 1946/2278/5637 1994/2339/5636 2011/2358/5840
s 26
f 1994/2339/5787 1951/2282/5786 2010/2356/5841 2011/2358/5842
s off
f 1984/2361/5843 1944/2276/5844 2014/2362/5845 2013/2360/5846
s 33
f 2014/2362/5847 1940/2285/5848 2015/2363/5849 2013/2360/5850
s 25
f 1990/2365/5778 1948/2280/5777 2017/2366/5851 2016/2364/5852
s off
f 2017/2366/5853 1940/2285/5854 2014/2362/5855 2016/2364/5856
s 29
f 1998/2368/5799 1950/2284/5798 2019/2369/5857 2018/2367/5858
s off
f 2019/2369/5859 1940/2285/5860 2017/2366/5861 2018/2367/5862
s 32
f 2001/2371/5811 1952/2281/5810 2021/2372/5863 2020/2370/5864
s off
f 2021/2372/5865 1940/2285/5866 2019/2369/5867 2020/2370/5868
s 14
f 1992/2374/5781 1945/2277/5667 2015/2363/5666 2022/2373/5869
s 33
f 2015/2363/5849 1940/2285/5848 2021/2372/5870 2022/2373/5871
s 22
f 1981/2326/5756 1942/2269/5755 2003/2349/5872 2023/2375/5873
s off
f 2003/2349/5874 1946/2278/5875 2012/2359/5876 2023/2375/5877
g default
v 35.125301 -0.171706 -58.642866
v 40.601852 -0.223086 -73.959424
v 41.948849 5.758077 -76.655781
v 28.559941 4.759868 -75.471773
v 34.779429 4.850548 -84.325425
v 27.130807 -0.171706 -72.643202
v 33.645236 0.170737 -80.498208
v 40.761790 7.463328 -69.412855
v 35.340064 4.249881 -59.844769
v 30.900441 7.744831 -70.446854
v 41.098476 -0.199337 -64.270904
v 37.191588 12.633898 -78.002473
v 29.910462 -0.171706 -63.532519
v 36.530477 8.560155 -68.207768
v 39.085198 10.929027 -73.585543
v 37.509943 12.525497 -77.037848
v 36.614258 12.361860 -76.794229
v 34.670085 11.181724 -73.457088
v 40.639825 8.331835 -78.342900
v 38.013870 11.677355 -78.205286
v 35.150141 8.222174 -82.868198
v 36.838450 11.912516 -78.600524
v 30.671699 9.075582 -76.672984
v 36.145420 12.349482 -77.493348
v 31.233979 2.448677 -78.634786
v 31.965652 4.805208 -80.449159
v 34.231438 2.510643 -82.447359
v 30.521662 -0.000485 -76.819308
v 27.804921 2.294081 -73.982238
v 37.245753 -0.026174 -77.456154
v 28.589841 -0.171706 -68.216599
v 38.117274 2.699086 -79.091136
v 38.635759 5.304312 -80.995873
v 41.251704 2.767496 -75.263613
v 37.551622 6.606624 -65.635909
v 35.940109 6.405019 -64.035268
v 38.138340 5.856605 -64.791421
v 38.730217 8.011742 -68.966724
v 41.138289 3.188128 -70.804257
v 40.840637 3.631996 -66.675398
v 40.909150 -0.211211 -69.224891
v 41.509578 6.610703 -73.321270
v 29.346806 3.042597 -70.084930
v 30.380627 3.786563 -66.943511
v 29.844194 6.252350 -73.171385
v 38.507686 3.004767 -63.652307
v 38.174967 -0.185522 -61.574224
v 35.197047 2.039087 -59.177528
v 32.567707 -0.171706 -61.180378
v 32.568512 3.327042 -64.038115
v 33.322029 5.997356 -65.521161
v 34.315881 6.706897 -66.263244
v 33.873951 8.152494 -69.622140
v 37.068762 11.540344 -74.875632
v 38.358254 11.727262 -75.424580
v 37.062101 12.443679 -76.916037
v 35.694581 11.771793 -75.223154
v 36.962191 11.055376 -73.678595
v 39.312379 10.441197 -77.085957
v 40.007221 9.630431 -76.233414
v 39.454632 10.004596 -78.511801
v 37.767182 12.101426 -77.631376
v 33.909445 10.796973 -76.328116
v 36.379839 12.355670 -77.143787
v 33.591517 10.712532 -77.423506
v 32.799065 10.128654 -75.303464
v 37.878331 9.564428 -80.231134
v 38.066399 8.277005 -80.924420
v 36.158533 10.067344 -81.039879
v 37.431435 11.794936 -78.412717
v 34.464144 9.947891 -79.534599
v 33.070529 8.648878 -80.067499
v 36.491936 12.130998 -78.046937
v 37.985141 9.489432 -71.409793
v 35.707987 9.870940 -71.032784
v 40.011990 9.196178 -71.663821
v 40.792071 8.145413 -74.635639
v 41.320677 7.044957 -77.548340
v 38.287479 6.615990 -81.159853
v 35.001072 6.536360 -83.664312
v 32.450346 6.538646 -80.281795
v 29.663270 6.917726 -76.160644
v 31.317948 8.112484 -74.351997
v 32.868798 9.463278 -72.107365
v 37.078723 12.501619 -77.266980
v 37.350765 12.579698 -77.520160
v 36.902923 12.497878 -77.398352
v 37.617944 12.222251 -77.802792
v 37.608004 12.155627 -78.113690
v 37.383952 12.066965 -78.265357
v 37.015019 12.273207 -78.301500
v 36.715586 12.299695 -78.023417
v 36.668504 12.491691 -77.747911
v 36.687828 12.462393 -77.479543
v 34.154250 9.110153 -70.948494
vt 0.106185 0.192947
vt 0.019070 0.192947
vt 0.420449 0.012011
vt 0.167807 0.012011
vt 0.337331 0.192947
vt 0.219102 0.243023
vt 0.219102 0.124298
vt 0.252503 0.192947
vt 0.252503 0.012011
vt 0.167807 0.192947
vt 0.219102 0.012011
vt 0.252503 0.322184
vt 0.937112 0.011156
vt 0.924385 0.030541
vt 0.167807 0.322184
vt 0.337331 0.322184
vt 0.971978 0.011156
vt 0.924385 0.045989
vt 0.106185 0.322184
vt 0.420449 0.322184
vt 0.971979 0.045989
vt 0.943151 0.025258
vt 0.106185 0.530708
vt 0.019070 0.530708
vt 0.337331 0.530708
vt 0.167807 0.530708
vt 0.252503 0.530708
vt 0.337331 0.012011
vt 0.106185 0.012011
vt 0.420449 0.530708
vt 0.420449 0.192947
vt 0.019070 0.322184
vt 0.019070 0.012011
vt 0.062864 0.104221
vt 0.062627 0.192947
vt 0.019070 0.102479
vt 0.062627 0.012011
vt 0.106185 0.102479
vt 0.376948 0.104305
vt 0.378890 0.012011
vt 0.420449 0.102479
vt 0.378890 0.192947
vt 0.337331 0.102479
vt 0.230104 0.182587
vt 0.219102 0.183660
vt 0.235802 0.158622
vt 0.235802 0.217985
vt 0.291472 0.101332
vt 0.252503 0.102479
vt 0.294917 0.012011
vt 0.294917 0.192947
vt 0.141234 0.099929
vt 0.136996 0.012011
vt 0.167807 0.102479
vt 0.136996 0.192947
vt 0.238212 0.089264
vt 0.235802 0.012011
vt 0.219102 0.068154
vt 0.189617 0.094690
vt 0.193454 0.012011
vt 0.193454 0.158622
vt 0.201268 0.182275
vt 0.193454 0.217985
vt 0.211421 0.395291
vt 0.252503 0.426446
vt 0.210155 0.530708
vt 0.167807 0.426446
vt 0.210155 0.322184
vt 0.300424 0.400014
vt 0.294917 0.322184
vt 0.337331 0.426446
vt 0.294917 0.530708
vt 0.130478 0.395174
vt 0.136996 0.530708
vt 0.106185 0.426446
vt 0.136996 0.322184
vt 0.380282 0.398740
vt 0.378890 0.322184
vt 0.420449 0.426446
vt 0.378890 0.530708
vt 0.063045 0.400044
vt 0.019070 0.426446
vt 0.062627 0.322184
vt 0.062627 0.530708
vt 0.223859 0.268517
vt 0.193454 0.282603
vt 0.252503 0.257565
vt 0.292004 0.255621
vt 0.337331 0.257565
vt 0.380621 0.250467
vt 0.420449 0.257565
vt 0.063665 0.251171
vt 0.106185 0.257565
vt 0.019070 0.257565
vt 0.136600 0.255377
vt 0.167807 0.257565
vt 0.934466 0.022865
vt 0.930749 0.020848
vt 0.940131 0.018207
vt 0.933768 0.027899
vt 0.952813 0.015436
vt 0.954545 0.011156
vt 0.957565 0.018207
vt 0.962350 0.026507
vt 0.971978 0.028572
vt 0.957565 0.035623
vt 0.946149 0.039196
vt 0.948182 0.045989
vt 0.933768 0.035623
vt 0.931596 0.033396
vt 0.924385 0.038265
vt 0.185056 0.251005
vn -0.805388 -0.145403 -0.574637
vn -0.815811 -0.035058 -0.577255
vn -0.815432 0.091680 -0.571546
vn -0.805388 -0.145403 -0.574637
vn 0.653901 -0.476315 -0.587824
vn 0.653901 -0.476315 -0.587824
vn 0.653901 -0.476315 -0.587824
vn 0.653901 -0.476315 -0.587824
vn 0.316570 0.850280 0.420484
vn 0.326257 0.841599 0.430427
vn 0.363016 0.805775 0.467917
vn 0.363016 0.805775 0.467917
vn 0.963566 0.248838 0.098079
vn 0.984658 0.133822 0.111987
vn 0.991468 0.047854 0.121245
vn 0.991468 0.047854 0.121245
vn -0.880003 0.381488 0.282952
vn -0.880003 0.381488 0.282952
vn -0.880003 0.381488 0.282952
vn -0.880003 0.381488 0.282952
vn 0.715800 0.259925 0.648127
vn 0.715800 0.259925 0.648127
vn 0.715800 0.259925 0.648127
vn 0.715800 0.259925 0.648127
vn -0.568464 0.636269 0.521546
vn -0.448849 0.731426 0.513372
vn -0.657315 0.529596 0.536157
vn -0.657316 0.529596 0.536157
vn -0.255334 0.851184 0.458575
vn -0.253766 0.869878 0.422984
vn 0.075844 0.859916 0.504769
vn 0.088288 0.836700 0.540498
vn 0.034788 0.923079 0.383033
vn 0.034788 0.923079 0.383033
vn 0.750812 0.653656 -0.094950
vn 0.751285 0.653309 -0.093585
vn 0.752235 0.652605 -0.090830
vn 0.752235 0.652605 -0.090830
vn -0.636137 0.762443 0.118364
vn -0.612698 0.783947 0.100144
vn -0.493795 0.869460 0.014307
vn -0.493795 0.869460 0.014307
vn 0.482140 0.581907 -0.654924
vn 0.486327 0.585721 -0.648396
vn 0.488241 0.587460 -0.645377
vn 0.488241 0.587460 -0.645377
vn -0.443348 0.757518 -0.479175
vn -0.442800 0.759349 -0.476779
vn -0.442424 0.760589 -0.475147
vn -0.442424 0.760589 -0.475147
vn 0.134449 0.889563 0.436579
vn 0.136961 0.887667 0.439647
vn 0.157719 0.871258 0.464795
vn 0.157719 0.871258 0.464795
vn 0.881248 0.467990 0.066228
vn 0.881248 0.467991 0.066228
vn 0.778944 0.038207 -0.625928
vn 0.737202 -0.379001 -0.559367
vn 0.758104 -0.292254 -0.582980
vn 0.778944 0.038207 -0.625928
vn -0.768981 0.296127 -0.566548
vn -0.800305 0.028564 -0.598912
vn -0.796223 -0.081400 -0.599503
vn -0.768981 0.296127 -0.566548
vn -0.788285 0.588770 0.178764
vn -0.859670 0.452594 0.236907
vn -0.851488 0.471476 0.229518
vn -0.788285 0.588770 0.178764
vn -0.174374 0.975213 0.136210
vn -0.471912 0.876734 0.092933
vn -0.136610 0.978418 0.155034
vn -0.136610 0.978418 0.155034
vn 0.725046 0.669156 -0.162905
vn 0.725046 0.669156 -0.162905
vn 0.371534 0.477978 -0.795927
vn 0.371534 0.477978 -0.795927
vn -0.459917 0.688988 -0.560154
vn -0.459917 0.688988 -0.560154
vn -0.205251 0.971250 0.120607
vn -0.499107 0.854775 0.142307
vn -0.493321 0.858180 0.141991
vn -0.205251 0.971250 0.120607
vn -0.257270 0.807916 0.530173
vn -0.257270 0.807916 0.530173
vn -0.770611 -0.250696 -0.585927
vn -0.770611 -0.250696 -0.585927
vn -0.738851 -0.281098 -0.612440
vn -0.738851 -0.281098 -0.612440
vn -0.738851 -0.281098 -0.612440
vn -0.738851 -0.281098 -0.612440
vn -0.776812 -0.170037 -0.606342
vn -0.776812 -0.170037 -0.606342
vn -0.776812 -0.170037 -0.606342
vn -0.776812 -0.170037 -0.606342
vn 0.525611 -0.586990 -0.615772
vn 0.525611 -0.586990 -0.615772
vn 0.525611 -0.586991 -0.615772
vn 0.525611 -0.586990 -0.615772
vn 0.561189 -0.575830 -0.594548
vn 0.611672 -0.402282 -0.681195
vn 0.609815 -0.410961 -0.677670
vn 0.561189 -0.575830 -0.594548
vn 0.708714 -0.466025 -0.529665
vn 0.708714 -0.466025 -0.529665
vn 0.361852 0.807049 0.466620
vn 0.762903 0.293798 0.575900
vn 0.613264 0.560218 0.556833
vn 0.361852 0.807049 0.466620
vn 0.665664 0.477242 0.573700
vn 0.503596 0.666216 0.550043
vn 0.300223 0.825378 0.478140
vn 0.333983 0.817453 0.469283
vn 0.999882 0.010256 0.011411
vn 0.999882 0.010256 0.011411
vn 0.999882 0.010256 0.011411
vn 0.999882 0.010256 0.011411
vn 0.989689 -0.142533 -0.014166
vn 0.989689 -0.142533 -0.014166
vn 0.989689 -0.142533 -0.014166
vn 0.989689 -0.142533 -0.014166
vn 0.989879 -0.111066 0.088340
vn 0.993694 0.095230 0.059191
vn 0.997358 0.003410 0.072558
vn 0.989879 -0.111066 0.088340
vn -0.910846 0.334159 0.242276
vn -0.910846 0.334159 0.242276
vn -0.910846 0.334159 0.242276
vn -0.910846 0.334159 0.242276
vn -0.924138 0.321255 0.206794
vn -0.878137 0.459077 0.134625
vn -0.871672 0.473489 0.126476
vn -0.924138 0.321255 0.206794
vn -0.879650 0.400700 0.256231
vn -0.879650 0.400700 0.256231
vn 0.651884 0.403096 0.642309
vn 0.651884 0.403096 0.642309
vn 0.651884 0.403096 0.642309
vn 0.651884 0.403096 0.642309
vn 0.719517 0.383928 0.578701
vn 0.719517 0.383928 0.578701
vn 0.783441 0.239619 0.573413
vn 0.783441 0.239619 0.573413
vn -0.595600 0.538606 0.595956
vn -0.595600 0.538606 0.595956
vn -0.595600 0.538606 0.595956
vn -0.595600 0.538606 0.595956
vn -0.736329 0.352511 0.577542
vn -0.736329 0.352511 0.577542
vn -0.736329 0.352511 0.577542
vn -0.736329 0.352511 0.577542
vn -0.814498 0.352574 0.460743
vn -0.775063 0.429771 0.463221
vn -0.582733 0.681607 0.442530
vn -0.814498 0.352574 0.460743
vn -0.350496 0.854634 0.383085
vn -0.350496 0.854634 0.383085
vn -0.358579 0.844926 0.396889
vn -0.361973 0.834102 0.416233
vn -0.365465 0.821825 0.437080
vn -0.358579 0.844926 0.396889
vn 0.020925 0.908180 0.418057
vn 0.020925 0.908180 0.418057
vn 0.020925 0.908180 0.418057
vn 0.020925 0.908180 0.418057
vn 0.027600 0.921273 0.387937
vn 0.027600 0.921273 0.387937
vn 0.027600 0.921273 0.387937
vn 0.027600 0.921273 0.387937
vn 0.077909 0.927283 0.366165
vn 0.077909 0.927283 0.366165
vn 0.778579 0.626468 -0.036776
vn 0.840895 0.540576 0.025951
vn 0.827933 0.560703 0.011812
vn 0.778579 0.626468 -0.036776
vn 0.865974 0.498189 -0.043562
vn 0.870472 0.490759 -0.037875
vn 0.813008 0.573056 -0.103074
vn 0.813008 0.573056 -0.103074
vn 0.742611 0.655424 -0.137654
vn 0.742409 0.655491 -0.138422
vn 0.741779 0.655697 -0.140800
vn 0.742611 0.655424 -0.137654
vn -0.487029 0.868703 0.090322
vn -0.471789 0.876866 0.092307
vn -0.487029 0.868703 0.090322
vn -0.513088 0.846332 0.143049
vn -0.513088 0.846332 0.143049
vn -0.473823 0.878235 0.064763
vn -0.671735 0.642362 0.368974
vn -0.591333 0.773136 0.229316
vn -0.473823 0.878235 0.064763
vn 0.632404 0.409826 -0.657350
vn 0.713603 0.186025 -0.675400
vn 0.703370 0.222486 -0.675108
vn 0.632404 0.409826 -0.657350
vn 0.528843 0.354626 -0.771081
vn 0.543590 0.310108 -0.779964
vn 0.484121 0.468232 -0.739179
vn 0.484121 0.468232 -0.739179
vn 0.442996 0.635401 -0.632471
vn 0.440389 0.631259 -0.638412
vn 0.439518 0.629875 -0.640376
vn 0.442996 0.635401 -0.632471
vn -0.486467 0.731001 -0.478527
vn -0.682302 0.463768 -0.565140
vn -0.654515 0.513348 -0.555053
vn -0.486467 0.731001 -0.478527
vn -0.687110 0.486023 -0.540057
vn -0.731626 0.395284 -0.555404
vn -0.514803 0.722079 -0.462147
vn -0.514803 0.722079 -0.462147
vn -0.466039 0.739335 -0.485996
vn -0.465969 0.738530 -0.487285
vn -0.465888 0.737605 -0.488761
vn -0.466039 0.739335 -0.485996
vn 0.279986 0.880422 0.382708
vn 0.279986 0.880422 0.382708
vn 0.257192 0.833849 0.488415
vn 0.257192 0.833849 0.488415
vn 0.104026 0.804439 0.584856
vn 0.104026 0.804439 0.584856
vn 0.901309 0.433156 0.004221
vn 0.901309 0.433156 0.004221
vn 0.888692 0.458308 -0.013450
vn 0.888692 0.458308 -0.013450
vn 0.859415 0.509070 0.047481
vn 0.859415 0.509070 0.047481
vn 0.618121 0.153961 -0.770858
vn 0.618121 0.153961 -0.770858
vn 0.559850 0.255034 -0.788369
vn 0.559850 0.255034 -0.788369
vn 0.734044 0.097105 -0.672124
vn 0.734044 0.097105 -0.672124
vn -0.795916 0.250974 -0.550935
vn -0.795916 0.250974 -0.550935
vn -0.781860 0.258731 -0.567233
vn -0.781860 0.258731 -0.567233
vn -0.751250 0.307663 -0.583924
vn -0.751250 0.307663 -0.583924
vn -0.725726 0.687865 -0.012829
vn -0.725726 0.687865 -0.012829
vn -0.689557 0.705881 0.161998
vn -0.689557 0.705881 0.161998
vn -0.700372 0.568904 0.431077
vn -0.700372 0.568904 0.431077
vn -0.136560 0.978424 0.155042
vn -0.136560 0.978424 0.155042
vn -0.136560 0.978424 0.155042
vn -0.136560 0.978424 0.155042
vn -0.136596 0.978424 0.155009
vn -0.167804 0.975889 0.139578
vn -0.169574 0.975709 0.138695
vn -0.136596 0.978424 0.155009
vn 0.734137 0.657796 -0.168367
vn 0.734137 0.657796 -0.168367
vn 0.723955 0.669862 -0.164843
vn 0.723955 0.669862 -0.164843
vn 0.723955 0.669862 -0.164843
vn 0.723955 0.669862 -0.164843
vn 0.350921 0.490959 -0.797379
vn 0.350921 0.490959 -0.797379
vn 0.350015 0.489191 -0.798863
vn 0.350015 0.489191 -0.798863
vn 0.350015 0.489191 -0.798863
vn 0.350015 0.489191 -0.798863
vn -0.460131 0.689232 -0.559678
vn -0.460131 0.689232 -0.559678
vn -0.459514 0.689560 -0.559779
vn -0.459514 0.689560 -0.559779
vn -0.459514 0.689560 -0.559779
vn -0.459514 0.689560 -0.559780
vn -0.205439 0.971233 0.120422
vn -0.205462 0.971207 0.120594
vn -0.205462 0.971207 0.120594
vn -0.372377 0.793097 0.482009
vn -0.372377 0.793097 0.482009
vn -0.322227 0.761415 0.562510
vn -0.322227 0.761415 0.562510
vn -0.322227 0.761415 0.562510
vn -0.322227 0.761415 0.562510
s 1
g group2 Ore_Clicker31
usemtl initialShadingGroup
f 2052/2413/5878 2027/2376/5879 2049/2410/5880 2048/2409/5881
s off
f 2057/2418/5882 2025/2403/5883 2053/2415/5884 2055/2414/5885
s 2
f 2061/2422/5886 2037/2381/5887 2059/2420/5888 2058/2419/5889
s 3
f 2065/2426/5890 2031/2383/5891 2063/2424/5892 2062/2423/5893
s off
f 2052/2413/5894 2029/2404/5895 2054/2428/5896 2066/2427/5897
f 2071/2433/5898 2024/2386/5899 2070/2432/5900 2069/2431/5901
s 4
f 2074/2436/5902 2033/2385/5903 2067/2429/5904 2073/2434/5905
f 2076/2438/5906 2033/2385/5903 2074/2436/5902 2075/2437/5907
s 5
f 2081/2443/5908 2038/2387/5909 2078/2440/5910 2077/2439/5911
s 6
f 2085/2447/5912 2039/2402/5913 2078/2440/5914 2082/2444/5915
s 7
f 2089/2451/5916 2041/2390/5917 2080/2442/5918 2086/2448/5919
s 8
f 2093/2455/5920 2043/2400/5921 2084/2446/5922 2090/2452/5923
s 9
f 2096/2459/5924 2045/2399/5925 2092/2457/5926 2094/2456/5927
s 10
f 2081/2443/5928 2041/2390/5929 2098/2461/5930 2097/2460/5931
s 3
f 2099/2462/5932 2031/2383/5891 2065/2426/5890 2100/2463/5933
s 11
f 2101/2464/5934 2026/2380/5935 2056/2417/5936 2102/2465/5937
s 12
f 2103/2469/5938 2028/2377/5939 2049/2410/5940 2104/2467/5941
s 13
f 2105/2468/5942 2027/2376/5943 2068/2430/5944 2106/2470/5945
s 14
f 2110/2475/5946 2040/2389/5947 2079/2473/5948 2108/2472/5949
s 6
f 2109/2474/5950 2039/2388/5913 2085/2477/5912 2111/2476/5951
s 8
f 2112/2478/5952 2043/2392/5921 2093/2480/5920 2113/2479/5953
s 9
f 2114/2481/5954 2045/2396/5925 2096/2483/5924 2115/2482/5955
s 15
f 2116/2484/5956 2047/2393/5957 2087/2486/5958 2117/2485/5959
s 4
f 2107/2471/5960 2033/2385/5903 2076/2438/5906 2118/2487/5961
s 12
f 2049/2410/5940 2028/2377/5939 2050/2411/5962 2048/2409/5963
s off
f 2050/2411/5964 2030/2408/5965 2051/2412/5966 2048/2409/5967
f 2051/2412/5968 2029/2404/5969 2052/2413/5970 2048/2409/5971
f 2053/2415/5972 2030/2378/5973 2050/2416/5974 2055/2414/5975
s 16
f 2050/2416/5976 2028/2406/5977 2056/2417/5978 2055/2414/5979
s 11
f 2056/2417/5936 2026/2380/5935 2057/2418/5980 2055/2414/5981
s 17
f 2059/2420/5982 2032/2382/5983 2060/2421/5984 2058/2419/5985
s 18
f 2060/2421/5986 2031/2383/5987 2061/2422/5988 2058/2419/5989
s off
f 2063/2424/5990 2034/2384/5991 2064/2425/5992 2062/2423/5993
f 2064/2425/5994 2025/2403/5995 2057/2418/5996 2062/2423/5997
s 19
f 2057/2418/5998 2026/2380/5999 2065/2426/6000 2062/2423/6001
s off
f 2054/2428/6002 2036/2379/6003 2067/2429/6004 2066/2427/6005
s 20
f 2067/2429/6006 2033/2385/6007 2068/2430/6008 2066/2427/6009
s 13
f 2068/2430/5944 2027/2376/5943 2052/2413/6010 2066/2427/6011
s off
f 2070/2432/6012 2034/2384/6013 2063/2424/6014 2069/2431/6015
s 18
f 2063/2424/6016 2031/2383/5987 2060/2421/5986 2069/2431/6017
s 17
f 2060/2421/5984 2032/2382/5983 2071/2433/6018 2069/2431/6019
s off
f 2067/2429/6020 2036/2379/6021 2072/2435/6022 2073/2434/6023
f 2072/2435/6024 2024/2386/6025 2071/2433/6026 2073/2434/6027
s 21
f 2071/2433/6028 2032/2382/6029 2074/2436/6030 2073/2434/6031
f 2074/2436/6030 2032/2382/6029 2059/2420/6032 2075/2437/6033
s 22
f 2059/2420/6034 2037/2381/6035 2076/2438/6036 2075/2437/6037
s off
f 2078/2440/6038 2039/2402/6039 2079/2441/6040 2077/2439/6041
f 2079/2441/6042 2040/2401/6043 2080/2442/6044 2077/2439/6045
s 10
f 2080/2442/6046 2041/2390/5929 2081/2443/5928 2077/2439/6047
s 23
f 2078/2440/6048 2038/2387/6049 2083/2445/6050 2082/2444/6051
s 24
f 2083/2445/6052 2042/2391/6053 2084/2446/6054 2082/2444/6055
s 25
f 2084/2446/6056 2043/2400/6057 2085/2447/6058 2082/2444/6059
s 14
f 2080/2442/6060 2040/2401/5947 2087/2449/6061 2086/2448/6062
s 15
f 2087/2449/5958 2047/2398/5957 2088/2450/6063 2086/2448/6064
s 26
f 2088/2450/6065 2046/2394/6066 2089/2451/6067 2086/2448/6068
s 27
f 2084/2446/6069 2042/2391/6070 2091/2453/6071 2090/2452/6072
s 28
f 2091/2453/6073 2044/2395/6074 2092/2454/6075 2090/2452/6076
s 29
f 2092/2454/6077 2045/2405/6078 2093/2455/6079 2090/2452/6080
s 30
f 2092/2457/6081 2044/2407/6082 2095/2458/6083 2094/2456/6084
s 31
f 2095/2458/6085 2046/2394/6086 2088/2450/6087 2094/2456/6088
s 32
f 2088/2450/6089 2047/2398/6090 2096/2459/6091 2094/2456/6092
s 2
f 2098/2461/6093 2037/2381/5887 2061/2422/5886 2097/2460/6094
s 18
f 2061/2422/5988 2031/2383/5987 2099/2462/6095 2097/2460/6096
s 5
f 2099/2462/6097 2038/2387/5909 2081/2443/5908 2097/2460/6098
s 19
f 2065/2426/6000 2026/2380/5999 2101/2464/6099 2100/2463/6100
s 24
f 2101/2464/6101 2042/2391/6053 2083/2445/6052 2100/2463/6102
s 23
f 2083/2445/6050 2038/2387/6049 2099/2462/6103 2100/2463/6104
s 16
f 2056/2417/5978 2028/2406/5977 2103/2466/6105 2102/2465/6106
s 28
f 2103/2466/6107 2044/2395/6074 2091/2453/6073 2102/2465/6108
s 27
f 2091/2453/6071 2042/2391/6070 2101/2464/6109 2102/2465/6110
s 1
f 2049/2410/5880 2027/2376/5879 2105/2468/6111 2104/2467/6112
s 31
f 2105/2468/6113 2046/2394/6086 2095/2458/6085 2104/2467/6114
s 30
f 2095/2458/6083 2044/2407/6082 2103/2469/6115 2104/2467/6116
s 20
f 2068/2430/6008 2033/2385/6007 2107/2471/6117 2106/2470/6118
s 7
f 2107/2471/6119 2041/2390/5917 2089/2451/5916 2106/2470/6120
s 26
f 2089/2451/6067 2046/2394/6066 2105/2468/6121 2106/2470/6122
s off
f 2079/2473/6123 2039/2388/6124 2109/2474/6125 2108/2472/6126
s 33
f 2109/2474/6127 2035/2397/6128 2110/2475/6129 2108/2472/6130
s 25
f 2085/2477/6058 2043/2392/6057 2112/2478/6131 2111/2476/6132
s off
f 2112/2478/6133 2035/2397/6134 2109/2474/6135 2111/2476/6136
s 29
f 2093/2480/6079 2045/2396/6078 2114/2481/6137 2113/2479/6138
s off
f 2114/2481/6139 2035/2397/6140 2112/2478/6141 2113/2479/6142
s 32
f 2096/2483/6091 2047/2393/6090 2116/2484/6143 2115/2482/6144
s off
f 2116/2484/6145 2035/2397/6146 2114/2481/6147 2115/2482/6148
s 14
f 2087/2486/6061 2040/2389/5947 2110/2475/5946 2117/2485/6149
s 33
f 2110/2475/6129 2035/2397/6128 2116/2484/6150 2117/2485/6151
s 22
f 2076/2438/6036 2037/2381/6035 2098/2461/6152 2118/2487/6153
s off
f 2098/2461/6154 2041/2390/6155 2107/2471/6156 2118/2487/6157
g default
v 25.513435 0.123334 96.736123
v 34.211872 0.090866 95.822208
v 34.325467 3.870395 95.751197
v 28.767446 3.239630 83.437452
v 35.143171 3.296914 85.860864
v 28.294133 0.123334 83.435106
v 34.082664 0.339721 86.493959
v 30.178032 4.947957 97.423828
v 25.264604 2.917364 96.308867
v 26.557429 5.125845 87.527389
v 30.345572 0.105874 100.208927
v 31.049820 8.215278 90.301941
v 25.395180 0.123334 89.745392
v 27.502321 5.641063 93.766890
v 30.139838 7.137922 93.933915
v 30.746712 8.146795 90.992110
v 30.280748 8.043386 90.230263
v 28.278885 7.297647 89.743232
v 33.427350 5.496779 93.623405
v 31.481262 7.610815 91.011956
v 33.261030 5.427454 86.554006
v 31.175598 7.759397 89.724652
v 28.817774 5.966761 84.749088
v 30.405434 8.035578 89.501690
v 31.554255 1.775975 84.793118
v 31.955309 3.268273 84.649158
v 34.612918 1.818318 86.177410
v 31.188399 0.231528 84.964532
v 28.530790 1.681482 83.436279
v 34.147268 0.215294 91.158083
v 26.844658 0.123334 86.590250
v 34.437144 1.936316 91.238421
v 34.734320 3.583655 90.806031
v 34.268670 1.980631 95.786702
v 27.509389 4.391504 95.891877
v 26.383464 4.279213 95.037878
v 27.721317 3.932661 96.866350
v 28.840177 5.294511 95.595359
v 32.097273 2.263782 97.432875
v 30.261802 2.526916 98.816381
v 32.278722 0.098370 98.015569
v 32.251750 4.409177 96.587509
v 27.066025 2.203084 86.415622
v 25.976304 2.624590 88.636391
v 27.662438 4.182738 85.482422
v 28.194438 2.162153 97.818824
v 27.929503 0.114604 98.472526
v 25.389019 1.520349 96.522500
v 25.454307 0.123334 93.240757
v 25.751463 2.348916 91.888332
v 25.911017 4.021605 91.918130
v 26.349960 4.451943 92.616651
v 27.029875 5.383455 90.647137
v 29.695705 7.529827 91.447304
v 30.443275 7.642359 92.463015
v 30.513730 8.095089 90.611186
v 29.279817 7.670515 89.986744
v 29.209362 7.217785 91.838575
v 31.675617 6.828118 92.720735
v 31.783595 6.317351 93.778664
v 32.454306 6.553798 92.317679
v 31.113987 7.878805 91.002033
v 29.214794 7.050370 87.843186
v 30.343090 8.039481 89.865977
v 29.611605 7.001169 87.125389
v 28.548329 6.632203 87.246160
v 32.579548 6.301597 90.122793
v 33.344190 5.462116 90.088709
v 32.218315 6.593425 88.139330
v 31.328430 7.685108 90.368305
v 30.943418 6.539363 87.167477
v 31.039402 5.697107 85.651547
v 30.790516 7.897488 89.613172
v 29.055011 6.222679 93.830563
v 27.890604 6.469355 91.755056
v 30.158935 6.042940 95.678870
v 31.888907 5.396810 95.240296
v 33.876408 4.683588 94.687299
v 34.120027 4.416560 90.283429
v 34.202101 4.362185 86.207433
v 31.444803 4.377379 85.068488
v 28.792610 4.603195 84.093270
v 28.105804 5.338675 86.270989
v 27.418158 6.211747 88.635311
v 30.676582 8.131632 90.485901
v 30.898267 8.181035 90.647025
v 30.665284 8.129332 90.266101
v 31.137005 7.949224 90.792381
v 31.265540 7.913047 90.656947
v 31.239892 7.865539 90.380737
v 31.112709 7.987338 90.013297
v 30.878373 8.002191 89.842101
v 30.727625 8.125427 89.901812
v 30.617067 8.107313 90.028388
v 27.436169 6.013701 90.296884
vt 0.106185 0.192947
vt 0.019070 0.192947
vt 0.420449 0.012011
vt 0.167807 0.012011
vt 0.337331 0.192947
vt 0.219102 0.243023
vt 0.219102 0.124298
vt 0.252503 0.192947
vt 0.252503 0.012011
vt 0.167807 0.192947
vt 0.219102 0.012011
vt 0.252503 0.322184
vt 0.937112 0.011156
vt 0.924385 0.030541
vt 0.167807 0.322184
vt 0.337331 0.322184
vt 0.971978 0.011156
vt 0.924385 0.045989
vt 0.106185 0.322184
vt 0.420449 0.322184
vt 0.971979 0.045989
vt 0.943151 0.025258
vt 0.106185 0.530708
vt 0.019070 0.530708
vt 0.337331 0.530708
vt 0.167807 0.530708
vt 0.252503 0.530708
vt 0.337331 0.012011
vt 0.106185 0.012011
vt 0.420449 0.530708
vt 0.420449 0.192947
vt 0.019070 0.322184
vt 0.019070 0.012011
vt 0.062976 0.104065
vt 0.062627 0.192947
vt 0.019070 0.102479
vt 0.062627 0.012011
vt 0.106185 0.102479
vt 0.376643 0.104222
vt 0.378890 0.012011
vt 0.420449 0.102479
vt 0.378890 0.192947
vt 0.337331 0.102479
vt 0.229741 0.182228
vt 0.219102 0.183660
vt 0.235802 0.158622
vt 0.235802 0.217985
vt 0.291359 0.101937
vt 0.252503 0.102479
vt 0.294917 0.012011
vt 0.294917 0.192947
vt 0.141433 0.101683
vt 0.136996 0.012011
vt 0.167807 0.102479
vt 0.136996 0.192947
vt 0.238355 0.090305
vt 0.235802 0.012011
vt 0.219102 0.068154
vt 0.189375 0.095141
vt 0.193454 0.012011
vt 0.193454 0.158622
vt 0.201851 0.181902
vt 0.193454 0.217985
vt 0.211729 0.396477
vt 0.252503 0.426446
vt 0.210155 0.530708
vt 0.167807 0.426446
vt 0.210155 0.322184
vt 0.301018 0.400849
vt 0.294917 0.322184
vt 0.337331 0.426446
vt 0.294917 0.530708
vt 0.130074 0.395287
vt 0.136996 0.530708
vt 0.106185 0.426446
vt 0.136996 0.322184
vt 0.380310 0.400866
vt 0.378890 0.322184
vt 0.420449 0.426446
vt 0.378890 0.530708
vt 0.062652 0.401991
vt 0.019070 0.426446
vt 0.062627 0.322184
vt 0.062627 0.530708
vt 0.224258 0.268241
vt 0.193454 0.282603
vt 0.252503 0.257565
vt 0.291896 0.256558
vt 0.337331 0.257565
vt 0.380866 0.250776
vt 0.420449 0.257565
vt 0.064139 0.251739
vt 0.106185 0.257565
vt 0.019070 0.257565
vt 0.136199 0.255033
vt 0.167807 0.257565
vt 0.934457 0.022894
vt 0.930749 0.020848
vt 0.940131 0.018207
vt 0.933768 0.027899
vt 0.953124 0.015402
vt 0.954545 0.011156
vt 0.957565 0.018207
vt 0.961945 0.026457
vt 0.971978 0.028572
vt 0.957565 0.035623
vt 0.946630 0.039114
vt 0.948182 0.045989
vt 0.933768 0.035623
vt 0.931633 0.033368
vt 0.924385 0.038265
vt 0.184537 0.252113
vn 0.381332 -0.122609 -0.916271
vn 0.374853 0.103306 -0.921310
vn 0.372810 0.129818 -0.918782
vn 0.381332 -0.122609 -0.916271
vn 0.995357 -0.095694 0.010390
vn 0.995357 -0.095694 0.010390
vn 0.995357 -0.095694 0.010390
vn 0.995357 -0.095694 0.010390
vn -0.395661 0.816561 0.420333
vn -0.372743 0.841455 0.391174
vn -0.426289 0.779143 0.459579
vn -0.426289 0.779143 0.459579
vn 0.486795 0.550378 0.678318
vn 0.487889 0.545539 0.681434
vn 0.514942 0.370800 0.772879
vn 0.514942 0.370800 0.772879
vn -0.896351 0.092175 -0.433657
vn -0.896351 0.092175 -0.433657
vn -0.896351 0.092175 -0.433657
vn -0.896351 0.092175 -0.433657
vn -0.509495 0.229593 0.829278
vn -0.509495 0.229593 0.829278
vn -0.509495 0.229593 0.829278
vn -0.509496 0.229593 0.829278
vn -0.930398 0.365229 -0.031095
vn -0.945619 0.323572 -0.033263
vn -0.984619 0.152837 -0.084650
vn -0.984619 0.152837 -0.084650
vn -0.763193 0.643144 0.062469
vn -0.744265 0.665382 0.057767
vn -0.500942 0.819972 0.276952
vn -0.597345 0.722396 0.348313
vn -0.412645 0.885572 0.213274
vn -0.412645 0.885572 0.213274
vn 0.486935 0.800173 0.350168
vn 0.487837 0.799798 0.349769
vn 0.483483 0.801598 0.351690
vn 0.483483 0.801598 0.351690
vn -0.600514 0.727741 -0.331325
vn -0.454290 0.837608 -0.303370
vn -0.299934 0.915854 -0.266930
vn -0.299934 0.915854 -0.266930
vn 0.757896 0.650044 -0.055101
vn 0.750609 0.658849 -0.050042
vn 0.748678 0.661141 -0.048715
vn 0.748679 0.661141 -0.048715
vn 0.327011 0.839665 -0.433620
vn 0.326947 0.839717 -0.433568
vn 0.324020 0.842079 -0.431177
vn 0.324020 0.842079 -0.431177
vn -0.466997 0.836243 0.287421
vn -0.448982 0.852742 0.266920
vn -0.484332 0.819105 0.307392
vn -0.484332 0.819105 0.307392
vn 0.403097 0.781346 0.476457
vn 0.403097 0.781346 0.476457
vn 0.828701 0.559146 0.024715
vn 0.996357 0.063547 0.056869
vn 0.975315 0.215352 0.048836
vn 0.828701 0.559146 0.024715
vn 0.318135 0.496798 -0.807454
vn 0.379215 0.030434 -0.924808
vn 0.376901 0.081883 -0.922627
vn 0.318135 0.496798 -0.807454
vn -0.761285 0.423205 -0.491267
vn -0.865114 0.143720 -0.480544
vn -0.845015 0.219500 -0.487616
vn -0.761285 0.423205 -0.491267
vn -0.216216 0.976121 -0.020943
vn -0.330727 0.920508 -0.208049
vn -0.218213 0.975901 0.001004
vn -0.218213 0.975901 0.001004
vn 0.552956 0.769637 0.319214
vn 0.552956 0.769637 0.319214
vn 0.882080 0.443733 -0.158229
vn 0.882080 0.443733 -0.158229
vn 0.417183 0.755252 -0.505522
vn 0.417183 0.755252 -0.505522
vn -0.213707 0.975765 -0.047028
vn -0.414558 0.883847 -0.216693
vn -0.385613 0.902556 -0.191563
vn -0.213707 0.975765 -0.047028
vn -0.818025 0.570030 0.076810
vn -0.818026 0.570030 0.076810
vn 0.373522 -0.255324 -0.891791
vn 0.373522 -0.255324 -0.891791
vn 0.429152 -0.266515 -0.863017
vn 0.429152 -0.266515 -0.863017
vn 0.429152 -0.266515 -0.863017
vn 0.429152 -0.266515 -0.863017
vn 0.438125 -0.133856 -0.888892
vn 0.438125 -0.133856 -0.888892
vn 0.438125 -0.133856 -0.888892
vn 0.438125 -0.133856 -0.888892
vn 0.968821 -0.247522 0.010911
vn 0.968821 -0.247522 0.010911
vn 0.968821 -0.247522 0.010911
vn 0.968821 -0.247522 0.010911
vn 0.968395 -0.240447 0.066306
vn 0.993753 0.097940 0.053507
vn 0.997675 0.038491 0.056241
vn 0.968395 -0.240447 0.066306
vn 0.993814 -0.091040 0.063612
vn 0.993813 -0.091040 0.063612
vn -0.426289 0.779144 0.459579
vn -0.417314 0.394143 0.818841
vn -0.426132 0.458975 0.779585
vn -0.426289 0.779144 0.459579
vn -0.426977 0.564450 0.706461
vn -0.434435 0.564532 0.701833
vn -0.448843 0.778207 0.439242
vn -0.426288 0.779144 0.459579
vn 0.662562 0.328258 0.673244
vn 0.662562 0.328258 0.673244
vn 0.662562 0.328259 0.673244
vn 0.662562 0.328259 0.673244
vn 0.682201 0.130640 0.719399
vn 0.682201 0.130640 0.719399
vn 0.682201 0.130640 0.719399
vn 0.682201 0.130640 0.719399
vn 0.520955 0.155925 0.839222
vn 0.513335 0.405326 0.756438
vn 0.507917 0.449331 0.734930
vn 0.520955 0.155925 0.839222
vn -0.902416 0.037818 -0.429203
vn -0.902416 0.037818 -0.429203
vn -0.902416 0.037818 -0.429203
vn -0.902416 0.037818 -0.429203
vn -0.886131 0.021889 -0.462918
vn -0.792852 0.323600 -0.516400
vn -0.840223 0.206496 -0.501383
vn -0.886131 0.021889 -0.462918
vn -0.877399 0.082078 -0.472689
vn -0.877399 0.082078 -0.472689
vn -0.503943 0.376416 0.777401
vn -0.503943 0.376416 0.777401
vn -0.503943 0.376416 0.777401
vn -0.503943 0.376416 0.777401
vn -0.405233 0.404768 0.819725
vn -0.405233 0.404768 0.819725
vn -0.391195 0.252055 0.885118
vn -0.391195 0.252055 0.885118
vn -0.984588 0.174055 -0.017070
vn -0.984588 0.174055 -0.017070
vn -0.984588 0.174055 -0.017070
vn -0.984588 0.174055 -0.017070
vn -0.998881 0.032972 -0.033908
vn -0.998881 0.032972 -0.033908
vn -0.998881 0.032972 -0.033908
vn -0.998881 0.032972 -0.033908
vn -0.993911 0.004784 -0.110080
vn -0.989590 0.115244 -0.086197
vn -0.975152 0.212067 -0.064072
vn -0.993911 0.004784 -0.110080
vn -0.744264 0.665382 0.057767
vn -0.744264 0.665382 0.057767
vn -0.744267 0.665380 0.057767
vn -0.755391 0.652474 0.060517
vn -0.790856 0.608036 0.069557
vn -0.744267 0.665380 0.057767
vn -0.430664 0.880337 0.198838
vn -0.430664 0.880337 0.198838
vn -0.430664 0.880337 0.198838
vn -0.430664 0.880337 0.198838
vn -0.402175 0.896669 0.185041
vn -0.402175 0.896669 0.185041
vn -0.402175 0.896669 0.185041
vn -0.402175 0.896669 0.185041
vn -0.392653 0.896711 0.204287
vn -0.392653 0.896711 0.204287
vn 0.450791 0.815780 0.362340
vn 0.433133 0.793028 0.428372
vn 0.430835 0.789984 0.436241
vn 0.450791 0.815780 0.362340
vn 0.435269 0.806314 0.400499
vn 0.427630 0.797107 0.426324
vn 0.451301 0.824787 0.340668
vn 0.451301 0.824787 0.340668
vn 0.492189 0.811258 0.315611
vn 0.493763 0.810257 0.315724
vn 0.499417 0.806629 0.316120
vn 0.492189 0.811258 0.315611
vn -0.342175 0.911915 -0.226554
vn -0.338047 0.914919 -0.220564
vn -0.342175 0.911915 -0.226554
vn -0.419921 0.880147 -0.221378
vn -0.419921 0.880147 -0.221378
vn -0.342894 0.899435 -0.271001
vn -0.865339 0.407775 -0.291389
vn -0.573540 0.763409 -0.297083
vn -0.342894 0.899435 -0.271001
vn 0.746239 0.665096 -0.027818
vn 0.817956 0.575207 -0.009218
vn 0.795569 0.605668 -0.015356
vn 0.746239 0.665096 -0.027818
vn 0.757847 0.652246 -0.015604
vn 0.764901 0.644029 -0.012398
vn 0.731560 0.681236 -0.027167
vn 0.731560 0.681235 -0.027167
vn 0.725809 0.686331 -0.046376
vn 0.729863 0.681848 -0.048805
vn 0.733961 0.677253 -0.051277
vn 0.725809 0.686331 -0.046376
vn 0.289776 0.848405 -0.442989
vn 0.337380 0.658879 -0.672349
vn 0.330391 0.701224 -0.631764
vn 0.289776 0.848405 -0.442989
vn 0.341209 0.663384 -0.665956
vn 0.349423 0.607116 -0.713662
vn 0.294313 0.839160 -0.457374
vn 0.294313 0.839160 -0.457374
vn 0.329779 0.827498 -0.454414
vn 0.331285 0.826394 -0.455328
vn 0.334388 0.824103 -0.457207
vn 0.329779 0.827498 -0.454414
vn -0.341044 0.872019 0.351101
vn -0.341045 0.872019 0.351101
vn -0.467591 0.776854 0.421730
vn -0.467591 0.776854 0.421730
vn -0.620286 0.693927 0.365665
vn -0.620286 0.693927 0.365665
vn 0.401166 0.793524 0.457586
vn 0.401166 0.793524 0.457586
vn 0.420573 0.788413 0.448913
vn 0.420573 0.788413 0.448913
vn 0.420104 0.775562 0.471185
vn 0.420104 0.775562 0.471186
vn 0.772549 0.634698 0.018042
vn 0.772549 0.634698 0.018042
vn 0.775492 0.631312 -0.007496
vn 0.775492 0.631312 -0.007496
vn 0.836214 0.548389 -0.003938
vn 0.836214 0.548389 -0.003938
vn 0.329291 0.430125 -0.840571
vn 0.329291 0.430125 -0.840571
vn 0.362085 0.432541 -0.825714
vn 0.362085 0.432541 -0.825714
vn 0.351890 0.505690 -0.787687
vn 0.351890 0.505690 -0.787687
vn -0.499886 0.710171 -0.495754
vn -0.499886 0.710171 -0.495754
vn -0.666025 0.663386 -0.341070
vn -0.666025 0.663386 -0.341070
vn -0.899483 0.332410 -0.283608
vn -0.899483 0.332410 -0.283608
vn -0.218212 0.975901 0.000996
vn -0.218212 0.975901 0.000996
vn -0.218212 0.975901 0.000996
vn -0.218212 0.975901 0.000996
vn -0.218212 0.975901 0.001005
vn -0.216585 0.976116 -0.016987
vn -0.215780 0.976106 -0.025602
vn -0.218212 0.975901 0.001005
vn 0.552957 0.769637 0.319213
vn 0.552957 0.769637 0.319213
vn 0.552956 0.769637 0.319214
vn 0.552956 0.769637 0.319214
vn 0.552956 0.769637 0.319214
vn 0.552956 0.769638 0.319214
vn 0.882078 0.443737 -0.158229
vn 0.882078 0.443737 -0.158229
vn 0.882078 0.443737 -0.158229
vn 0.882078 0.443737 -0.158229
vn 0.882078 0.443737 -0.158229
vn 0.882078 0.443737 -0.158229
vn 0.417182 0.755252 -0.505524
vn 0.417182 0.755252 -0.505523
vn 0.417182 0.755254 -0.505520
vn 0.417182 0.755254 -0.505520
vn 0.417182 0.755254 -0.505520
vn 0.417182 0.755254 -0.505520
vn -0.213704 0.975766 -0.047032
vn -0.213708 0.975765 -0.047033
vn -0.213708 0.975765 -0.047033
vn -0.818023 0.570033 0.076809
vn -0.818023 0.570033 0.076809
vn -0.818025 0.570031 0.076810
vn -0.818025 0.570031 0.076810
vn -0.818025 0.570031 0.076810
vn -0.818025 0.570031 0.076810
s 1
g group2 Ore_Clicker43
usemtl initialShadingGroup
f 2147/2525/6158 2122/2488/6159 2144/2522/6160 2143/2521/6161
s off
f 2152/2530/6162 2120/2515/6163 2148/2527/6164 2150/2526/6165
s 2
f 2156/2534/6166 2132/2493/6167 2154/2532/6168 2153/2531/6169
s 3
f 2160/2538/6170 2126/2495/6171 2158/2536/6172 2157/2535/6173
s off
f 2147/2525/6174 2124/2516/6175 2149/2540/6176 2161/2539/6177
f 2166/2545/6178 2119/2498/6179 2165/2544/6180 2164/2543/6181
s 4
f 2169/2548/6182 2128/2497/6183 2162/2541/6184 2168/2546/6185
f 2171/2550/6186 2128/2497/6183 2169/2548/6182 2170/2549/6187
s 5
f 2176/2555/6188 2133/2499/6189 2173/2552/6190 2172/2551/6191
s 6
f 2180/2559/6192 2134/2514/6193 2173/2552/6194 2177/2556/6195
s 7
f 2184/2563/6196 2136/2502/6197 2175/2554/6198 2181/2560/6199
s 8
f 2188/2567/6200 2138/2512/6201 2179/2558/6202 2185/2564/6203
s 9
f 2191/2571/6204 2140/2511/6205 2187/2569/6206 2189/2568/6207
s 10
f 2176/2555/6208 2136/2502/6209 2193/2573/6210 2192/2572/6211
s 3
f 2194/2574/6212 2126/2495/6171 2160/2538/6170 2195/2575/6213
s 11
f 2196/2576/6214 2121/2492/6215 2151/2529/6216 2197/2577/6217
s 12
f 2198/2581/6218 2123/2489/6219 2144/2522/6220 2199/2579/6221
s 13
f 2200/2580/6222 2122/2488/6223 2163/2542/6224 2201/2582/6225
s 14
f 2205/2587/6226 2135/2501/6227 2174/2585/6228 2203/2584/6229
s 6
f 2204/2586/6230 2134/2500/6193 2180/2589/6192 2206/2588/6231
s 8
f 2207/2590/6232 2138/2504/6201 2188/2592/6200 2208/2591/6233
s 9
f 2209/2593/6234 2140/2508/6205 2191/2595/6204 2210/2594/6235
s 15
f 2211/2596/6236 2142/2505/6237 2182/2598/6238 2212/2597/6239
s 4
f 2202/2583/6240 2128/2497/6183 2171/2550/6186 2213/2599/6241
s 12
f 2144/2522/6220 2123/2489/6219 2145/2523/6242 2143/2521/6243
s off
f 2145/2523/6244 2125/2520/6245 2146/2524/6246 2143/2521/6247
f 2146/2524/6248 2124/2516/6249 2147/2525/6250 2143/2521/6251
f 2148/2527/6252 2125/2490/6253 2145/2528/6254 2150/2526/6255
s 16
f 2145/2528/6256 2123/2518/6257 2151/2529/6258 2150/2526/6259
s 11
f 2151/2529/6216 2121/2492/6215 2152/2530/6260 2150/2526/6261
s 17
f 2154/2532/6262 2127/2494/6263 2155/2533/6264 2153/2531/6265
s 18
f 2155/2533/6266 2126/2495/6267 2156/2534/6268 2153/2531/6269
s off
f 2158/2536/6270 2129/2496/6271 2159/2537/6272 2157/2535/6273
f 2159/2537/6274 2120/2515/6275 2152/2530/6276 2157/2535/6277
s 19
f 2152/2530/6278 2121/2492/6279 2160/2538/6280 2157/2535/6281
s off
f 2149/2540/6282 2131/2491/6283 2162/2541/6284 2161/2539/6285
s 20
f 2162/2541/6286 2128/2497/6287 2163/2542/6288 2161/2539/6289
s 13
f 2163/2542/6224 2122/2488/6223 2147/2525/6290 2161/2539/6291
s off
f 2165/2544/6292 2129/2496/6293 2158/2536/6294 2164/2543/6295
s 18
f 2158/2536/6296 2126/2495/6267 2155/2533/6266 2164/2543/6297
s 17
f 2155/2533/6264 2127/2494/6263 2166/2545/6298 2164/2543/6299
s off
f 2162/2541/6300 2131/2491/6301 2167/2547/6302 2168/2546/6303
f 2167/2547/6304 2119/2498/6305 2166/2545/6306 2168/2546/6307
s 21
f 2166/2545/6308 2127/2494/6309 2169/2548/6310 2168/2546/6311
f 2169/2548/6310 2127/2494/6309 2154/2532/6312 2170/2549/6313
s 22
f 2154/2532/6314 2132/2493/6315 2171/2550/6316 2170/2549/6317
s off
f 2173/2552/6318 2134/2514/6319 2174/2553/6320 2172/2551/6321
f 2174/2553/6322 2135/2513/6323 2175/2554/6324 2172/2551/6325
s 10
f 2175/2554/6326 2136/2502/6209 2176/2555/6208 2172/2551/6327
s 23
f 2173/2552/6328 2133/2499/6329 2178/2557/6330 2177/2556/6331
s 24
f 2178/2557/6332 2137/2503/6333 2179/2558/6334 2177/2556/6335
s 25
f 2179/2558/6336 2138/2512/6337 2180/2559/6338 2177/2556/6339
s 14
f 2175/2554/6340 2135/2513/6227 2182/2561/6341 2181/2560/6342
s 15
f 2182/2561/6238 2142/2510/6237 2183/2562/6343 2181/2560/6344
s 26
f 2183/2562/6345 2141/2506/6346 2184/2563/6347 2181/2560/6348
s 27
f 2179/2558/6349 2137/2503/6350 2186/2565/6351 2185/2564/6352
s 28
f 2186/2565/6353 2139/2507/6354 2187/2566/6355 2185/2564/6356
s 29
f 2187/2566/6357 2140/2517/6358 2188/2567/6359 2185/2564/6360
s 30
f 2187/2569/6361 2139/2519/6362 2190/2570/6363 2189/2568/6364
s 31
f 2190/2570/6365 2141/2506/6366 2183/2562/6367 2189/2568/6368
s 32
f 2183/2562/6369 2142/2510/6370 2191/2571/6371 2189/2568/6372
s 2
f 2193/2573/6373 2132/2493/6167 2156/2534/6166 2192/2572/6374
s 18
f 2156/2534/6268 2126/2495/6267 2194/2574/6375 2192/2572/6376
s 5
f 2194/2574/6377 2133/2499/6189 2176/2555/6188 2192/2572/6378
s 19
f 2160/2538/6280 2121/2492/6279 2196/2576/6379 2195/2575/6380
s 24
f 2196/2576/6381 2137/2503/6333 2178/2557/6332 2195/2575/6382
s 23
f 2178/2557/6330 2133/2499/6329 2194/2574/6383 2195/2575/6384
s 16
f 2151/2529/6258 2123/2518/6257 2198/2578/6385 2197/2577/6386
s 28
f 2198/2578/6387 2139/2507/6354 2186/2565/6353 2197/2577/6388
s 27
f 2186/2565/6351 2137/2503/6350 2196/2576/6389 2197/2577/6390
s 1
f 2144/2522/6160 2122/2488/6159 2200/2580/6391 2199/2579/6392
s 31
f 2200/2580/6393 2141/2506/6366 2190/2570/6365 2199/2579/6394
s 30
f 2190/2570/6363 2139/2519/6362 2198/2581/6395 2199/2579/6396
s 20
f 2163/2542/6288 2128/2497/6287 2202/2583/6397 2201/2582/6398
s 7
f 2202/2583/6399 2136/2502/6197 2184/2563/6196 2201/2582/6400
s 26
f 2184/2563/6347 2141/2506/6346 2200/2580/6401 2201/2582/6402
s off
f 2174/2585/6403 2134/2500/6404 2204/2586/6405 2203/2584/6406
s 33
f 2204/2586/6407 2130/2509/6408 2205/2587/6409 2203/2584/6410
s 25
f 2180/2589/6338 2138/2504/6337 2207/2590/6411 2206/2588/6412
s off
f 2207/2590/6413 2130/2509/6414 2204/2586/6415 2206/2588/6416
s 29
f 2188/2592/6359 2140/2508/6358 2209/2593/6417 2208/2591/6418
s off
f 2209/2593/6419 2130/2509/6420 2207/2590/6421 2208/2591/6422
s 32
f 2191/2595/6371 2142/2505/6370 2211/2596/6423 2210/2594/6424
s off
f 2211/2596/6425 2130/2509/6426 2209/2593/6427 2210/2594/6428
s 14
f 2182/2598/6341 2135/2501/6227 2205/2587/6226 2212/2597/6429
s 33
f 2205/2587/6409 2130/2509/6408 2211/2596/6430 2212/2597/6431
s 22
f 2171/2550/6316 2132/2493/6315 2193/2573/6432 2213/2599/6433
s off
f 2193/2573/6434 2136/2502/6435 2202/2583/6436 2213/2599/6437
g default
v 30.415856 0.376460 81.614890
v 25.635131 0.357439 78.972681
v 25.562820 2.571621 78.969605
v 26.460952 2.202096 87.519976
v 23.474031 2.235655 83.937558
v 26.712381 0.376460 87.691456
v 24.144120 0.503227 83.982147
v 28.049097 3.202894 79.571350
v 30.476802 2.013301 81.931701
v 28.320637 3.307107 86.138818
v 28.425649 0.366231 78.029315
v 26.394436 5.117006 83.046924
v 29.309866 0.376460 85.376762
v 28.861210 3.608940 82.479319
v 27.485876 4.485853 81.441857
v 26.671102 5.076886 82.788753
v 26.791627 5.016306 83.361663
v 27.775261 4.579426 84.340770
v 25.684871 3.524413 80.424691
v 26.283612 4.762890 82.513999
v 24.591302 3.483800 84.245703
v 26.230990 4.849935 83.308831
v 26.653491 3.799746 86.804035
v 26.603467 5.011731 83.704454
v 25.204939 1.344635 85.796416
v 24.967491 2.218876 85.728772
v 23.809074 1.369441 83.959851
v 25.428250 0.439843 85.836798
v 26.586666 1.289278 87.605717
v 24.889626 0.430333 81.477414
v 28.011124 0.376460 86.534106
v 24.748833 1.438569 81.330412
v 24.518424 2.403638 81.453585
v 25.598976 1.464530 78.971141
v 29.212764 2.876904 81.346200
v 29.669006 2.811120 82.205511
v 29.262948 2.608098 80.751519
v 28.455153 3.405917 81.025338
v 27.029497 1.630410 78.876271
v 28.237372 1.784563 78.800331
v 27.030390 0.361835 78.500998
v 26.805958 2.887258 79.270479
v 27.864148 1.594850 86.547403
v 28.815252 1.841784 85.757790
v 27.390795 2.754602 86.829398
v 29.170492 1.570872 80.074604
v 29.420752 0.371345 79.822102
v 30.446329 1.194880 81.773289
v 29.862861 0.376460 83.495821
v 29.478626 1.680284 84.108492
v 29.398719 2.660204 84.035258
v 29.281983 2.912312 83.505751
v 28.590923 3.458024 84.309067
v 27.306392 4.715445 82.924570
v 27.078489 4.781370 82.115302
v 26.731365 5.046595 83.075202
v 27.283444 4.797865 83.851218
v 27.630568 4.532640 82.891315
v 26.465927 4.304359 81.534962
v 26.585374 4.005133 80.933272
v 25.984244 4.143652 81.469350
v 26.477357 4.919888 82.651376
v 26.959618 4.434562 85.015064
v 26.697547 5.014018 83.533066
v 26.628480 4.405739 85.254241
v 27.214376 4.189585 85.572402
v 25.550605 3.995904 82.592071
v 25.138088 3.504107 82.335195
v 25.411145 4.166868 83.777267
v 26.257301 4.806414 82.911417
v 25.926938 4.135196 84.752854
v 25.622396 3.641773 85.524868
v 26.417228 4.930834 83.506643
v 28.045765 3.949671 81.887010
v 28.318235 4.094183 83.410042
v 27.767486 3.844374 80.506608
v 26.773740 3.465848 80.117753
v 25.623846 3.048017 79.697146
v 24.757870 2.891583 81.952567
v 24.032666 2.859728 84.091630
v 25.309216 2.868629 85.689275
v 26.557222 3.000920 87.162007
v 27.286761 3.431790 86.250389
v 28.047949 3.943267 85.239793
v 26.623774 5.068004 83.083293
v 26.532769 5.096945 82.917843
v 26.593031 5.066656 83.204297
v 26.430055 4.961142 82.754644
v 26.339024 4.939949 82.780469
v 26.306486 4.912116 82.936646
v 26.312713 4.983470 83.177883
v 26.408763 4.992173 83.353249
v 26.498951 5.064369 83.375697
v 26.578936 5.053756 83.348116
v 28.316194 3.827245 84.349295
vt 0.106185 0.192947
vt 0.019070 0.192947
vt 0.420449 0.012011
vt 0.167807 0.012011
vt 0.337331 0.192947
vt 0.219102 0.243023
vt 0.219102 0.124298
vt 0.252503 0.192947
vt 0.252503 0.012011
vt 0.167807 0.192947
vt 0.219102 0.012011
vt 0.252503 0.322184
vt 0.937112 0.011156
vt 0.924385 0.030541
vt 0.167807 0.322184
vt 0.337331 0.322184
vt 0.971978 0.011156
vt 0.924385 0.045989
vt 0.106185 0.322184
vt 0.420449 0.322184
vt 0.971979 0.045989
vt 0.943151 0.025258
vt 0.106185 0.530708
vt 0.019070 0.530708
vt 0.337331 0.530708
vt 0.167807 0.530708
vt 0.252503 0.530708
vt 0.337331 0.012011
vt 0.106185 0.012011
vt 0.420449 0.530708
vt 0.420449 0.192947
vt 0.019070 0.322184
vt 0.019070 0.012011
vt 0.062976 0.104065
vt 0.062627 0.192947
vt 0.019070 0.102479
vt 0.062627 0.012011
vt 0.106185 0.102479
vt 0.376643 0.104222
vt 0.378890 0.012011
vt 0.420449 0.102479
vt 0.378890 0.192947
vt 0.337331 0.102479
vt 0.229741 0.182228
vt 0.219102 0.183660
vt 0.235802 0.158622
vt 0.235802 0.217985
vt 0.291359 0.101937
vt 0.252503 0.102479
vt 0.294917 0.012011
vt 0.294917 0.192947
vt 0.141433 0.101683
vt 0.136996 0.012011
vt 0.167807 0.102479
vt 0.136996 0.192947
vt 0.238355 0.090305
vt 0.235802 0.012011
vt 0.219102 0.068154
vt 0.189375 0.095141
vt 0.193454 0.012011
vt 0.193454 0.158622
vt 0.201851 0.181902
vt 0.193454 0.217985
vt 0.211729 0.396477
vt 0.252503 0.426446
vt 0.210155 0.530708
vt 0.167807 0.426446
vt 0.210155 0.322184
vt 0.301018 0.400849
vt 0.294917 0.322184
vt 0.337331 0.426446
vt 0.294917 0.530708
vt 0.130074 0.395287
vt 0.136996 0.530708
vt 0.106185 0.426446
vt 0.136996 0.322184
vt 0.380310 0.400866
vt 0.378890 0.322184
vt 0.420449 0.426446
vt 0.378890 0.530708
vt 0.062652 0.401991
vt 0.019070 0.426446
vt 0.062627 0.322184
vt 0.062627 0.530708
vt 0.224258 0.268241
vt 0.193454 0.282603
vt 0.252503 0.257565
vt 0.291896 0.256558
vt 0.337331 0.257565
vt 0.380866 0.250776
vt 0.420449 0.257565
vt 0.064139 0.251739
vt 0.106185 0.257565
vt 0.019070 0.257565
vt 0.136199 0.255033
vt 0.167807 0.257565
vt 0.934457 0.022894
vt 0.930749 0.020848
vt 0.940131 0.018207
vt 0.933768 0.027899
vt 0.953124 0.015402
vt 0.954545 0.011156
vt 0.957565 0.018207
vt 0.961945 0.026457
vt 0.971978 0.028572
vt 0.957565 0.035623
vt 0.946630 0.039114
vt 0.948182 0.045989
vt 0.933768 0.035623
vt 0.931633 0.033368
vt 0.924385 0.038265
vt 0.184537 0.252113
vn -0.778127 -0.104977 0.619272
vn -0.776406 0.080907 0.625019
vn -0.773432 0.112355 0.623842
vn -0.778127 -0.104977 0.619272
vn -0.945624 -0.100818 -0.309241
vn -0.945624 -0.100818 -0.309241
vn -0.945624 -0.100818 -0.309241
vn -0.945624 -0.100818 -0.309241
vn 0.578582 0.775886 -0.251483
vn 0.553291 0.798200 -0.238212
vn 0.626173 0.728950 -0.276657
vn 0.626173 0.728950 -0.276657
vn -0.022258 0.562110 -0.826763
vn -0.032601 0.614878 -0.787948
vn 0.007376 0.400276 -0.916365
vn 0.007376 0.400276 -0.916365
vn 0.640872 0.107835 0.760036
vn 0.640872 0.107835 0.760036
vn 0.640872 0.107835 0.760036
vn 0.640872 0.107835 0.760036
vn 0.831358 0.196406 -0.519873
vn 0.831358 0.196406 -0.519873
vn 0.831358 0.196406 -0.519873
vn 0.831358 0.196406 -0.519873
vn 0.869188 0.386289 0.308696
vn 0.885906 0.335378 0.320455
vn 0.907776 0.164730 0.385755
vn 0.907776 0.164730 0.385755
vn 0.743557 0.648421 0.163318
vn 0.720673 0.674069 0.162053
vn 0.613051 0.782677 -0.107635
vn 0.714936 0.685494 -0.137712
vn 0.494506 0.865998 -0.074235
vn 0.494506 0.865998 -0.074235
vn -0.238482 0.843347 -0.481551
vn -0.242004 0.842439 -0.481384
vn -0.235042 0.844223 -0.481708
vn -0.235042 0.844223 -0.481708
vn 0.372878 0.775032 0.510183
vn 0.221222 0.883508 0.412886
vn 0.110861 0.935634 0.335110
vn 0.110861 0.935634 0.335110
vn -0.735492 0.656420 -0.167823
vn -0.722992 0.669241 -0.171462
vn -0.720845 0.671397 -0.172074
vn -0.720845 0.671397 -0.172074
vn -0.533028 0.796801 0.284588
vn -0.534361 0.795762 0.284991
vn -0.530315 0.798902 0.283765
vn -0.530315 0.798902 0.283765
vn 0.575391 0.808818 -0.121401
vn 0.562332 0.818878 -0.114984
vn 0.603197 0.786043 -0.135240
vn 0.603197 0.786043 -0.135240
vn -0.076878 0.816409 -0.572333
vn -0.076878 0.816409 -0.572333
vn -0.767358 0.581843 -0.269481
vn -0.930790 0.065398 -0.359656
vn -0.910663 0.229721 -0.343395
vn -0.767358 0.581843 -0.269481
vn -0.694810 0.439925 0.568951
vn -0.780016 0.019077 0.625468
vn -0.777624 0.068901 0.624943
vn -0.694810 0.439925 0.568951
vn 0.443853 0.481917 0.755480
vn 0.575713 0.165762 0.800673
vn 0.543418 0.262815 0.797261
vn 0.443853 0.481917 0.755480
vn 0.187269 0.979286 0.076998
vn 0.176153 0.941692 0.286681
vn 0.199228 0.978021 0.061505
vn 0.199228 0.978021 0.061505
vn -0.325206 0.817401 -0.475496
vn -0.325206 0.817401 -0.475496
vn -0.891389 0.440369 -0.107240
vn -0.891389 0.440369 -0.107239
vn -0.639647 0.700906 0.315567
vn -0.639647 0.700906 0.315567
vn 0.166031 0.980598 0.104219
vn 0.251233 0.911618 0.325323
vn 0.237597 0.927530 0.288508
vn 0.166031 0.980598 0.104219
vn 0.799744 0.577013 0.165728
vn 0.799744 0.577013 0.165728
vn -0.764275 -0.220069 0.606180
vn -0.764275 -0.220069 0.606180
vn -0.790289 -0.229047 0.568314
vn -0.790289 -0.229047 0.568314
vn -0.790289 -0.229047 0.568314
vn -0.790289 -0.229047 0.568314
vn -0.805081 -0.114205 0.582067
vn -0.805081 -0.114205 0.582067
vn -0.805081 -0.114205 0.582067
vn -0.805081 -0.114205 0.582067
vn -0.917481 -0.260090 -0.300967
vn -0.917481 -0.260090 -0.300967
vn -0.917481 -0.260090 -0.300967
vn -0.917481 -0.260090 -0.300967
vn -0.896857 -0.257097 -0.359928
vn -0.927314 0.123451 -0.353338
vn -0.932518 0.030150 -0.359863
vn -0.896857 -0.257097 -0.359928
vn -0.925509 -0.097577 -0.365940
vn -0.925509 -0.097577 -0.365939
vn 0.626172 0.728951 -0.276656
vn 0.765455 0.352453 -0.538382
vn 0.763109 0.370194 -0.529737
vn 0.626172 0.728951 -0.276656
vn 0.724837 0.522771 -0.448689
vn 0.739764 0.480927 -0.470594
vn 0.634562 0.729586 -0.255021
vn 0.626172 0.728951 -0.276657
vn -0.212764 0.370707 -0.904051
vn -0.212764 0.370707 -0.904051
vn -0.212764 0.370707 -0.904051
vn -0.212764 0.370707 -0.904051
vn -0.203013 0.149079 -0.967761
vn -0.203013 0.149079 -0.967761
vn -0.203013 0.149079 -0.967761
vn -0.203013 0.149079 -0.967761
vn 0.045509 0.168557 -0.984641
vn 0.004346 0.403707 -0.914878
vn -0.018857 0.524699 -0.851079
vn 0.045509 0.168557 -0.984641
vn 0.650947 0.044272 0.757831
vn 0.650948 0.044272 0.757831
vn 0.650947 0.044272 0.757831
vn 0.650947 0.044272 0.757831
vn 0.611442 0.025709 0.790871
vn 0.458412 0.385555 0.800753
vn 0.536578 0.230197 0.811846
vn 0.611442 0.025709 0.790871
vn 0.594841 0.096368 0.798046
vn 0.594841 0.096368 0.798046
vn 0.810130 0.326169 -0.487138
vn 0.810130 0.326169 -0.487138
vn 0.810130 0.326169 -0.487138
vn 0.810130 0.326170 -0.487138
vn 0.758822 0.352530 -0.547642
vn 0.758822 0.352530 -0.547642
vn 0.773376 0.216915 -0.595682
vn 0.773377 0.216915 -0.595682
vn 0.931944 0.183558 0.312710
vn 0.931944 0.183558 0.312710
vn 0.931944 0.183558 0.312710
vn 0.931944 0.183558 0.312710
vn 0.941385 0.035021 0.335512
vn 0.941385 0.035021 0.335512
vn 0.941385 0.035021 0.335512
vn 0.941385 0.035021 0.335512
vn 0.908674 0.005205 0.417473
vn 0.912037 0.143966 0.384009
vn 0.905546 0.222553 0.361187
vn 0.908674 0.005205 0.417473
vn 0.720674 0.674068 0.162054
vn 0.720674 0.674068 0.162054
vn 0.720673 0.674070 0.162053
vn 0.734567 0.658707 0.162838
vn 0.766300 0.621087 0.164423
vn 0.720673 0.674069 0.162053
vn 0.502815 0.862546 -0.056495
vn 0.502815 0.862546 -0.056495
vn 0.502815 0.862546 -0.056495
vn 0.502815 0.862546 -0.056495
vn 0.470420 0.880890 -0.052324
vn 0.470420 0.880890 -0.052324
vn 0.470420 0.880890 -0.052324
vn 0.470420 0.880890 -0.052324
vn 0.472238 0.878528 -0.071968
vn 0.472238 0.878528 -0.071968
vn -0.195976 0.855187 -0.479841
vn -0.144868 0.835433 -0.530156
vn -0.122662 0.825525 -0.550874
vn -0.195976 0.855187 -0.479841
vn -0.164718 0.848079 -0.503617
vn -0.127430 0.832998 -0.538401
vn -0.210114 0.863390 -0.458705
vn -0.210114 0.863390 -0.458705
vn -0.266242 0.852920 -0.449046
vn -0.267349 0.852304 -0.449559
vn -0.275579 0.847660 -0.453353
vn -0.266242 0.852920 -0.449046
vn 0.175843 0.934073 0.310785
vn 0.175657 0.936157 0.304555
vn 0.175843 0.934073 0.310785
vn 0.253446 0.908827 0.331358
vn 0.253446 0.908827 0.331358
vn 0.148931 0.923607 0.353227
vn 0.680070 0.457033 0.573259
vn 0.344924 0.821626 0.453826
vn 0.148931 0.923607 0.353227
vn -0.708997 0.678695 -0.191565
vn -0.772650 0.590582 -0.232863
vn -0.746831 0.629072 -0.215667
vn -0.708997 0.678695 -0.191565
vn -0.716587 0.665506 -0.208819
vn -0.718117 0.663384 -0.210307
vn -0.694444 0.694621 -0.187747
vn -0.694444 0.694621 -0.187747
vn -0.697777 0.696461 -0.167477
vn -0.703559 0.690933 -0.166181
vn -0.705900 0.688669 -0.165651
vn -0.697777 0.696461 -0.167477
vn -0.508309 0.805889 0.303587
vn -0.651796 0.598404 0.465913
vn -0.637022 0.627399 0.447855
vn -0.508309 0.805889 0.303587
vn -0.646472 0.613438 0.453616
vn -0.688751 0.519586 0.505620
vn -0.519188 0.794926 0.313905
vn -0.519187 0.794926 0.313905
vn -0.546392 0.781612 0.300897
vn -0.547590 0.780692 0.301106
vn -0.552662 0.776769 0.301984
vn -0.546392 0.781612 0.300897
vn 0.504185 0.837011 -0.212627
vn 0.504185 0.837011 -0.212627
vn 0.642181 0.729824 -0.234437
vn 0.642181 0.729824 -0.234437
vn 0.742358 0.653880 -0.146100
vn 0.742358 0.653880 -0.146100
vn -0.087070 0.828384 -0.553352
vn -0.087070 0.828384 -0.553352
vn -0.111405 0.825844 -0.552784
vn -0.111405 0.825844 -0.552784
vn -0.096706 0.812956 -0.574239
vn -0.096706 0.812956 -0.574239
vn -0.713828 0.656114 -0.244876
vn -0.713828 0.656114 -0.244876
vn -0.728414 0.648705 -0.220443
vn -0.728414 0.648705 -0.220443
vn -0.787289 0.566704 -0.242945
vn -0.787289 0.566704 -0.242945
vn -0.715579 0.377611 0.587670
vn -0.715579 0.377611 0.587670
vn -0.731994 0.378840 0.566272
vn -0.731994 0.378840 0.566272
vn -0.710198 0.447162 0.543750
vn -0.710198 0.447162 0.543750
vn 0.159662 0.757792 0.632661
vn 0.159662 0.757792 0.632661
vn 0.429882 0.721103 0.543334
vn 0.429882 0.721103 0.543334
vn 0.724024 0.374427 0.579304
vn 0.724024 0.374427 0.579304
vn 0.199225 0.978022 0.061508
vn 0.199225 0.978022 0.061508
vn 0.199225 0.978022 0.061508
vn 0.199225 0.978022 0.061508
vn 0.199217 0.978023 0.061506
vn 0.189918 0.979040 0.073571
vn 0.178157 0.979994 0.088722
vn 0.199217 0.978023 0.061506
vn -0.325206 0.817398 -0.475500
vn -0.325206 0.817398 -0.475500
vn -0.325186 0.817394 -0.475522
vn -0.325186 0.817394 -0.475522
vn -0.325186 0.817394 -0.475522
vn -0.325186 0.817394 -0.475522
vn -0.891391 0.440366 -0.107240
vn -0.891391 0.440366 -0.107240
vn -0.891397 0.440354 -0.107237
vn -0.891397 0.440354 -0.107237
vn -0.891397 0.440354 -0.107237
vn -0.891397 0.440354 -0.107237
vn -0.639637 0.700913 0.315572
vn -0.639637 0.700913 0.315572
vn -0.639634 0.700924 0.315555
vn -0.639634 0.700924 0.315555
vn -0.639634 0.700924 0.315555
vn -0.639634 0.700924 0.315555
vn 0.166026 0.980599 0.104219
vn 0.166034 0.980597 0.104218
vn 0.166034 0.980597 0.104218
vn 0.799743 0.577015 0.165728
vn 0.799742 0.577015 0.165728
vn 0.799742 0.577016 0.165727
vn 0.799742 0.577016 0.165728
vn 0.799742 0.577016 0.165728
vn 0.799742 0.577016 0.165727
s 1
g group2 Ore_Clicker44
usemtl initialShadingGroup
f 2242/2637/6438 2217/2600/6439 2239/2634/6440 2238/2633/6441
s off
f 2247/2642/6442 2215/2627/6443 2243/2639/6444 2245/2638/6445
s 2
f 2251/2646/6446 2227/2605/6447 2249/2644/6448 2248/2643/6449
s 3
f 2255/2650/6450 2221/2607/6451 2253/2648/6452 2252/2647/6453
s off
f 2242/2637/6454 2219/2628/6455 2244/2652/6456 2256/2651/6457
f 2261/2657/6458 2214/2610/6459 2260/2656/6460 2259/2655/6461
s 4
f 2264/2660/6462 2223/2609/6463 2257/2653/6464 2263/2658/6465
f 2266/2662/6466 2223/2609/6463 2264/2660/6462 2265/2661/6467
s 5
f 2271/2667/6468 2228/2611/6469 2268/2664/6470 2267/2663/6471
s 6
f 2275/2671/6472 2229/2626/6473 2268/2664/6474 2272/2668/6475
s 7
f 2279/2675/6476 2231/2614/6477 2270/2666/6478 2276/2672/6479
s 8
f 2283/2679/6480 2233/2624/6481 2274/2670/6482 2280/2676/6483
s 9
f 2286/2683/6484 2235/2623/6485 2282/2681/6486 2284/2680/6487
s 10
f 2271/2667/6488 2231/2614/6489 2288/2685/6490 2287/2684/6491
s 3
f 2289/2686/6492 2221/2607/6451 2255/2650/6450 2290/2687/6493
s 11
f 2291/2688/6494 2216/2604/6495 2246/2641/6496 2292/2689/6497
s 12
f 2293/2693/6498 2218/2601/6499 2239/2634/6500 2294/2691/6501
s 13
f 2295/2692/6502 2217/2600/6503 2258/2654/6504 2296/2694/6505
s 14
f 2300/2699/6506 2230/2613/6507 2269/2697/6508 2298/2696/6509
s 6
f 2299/2698/6510 2229/2612/6473 2275/2701/6472 2301/2700/6511
s 8
f 2302/2702/6512 2233/2616/6481 2283/2704/6480 2303/2703/6513
s 9
f 2304/2705/6514 2235/2620/6485 2286/2707/6484 2305/2706/6515
s 15
f 2306/2708/6516 2237/2617/6517 2277/2710/6518 2307/2709/6519
s 4
f 2297/2695/6520 2223/2609/6463 2266/2662/6466 2308/2711/6521
s 12
f 2239/2634/6500 2218/2601/6499 2240/2635/6522 2238/2633/6523
s off
f 2240/2635/6524 2220/2632/6525 2241/2636/6526 2238/2633/6527
f 2241/2636/6528 2219/2628/6529 2242/2637/6530 2238/2633/6531
f 2243/2639/6532 2220/2602/6533 2240/2640/6534 2245/2638/6535
s 16
f 2240/2640/6536 2218/2630/6537 2246/2641/6538 2245/2638/6539
s 11
f 2246/2641/6496 2216/2604/6495 2247/2642/6540 2245/2638/6541
s 17
f 2249/2644/6542 2222/2606/6543 2250/2645/6544 2248/2643/6545
s 18
f 2250/2645/6546 2221/2607/6547 2251/2646/6548 2248/2643/6549
s off
f 2253/2648/6550 2224/2608/6551 2254/2649/6552 2252/2647/6553
f 2254/2649/6554 2215/2627/6555 2247/2642/6556 2252/2647/6557
s 19
f 2247/2642/6558 2216/2604/6559 2255/2650/6560 2252/2647/6561
s off
f 2244/2652/6562 2226/2603/6563 2257/2653/6564 2256/2651/6565
s 20
f 2257/2653/6566 2223/2609/6567 2258/2654/6568 2256/2651/6569
s 13
f 2258/2654/6504 2217/2600/6503 2242/2637/6570 2256/2651/6571
s off
f 2260/2656/6572 2224/2608/6573 2253/2648/6574 2259/2655/6575
s 18
f 2253/2648/6576 2221/2607/6547 2250/2645/6546 2259/2655/6577
s 17
f 2250/2645/6544 2222/2606/6543 2261/2657/6578 2259/2655/6579
s off
f 2257/2653/6580 2226/2603/6581 2262/2659/6582 2263/2658/6583
f 2262/2659/6584 2214/2610/6585 2261/2657/6586 2263/2658/6587
s 21
f 2261/2657/6588 2222/2606/6589 2264/2660/6590 2263/2658/6591
f 2264/2660/6590 2222/2606/6589 2249/2644/6592 2265/2661/6593
s 22
f 2249/2644/6594 2227/2605/6595 2266/2662/6596 2265/2661/6597
s off
f 2268/2664/6598 2229/2626/6599 2269/2665/6600 2267/2663/6601
f 2269/2665/6602 2230/2625/6603 2270/2666/6604 2267/2663/6605
s 10
f 2270/2666/6606 2231/2614/6489 2271/2667/6488 2267/2663/6607
s 23
f 2268/2664/6608 2228/2611/6609 2273/2669/6610 2272/2668/6611
s 24
f 2273/2669/6612 2232/2615/6613 2274/2670/6614 2272/2668/6615
s 25
f 2274/2670/6616 2233/2624/6617 2275/2671/6618 2272/2668/6619
s 14
f 2270/2666/6620 2230/2625/6507 2277/2673/6621 2276/2672/6622
s 15
f 2277/2673/6518 2237/2622/6517 2278/2674/6623 2276/2672/6624
s 26
f 2278/2674/6625 2236/2618/6626 2279/2675/6627 2276/2672/6628
s 27
f 2274/2670/6629 2232/2615/6630 2281/2677/6631 2280/2676/6632
s 28
f 2281/2677/6633 2234/2619/6634 2282/2678/6635 2280/2676/6636
s 29
f 2282/2678/6637 2235/2629/6638 2283/2679/6639 2280/2676/6640
s 30
f 2282/2681/6641 2234/2631/6642 2285/2682/6643 2284/2680/6644
s 31
f 2285/2682/6645 2236/2618/6646 2278/2674/6647 2284/2680/6648
s 32
f 2278/2674/6649 2237/2622/6650 2286/2683/6651 2284/2680/6652
s 2
f 2288/2685/6653 2227/2605/6447 2251/2646/6446 2287/2684/6654
s 18
f 2251/2646/6548 2221/2607/6547 2289/2686/6655 2287/2684/6656
s 5
f 2289/2686/6657 2228/2611/6469 2271/2667/6468 2287/2684/6658
s 19
f 2255/2650/6560 2216/2604/6559 2291/2688/6659 2290/2687/6660
s 24
f 2291/2688/6661 2232/2615/6613 2273/2669/6612 2290/2687/6662
s 23
f 2273/2669/6610 2228/2611/6609 2289/2686/6663 2290/2687/6664
s 16
f 2246/2641/6538 2218/2630/6537 2293/2690/6665 2292/2689/6666
s 28
f 2293/2690/6667 2234/2619/6634 2281/2677/6633 2292/2689/6668
s 27
f 2281/2677/6631 2232/2615/6630 2291/2688/6669 2292/2689/6670
s 1
f 2239/2634/6440 2217/2600/6439 2295/2692/6671 2294/2691/6672
s 31
f 2295/2692/6673 2236/2618/6646 2285/2682/6645 2294/2691/6674
s 30
f 2285/2682/6643 2234/2631/6642 2293/2693/6675 2294/2691/6676
s 20
f 2258/2654/6568 2223/2609/6567 2297/2695/6677 2296/2694/6678
s 7
f 2297/2695/6679 2231/2614/6477 2279/2675/6476 2296/2694/6680
s 26
f 2279/2675/6627 2236/2618/6626 2295/2692/6681 2296/2694/6682
s off
f 2269/2697/6683 2229/2612/6684 2299/2698/6685 2298/2696/6686
s 33
f 2299/2698/6687 2225/2621/6688 2300/2699/6689 2298/2696/6690
s 25
f 2275/2701/6618 2233/2616/6617 2302/2702/6691 2301/2700/6692
s off
f 2302/2702/6693 2225/2621/6694 2299/2698/6695 2301/2700/6696
s 29
f 2283/2704/6639 2235/2620/6638 2304/2705/6697 2303/2703/6698
s off
f 2304/2705/6699 2225/2621/6700 2302/2702/6701 2303/2703/6702
s 32
f 2286/2707/6651 2237/2617/6650 2306/2708/6703 2305/2706/6704
s off
f 2306/2708/6705 2225/2621/6706 2304/2705/6707 2305/2706/6708
s 14
f 2277/2710/6621 2230/2613/6507 2300/2699/6506 2307/2709/6709
s 33
f 2300/2699/6689 2225/2621/6688 2306/2708/6710 2307/2709/6711
s 22
f 2266/2662/6596 2227/2605/6595 2288/2685/6712 2308/2711/6713
s off
f 2288/2685/6714 2231/2614/6715 2297/2695/6716 2308/2711/6717
g default
v 32.311748 -0.152444 90.104176
v 39.023861 -0.200448 85.062071
v 39.470865 4.452826 85.084938
v 38.329151 4.252939 77.923628
v 38.641984 0.192267 78.394051
v 35.783130 6.623835 88.446107
v 31.305345 4.538166 88.772894
v 30.718328 6.886710 82.822213
v 38.479484 -0.181390 89.938234
v 35.169612 12.952268 82.228186
v 29.126970 -0.152444 83.055298
v 32.720667 7.638271 86.777143
v 35.073939 10.102107 86.001933
v 34.964063 12.200711 83.273888
v 34.188044 11.924412 82.394756
v 32.598962 10.662781 83.565928
v 37.668190 7.771156 84.550027
v 35.986493 10.132505 82.583319
v 36.376349 7.663119 80.189235
v 35.302694 10.514154 81.227273
v 32.327911 8.457462 79.608891
v 33.889960 11.437869 81.326539
v 38.862180 2.245491 77.963668
v 38.341643 -0.014881 81.890306
v 29.998067 -0.152444 80.723739
v 39.146791 2.177652 81.780168
v 38.836608 4.215925 81.500600
v 39.757813 2.173102 85.336087
v 33.141009 6.211269 87.191719
v 31.945902 6.080104 86.974482
v 33.639768 5.631507 87.876470
v 34.251898 7.130370 87.611625
v 38.789709 2.495720 87.198467
v 36.735807 2.776654 88.581080
v 38.647138 -0.191069 87.320639
v 37.991468 5.125819 86.539809
v 29.929122 2.129554 81.225097
v 29.399409 1.955083 82.929596
v 30.689405 5.012483 79.916384
v 35.603164 2.354947 90.319688
v 36.912295 -0.168983 90.305731
v 31.328085 1.888458 89.340808
v 29.760504 -0.152444 85.251143
v 28.937881 2.457440 84.097358
v 30.910170 5.787611 84.992906
v 31.438334 6.315717 85.295593
v 31.719497 7.260891 84.799679
v 34.179638 11.543590 83.221561
v 34.925662 11.570624 84.014624
v 34.463873 12.037741 82.811383
v 33.546607 11.364683 82.623629
v 33.948901 10.197164 85.025792
v 35.875256 10.293575 83.520569
v 36.372806 8.971763 85.307449
v 36.720860 8.896756 83.109871
v 35.579085 10.948246 82.967340
v 33.337945 10.901512 81.604874
v 33.994089 11.664144 81.891952
v 33.114653 10.266724 80.528214
v 32.434954 9.312819 81.007560
v 36.201889 9.047632 81.816863
v 37.053752 7.628316 82.290225
v 35.658170 9.172843 80.463213
v 35.703397 10.114105 81.970830
v 34.437000 9.736016 80.493844
v 34.278086 7.933575 80.254908
v 34.635421 10.801187 81.198325
v 34.200694 9.062929 86.588620
v 32.580331 9.625062 85.452689
v 35.377535 8.828314 87.449640
v 37.169621 7.150521 86.758319
v 38.699215 6.237225 85.625140
v 38.065808 5.971558 82.528876
v 37.213756 6.111525 79.108684
v 34.588992 6.134190 78.578888
v 31.387573 7.227946 80.240336
v 31.495404 9.040781 82.331372
v 34.698552 12.388429 82.576820
v 35.040535 12.556635 82.592855
v 34.820631 12.556844 82.321423
v 35.495981 11.364857 82.681234
v 35.427714 11.561749 82.403673
v 35.355317 11.308799 82.226130
v 35.171879 11.903550 82.012624
v 34.923835 11.910388 81.967913
v 34.808335 12.538884 82.054578
v 34.739637 12.435623 82.176107
v 31.632778 8.739213 83.700864
v 29.932839 -0.271687 78.340765
v 29.840900 2.079097 78.102626
v 37.771512 3.901163 76.590946
v 36.732050 5.751421 77.486625
v 34.158460 5.700859 77.667683
v 30.401329 4.438706 78.540867
v 31.080654 6.656461 78.912270
v 38.276224 1.911242 76.722597
v 38.187951 -0.080481 77.383559
v 31.881420 7.684376 78.584284
v 33.994875 7.193365 78.506768
v 31.925035 8.474896 79.737265
v 31.324481 3.498096 76.396571
v 31.472740 1.383267 75.899509
v 34.767199 3.416768 75.685765
v 35.634232 1.542781 75.215298
v 31.592825 -0.547756 75.006748
v 30.129034 -0.421905 76.679647
v 36.306213 -0.361231 75.620704
v 29.992227 1.748866 76.695479
v 36.875536 3.523559 75.760247
v 36.179275 5.246457 76.708330
v 33.728723 5.266429 76.758350
v 31.328216 5.608985 76.784365
v 30.416621 4.029879 77.184268
v 30.962509 6.144433 77.573157
v 37.334096 1.563082 75.857743
v 37.499916 -0.228895 76.587673
v 31.531655 6.894336 77.525361
v 33.711788 6.459717 77.565668
v 31.466558 7.578226 78.552858
v 29.963595 0.988555 80.572772
v 29.886870 0.903705 78.221696
v 30.060630 0.663481 76.687562
v 31.532783 0.417756 75.453130
v 35.970223 0.590775 75.417999
v 37.417007 0.667093 76.222707
v 38.232088 0.915380 77.053078
v 38.752082 1.218879 78.178859
v 38.744217 1.081385 81.835237
v 39.390837 0.986327 85.199079
v 38.718423 1.152326 87.259553
v 37.607646 1.297632 89.259657
v 36.257729 1.092982 90.312709
v 31.819917 0.868007 89.722493
v 29.349192 1.152498 84.674251
v 29.263189 0.901319 83.304769
vt 0.106185 0.192947
vt 0.019070 0.192947
vt 0.420449 0.012011
vt 0.167807 0.012011
vt 0.337331 0.192947
vt 0.219102 0.243023
vt 0.219102 0.124298
vt 0.252503 0.192947
vt 0.252503 0.012011
vt 0.167807 0.192947
vt 0.219102 0.012011
vt 0.252503 0.322184
vt 0.937112 0.011156
vt 0.924385 0.030541
vt 0.167807 0.322184
vt 0.337331 0.322184
vt 0.971978 0.011156
vt 0.924385 0.045989
vt 0.106185 0.322184
vt 0.420449 0.322184
vt 0.971979 0.045989
vt 0.943151 0.025258
vt 0.106185 0.530708
vt 0.019070 0.530708
vt 0.337331 0.530708
vt 0.167807 0.530708
vt 0.252503 0.530708
vt 0.337331 0.012011
vt 0.106185 0.012011
vt 0.420449 0.530708
vt 0.420449 0.192947
vt 0.019070 0.322184
vt 0.019070 0.012011
vt 0.062921 0.104181
vt 0.062627 0.192947
vt 0.019070 0.102479
vt 0.062627 0.012011
vt 0.106185 0.102479
vt 0.376693 0.103980
vt 0.378890 0.012011
vt 0.420449 0.102479
vt 0.378890 0.192947
vt 0.337331 0.102479
vt 0.230065 0.182301
vt 0.219102 0.183660
vt 0.235802 0.158622
vt 0.235802 0.217985
vt 0.291440 0.102554
vt 0.252503 0.102479
vt 0.294917 0.012011
vt 0.294917 0.192947
vt 0.141411 0.101629
vt 0.136996 0.012011
vt 0.167807 0.102479
vt 0.136996 0.192947
vt 0.238226 0.089536
vt 0.235802 0.012011
vt 0.219102 0.068154
vt 0.189385 0.094913
vt 0.193454 0.012011
vt 0.193454 0.158622
vt 0.201843 0.182238
vt 0.193454 0.217985
vt 0.210548 0.395955
vt 0.252503 0.426446
vt 0.210155 0.530708
vt 0.167807 0.426446
vt 0.210155 0.322184
vt 0.301350 0.399909
vt 0.294917 0.322184
vt 0.337331 0.426446
vt 0.294917 0.530708
vt 0.130484 0.396307
vt 0.136996 0.530708
vt 0.106185 0.426446
vt 0.136996 0.322184
vt 0.379926 0.401259
vt 0.378890 0.322184
vt 0.420449 0.426446
vt 0.378890 0.530708
vt 0.062977 0.399911
vt 0.019070 0.426446
vt 0.062627 0.322184
vt 0.062627 0.530708
vt 0.224323 0.267942
vt 0.193454 0.282603
vt 0.252503 0.257565
vt 0.292176 0.256251
vt 0.337331 0.257565
vt 0.380888 0.251037
vt 0.420449 0.257565
vt 0.063828 0.251308
vt 0.106185 0.257565
vt 0.019070 0.257565
vt 0.136449 0.254907
vt 0.167807 0.257565
vt 0.934320 0.023037
vt 0.930749 0.020848
vt 0.940131 0.018207
vt 0.933768 0.027899
vt 0.953180 0.015356
vt 0.954545 0.011156
vt 0.957565 0.018207
vt 0.962045 0.026393
vt 0.971978 0.028572
vt 0.957565 0.035623
vt 0.946240 0.039227
vt 0.948182 0.045989
vt 0.933768 0.035623
vt 0.931811 0.033232
vt 0.924385 0.038265
vt 0.184459 0.251757
vt 0.136996 0.012011
vt 0.141411 0.101629
vt 0.019070 0.257565
vt 0.019070 0.192947
vt 0.063828 0.251308
vt 0.136996 0.192947
vt 0.136449 0.254907
vt 0.019070 0.102479
vt 0.019070 0.012011
vt 0.106185 0.322184
vt 0.062627 0.322184
vt 0.136996 0.322184
vt 0.136996 0.012011
vt 0.141411 0.101629
vt 0.019070 0.257565
vt 0.019070 0.192947
vt 0.063828 0.251308
vt 0.136996 0.192947
vt 0.136449 0.254907
vt 0.019070 0.102479
vt 0.019070 0.012011
vt 0.106185 0.322184
vt 0.062627 0.322184
vt 0.136996 0.322184
vt 0.139203 0.056820
vt 0.139203 0.056820
vt 0.139203 0.056820
vt 0.106185 0.057245
vt 0.062774 0.058096
vt 0.019070 0.057245
vt 0.019070 0.057245
vt 0.019070 0.057245
vt 0.420449 0.057245
vt 0.377791 0.057995
vt 0.337331 0.057245
vt 0.293178 0.057283
vt 0.252503 0.057245
vt 0.237014 0.050774
vt 0.219102 0.040082
vt 0.191420 0.053462
vt 0.167807 0.057245
vn -0.179079 0.188630 -0.965582
vn -0.140618 0.251584 -0.957566
vn -0.156699 0.225584 -0.961539
vn -0.179079 0.188630 -0.965582
vn 0.932753 -0.307660 -0.187927
vn 0.932949 -0.307768 -0.186777
vn 0.930200 -0.306285 -0.202282
vn 0.930200 -0.306285 -0.202282
vn -0.347485 0.376787 0.858653
vn -0.347715 0.385943 0.854484
vn -0.333966 0.170927 0.926958
vn -0.333966 0.170927 0.926958
vn 0.660488 0.273485 0.699258
vn 0.669730 0.293234 0.682258
vn 0.655880 0.263947 0.707215
vn 0.655880 0.263947 0.707215
vn -0.615154 0.133589 -0.777007
vn -0.644474 0.126670 -0.754061
vn -0.691633 0.114641 -0.713092
vn -0.691633 0.114641 -0.713092
vn -0.123393 0.100108 0.987296
vn -0.148291 0.087240 0.985088
vn -0.089351 0.117494 0.989046
vn -0.089351 0.117494 0.989046
vn -0.913070 0.401662 0.070502
vn -0.920812 0.366602 0.133075
vn -0.928677 0.370786 -0.008743
vn -0.928677 0.370786 -0.008743
vn -0.859021 0.395637 0.324893
vn -0.802495 0.486200 0.345850
vn -0.448514 0.707113 0.546649
vn -0.418645 0.692705 0.587279
vn -0.466393 0.715060 0.520736
vn -0.466393 0.715060 0.520736
vn 0.860937 0.429570 0.272500
vn 0.870497 0.407075 0.276632
vn 0.854781 0.443305 0.269870
vn 0.854781 0.443305 0.269870
vn -0.717711 0.606356 -0.342378
vn -0.748293 0.600908 -0.281011
vn -0.774749 0.592841 -0.219778
vn -0.774750 0.592841 -0.219778
vn 0.847833 0.371472 -0.378401
vn 0.849437 0.379675 -0.366476
vn 0.853100 0.403266 -0.331054
vn 0.853100 0.403266 -0.331054
vn 0.230985 0.512402 -0.827097
vn 0.231548 0.514609 -0.825568
vn 0.232325 0.517661 -0.823439
vn 0.232325 0.517661 -0.823439
vn -0.220007 0.827154 0.517119
vn -0.295516 0.823220 0.484746
vn -0.179498 0.826974 0.532817
vn -0.179498 0.826974 0.532817
vn 0.681128 0.318918 0.659057
vn 0.681128 0.318918 0.659057
vn 0.863183 0.464145 -0.198708
vn 0.938696 0.288095 -0.189345
vn 0.949456 0.252347 -0.186694
vn 0.863183 0.464145 -0.198708
vn -0.004667 0.490592 -0.871377
vn 0.092364 0.322175 -0.942164
vn 0.056771 0.386377 -0.920592
vn -0.004667 0.490591 -0.871377
vn -0.682276 0.217070 -0.698126
vn -0.532449 0.221018 -0.817098
vn -0.590441 0.220500 -0.776376
vn -0.682276 0.217070 -0.698126
vn -0.708620 0.705249 0.021948
vn -0.706507 0.702612 -0.084760
vn -0.697779 0.683085 0.215636
vn -0.697779 0.683085 0.215636
vn 0.887326 0.363253 0.284076
vn 0.887326 0.363253 0.284076
vn 0.827304 0.299625 -0.475177
vn 0.827304 0.299625 -0.475177
vn 0.228811 0.503904 -0.832902
vn 0.228811 0.503904 -0.832902
vn -0.721247 0.687334 -0.085882
vn -0.731497 0.657162 -0.181796
vn -0.727292 0.673135 -0.133925
vn -0.721247 0.687334 -0.085882
vn -0.904048 0.303524 0.300948
vn -0.904048 0.303524 0.300948
vn 0.177716 0.155948 -0.971647
vn 0.177716 0.155948 -0.971647
vn 0.470668 -0.159852 -0.867709
vn 0.496445 -0.150103 -0.854992
vn 0.559594 -0.124829 -0.819312
vn 0.559594 -0.124829 -0.819312
vn 0.057148 0.137466 -0.988856
vn 0.057148 0.137466 -0.988856
vn -0.013789 0.123251 -0.992280
vn 0.000702 0.126208 -0.992004
vn 0.972482 -0.230935 0.030777
vn 0.972482 -0.230935 0.030777
vn 0.971619 -0.236225 -0.012416
vn 0.971904 -0.235328 -0.004826
vn 0.975459 0.195269 -0.101732
vn 0.930152 0.345469 -0.124373
vn 0.916124 0.379491 -0.129239
vn 0.975459 0.195269 -0.101732
vn 0.978093 0.113838 -0.174286
vn 0.978093 0.113838 -0.174286
vn -0.139651 0.756748 0.638616
vn -0.113754 0.452186 0.884640
vn -0.118390 0.498530 0.858750
vn -0.139651 0.756747 0.638616
vn -0.023985 0.388479 0.921146
vn -0.028842 0.393416 0.918908
vn -0.432627 0.346911 0.832158
vn -0.446434 0.329335 0.832007
vn 0.829530 0.349450 0.435619
vn 0.832470 0.348918 0.430407
vn 0.914817 0.323013 0.242430
vn 0.914817 0.323013 0.242430
vn 0.955513 -0.172683 0.239115
vn 0.955513 -0.172683 0.239115
vn 0.933949 -0.171187 0.313742
vn 0.932211 -0.171042 0.318946
vn 0.811249 0.274928 0.516033
vn 0.791435 0.251052 0.557318
vn 0.754531 0.210613 0.621550
vn 0.811249 0.274928 0.516033
vn -0.957437 0.221124 -0.185525
vn -0.944280 0.266135 -0.193668
vn -0.951747 0.241569 -0.189265
vn -0.957437 0.221124 -0.185525
vn -0.480096 0.220570 -0.849033
vn -0.480096 0.220570 -0.849033
vn 0.376612 0.412914 0.829256
vn 0.376612 0.412914 0.829256
vn 0.498606 0.457990 0.735960
vn 0.519634 0.464997 0.716769
vn 0.154644 0.391580 0.907056
vn 0.154644 0.391580 0.907056
vn -0.110479 0.420531 0.900527
vn -0.110479 0.420531 0.900527
vn -0.989270 -0.112084 0.093709
vn -0.990017 -0.114909 0.081625
vn -0.975452 -0.085601 0.202891
vn -0.975452 -0.085601 0.202891
vn -0.882190 -0.160075 0.442851
vn -0.882190 -0.160075 0.442851
vn -0.886651 -0.166521 0.431416
vn -0.891105 -0.173182 0.419452
vn -0.901454 0.275601 0.333803
vn -0.896105 0.293680 0.332787
vn -0.884012 0.330788 0.330306
vn -0.901454 0.275601 0.333803
vn -0.728827 0.620556 0.289346
vn -0.728827 0.620556 0.289346
vn -0.834776 0.442752 0.327291
vn -0.875769 0.311093 0.369120
vn -0.880927 0.288089 0.375464
vn -0.834776 0.442752 0.327291
vn -0.582380 0.657093 0.478604
vn -0.582380 0.657093 0.478604
vn -0.582380 0.657093 0.478604
vn -0.582380 0.657093 0.478604
vn -0.601493 0.727914 0.329160
vn -0.601493 0.727914 0.329160
vn -0.601493 0.727914 0.329160
vn -0.601493 0.727914 0.329160
vn -0.355309 0.815937 0.456072
vn -0.355309 0.815937 0.456072
vn 0.766630 0.572001 0.291708
vn 0.741324 0.585273 0.328474
vn 0.732461 0.589447 0.340666
vn 0.766630 0.572001 0.291708
vn 0.756830 0.621026 0.203800
vn 0.731975 0.627983 0.264291
vn 0.789979 0.604164 0.104496
vn 0.789979 0.604164 0.104496
vn 0.873025 0.487270 0.019876
vn 0.877820 0.478123 0.028831
vn 0.898265 0.433664 0.071097
vn 0.873025 0.487270 0.019876
vn -0.703021 0.696229 -0.145004
vn -0.702673 0.697223 -0.141886
vn -0.703021 0.696229 -0.145004
vn -0.732384 0.652099 -0.195910
vn -0.732384 0.652099 -0.195910
vn -0.842236 0.504111 -0.191077
vn -0.842236 0.504111 -0.191077
vn -0.842236 0.504111 -0.191077
vn -0.842236 0.504111 -0.191077
vn 0.870378 0.407252 -0.276745
vn 0.861355 0.447282 -0.240846
vn 0.864517 0.434634 -0.252396
vn 0.870378 0.407252 -0.276745
vn 0.830864 0.507301 -0.228717
vn 0.832799 0.502276 -0.232732
vn 0.853591 0.438391 -0.281416
vn 0.853591 0.438391 -0.281416
vn 0.863948 0.415113 -0.285088
vn 0.888295 0.363720 -0.280429
vn 0.880526 0.380928 -0.282078
vn 0.863948 0.415113 -0.285088
vn 0.010191 0.154706 -0.987908
vn 0.096131 0.570649 -0.815548
vn 0.077101 0.480618 -0.873534
vn 0.010191 0.154706 -0.987908
vn 0.251304 0.235294 -0.938873
vn 0.251304 0.235294 -0.938873
vn 0.251304 0.235294 -0.938873
vn 0.251304 0.235294 -0.938873
vn 0.205530 0.482628 -0.851368
vn 0.267053 0.444276 -0.855162
vn 0.242106 0.460217 -0.854158
vn 0.205530 0.482628 -0.851368
vn -0.348165 0.469098 0.811621
vn -0.348165 0.469098 0.811621
vn -0.422529 0.359486 0.832009
vn -0.422529 0.359486 0.832009
vn -0.395109 0.680446 0.617157
vn -0.395109 0.680446 0.617157
vn 0.688296 0.146421 0.710500
vn 0.688296 0.146421 0.710500
vn 0.697949 0.632747 0.335409
vn 0.697949 0.632747 0.335409
vn 0.710109 0.599017 0.370032
vn 0.710109 0.599017 0.370032
vn 0.836219 0.527731 -0.149125
vn 0.836219 0.527731 -0.149125
vn 0.821902 0.529137 -0.210930
vn 0.821902 0.529137 -0.210930
vn 0.859628 0.453730 -0.234880
vn 0.859628 0.453730 -0.234880
vn -0.095375 0.322354 -0.941802
vn -0.095375 0.322354 -0.941802
vn 0.091317 0.522629 -0.847656
vn 0.091317 0.522629 -0.847656
vn 0.091317 0.522629 -0.847656
vn 0.091317 0.522629 -0.847656
vn 0.114074 0.654163 -0.747702
vn 0.114074 0.654163 -0.747702
vn -0.930480 0.306484 -0.200682
vn -0.930480 0.306484 -0.200682
vn -0.701055 0.608012 -0.372617
vn -0.701055 0.608012 -0.372617
vn -0.703323 0.501695 -0.503626
vn -0.703323 0.501695 -0.503626
vn -0.703323 0.501695 -0.503626
vn -0.703323 0.501695 -0.503626
vn -0.523701 0.751209 0.401774
vn -0.523701 0.751209 0.401774
vn -0.523701 0.751209 0.401774
vn -0.523701 0.751209 0.401774
vn -0.538719 0.720284 0.437005
vn -0.629087 0.715064 0.304848
vn -0.640647 0.712829 0.285388
vn -0.538719 0.720284 0.437005
vn 0.923728 0.356546 0.140006
vn 0.923728 0.356546 0.140006
vn 0.894887 0.282576 0.345439
vn 0.894887 0.282576 0.345439
vn 0.894887 0.282576 0.345439
vn 0.894887 0.282576 0.345439
vn 0.920940 0.279880 -0.271177
vn 0.920940 0.279880 -0.271177
vn 0.870128 0.098924 -0.482795
vn 0.870128 0.098924 -0.482795
vn 0.870128 0.098924 -0.482795
vn 0.870128 0.098924 -0.482795
vn 0.353008 0.385050 -0.852714
vn 0.353008 0.385050 -0.852714
vn 0.217805 0.187874 -0.957739
vn 0.217805 0.187874 -0.957739
vn 0.217805 0.187874 -0.957739
vn 0.217805 0.187874 -0.957739
vn -0.699745 0.704599 -0.117885
vn -0.768229 0.640130 -0.007685
vn -0.768229 0.640130 -0.007685
vn -0.893443 0.216633 0.393484
vn -0.893443 0.216633 0.393484
vn -0.866174 0.450275 0.216783
vn -0.866174 0.450275 0.216783
vn -0.866174 0.450275 0.216783
vn -0.866174 0.450275 0.216783
vn -0.999028 -0.031045 0.031295
vn -0.998811 -0.037453 0.031197
vn -0.998827 -0.037035 0.031203
vn -0.999028 -0.031045 0.031295
vn 0.684661 0.616191 -0.389290
vn 0.684661 0.616191 -0.389290
vn 0.684661 0.616191 -0.389290
vn 0.684661 0.616191 -0.389290
vn 0.015273 0.952595 -0.303858
vn 0.015273 0.952595 -0.303858
vn 0.015273 0.952595 -0.303858
vn 0.015273 0.952595 -0.303858
vn -0.954979 0.282540 0.090482
vn -0.954979 0.282540 0.090482
vn -0.954979 0.282540 0.090482
vn -0.954979 0.282540 0.090482
vn 0.872266 0.207424 -0.442862
vn 0.872266 0.207424 -0.442862
vn 0.872266 0.207424 -0.442862
vn 0.872266 0.207424 -0.442862
vn 0.911188 -0.170659 -0.374981
vn 0.911119 -0.170695 -0.375134
vn 0.913171 -0.169629 -0.370601
vn 0.913171 -0.169629 -0.370601
vn -0.966838 0.251210 0.046022
vn -0.966838 0.251210 0.046022
vn -0.966838 0.251210 0.046022
vn -0.966838 0.251210 0.046022
vn 0.274825 0.811722 -0.515343
vn 0.274825 0.811722 -0.515343
vn 0.274825 0.811722 -0.515343
vn 0.274825 0.811722 -0.515343
vn 0.808872 0.426130 -0.405141
vn 0.808872 0.426130 -0.405141
vn 0.808872 0.426130 -0.405141
vn 0.808872 0.426130 -0.405141
vn -0.133212 0.836423 -0.531649
vn -0.133212 0.836423 -0.531649
vn -0.133212 0.836424 -0.531649
vn -0.133212 0.836423 -0.531649
vn -0.907648 0.415422 0.060000
vn -0.907648 0.415422 0.060000
vn -0.907648 0.415422 0.060000
vn -0.907648 0.415422 0.060000
vn -0.992584 -0.055532 -0.108138
vn -0.993074 -0.055336 -0.103643
vn -0.993005 -0.055364 -0.104291
vn -0.992584 -0.055532 -0.108138
vn 0.430095 0.570121 -0.699986
vn 0.430095 0.570121 -0.699986
vn 0.430095 0.570121 -0.699986
vn 0.430095 0.570121 -0.699986
vn -0.027162 0.880070 -0.474066
vn -0.027162 0.880070 -0.474066
vn -0.027162 0.880070 -0.474066
vn -0.027162 0.880070 -0.474066
vn -0.957766 0.281316 -0.059555
vn -0.957765 0.281316 -0.059555
vn -0.957765 0.281316 -0.059555
vn -0.957765 0.281316 -0.059555
vn 0.648752 0.114553 -0.752328
vn 0.648752 0.114553 -0.752328
vn 0.648752 0.114553 -0.752328
vn 0.648752 0.114553 -0.752329
vn 0.727047 -0.223715 -0.649118
vn 0.728112 -0.223306 -0.648065
vn 0.742653 -0.217596 -0.633340
vn 0.742653 -0.217596 -0.633340
vn -0.966097 0.228885 -0.119450
vn -0.966097 0.228885 -0.119450
vn -0.966097 0.228885 -0.119450
vn -0.966097 0.228885 -0.119450
vn 0.158513 0.760582 -0.629595
vn 0.158513 0.760582 -0.629595
vn 0.158513 0.760582 -0.629595
vn 0.158513 0.760581 -0.629595
vn 0.759961 0.376054 -0.530135
vn 0.759961 0.376054 -0.530135
vn 0.759961 0.376054 -0.530135
vn 0.759961 0.376054 -0.530135
vn -0.166869 0.816014 -0.553422
vn -0.166869 0.816014 -0.553422
vn -0.166869 0.816014 -0.553422
vn -0.166869 0.816014 -0.553422
vn -0.922964 0.384867 -0.003947
vn -0.922964 0.384867 -0.003947
vn -0.922964 0.384867 -0.003947
vn -0.922964 0.384867 -0.003947
vn -0.998639 -0.041846 0.031129
vn -0.998639 -0.041846 0.031129
vn -0.993547 -0.055137 -0.099119
vn -0.993547 -0.055137 -0.099119
vn -0.538962 0.149854 -0.828893
vn -0.538962 0.149854 -0.828893
vn -0.087019 0.107881 -0.990348
vn -0.087019 0.107881 -0.990348
vn 0.415580 -0.179687 -0.891631
vn 0.415580 -0.179687 -0.891631
vn 0.714990 -0.228264 -0.660821
vn 0.714990 -0.228264 -0.660821
vn 0.909466 -0.171542 -0.378741
vn 0.909466 -0.171542 -0.378741
vn 0.969929 -0.239648 -0.042505
vn 0.969929 -0.239648 -0.042505
vn 0.934974 -0.308895 -0.174375
vn 0.934974 -0.308895 -0.174375
vn 0.901810 -0.168151 0.398076
vn 0.901810 -0.168151 0.398076
vn 0.703464 0.360112 0.612746
vn 0.703464 0.360112 0.612746
vn 0.595075 0.487867 0.638648
vn 0.595075 0.487867 0.638648
vn -0.182151 0.069530 0.980809
vn -0.182151 0.069530 0.980809
vn -0.895192 -0.179521 0.407926
vn -0.895192 -0.179521 0.407926
vn -0.982922 -0.154800 -0.099503
vn -0.982922 -0.154800 -0.099503
s 1
g group2 Ore_Clicker45
usemtl initialShadingGroup
f 2410/2749/6718 2409/2712/6719 2411/2746/6720 2412/2745/6721
s 2
f 2436/2857/6722 2437/2858/6723 2310/2739/6724 2332/2751/6725
s 3
f 2340/2758/6726 2320/2717/6727 2338/2756/6728 2337/2755/6729
s 4
f 2344/2762/6730 2314/2719/6731 2342/2760/6732 2341/2759/6733
s 5
f 2430/2850/6734 2431/2851/6735 2413/2740/6736 2414/2836/6737
s 6
f 2440/2861/6738 2441/2862/6739 2309/2722/6740 2349/2768/6741
s 7
f 2353/2772/6742 2316/2721/6743 2346/2765/6744 2352/2770/6745
f 2355/2774/6746 2316/2721/6743 2353/2772/6742 2354/2773/6747
s 8
f 2360/2779/6748 2321/2723/6749 2357/2776/6750 2356/2775/6751
s 9
f 2364/2783/6752 2322/2738/6753 2357/2776/6754 2361/2780/6755
s 10
f 2368/2787/6756 2324/2726/6757 2359/2778/6758 2365/2784/6759
s 11
f 2372/2791/6760 2326/2736/6761 2363/2782/6762 2369/2788/6763
s 12
f 2375/2795/6764 2328/2735/6765 2371/2793/6766 2373/2792/6767
s 13
f 2360/2779/6768 2324/2726/6769 2377/2797/6770 2376/2796/6771
s 4
f 2378/2798/6772 2314/2719/6731 2344/2762/6730 2379/2799/6773
s 14
f 2380/2800/6774 2311/2716/6775 2335/2753/6776 2381/2801/6777
s 15
f 2418/2838/6778 2417/2839/6779 2411/2746/6780 2419/2840/6781
s 16
f 2420/2804/6782 2409/2712/6783 2421/2841/6784 2422/2842/6785
s 17
f 2388/2811/6786 2323/2725/6787 2358/2809/6788 2386/2808/6789
s 9
f 2387/2810/6790 2322/2724/6753 2364/2813/6752 2389/2812/6791
s 11
f 2390/2814/6792 2326/2728/6761 2372/2816/6760 2391/2815/6793
s 12
f 2392/2817/6794 2328/2732/6765 2375/2819/6764 2393/2818/6795
s 18
f 2394/2820/6796 2330/2729/6797 2366/2822/6798 2395/2821/6799
s 7
f 2385/2807/6800 2316/2721/6743 2355/2774/6746 2396/2823/6801
s 15
f 2411/2746/6780 2417/2839/6779 2423/2843/6802 2412/2745/6803
s 19
f 2432/2852/6804 2433/2853/6805 2424/2844/6806 2415/2748/6807
s 20
f 2415/2748/6808 2413/2740/6809 2431/2851/6810 2432/2852/6811
s 21
f 2332/2751/6812 2313/2714/6813 2435/2856/6814 2436/2857/6815
s 22
f 2331/2752/6816 2312/2742/6817 2335/2753/6818 2334/2750/6819
s 14
f 2335/2753/6776 2311/2716/6775 2336/2754/6820 2334/2750/6821
s 23
f 2338/2756/6822 2315/2718/6823 2339/2757/6824 2337/2755/6825
s 24
f 2339/2757/6826 2314/2719/6827 2340/2758/6828 2337/2755/6829
s 25
f 2438/2859/6830 2439/2860/6831 2317/2720/6832 2343/2761/6833
s 26
f 2343/2761/6834 2310/2739/6835 2437/2858/6836 2438/2859/6837
s 27
f 2336/2754/6838 2311/2716/6839 2344/2762/6840 2341/2759/6841
s 28
f 2346/2765/6842 2316/2721/6843 2347/2766/6844 2345/2763/6845
s 16
f 2421/2841/6784 2409/2712/6783 2410/2749/6846 2416/2837/6847
s 29
f 2349/2768/6848 2317/2720/6849 2439/2860/6850 2440/2861/6851
s 24
f 2342/2760/6852 2314/2719/6827 2339/2757/6826 2348/2767/6853
s 23
f 2339/2757/6824 2315/2718/6823 2350/2769/6854 2348/2767/6855
s 30
f 2442/2863/6856 2443/2864/6857 2319/2715/6858 2351/2771/6859
s 31
f 2351/2771/6860 2309/2722/6861 2441/2862/6862 2442/2863/6863
s 32
f 2350/2769/6864 2315/2718/6865 2353/2772/6866 2352/2770/6867
f 2353/2772/6866 2315/2718/6865 2338/2756/6868 2354/2773/6869
s 33
f 2338/2756/6870 2320/2717/6871 2355/2774/6872 2354/2773/6873
s off
f 2357/2776/6874 2322/2738/6875 2358/2777/6876 2356/2775/6877
f 2358/2777/6878 2323/2737/6879 2359/2778/6880 2356/2775/6881
s 13
f 2359/2778/6882 2324/2726/6769 2360/2779/6768 2356/2775/6883
s 34
f 2357/2776/6884 2321/2723/6885 2362/2781/6886 2361/2780/6887
s 35
f 2362/2781/6888 2325/2727/6889 2363/2782/6890 2361/2780/6891
s 36
f 2363/2782/6892 2326/2736/6893 2364/2783/6894 2361/2780/6895
s 17
f 2359/2778/6896 2323/2737/6787 2366/2785/6897 2365/2784/6898
s 18
f 2366/2785/6798 2330/2734/6797 2367/2786/6899 2365/2784/6900
s off
f 2367/2786/6901 2329/2730/6902 2368/2787/6903 2365/2784/6904
s 37
f 2363/2782/6905 2325/2727/6906 2370/2789/6907 2369/2788/6908
s 38
f 2370/2789/6909 2327/2731/6910 2371/2790/6911 2369/2788/6912
s 39
f 2371/2790/6913 2328/2741/6914 2372/2791/6915 2369/2788/6916
s 40
f 2371/2793/6917 2327/2743/6918 2374/2794/6919 2373/2792/6920
s off
f 2374/2794/6921 2329/2730/6922 2367/2786/6923 2373/2792/6924
s 41
f 2367/2786/6925 2330/2734/6926 2375/2795/6927 2373/2792/6928
s 3
f 2377/2797/6929 2320/2717/6727 2340/2758/6726 2376/2796/6930
s 24
f 2340/2758/6828 2314/2719/6827 2378/2798/6931 2376/2796/6932
s 8
f 2378/2798/6933 2321/2723/6749 2360/2779/6748 2376/2796/6934
s 27
f 2344/2762/6840 2311/2716/6839 2380/2800/6935 2379/2799/6936
s 35
f 2380/2800/6937 2325/2727/6889 2362/2781/6888 2379/2799/6938
s 34
f 2362/2781/6886 2321/2723/6885 2378/2798/6939 2379/2799/6940
s 22
f 2335/2753/6818 2312/2742/6817 2382/2802/6941 2381/2801/6942
s 38
f 2382/2802/6943 2327/2731/6910 2370/2789/6909 2381/2801/6944
s 37
f 2370/2789/6907 2325/2727/6906 2380/2800/6945 2381/2801/6946
s 1
f 2411/2746/6720 2409/2712/6719 2420/2804/6947 2419/2840/6948
s off
f 2420/2804/6949 2425/2845/6950 2426/2846/6951 2419/2840/6952
s 40
f 2374/2794/6919 2327/2743/6918 2382/2805/6953 2383/2803/6954
s 28
f 2347/2766/6844 2316/2721/6843 2385/2807/6955 2384/2806/6956
s 10
f 2385/2807/6957 2324/2726/6757 2368/2787/6756 2384/2806/6958
s off
f 2427/2847/6959 2425/2845/6960 2420/2804/6961 2422/2842/6962
f 2358/2809/6963 2322/2724/6964 2387/2810/6965 2386/2808/6966
s 42
f 2387/2810/6967 2318/2733/6968 2388/2811/6969 2386/2808/6970
s 36
f 2364/2813/6894 2326/2728/6893 2390/2814/6971 2389/2812/6972
s off
f 2390/2814/6973 2318/2733/6974 2387/2810/6975 2389/2812/6976
s 39
f 2372/2816/6915 2328/2732/6914 2392/2817/6977 2391/2815/6978
s off
f 2392/2817/6979 2318/2733/6980 2390/2814/6981 2391/2815/6982
s 41
f 2375/2819/6927 2330/2729/6926 2394/2820/6983 2393/2818/6984
s off
f 2394/2820/6985 2318/2733/6986 2392/2817/6987 2393/2818/6988
s 17
f 2366/2822/6897 2323/2725/6787 2388/2811/6786 2395/2821/6989
s 42
f 2388/2811/6969 2318/2733/6968 2394/2820/6990 2395/2821/6991
s 33
f 2355/2774/6872 2320/2717/6871 2377/2797/6992 2396/2823/6993
s off
f 2377/2797/6994 2324/2726/6995 2385/2807/6996 2396/2823/6997
s 43
f 2333/2764/6998 2428/2848/6999 2429/2849/7000 2397/2824/7001
s off
f 2382/2805/7002 2312/2713/7003 2399/2827/7004 2400/2826/7005
f 2383/2803/7006 2382/2805/7007 2400/2826/7008 2401/2828/7009
f 2347/2766/7010 2384/2806/7011 2403/2830/7012 2402/2829/7013
f 2312/2713/7014 2331/2747/7015 2404/2831/7016 2399/2827/7017
s 44
f 2434/2854/7018 2435/2855/7019 2313/2744/7020 2405/2832/7021
s off
f 2345/2763/7022 2347/2766/7023 2402/2829/7024 2398/2825/7025
f 2329/2730/7026 2374/2794/7027 2407/2834/7028 2406/2833/7029
f 2374/2794/7030 2383/2803/7031 2401/2828/7032 2407/2834/7033
f 2368/2787/7034 2329/2730/7035 2406/2833/7036 2408/2835/7037
f 2384/2806/7038 2368/2787/7039 2408/2835/7040 2403/2830/7041
s 45
f 2397/2824/7042 2429/2849/7043 2430/2850/7044 2414/2836/7045
s off
f 2400/2826/7046 2399/2827/7047 2417/2839/7048 2418/2838/7049
f 2401/2828/7050 2400/2826/7051 2418/2838/7052 2419/2840/7053
f 2402/2829/7054 2403/2830/7055 2422/2842/7056 2421/2841/7057
f 2399/2827/7058 2404/2831/7059 2423/2843/7060 2417/2839/7061
s 46
f 2433/2853/7062 2434/2854/7063 2405/2832/7064 2424/2844/7065
s off
f 2398/2825/7066 2402/2829/7067 2421/2841/7068 2416/2837/7069
f 2406/2833/7070 2407/2834/7071 2426/2846/7072 2425/2845/7073
f 2407/2834/7074 2401/2828/7075 2419/2840/7076 2426/2846/7077
f 2408/2835/7078 2406/2833/7079 2425/2845/7080 2427/2847/7081
f 2403/2830/7082 2408/2835/7083 2427/2847/7084 2422/2842/7085
s 43
f 2429/2849/7000 2428/2848/6999 2345/2763/7086 2398/2825/7087
s 45
f 2430/2850/7044 2429/2849/7043 2398/2825/7088 2416/2837/7089
s 5
f 2410/2749/7090 2431/2851/6735 2430/2850/6734 2416/2837/7091
s 20
f 2432/2852/6811 2431/2851/6810 2410/2749/7092 2412/2745/7093
s 19
f 2423/2843/7094 2433/2853/6805 2432/2852/6804 2412/2745/7095
s 46
f 2404/2831/7096 2434/2854/7063 2433/2853/7062 2423/2843/7097
s 44
f 2331/2747/7098 2435/2855/7019 2434/2854/7018 2404/2831/7099
s 21
f 2436/2857/6815 2435/2856/6814 2331/2752/7100 2334/2750/7101
s 2
f 2336/2754/7102 2437/2858/6723 2436/2857/6722 2334/2750/7103
s 26
f 2438/2859/6837 2437/2858/6836 2336/2754/7104 2341/2759/7105
s 25
f 2342/2760/7106 2439/2860/6831 2438/2859/6830 2341/2759/7107
s 29
f 2440/2861/6851 2439/2860/6850 2342/2760/7108 2348/2767/7109
s 6
f 2350/2769/7110 2441/2862/6739 2440/2861/6738 2348/2767/7111
s 31
f 2442/2863/6863 2441/2862/6862 2350/2769/7112 2352/2770/7113
s 30
f 2346/2765/7114 2443/2864/6857 2442/2863/6856 2352/2770/7115
g default
v 42.849873 0.007905 69.032940
v 32.531845 -0.049899 57.935994
v 32.358833 6.678195 57.857131
v 30.597599 5.555334 79.369155
v 25.038346 5.657319 67.776664
v 31.125308 0.007905 80.031204
v 26.634210 0.393102 68.546290
v 38.079643 8.596296 61.765184
v 42.851357 4.981626 69.857338
v 35.717845 8.913048 77.875070
v 39.696276 -0.023185 58.417635
v 32.491862 14.412702 68.513856
v 38.454051 0.007905 77.014301
v 38.702781 9.830195 69.582002
v 35.861859 12.494758 65.720599
v 33.277816 14.290641 68.164441
v 33.305366 14.106623 69.665482
v 35.228265 12.779162 72.999088
v 31.984838 9.573330 61.487575
v 32.469343 13.336615 67.118864
v 27.591804 9.449898 69.623864
v 31.977303 13.601222 68.984102
v 31.390900 10.409939 77.832444
v 32.694038 14.092834 70.306415
v 28.352426 2.955635 73.955555
v 27.817972 5.606326 73.572907
v 25.836277 3.025210 68.161475
v 28.879759 0.200504 74.288748
v 30.861453 2.781619 79.700181
v 29.583027 0.171602 63.241140
v 34.789679 0.007905 78.522753
v 29.286733 3.237215 62.784246
v 28.698589 6.167757 62.816900
v 32.445339 3.314148 57.896563
v 40.033600 7.633309 67.110620
v 40.777069 7.405911 69.719669
v 40.465500 6.788961 65.811259
v 38.391212 9.213246 65.673590
v 35.934045 3.786556 59.072898
v 38.887960 4.286555 60.091409
v 36.114061 -0.036542 58.176813
v 35.219238 7.637246 59.811155
v 34.424845 3.621782 78.415806
v 37.085947 4.460476 77.444683
v 33.157721 7.234192 78.622113
v 40.574895 3.579699 64.113844
v 41.273074 -0.007640 63.725286
v 42.850615 2.494765 69.445138
v 40.651961 0.007905 73.023618
v 39.473058 3.942826 74.083123
v 39.284601 6.947337 73.866204
v 39.180562 7.746290 72.564056
v 37.210312 9.371622 73.728535
v 34.759357 13.182204 69.137925
v 34.569838 13.392699 66.942519
v 33.291591 14.198632 68.914961
v 34.266816 13.442893 71.332284
v 35.545062 12.636960 69.359844
v 33.379053 11.946124 64.939700
v 33.923349 11.034043 63.604086
v 32.227090 11.454973 64.303217
v 32.873579 13.813628 67.641654
v 32.965585 12.346534 73.804913
v 32.999702 14.099730 69.985948
v 32.042469 12.251387 74.069430
v 33.309583 11.594551 75.415765
v 30.641796 10.958740 66.556251
v 29.788321 9.511613 65.555717
v 29.784555 11.525560 69.303984
v 32.223323 13.468919 68.051483
v 30.564489 11.390276 72.225465
v 29.491352 9.929918 73.728153
v 32.335671 13.847028 69.645259
v 37.004636 10.875718 67.398045
v 36.965523 11.304680 71.290545
v 36.970751 10.545527 63.742890
v 34.755520 9.362869 61.790890
v 32.171836 8.125762 59.672350
v 29.061358 7.643042 64.224512
v 26.315075 7.553608 68.700263
v 28.628235 7.555646 73.761861
v 30.994249 7.982637 78.600798
v 33.201685 9.327211 77.094148
v 35.473055 10.846105 75.437079
v 33.028837 14.263845 68.826458
v 32.884840 14.351671 68.339150
v 32.898614 14.259663 69.089669
v 32.717577 13.949802 67.854437
v 32.480602 13.874657 67.816362
v 32.326626 13.774622 68.154716
v 32.234583 14.006962 68.748979
v 32.392520 14.036861 69.284896
v 32.592950 14.252768 69.410134
v 32.799470 14.219756 69.425620
v 36.564793 10.447832 73.531643
vt 0.106185 0.192947
vt 0.019070 0.192947
vt 0.420449 0.012011
vt 0.167807 0.012011
vt 0.337331 0.192947
vt 0.219102 0.243023
vt 0.219102 0.124298
vt 0.252503 0.192947
vt 0.252503 0.012011
vt 0.167807 0.192947
vt 0.219102 0.012011
vt 0.252503 0.322184
vt 0.937112 0.011156
vt 0.924385 0.030541
vt 0.167807 0.322184
vt 0.337331 0.322184
vt 0.971978 0.011156
vt 0.924385 0.045989
vt 0.106185 0.322184
vt 0.420449 0.322184
vt 0.971979 0.045989
vt 0.943151 0.025258
vt 0.106185 0.530708
vt 0.019070 0.530708
vt 0.337331 0.530708
vt 0.167807 0.530708
vt 0.252503 0.530708
vt 0.337331 0.012011
vt 0.106185 0.012011
vt 0.420449 0.530708
vt 0.420449 0.192947
vt 0.019070 0.322184
vt 0.019070 0.012011
vt 0.062866 0.104218
vt 0.062627 0.192947
vt 0.019070 0.102479
vt 0.062627 0.012011
vt 0.106185 0.102479
vt 0.376942 0.104303
vt 0.378890 0.012011
vt 0.420449 0.102479
vt 0.378890 0.192947
vt 0.337331 0.102479
vt 0.230098 0.182581
vt 0.219102 0.183660
vt 0.235802 0.158622
vt 0.235802 0.217985
vt 0.291470 0.101342
vt 0.252503 0.102479
vt 0.294917 0.012011
vt 0.294917 0.192947
vt 0.141237 0.099960
vt 0.136996 0.012011
vt 0.167807 0.102479
vt 0.136996 0.192947
vt 0.238215 0.089282
vt 0.235802 0.012011
vt 0.219102 0.068154
vt 0.189613 0.094697
vt 0.193454 0.012011
vt 0.193454 0.158622
vt 0.201279 0.182269
vt 0.193454 0.217985
vt 0.211427 0.395310
vt 0.252503 0.426446
vt 0.210155 0.530708
vt 0.167807 0.426446
vt 0.210155 0.322184
vt 0.300435 0.400030
vt 0.294917 0.322184
vt 0.337331 0.426446
vt 0.294917 0.530708
vt 0.130471 0.395176
vt 0.136996 0.530708
vt 0.106185 0.426446
vt 0.136996 0.322184
vt 0.380283 0.398777
vt 0.378890 0.322184
vt 0.420449 0.426446
vt 0.378890 0.530708
vt 0.063038 0.400078
vt 0.019070 0.426446
vt 0.062627 0.322184
vt 0.062627 0.530708
vt 0.223866 0.268513
vt 0.193454 0.282603
vt 0.252503 0.257565
vt 0.292002 0.255637
vt 0.337331 0.257565
vt 0.380625 0.250473
vt 0.420449 0.257565
vt 0.063674 0.251181
vt 0.106185 0.257565
vt 0.019070 0.257565
vt 0.136592 0.255371
vt 0.167807 0.257565
vt 0.934465 0.022866
vt 0.930749 0.020848
vt 0.940131 0.018207
vt 0.933768 0.027899
vt 0.952819 0.015436
vt 0.954545 0.011156
vt 0.957565 0.018207
vt 0.962342 0.026506
vt 0.971978 0.028572
vt 0.957565 0.035623
vt 0.946157 0.039194
vt 0.948182 0.045989
vt 0.933768 0.035623
vt 0.931596 0.033395
vt 0.924385 0.038265
vt 0.185047 0.251024
vn -0.906834 -0.078987 0.414021
vn -0.905855 0.064033 0.418721
vn -0.904188 0.084506 0.418692
vn -0.906834 -0.078987 0.414021
vn -0.854857 -0.090336 -0.510939
vn -0.854857 -0.090336 -0.510939
vn -0.854857 -0.090336 -0.510939
vn -0.854857 -0.090336 -0.510939
vn 0.705016 0.694062 -0.145706
vn 0.686315 0.713646 -0.140293
vn 0.754084 0.636956 -0.160141
vn 0.754084 0.636956 -0.160141
vn 0.319426 0.457243 -0.829998
vn 0.283255 0.545273 -0.788951
vn 0.364255 0.325857 -0.872431
vn 0.364255 0.325857 -0.872431
vn 0.348732 0.098231 0.932060
vn 0.348732 0.098231 0.932060
vn 0.348732 0.098231 0.932060
vn 0.348732 0.098231 0.932060
vn 0.934357 0.149900 -0.323277
vn 0.934357 0.149900 -0.323277
vn 0.934357 0.149900 -0.323277
vn 0.934357 0.149900 -0.323277
vn 0.791553 0.329244 0.514822
vn 0.798444 0.317012 0.511850
vn 0.793141 0.148650 0.590618
vn 0.793141 0.148650 0.590618
vn 0.733176 0.594688 0.329848
vn 0.709353 0.625404 0.325097
vn 0.716698 0.697342 0.007677
vn 0.791016 0.611794 -0.001442
vn 0.577511 0.816083 0.022150
vn 0.577511 0.816083 0.022150
vn -0.045348 0.806895 -0.588951
vn -0.050360 0.805969 -0.589812
vn -0.042136 0.807478 -0.588391
vn -0.042136 0.807478 -0.588391
vn 0.182723 0.740825 0.646368
vn 0.058341 0.856290 0.513190
vn -0.029893 0.913226 0.406354
vn -0.029893 0.913226 0.406354
vn -0.723388 0.605263 -0.332215
vn -0.709361 0.620224 -0.334858
vn -0.706990 0.622695 -0.335285
vn -0.706990 0.622695 -0.335285
vn -0.677250 0.710147 0.192413
vn -0.677883 0.709536 0.192440
vn -0.674421 0.712868 0.192291
vn -0.674421 0.712868 0.192291
vn 0.666375 0.745530 -0.011371
vn 0.662237 0.749225 -0.010161
vn 0.699104 0.714707 -0.021163
vn 0.699104 0.714707 -0.021163
vn 0.169172 0.754842 -0.633715
vn 0.169172 0.754842 -0.633715
vn -0.711656 0.539269 -0.450261
vn -0.823158 0.076242 -0.562671
vn -0.814803 0.188199 -0.548340
vn -0.711656 0.539269 -0.450261
vn -0.849124 0.345142 0.399831
vn -0.908286 0.013224 0.418140
vn -0.906802 0.050927 0.418468
vn -0.849124 0.345142 0.399831
vn 0.142503 0.437212 0.887997
vn 0.261486 0.145040 0.954248
vn 0.222842 0.249367 0.942421
vn 0.142503 0.437212 0.887997
vn 0.183098 0.974510 0.129635
vn 0.067618 0.927118 0.368618
vn 0.202387 0.972468 0.115524
vn 0.202387 0.972468 0.115524
vn -0.143736 0.784695 -0.602987
vn -0.143736 0.784695 -0.602987
vn -0.875554 0.389775 -0.285447
vn -0.875554 0.389775 -0.285447
vn -0.773676 0.602879 0.194839
vn -0.773676 0.602879 0.194839
vn 0.143892 0.976900 0.157995
vn 0.133315 0.894588 0.426544
vn 0.135534 0.911149 0.389151
vn 0.143892 0.976900 0.157995
vn 0.779776 0.526839 0.338215
vn 0.779776 0.526839 0.338215
vn -0.897432 -0.167025 0.408311
vn -0.897432 -0.167025 0.408311
vn -0.911548 -0.174626 0.372272
vn -0.911548 -0.174626 0.372272
vn -0.911548 -0.174626 0.372272
vn -0.911548 -0.174626 0.372272
vn -0.921498 -0.086378 0.378657
vn -0.921498 -0.086378 0.378657
vn -0.921498 -0.086378 0.378657
vn -0.921498 -0.086378 0.378657
vn -0.834132 -0.233978 -0.499478
vn -0.834132 -0.233979 -0.499478
vn -0.834132 -0.233979 -0.499478
vn -0.834132 -0.233978 -0.499478
vn -0.793467 -0.233300 -0.562122
vn -0.822871 0.110269 -0.557426
vn -0.824803 0.054146 -0.562821
vn -0.793467 -0.233300 -0.562122
vn -0.816472 -0.088123 -0.570621
vn -0.816472 -0.088123 -0.570621
vn 0.754906 0.635877 -0.160554
vn 0.894984 0.263682 -0.359827
vn 0.889432 0.300689 -0.344235
vn 0.754906 0.635877 -0.160554
vn 0.861471 0.410254 -0.299266
vn 0.869485 0.389342 -0.303987
vn 0.756543 0.639258 -0.137811
vn 0.754398 0.636335 -0.161124
vn 0.155678 0.314779 -0.936311
vn 0.155678 0.314779 -0.936311
vn 0.155678 0.314779 -0.936311
vn 0.155678 0.314779 -0.936311
vn 0.186881 0.123100 -0.974639
vn 0.186881 0.123100 -0.974639
vn 0.186881 0.123100 -0.974639
vn 0.186881 0.123100 -0.974639
vn 0.413952 0.133199 -0.900501
vn 0.369061 0.305918 -0.877615
vn 0.314698 0.462496 -0.828892
vn 0.413952 0.133199 -0.900501
vn 0.360068 0.039982 0.932069
vn 0.360068 0.039982 0.932069
vn 0.360068 0.039982 0.932069
vn 0.360068 0.039982 0.932069
vn 0.302243 0.023527 0.952940
vn 0.125172 0.364771 0.922645
vn 0.223586 0.186653 0.956645
vn 0.302243 0.023527 0.952940
vn 0.281584 0.086169 0.955660
vn 0.281584 0.086169 0.955660
vn 0.918616 0.254239 -0.302501
vn 0.918616 0.254239 -0.302501
vn 0.918616 0.254239 -0.302501
vn 0.918616 0.254239 -0.302501
vn 0.890466 0.272186 -0.364671
vn 0.890466 0.272186 -0.364671
vn 0.902545 0.164582 -0.397901
vn 0.902545 0.164582 -0.397901
vn 0.842123 0.164496 0.513585
vn 0.842123 0.164496 0.513585
vn 0.842123 0.164496 0.513585
vn 0.842123 0.164496 0.513585
vn 0.841874 0.030978 0.538784
vn 0.841874 0.030978 0.538784
vn 0.841874 0.030978 0.538784
vn 0.841874 0.030978 0.538784
vn 0.780537 0.004452 0.625094
vn 0.797925 0.136949 0.586993
vn 0.800668 0.244737 0.546840
vn 0.780537 0.004452 0.625094
vn 0.710020 0.624872 0.324664
vn 0.710020 0.624872 0.324664
vn 0.709201 0.626171 0.323951
vn 0.725099 0.605688 0.327678
vn 0.743976 0.579918 0.331956
vn 0.709201 0.626171 0.323951
vn 0.580008 0.813448 0.043503
vn 0.580008 0.813448 0.043503
vn 0.580008 0.813448 0.043503
vn 0.580008 0.813448 0.043503
vn 0.546616 0.836381 0.040959
vn 0.546616 0.836381 0.040959
vn 0.546616 0.836381 0.040959
vn 0.546616 0.836381 0.040959
vn 0.554583 0.831900 0.019487
vn 0.554583 0.831901 0.019487
vn 0.001079 0.816625 -0.577168
vn 0.074099 0.788124 -0.611040
vn 0.118275 0.767966 -0.629475
vn 0.001079 0.816625 -0.577168
vn 0.039680 0.806556 -0.589824
vn 0.107813 0.778417 -0.618421
vn -0.024961 0.828523 -0.559398
vn -0.024961 0.828523 -0.559398
vn -0.091997 0.821570 -0.562636
vn -0.092811 0.821044 -0.563269
vn -0.102483 0.814709 -0.570742
vn -0.091997 0.821570 -0.562636
vn 0.056170 0.917143 0.394581
vn 0.059111 0.920098 0.387203
vn 0.056170 0.917143 0.394581
vn 0.132815 0.890882 0.434383
vn 0.132815 0.890882 0.434383
vn 0.004752 0.900491 0.434849
vn 0.478961 0.433094 0.763562
vn 0.181526 0.788816 0.587212
vn 0.004752 0.900491 0.434850
vn -0.687312 0.633544 -0.355282
vn -0.730169 0.547480 -0.408801
vn -0.713232 0.584467 -0.386908
vn -0.687312 0.633544 -0.355282
vn -0.687791 0.620207 -0.377209
vn -0.687525 0.620829 -0.376670
vn -0.673990 0.650472 -0.350177
vn -0.673990 0.650472 -0.350177
vn -0.686054 0.648947 -0.328934
vn -0.693638 0.641277 -0.328070
vn -0.693420 0.641500 -0.328096
vn -0.686054 0.648947 -0.328934
vn -0.659223 0.720234 0.216074
vn -0.810650 0.483188 0.330720
vn -0.789474 0.528105 0.312787
vn -0.659223 0.720234 0.216074
vn -0.806215 0.496491 0.321736
vn -0.838275 0.418176 0.349890
vn -0.672274 0.706063 0.222536
vn -0.672274 0.706063 0.222536
vn -0.693739 0.690959 0.203228
vn -0.694782 0.689935 0.203146
vn -0.698831 0.685929 0.202821
vn -0.693739 0.690959 0.203228
vn 0.631502 0.765287 -0.124662
vn 0.631502 0.765287 -0.124662
vn 0.758230 0.641766 -0.114996
vn 0.758230 0.641766 -0.114996
vn 0.819562 0.572966 -0.005319
vn 0.819562 0.572966 -0.005319
vn 0.151759 0.770919 -0.618590
vn 0.151759 0.770919 -0.618590
vn 0.126965 0.769573 -0.625809
vn 0.126965 0.769573 -0.625809
vn 0.149810 0.752208 -0.641669
vn 0.149810 0.752208 -0.641669
vn -0.670628 0.613957 -0.416310
vn -0.670628 0.613957 -0.416310
vn -0.694526 0.603874 -0.391113
vn -0.694526 0.603874 -0.391113
vn -0.740673 0.521975 -0.423020
vn -0.740673 0.521975 -0.423020
vn -0.864816 0.292509 0.408084
vn -0.864816 0.292509 0.408084
vn -0.873958 0.293947 0.387031
vn -0.873958 0.293947 0.387031
vn -0.857550 0.351414 0.375654
vn -0.857550 0.351414 0.375654
vn -0.106259 0.695100 0.711017
vn -0.106259 0.695100 0.711017
vn 0.230147 0.684954 0.691282
vn 0.230147 0.684954 0.691282
vn 0.524921 0.348335 0.776608
vn 0.524921 0.348335 0.776608
vn 0.202405 0.972469 0.115485
vn 0.202405 0.972469 0.115485
vn 0.202405 0.972469 0.115485
vn 0.202405 0.972469 0.115485
vn 0.202343 0.972479 0.115505
vn 0.187427 0.974096 0.126520
vn 0.163732 0.975963 0.143831
vn 0.202343 0.972479 0.115505
vn -0.146702 0.783591 -0.603708
vn -0.146702 0.783591 -0.603708
vn -0.148086 0.784897 -0.601670
vn -0.148086 0.784897 -0.601670
vn -0.148086 0.784897 -0.601670
vn -0.148086 0.784897 -0.601670
vn -0.874877 0.390231 -0.286898
vn -0.874877 0.390231 -0.286898
vn -0.876136 0.387945 -0.286156
vn -0.876135 0.387945 -0.286156
vn -0.876135 0.387945 -0.286156
vn -0.876135 0.387945 -0.286156
vn -0.773202 0.603382 0.195162
vn -0.773202 0.603382 0.195162
vn -0.773130 0.603645 0.194634
vn -0.773130 0.603645 0.194634
vn -0.773130 0.603645 0.194634
vn -0.773130 0.603645 0.194634
vn 0.143490 0.976935 0.158142
vn 0.143826 0.976876 0.158199
vn 0.143826 0.976876 0.158199
vn 0.779269 0.526797 0.339448
vn 0.779269 0.526797 0.339448
vn 0.780660 0.524994 0.339044
vn 0.780660 0.524994 0.339044
vn 0.780660 0.524994 0.339044
vn 0.780660 0.524994 0.339044
s 1
g group2 Ore_Clicker46
usemtl initialShadingGroup
f 2472/2902/7116 2447/2865/7117 2469/2899/7118 2468/2898/7119
s off
f 2477/2907/7120 2445/2892/7121 2473/2904/7122 2475/2903/7123
s 2
f 2481/2911/7124 2457/2870/7125 2479/2909/7126 2478/2908/7127
s 3
f 2485/2915/7128 2451/2872/7129 2483/2913/7130 2482/2912/7131
s off
f 2472/2902/7132 2449/2893/7133 2474/2917/7134 2486/2916/7135
f 2491/2922/7136 2444/2875/7137 2490/2921/7138 2489/2920/7139
s 4
f 2494/2925/7140 2453/2874/7141 2487/2918/7142 2493/2923/7143
f 2496/2927/7144 2453/2874/7141 2494/2925/7140 2495/2926/7145
s 5
f 2501/2932/7146 2458/2876/7147 2498/2929/7148 2497/2928/7149
s 6
f 2505/2936/7150 2459/2891/7151 2498/2929/7152 2502/2933/7153
s 7
f 2509/2940/7154 2461/2879/7155 2500/2931/7156 2506/2937/7157
s 8
f 2513/2944/7158 2463/2889/7159 2504/2935/7160 2510/2941/7161
s 9
f 2516/2948/7162 2465/2888/7163 2512/2946/7164 2514/2945/7165
s 10
f 2501/2932/7166 2461/2879/7167 2518/2950/7168 2517/2949/7169
s 3
f 2519/2951/7170 2451/2872/7129 2485/2915/7128 2520/2952/7171
s 11
f 2521/2953/7172 2446/2869/7173 2476/2906/7174 2522/2954/7175
s 12
f 2523/2958/7176 2448/2866/7177 2469/2899/7178 2524/2956/7179
s 13
f 2525/2957/7180 2447/2865/7181 2488/2919/7182 2526/2959/7183
s 14
f 2530/2964/7184 2460/2878/7185 2499/2962/7186 2528/2961/7187
s 6
f 2529/2963/7188 2459/2877/7151 2505/2966/7150 2531/2965/7189
s 8
f 2532/2967/7190 2463/2881/7159 2513/2969/7158 2533/2968/7191
s 9
f 2534/2970/7192 2465/2885/7163 2516/2972/7162 2535/2971/7193
s 15
f 2536/2973/7194 2467/2882/7195 2507/2975/7196 2537/2974/7197
s 4
f 2527/2960/7198 2453/2874/7141 2496/2927/7144 2538/2976/7199
s 12
f 2469/2899/7178 2448/2866/7177 2470/2900/7200 2468/2898/7201
s off
f 2470/2900/7202 2450/2897/7203 2471/2901/7204 2468/2898/7205
f 2471/2901/7206 2449/2893/7207 2472/2902/7208 2468/2898/7209
f 2473/2904/7210 2450/2867/7211 2470/2905/7212 2475/2903/7213
s 16
f 2470/2905/7214 2448/2895/7215 2476/2906/7216 2475/2903/7217
s 11
f 2476/2906/7174 2446/2869/7173 2477/2907/7218 2475/2903/7219
s 17
f 2479/2909/7220 2452/2871/7221 2480/2910/7222 2478/2908/7223
s 18
f 2480/2910/7224 2451/2872/7225 2481/2911/7226 2478/2908/7227
s off
f 2483/2913/7228 2454/2873/7229 2484/2914/7230 2482/2912/7231
f 2484/2914/7232 2445/2892/7233 2477/2907/7234 2482/2912/7235
s 19
f 2477/2907/7236 2446/2869/7237 2485/2915/7238 2482/2912/7239
s off
f 2474/2917/7240 2456/2868/7241 2487/2918/7242 2486/2916/7243
s 20
f 2487/2918/7244 2453/2874/7245 2488/2919/7246 2486/2916/7247
s 13
f 2488/2919/7182 2447/2865/7181 2472/2902/7248 2486/2916/7249
s off
f 2490/2921/7250 2454/2873/7251 2483/2913/7252 2489/2920/7253
s 18
f 2483/2913/7254 2451/2872/7225 2480/2910/7224 2489/2920/7255
s 17
f 2480/2910/7222 2452/2871/7221 2491/2922/7256 2489/2920/7257
s off
f 2487/2918/7258 2456/2868/7259 2492/2924/7260 2493/2923/7261
f 2492/2924/7262 2444/2875/7263 2491/2922/7264 2493/2923/7265
s 21
f 2491/2922/7266 2452/2871/7267 2494/2925/7268 2493/2923/7269
f 2494/2925/7268 2452/2871/7267 2479/2909/7270 2495/2926/7271
s 22
f 2479/2909/7272 2457/2870/7273 2496/2927/7274 2495/2926/7275
s off
f 2498/2929/7276 2459/2891/7277 2499/2930/7278 2497/2928/7279
f 2499/2930/7280 2460/2890/7281 2500/2931/7282 2497/2928/7283
s 10
f 2500/2931/7284 2461/2879/7167 2501/2932/7166 2497/2928/7285
s 23
f 2498/2929/7286 2458/2876/7287 2503/2934/7288 2502/2933/7289
s 24
f 2503/2934/7290 2462/2880/7291 2504/2935/7292 2502/2933/7293
s 25
f 2504/2935/7294 2463/2889/7295 2505/2936/7296 2502/2933/7297
s 14
f 2500/2931/7298 2460/2890/7185 2507/2938/7299 2506/2937/7300
s 15
f 2507/2938/7196 2467/2887/7195 2508/2939/7301 2506/2937/7302
s 26
f 2508/2939/7303 2466/2883/7304 2509/2940/7305 2506/2937/7306
s 27
f 2504/2935/7307 2462/2880/7308 2511/2942/7309 2510/2941/7310
s 28
f 2511/2942/7311 2464/2884/7312 2512/2943/7313 2510/2941/7314
s 29
f 2512/2943/7315 2465/2894/7316 2513/2944/7317 2510/2941/7318
s 30
f 2512/2946/7319 2464/2896/7320 2515/2947/7321 2514/2945/7322
s 31
f 2515/2947/7323 2466/2883/7324 2508/2939/7325 2514/2945/7326
s 32
f 2508/2939/7327 2467/2887/7328 2516/2948/7329 2514/2945/7330
s 2
f 2518/2950/7331 2457/2870/7125 2481/2911/7124 2517/2949/7332
s 18
f 2481/2911/7226 2451/2872/7225 2519/2951/7333 2517/2949/7334
s 5
f 2519/2951/7335 2458/2876/7147 2501/2932/7146 2517/2949/7336
s 19
f 2485/2915/7238 2446/2869/7237 2521/2953/7337 2520/2952/7338
s 24
f 2521/2953/7339 2462/2880/7291 2503/2934/7290 2520/2952/7340
s 23
f 2503/2934/7288 2458/2876/7287 2519/2951/7341 2520/2952/7342
s 16
f 2476/2906/7216 2448/2895/7215 2523/2955/7343 2522/2954/7344
s 28
f 2523/2955/7345 2464/2884/7312 2511/2942/7311 2522/2954/7346
s 27
f 2511/2942/7309 2462/2880/7308 2521/2953/7347 2522/2954/7348
s 1
f 2469/2899/7118 2447/2865/7117 2525/2957/7349 2524/2956/7350
s 31
f 2525/2957/7351 2466/2883/7324 2515/2947/7323 2524/2956/7352
s 30
f 2515/2947/7321 2464/2896/7320 2523/2958/7353 2524/2956/7354
s 20
f 2488/2919/7246 2453/2874/7245 2527/2960/7355 2526/2959/7356
s 7
f 2527/2960/7357 2461/2879/7155 2509/2940/7154 2526/2959/7358
s 26
f 2509/2940/7305 2466/2883/7304 2525/2957/7359 2526/2959/7360
s off
f 2499/2962/7361 2459/2877/7362 2529/2963/7363 2528/2961/7364
s 33
f 2529/2963/7365 2455/2886/7366 2530/2964/7367 2528/2961/7368
s 25
f 2505/2966/7296 2463/2881/7295 2532/2967/7369 2531/2965/7370
s off
f 2532/2967/7371 2455/2886/7372 2529/2963/7373 2531/2965/7374
s 29
f 2513/2969/7317 2465/2885/7316 2534/2970/7375 2533/2968/7376
s off
f 2534/2970/7377 2455/2886/7378 2532/2967/7379 2533/2968/7380
s 32
f 2516/2972/7329 2467/2882/7328 2536/2973/7381 2535/2971/7382
s off
f 2536/2973/7383 2455/2886/7384 2534/2970/7385 2535/2971/7386
s 14
f 2507/2975/7299 2460/2878/7185 2530/2964/7184 2537/2974/7387
s 33
f 2530/2964/7367 2455/2886/7366 2536/2973/7388 2537/2974/7389
s 22
f 2496/2927/7274 2457/2870/7273 2518/2950/7390 2538/2976/7391
s off
f 2518/2950/7392 2461/2879/7393 2527/2960/7394 2538/2976/7395
g default
v 31.439047 0.123334 63.307729
v 35.718683 0.090866 55.679964
v 35.726354 3.870395 55.546220
v 22.464580 3.239630 52.968378
v 28.126209 3.296914 49.164596
v 22.189206 0.123334 53.353344
v 28.030232 0.339721 50.395966
v 34.695362 4.947957 59.897767
v 30.946554 2.917364 63.263975
v 24.525971 5.125845 57.135202
v 37.065382 0.105874 61.370129
v 29.386094 8.215278 55.071488
v 25.664828 0.123334 59.365306
v 30.164625 5.641063 59.968886
v 31.824797 7.137922 57.912621
v 29.774295 8.146795 55.717637
v 28.883254 8.043386 55.657800
v 27.329145 7.297647 57.010353
v 33.470737 5.496779 55.049925
v 30.214884 7.610815 55.129557
v 27.604538 5.427454 51.101284
v 28.987575 7.759397 54.635294
v 23.564227 5.966761 53.685105
v 28.360624 8.035578 55.135091
v 25.181185 1.775975 51.477004
v 25.295395 3.268273 51.066486
v 28.078219 1.818318 49.780280
v 25.109719 0.231528 51.874654
v 22.326893 1.681482 53.160860
v 31.874457 0.215294 53.037965
v 23.927018 0.123334 56.359324
v 32.107507 1.936316 52.847781
v 31.926282 3.583655 52.355408
v 35.722519 1.980631 55.613090
v 31.903143 4.391504 61.190843
v 30.555591 4.279213 61.616429
v 32.820960 3.932661 61.580872
v 32.429994 5.294511 59.933327
v 35.811600 2.263782 58.336493
v 35.880375 2.526916 60.633950
v 36.392034 0.098370 58.525048
v 35.210855 4.409177 57.721992
v 23.912383 2.203084 56.077749
v 25.095400 2.624590 58.250255
v 23.495277 4.182738 55.051790
v 33.871727 2.162153 61.745006
v 34.252215 0.114604 62.338930
v 31.192805 1.520349 63.285855
v 28.551938 0.123334 61.336517
v 27.619760 2.348916 60.312603
v 27.736264 4.021605 60.199590
v 28.560006 4.451943 60.244895
v 27.345297 5.383455 58.552043
v 29.538601 7.529827 56.838470
v 30.799548 7.642359 56.815130
v 29.328774 8.095089 55.687719
v 28.106197 7.670515 56.334073
v 29.576972 7.217785 57.461487
v 31.721895 6.828118 55.958181
v 32.647770 6.317351 56.481275
v 31.842810 6.553798 55.089740
v 29.994589 7.878805 55.423597
v 26.319038 7.050370 55.148691
v 28.621939 8.039481 55.396446
v 25.962426 7.001169 54.410099
v 25.446686 6.632203 55.347729
v 30.123683 6.301597 53.719407
v 30.537640 5.462116 53.075606
v 28.296057 6.593425 52.868289
v 29.601231 7.685108 54.882426
v 26.766244 6.539363 53.347376
v 25.584382 5.697107 52.393195
v 28.674100 7.897488 54.885193
v 31.113673 6.222679 58.738355
v 28.746882 6.469355 58.489616
v 33.260078 6.042940 58.905193
v 33.901613 5.396810 57.239786
v 34.598544 4.683588 55.298072
v 31.144818 4.416560 52.554862
v 27.865372 4.362185 50.132939
v 25.342707 4.377379 51.725437
v 23.014403 4.603195 53.326741
v 24.395070 5.338675 55.145511
v 25.927559 6.211747 57.072776
v 29.320604 8.131632 55.482413
v 29.580195 8.181035 55.394562
v 29.134674 8.129332 55.364643
v 29.836768 7.949224 55.283682
v 29.800488 7.913047 55.100523
v 29.560224 7.865539 54.961875
v 29.186835 7.987338 54.853391
v 28.911715 8.002191 54.945749
v 28.873356 8.125427 55.103289
v 28.912792 8.107313 55.266658
v 27.294155 6.013701 58.018062
vt 0.106185 0.192947
vt 0.019070 0.192947
vt 0.420449 0.012011
vt 0.167807 0.012011
vt 0.337331 0.192947
vt 0.219102 0.243023
vt 0.219102 0.124298
vt 0.252503 0.192947
vt 0.252503 0.012011
vt 0.167807 0.192947
vt 0.219102 0.012011
vt 0.252503 0.322184
vt 0.937112 0.011156
vt 0.924385 0.030541
vt 0.167807 0.322184
vt 0.337331 0.322184
vt 0.971978 0.011156
vt 0.924385 0.045989
vt 0.106185 0.322184
vt 0.420449 0.322184
vt 0.971979 0.045989
vt 0.943151 0.025258
vt 0.106185 0.530708
vt 0.019070 0.530708
vt 0.337331 0.530708
vt 0.167807 0.530708
vt 0.252503 0.530708
vt 0.337331 0.012011
vt 0.106185 0.012011
vt 0.420449 0.530708
vt 0.420449 0.192947
vt 0.019070 0.322184
vt 0.019070 0.012011
vt 0.062976 0.104065
vt 0.062627 0.192947
vt 0.019070 0.102479
vt 0.062627 0.012011
vt 0.106185 0.102479
vt 0.376643 0.104222
vt 0.378890 0.012011
vt 0.420449 0.102479
vt 0.378890 0.192947
vt 0.337331 0.102479
vt 0.229741 0.182228
vt 0.219102 0.183660
vt 0.235802 0.158622
vt 0.235802 0.217985
vt 0.291359 0.101937
vt 0.252503 0.102479
vt 0.294917 0.012011
vt 0.294917 0.192947
vt 0.141433 0.101683
vt 0.136996 0.012011
vt 0.167807 0.102479
vt 0.136996 0.192947
vt 0.238355 0.090305
vt 0.235802 0.012011
vt 0.219102 0.068154
vt 0.189375 0.095141
vt 0.193454 0.012011
vt 0.193454 0.158622
vt 0.201851 0.181902
vt 0.193454 0.217985
vt 0.211729 0.396477
vt 0.252503 0.426446
vt 0.210155 0.530708
vt 0.167807 0.426446
vt 0.210155 0.322184
vt 0.301018 0.400849
vt 0.294917 0.322184
vt 0.337331 0.426446
vt 0.294917 0.530708
vt 0.130074 0.395287
vt 0.136996 0.530708
vt 0.106185 0.426446
vt 0.136996 0.322184
vt 0.380310 0.400866
vt 0.378890 0.322184
vt 0.420449 0.426446
vt 0.378890 0.530708
vt 0.062652 0.401991
vt 0.019070 0.426446
vt 0.062627 0.322184
vt 0.062627 0.530708
vt 0.224258 0.268241
vt 0.193454 0.282603
vt 0.252503 0.257565
vt 0.291896 0.256558
vt 0.337331 0.257565
vt 0.380866 0.250776
vt 0.420449 0.257565
vt 0.064139 0.251739
vt 0.106185 0.257565
vt 0.019070 0.257565
vt 0.136199 0.255033
vt 0.167807 0.257565
vt 0.934457 0.022894
vt 0.930749 0.020848
vt 0.940131 0.018207
vt 0.933768 0.027899
vt 0.953124 0.015402
vt 0.954545 0.011156
vt 0.957565 0.018207
vt 0.961945 0.026457
vt 0.971978 0.028572
vt 0.957565 0.035623
vt 0.946630 0.039114
vt 0.948182 0.045989
vt 0.933768 0.035623
vt 0.931633 0.033368
vt 0.924385 0.038265
vt 0.184537 0.252113
vn -0.527551 -0.122608 -0.840629
vn -0.535408 0.103306 -0.838252
vn -0.534524 0.129818 -0.835123
vn -0.527551 -0.122608 -0.840629
vn 0.583555 -0.095695 -0.806416
vn 0.583555 -0.095695 -0.806416
vn 0.583555 -0.095695 -0.806416
vn 0.583555 -0.095695 -0.806416
vn 0.114484 0.816561 0.565792
vn 0.103925 0.841455 0.530239
vn 0.128821 0.779143 0.613466
vn 0.128821 0.779143 0.613466
vn 0.834898 0.550378 -0.005424
vn 0.838074 0.545539 -0.004517
vn 0.928342 0.370800 0.026236
vn 0.928342 0.370800 0.026236
vn -0.871827 0.092177 0.481062
vn -0.871827 0.092177 0.481062
vn -0.871827 0.092177 0.481062
vn -0.871827 0.092177 0.481062
vn 0.382500 0.229593 0.894976
vn 0.382500 0.229593 0.894976
vn 0.382499 0.229593 0.894976
vn 0.382500 0.229593 0.894976
vn -0.562924 0.365229 0.741434
vn -0.573488 0.323572 0.752604
vn -0.637962 0.152837 0.754748
vn -0.637962 0.152837 0.754748
vn -0.389952 0.643144 0.659017
vn -0.382854 0.665382 0.640851
vn -0.063371 0.819972 0.568884
vn -0.060824 0.722396 0.688799
vn -0.064332 0.885572 0.460025
vn -0.064332 0.885572 0.460025
vn 0.567140 0.800173 -0.195129
vn 0.567336 0.799798 -0.196096
vn 0.566388 0.801598 -0.191432
vn 0.566388 0.801598 -0.191432
vn -0.617381 0.727741 0.298720
vn -0.510082 0.837608 0.195522
vn -0.391159 0.915854 0.090588
vn -0.391159 0.915854 0.090588
vn 0.392906 0.650044 -0.650437
vn 0.392824 0.658849 -0.641566
vn 0.392793 0.661141 -0.639224
vn 0.392793 0.661141 -0.639224
vn -0.164992 0.839665 -0.517436
vn -0.164986 0.839717 -0.517354
vn -0.164726 0.842079 -0.513584
vn -0.164726 0.842079 -0.513584
vn -0.035215 0.836243 0.547227
vn -0.041540 0.852742 0.520678
vn -0.028930 0.819105 0.572914
vn -0.028930 0.819105 0.572914
vn 0.621780 0.781346 -0.053735
vn 0.621780 0.781346 -0.053735
vn 0.498960 0.559146 -0.662113
vn 0.622069 0.063547 -0.780380
vn 0.603355 0.215352 -0.767845
vn 0.498960 0.559146 -0.662113
vn -0.475247 0.496798 -0.726177
vn -0.535743 0.030435 -0.843833
vn -0.535300 0.081884 -0.840684
vn -0.475247 0.496798 -0.726177
vn -0.840814 0.423205 0.337535
vn -0.892050 0.143720 0.428477
vn -0.886210 0.219500 0.407985
vn -0.840814 0.423205 0.337535
vn -0.142014 0.976121 0.164377
vn -0.360892 0.920508 0.149741
vn -0.125255 0.975901 0.178686
vn -0.125255 0.975901 0.178686
vn 0.580020 0.769637 -0.266900
vn 0.580020 0.769637 -0.266900
vn 0.380478 0.443740 -0.811376
vn 0.380478 0.443740 -0.811376
vn -0.171581 0.755252 -0.632578
vn -0.171581 0.755252 -0.632578
vn -0.161855 0.975765 0.147258
vn -0.416379 0.883848 0.213170
vn -0.379145 0.902556 0.204064
vn -0.161855 0.975765 0.147258
vn -0.409927 0.570030 0.712057
vn -0.409927 0.570030 0.712057
vn -0.512083 -0.255324 -0.820110
vn -0.512083 -0.255323 -0.820110
vn -0.456457 -0.266516 -0.848891
vn -0.456457 -0.266516 -0.848891
vn -0.456457 -0.266516 -0.848891
vn -0.456457 -0.266516 -0.848891
vn -0.472392 -0.133856 -0.871165
vn -0.472392 -0.133856 -0.871165
vn -0.472392 -0.133856 -0.871165
vn -0.472392 -0.133856 -0.871165
vn 0.568648 -0.247523 -0.784456
vn 0.568648 -0.247523 -0.784456
vn 0.568648 -0.247523 -0.784456
vn 0.568648 -0.247523 -0.784456
vn 0.613616 -0.240447 -0.752104
vn 0.617820 0.097940 -0.780196
vn 0.622318 0.038491 -0.781818
vn 0.613616 -0.240447 -0.752104
vn 0.626103 -0.091040 -0.774408
vn 0.626103 -0.091040 -0.774408
vn 0.128821 0.779144 0.613466
vn 0.427239 0.394143 0.813706
vn 0.390104 0.458975 0.798223
vn 0.128821 0.779144 0.613466
vn 0.329931 0.564450 0.756665
vn 0.321844 0.564532 0.760079
vn 0.099191 0.778207 0.620125
vn 0.128822 0.779144 0.613465
vn 0.932308 0.328258 -0.151818
vn 0.932308 0.328258 -0.151818
vn 0.932308 0.328259 -0.151818
vn 0.932308 0.328259 -0.151818
vn 0.981326 0.130640 -0.141181
vn 0.981326 0.130640 -0.141181
vn 0.981326 0.130640 -0.141181
vn 0.981326 0.130640 -0.141181
vn 0.985966 0.155925 0.059658
vn 0.913994 0.405325 0.018049
vn 0.893309 0.449330 0.010044
vn 0.985966 0.155925 0.059658
vn -0.871696 0.037818 0.488585
vn -0.871696 0.037818 0.488585
vn -0.871696 0.037818 0.488585
vn -0.871696 0.037818 0.488585
vn -0.889806 0.021887 0.455814
vn -0.879566 0.323599 0.348779
vn -0.894678 0.206495 0.396120
vn -0.889806 0.021887 0.455814
vn -0.892736 0.082077 0.443042
vn -0.892736 0.082077 0.443042
vn 0.343365 0.376416 0.860472
vn 0.343365 0.376416 0.860472
vn 0.343365 0.376416 0.860472
vn 0.343365 0.376416 0.860472
vn 0.434940 0.404769 0.804356
vn 0.434940 0.404769 0.804356
vn 0.496426 0.252056 0.830680
vn 0.496426 0.252056 0.830680
vn -0.582785 0.174055 0.793767
vn -0.582785 0.174055 0.793767
vn -0.582785 0.174055 0.793767
vn -0.582785 0.174055 0.793767
vn -0.604787 0.032972 0.795705
vn -0.604787 0.032972 0.795705
vn -0.604787 0.032972 0.795705
vn -0.604787 0.032972 0.795705
vn -0.664088 0.004784 0.747639
vn -0.642097 0.115244 0.757911
vn -0.615697 0.212067 0.758910
vn -0.664088 0.004784 0.747639
vn -0.382854 0.665382 0.640851
vn -0.382854 0.665382 0.640851
vn -0.382855 0.665380 0.640852
vn -0.387037 0.652474 0.651521
vn -0.400149 0.608036 0.685691
vn -0.382855 0.665380 0.640852
vn -0.086526 0.880337 0.466391
vn -0.086526 0.880337 0.466391
vn -0.086526 0.880337 0.466391
vn -0.086526 0.880337 0.466391
vn -0.081327 0.896669 0.435168
vn -0.081327 0.896669 0.435168
vn -0.081327 0.896669 0.435168
vn -0.081327 0.896669 0.435168
vn -0.060117 0.896711 0.438515
vn -0.060117 0.896711 0.438515
vn 0.556193 0.815780 -0.158595
vn 0.599886 0.793028 -0.106033
vn 0.604982 0.789984 -0.099610
vn 0.556193 0.815780 -0.158595
vn 0.578371 0.806313 -0.123879
vn 0.595036 0.797107 -0.102724
vn 0.538799 0.824786 -0.171533
vn 0.538799 0.824786 -0.171533
vn 0.541970 0.811258 -0.219382
vn 0.542971 0.810257 -0.220602
vn 0.546562 0.806629 -0.224989
vn 0.541970 0.811258 -0.219382
vn -0.382610 0.911915 0.148393
vn -0.375335 0.914919 0.148484
vn -0.382610 0.911915 0.148393
vn -0.423302 0.880147 0.214841
vn -0.423302 0.880147 0.214841
vn -0.419302 0.899435 0.123301
vn -0.737790 0.407776 0.537945
vn -0.573848 0.763409 0.296487
vn -0.419302 0.899435 0.123301
vn 0.408439 0.665097 -0.625159
vn 0.465056 0.575208 -0.672948
vn 0.447111 0.605668 -0.658223
vn 0.408439 0.665097 -0.625159
vn 0.425115 0.652246 -0.627577
vn 0.431807 0.644029 -0.631482
vn 0.400490 0.681235 -0.612802
vn 0.400490 0.681235 -0.612802
vn 0.381489 0.686332 -0.619205
vn 0.381848 0.681849 -0.623918
vn 0.382198 0.677253 -0.628691
vn 0.381489 0.686332 -0.619205
vn -0.194152 0.848405 -0.492458
vn -0.353854 0.658879 -0.663827
vn -0.324766 0.701224 -0.634675
vn -0.194152 0.848405 -0.492458
vn -0.346423 0.663384 -0.663259
vn -0.380615 0.607116 -0.697525
vn -0.203272 0.839160 -0.504472
vn -0.203272 0.839160 -0.504472
vn -0.180365 0.827498 -0.531709
vn -0.180241 0.826394 -0.533467
vn -0.179982 0.824103 -0.537085
vn -0.180365 0.827498 -0.531709
vn 0.089531 0.872019 0.481214
vn 0.089531 0.872019 0.481214
vn 0.074066 0.776854 0.625309
vn 0.074066 0.776854 0.625309
vn -0.059915 0.693927 0.717548
vn -0.059915 0.693927 0.717548
vn 0.605263 0.793524 -0.063062
vn 0.605263 0.793524 -0.063062
vn 0.609396 0.788413 -0.083913
vn 0.609396 0.788413 -0.083913
vn 0.627304 0.775562 -0.070663
vn 0.627304 0.775562 -0.070663
vn 0.461071 0.634698 -0.620138
vn 0.461071 0.634698 -0.620138
vn 0.441927 0.631312 -0.637295
vn 0.441927 0.631312 -0.637295
vn 0.479914 0.548389 -0.684801
vn 0.479914 0.548389 -0.684801
vn -0.495832 0.430124 -0.754416
vn -0.495832 0.430124 -0.754416
vn -0.464758 0.432541 -0.772598
vn -0.464758 0.432542 -0.772598
vn -0.439611 0.505690 -0.742307
vn -0.439611 0.505690 -0.742307
vn -0.693451 0.710171 0.121586
vn -0.693451 0.710171 0.121586
vn -0.663185 0.663387 0.346560
vn -0.663185 0.663387 0.346560
vn -0.751166 0.332410 0.570309
vn -0.751166 0.332410 0.570310
vn -0.125258 0.975901 0.178683
vn -0.125258 0.975901 0.178683
vn -0.125258 0.975901 0.178683
vn -0.125258 0.975901 0.178683
vn -0.125253 0.975901 0.178688
vn -0.138998 0.976116 0.166964
vn -0.145565 0.976106 0.161329
vn -0.125253 0.975901 0.178688
vn 0.580022 0.769635 -0.266902
vn 0.580022 0.769635 -0.266902
vn 0.580019 0.769637 -0.266900
vn 0.580019 0.769637 -0.266900
vn 0.580019 0.769637 -0.266900
vn 0.580019 0.769638 -0.266900
vn 0.380479 0.443737 -0.811378
vn 0.380479 0.443737 -0.811378
vn 0.380479 0.443737 -0.811377
vn 0.380479 0.443737 -0.811377
vn 0.380479 0.443737 -0.811377
vn 0.380479 0.443737 -0.811377
vn -0.171584 0.755251 -0.632578
vn -0.171584 0.755251 -0.632578
vn -0.171580 0.755252 -0.632578
vn -0.171580 0.755252 -0.632578
vn -0.171580 0.755252 -0.632578
vn -0.171580 0.755252 -0.632578
vn -0.161857 0.975766 0.147254
vn -0.161859 0.975765 0.147256
vn -0.161859 0.975765 0.147256
vn -0.409926 0.570033 0.712055
vn -0.409926 0.570033 0.712055
vn -0.409926 0.570032 0.712056
vn -0.409926 0.570032 0.712056
vn -0.409926 0.570032 0.712056
vn -0.409926 0.570032 0.712056
s 1
g group2 Ore_Clicker47
usemtl initialShadingGroup
f 2567/3014/7396 2542/2977/7397 2564/3011/7398 2563/3010/7399
s off
f 2572/3019/7400 2540/3004/7401 2568/3016/7402 2570/3015/7403
s 2
f 2576/3023/7404 2552/2982/7405 2574/3021/7406 2573/3020/7407
s 3
f 2580/3027/7408 2546/2984/7409 2578/3025/7410 2577/3024/7411
s off
f 2567/3014/7412 2544/3005/7413 2569/3029/7414 2581/3028/7415
f 2586/3034/7416 2539/2987/7417 2585/3033/7418 2584/3032/7419
s 4
f 2589/3037/7420 2548/2986/7421 2582/3030/7422 2588/3035/7423
f 2591/3039/7424 2548/2986/7421 2589/3037/7420 2590/3038/7425
s 5
f 2596/3044/7426 2553/2988/7427 2593/3041/7428 2592/3040/7429
s 6
f 2600/3048/7430 2554/3003/7431 2593/3041/7432 2597/3045/7433
s 7
f 2604/3052/7434 2556/2991/7435 2595/3043/7436 2601/3049/7437
s 8
f 2608/3056/7438 2558/3001/7439 2599/3047/7440 2605/3053/7441
s 9
f 2611/3060/7442 2560/3000/7443 2607/3058/7444 2609/3057/7445
s 10
f 2596/3044/7446 2556/2991/7447 2613/3062/7448 2612/3061/7449
s 3
f 2614/3063/7450 2546/2984/7409 2580/3027/7408 2615/3064/7451
s 11
f 2616/3065/7452 2541/2981/7453 2571/3018/7454 2617/3066/7455
s 12
f 2618/3070/7456 2543/2978/7457 2564/3011/7458 2619/3068/7459
s 13
f 2620/3069/7460 2542/2977/7461 2583/3031/7462 2621/3071/7463
s 14
f 2625/3076/7464 2555/2990/7465 2594/3074/7466 2623/3073/7467
s 6
f 2624/3075/7468 2554/2989/7431 2600/3078/7430 2626/3077/7469
s 8
f 2627/3079/7470 2558/2993/7439 2608/3081/7438 2628/3080/7471
s 9
f 2629/3082/7472 2560/2997/7443 2611/3084/7442 2630/3083/7473
s 15
f 2631/3085/7474 2562/2994/7475 2602/3087/7476 2632/3086/7477
s 4
f 2622/3072/7478 2548/2986/7421 2591/3039/7424 2633/3088/7479
s 12
f 2564/3011/7458 2543/2978/7457 2565/3012/7480 2563/3010/7481
s off
f 2565/3012/7482 2545/3009/7483 2566/3013/7484 2563/3010/7485
f 2566/3013/7486 2544/3005/7487 2567/3014/7488 2563/3010/7489
f 2568/3016/7490 2545/2979/7491 2565/3017/7492 2570/3015/7493
s 16
f 2565/3017/7494 2543/3007/7495 2571/3018/7496 2570/3015/7497
s 11
f 2571/3018/7454 2541/2981/7453 2572/3019/7498 2570/3015/7499
s 17
f 2574/3021/7500 2547/2983/7501 2575/3022/7502 2573/3020/7503
s 18
f 2575/3022/7504 2546/2984/7505 2576/3023/7506 2573/3020/7507
s off
f 2578/3025/7508 2549/2985/7509 2579/3026/7510 2577/3024/7511
f 2579/3026/7512 2540/3004/7513 2572/3019/7514 2577/3024/7515
s 19
f 2572/3019/7516 2541/2981/7517 2580/3027/7518 2577/3024/7519
s off
f 2569/3029/7520 2551/2980/7521 2582/3030/7522 2581/3028/7523
s 20
f 2582/3030/7524 2548/2986/7525 2583/3031/7526 2581/3028/7527
s 13
f 2583/3031/7462 2542/2977/7461 2567/3014/7528 2581/3028/7529
s off
f 2585/3033/7530 2549/2985/7531 2578/3025/7532 2584/3032/7533
s 18
f 2578/3025/7534 2546/2984/7505 2575/3022/7504 2584/3032/7535
s 17
f 2575/3022/7502 2547/2983/7501 2586/3034/7536 2584/3032/7537
s off
f 2582/3030/7538 2551/2980/7539 2587/3036/7540 2588/3035/7541
f 2587/3036/7542 2539/2987/7543 2586/3034/7544 2588/3035/7545
s 21
f 2586/3034/7546 2547/2983/7547 2589/3037/7548 2588/3035/7549
f 2589/3037/7548 2547/2983/7547 2574/3021/7550 2590/3038/7551
s 22
f 2574/3021/7552 2552/2982/7553 2591/3039/7554 2590/3038/7555
s off
f 2593/3041/7556 2554/3003/7557 2594/3042/7558 2592/3040/7559
f 2594/3042/7560 2555/3002/7561 2595/3043/7562 2592/3040/7563
s 10
f 2595/3043/7564 2556/2991/7447 2596/3044/7446 2592/3040/7565
s 23
f 2593/3041/7566 2553/2988/7567 2598/3046/7568 2597/3045/7569
s 24
f 2598/3046/7570 2557/2992/7571 2599/3047/7572 2597/3045/7573
s 25
f 2599/3047/7574 2558/3001/7575 2600/3048/7576 2597/3045/7577
s 14
f 2595/3043/7578 2555/3002/7465 2602/3050/7579 2601/3049/7580
s 15
f 2602/3050/7476 2562/2999/7475 2603/3051/7581 2601/3049/7582
s 26
f 2603/3051/7583 2561/2995/7584 2604/3052/7585 2601/3049/7586
s 27
f 2599/3047/7587 2557/2992/7588 2606/3054/7589 2605/3053/7590
s 28
f 2606/3054/7591 2559/2996/7592 2607/3055/7593 2605/3053/7594
s 29
f 2607/3055/7595 2560/3006/7596 2608/3056/7597 2605/3053/7598
s 30
f 2607/3058/7599 2559/3008/7600 2610/3059/7601 2609/3057/7602
s 31
f 2610/3059/7603 2561/2995/7604 2603/3051/7605 2609/3057/7606
s 32
f 2603/3051/7607 2562/2999/7608 2611/3060/7609 2609/3057/7610
s 2
f 2613/3062/7611 2552/2982/7405 2576/3023/7404 2612/3061/7612
s 18
f 2576/3023/7506 2546/2984/7505 2614/3063/7613 2612/3061/7614
s 5
f 2614/3063/7615 2553/2988/7427 2596/3044/7426 2612/3061/7616
s 19
f 2580/3027/7518 2541/2981/7517 2616/3065/7617 2615/3064/7618
s 24
f 2616/3065/7619 2557/2992/7571 2598/3046/7570 2615/3064/7620
s 23
f 2598/3046/7568 2553/2988/7567 2614/3063/7621 2615/3064/7622
s 16
f 2571/3018/7496 2543/3007/7495 2618/3067/7623 2617/3066/7624
s 28
f 2618/3067/7625 2559/2996/7592 2606/3054/7591 2617/3066/7626
s 27
f 2606/3054/7589 2557/2992/7588 2616/3065/7627 2617/3066/7628
s 1
f 2564/3011/7398 2542/2977/7397 2620/3069/7629 2619/3068/7630
s 31
f 2620/3069/7631 2561/2995/7604 2610/3059/7603 2619/3068/7632
s 30
f 2610/3059/7601 2559/3008/7600 2618/3070/7633 2619/3068/7634
s 20
f 2583/3031/7526 2548/2986/7525 2622/3072/7635 2621/3071/7636
s 7
f 2622/3072/7637 2556/2991/7435 2604/3052/7434 2621/3071/7638
s 26
f 2604/3052/7585 2561/2995/7584 2620/3069/7639 2621/3071/7640
s off
f 2594/3074/7641 2554/2989/7642 2624/3075/7643 2623/3073/7644
s 33
f 2624/3075/7645 2550/2998/7646 2625/3076/7647 2623/3073/7648
s 25
f 2600/3078/7576 2558/2993/7575 2627/3079/7649 2626/3077/7650
s off
f 2627/3079/7651 2550/2998/7652 2624/3075/7653 2626/3077/7654
s 29
f 2608/3081/7597 2560/2997/7596 2629/3082/7655 2628/3080/7656
s off
f 2629/3082/7657 2550/2998/7658 2627/3079/7659 2628/3080/7660
s 32
f 2611/3084/7609 2562/2994/7608 2631/3085/7661 2630/3083/7662
s off
f 2631/3085/7663 2550/2998/7664 2629/3082/7665 2630/3083/7666
s 14
f 2602/3087/7579 2555/2990/7465 2625/3076/7464 2632/3086/7667
s 33
f 2625/3076/7647 2550/2998/7646 2631/3085/7668 2632/3086/7669
s 22
f 2591/3039/7554 2552/2982/7553 2613/3062/7670 2633/3088/7671
s off
f 2613/3062/7672 2556/2991/7673 2622/3072/7674 2633/3088/7675
g default
v 26.830445 1.779439 45.427136
v 21.911755 1.760419 47.802653
v 21.867465 3.974600 47.859896
v 29.365258 3.605076 52.066867
v 24.715541 3.638634 52.435054
v 29.650485 1.779439 51.960723
v 25.139084 1.906207 51.913880
v 23.795077 4.605874 46.178237
v 27.124243 3.416281 45.560431
v 29.312389 4.710087 49.751003
v 22.754012 1.769211 44.979973
v 25.675881 6.519985 49.536823
v 29.261926 1.779439 48.503302
v 26.637793 5.011920 47.195482
v 24.996399 5.888833 47.718641
v 25.625006 6.479866 49.161845
v 26.162255 6.419285 49.394474
v 27.529711 5.982405 49.157308
v 23.125636 4.927393 48.600963
v 25.176874 6.165870 49.319377
v 25.612563 4.886780 51.701159
v 25.795221 6.252914 49.821547
v 28.892140 5.202725 51.496076
v 26.333333 6.414711 49.746102
v 27.232802 2.747614 52.096239
v 27.040403 3.621855 52.250964
v 24.927311 2.772421 52.174468
v 27.394782 1.842823 51.937301
v 29.507872 2.692257 52.013796
v 23.525419 1.833313 49.858267
v 29.456204 1.779439 50.232011
v 23.324091 2.841548 49.888253
v 23.291506 3.806618 50.147478
v 21.889608 2.867509 47.831273
v 25.916044 4.279884 46.253873
v 26.881018 4.214100 46.377957
v 25.459655 4.011077 45.869331
v 25.216439 4.808897 46.686862
v 22.638668 3.033389 46.608857
v 23.274544 3.187543 45.579104
v 22.332883 1.764815 46.391312
v 22.831273 4.290237 47.019067
v 29.382140 2.997830 50.359656
v 29.287158 3.244763 49.127152
v 29.338824 4.157582 50.908935
v 24.853733 2.973852 45.553703
v 24.792227 1.774325 45.203554
v 26.977339 2.597860 45.493780
v 28.046182 1.779439 46.965216
v 28.324255 3.083264 47.632807
v 28.218314 4.063184 47.655716
v 27.718680 4.315291 47.445071
v 27.975089 4.861004 48.473242
v 26.102905 6.118425 48.721786
v 25.310699 6.184350 48.440242
v 25.893626 6.449575 49.278156
v 26.845984 6.200845 49.275893
v 26.263056 5.935619 48.437976
v 24.483109 5.707338 48.604925
v 24.061015 5.408113 48.159800
v 24.151260 5.546632 48.960172
v 25.400940 6.322868 49.240611
v 27.608833 5.837542 50.212622
v 26.247800 6.416998 49.570293
v 27.612735 5.808718 50.621087
v 28.210926 5.592565 50.326692
v 24.817098 5.398884 49.962771
v 24.369099 4.907087 50.151059
v 25.703892 5.569847 50.761354
v 25.486049 6.209393 49.570464
v 26.798177 5.538175 50.904011
v 27.252351 5.044752 51.598618
v 26.064276 6.333813 49.783827
v 25.683216 5.352651 47.518845
v 27.083750 5.497162 48.176394
v 24.395742 5.247354 46.948442
v 23.504211 4.868828 47.534883
v 22.496550 4.450997 48.230429
v 23.837121 4.294563 50.240331
v 25.164052 4.262708 52.068107
v 27.205599 4.271609 51.949226
v 29.128700 4.403900 51.781473
v 28.806125 4.834770 50.659323
v 28.421050 5.346246 49.454156
v 25.838068 6.470983 49.370648
v 25.650448 6.499925 49.349337
v 25.919071 6.469635 49.465650
v 25.457900 6.364122 49.338883
v 25.426384 6.342928 49.428105
v 25.535059 6.315096 49.544895
v 25.735556 6.386450 49.679188
v 25.934185 6.395152 49.702110
v 26.004613 6.467348 49.641467
v 26.028314 6.456736 49.560248
v 27.849198 5.230224 48.720720
vt 0.106185 0.192947
vt 0.019070 0.192947
vt 0.420449 0.012011
vt 0.167807 0.012011
vt 0.337331 0.192947
vt 0.219102 0.243023
vt 0.219102 0.124298
vt 0.252503 0.192947
vt 0.252503 0.012011
vt 0.167807 0.192947
vt 0.219102 0.012011
vt 0.252503 0.322184
vt 0.937112 0.011156
vt 0.924385 0.030541
vt 0.167807 0.322184
vt 0.337331 0.322184
vt 0.971978 0.011156
vt 0.924385 0.045989
vt 0.106185 0.322184
vt 0.420449 0.322184
vt 0.971979 0.045989
vt 0.943151 0.025258
vt 0.106185 0.530708
vt 0.019070 0.530708
vt 0.337331 0.530708
vt 0.167807 0.530708
vt 0.252503 0.530708
vt 0.337331 0.012011
vt 0.106185 0.012011
vt 0.420449 0.530708
vt 0.420449 0.192947
vt 0.019070 0.322184
vt 0.019070 0.012011
vt 0.062976 0.104065
vt 0.062627 0.192947
vt 0.019070 0.102479
vt 0.062627 0.012011
vt 0.106185 0.102479
vt 0.376643 0.104222
vt 0.378890 0.012011
vt 0.420449 0.102479
vt 0.378890 0.192947
vt 0.337331 0.102479
vt 0.229741 0.182228
vt 0.219102 0.183660
vt 0.235802 0.158622
vt 0.235802 0.217985
vt 0.291359 0.101937
vt 0.252503 0.102479
vt 0.294917 0.012011
vt 0.294917 0.192947
vt 0.141433 0.101683
vt 0.136996 0.012011
vt 0.167807 0.102479
vt 0.136996 0.192947
vt 0.238355 0.090305
vt 0.235802 0.012011
vt 0.219102 0.068154
vt 0.189375 0.095141
vt 0.193454 0.012011
vt 0.193454 0.158622
vt 0.201851 0.181902
vt 0.193454 0.217985
vt 0.211729 0.396477
vt 0.252503 0.426446
vt 0.210155 0.530708
vt 0.167807 0.426446
vt 0.210155 0.322184
vt 0.301018 0.400849
vt 0.294917 0.322184
vt 0.337331 0.426446
vt 0.294917 0.530708
vt 0.130074 0.395287
vt 0.136996 0.530708
vt 0.106185 0.426446
vt 0.136996 0.322184
vt 0.380310 0.400866
vt 0.378890 0.322184
vt 0.420449 0.426446
vt 0.378890 0.530708
vt 0.062652 0.401991
vt 0.019070 0.426446
vt 0.062627 0.322184
vt 0.062627 0.530708
vt 0.224258 0.268241
vt 0.193454 0.282603
vt 0.252503 0.257565
vt 0.291896 0.256558
vt 0.337331 0.257565
vt 0.380866 0.250776
vt 0.420449 0.257565
vt 0.064139 0.251739
vt 0.106185 0.257565
vt 0.019070 0.257565
vt 0.136199 0.255033
vt 0.167807 0.257565
vt 0.934457 0.022894
vt 0.930749 0.020848
vt 0.940131 0.018207
vt 0.933768 0.027899
vt 0.953124 0.015402
vt 0.954545 0.011156
vt 0.957565 0.018207
vt 0.961945 0.026457
vt 0.971978 0.028572
vt 0.957565 0.035623
vt 0.946630 0.039114
vt 0.948182 0.045989
vt 0.933768 0.035623
vt 0.931633 0.033368
vt 0.924385 0.038265
vt 0.184537 0.252113
vn 0.055887 -0.104976 0.992903
vn 0.061573 0.080907 0.994818
vn 0.062331 0.112355 0.991711
vn 0.055887 -0.104976 0.992903
vn -0.798747 -0.100818 0.593161
vn -0.798747 -0.100818 0.593161
vn -0.798747 -0.100818 0.593161
vn -0.798746 -0.100818 0.593161
vn 0.129017 0.775886 -0.617540
vn 0.125237 0.798200 -0.589230
vn 0.135966 0.728950 -0.670928
vn 0.135966 0.728950 -0.670928
vn -0.687671 0.562110 -0.459500
vn -0.661966 0.614878 -0.428633
vn -0.743685 0.400275 -0.535455
vn -0.743685 0.400275 -0.535456
vn 0.990616 0.107835 -0.083970
vn 0.990616 0.107835 -0.083970
vn 0.990616 0.107835 -0.083970
vn 0.990616 0.107835 -0.083970
vn 0.055998 0.196406 -0.978922
vn 0.055998 0.196406 -0.978922
vn 0.055998 0.196406 -0.978922
vn 0.055998 0.196406 -0.978922
vn 0.754139 0.386289 -0.531088
vn 0.773397 0.335378 -0.537940
vn 0.839330 0.164730 -0.518062
vn 0.839330 0.164730 -0.518062
vn 0.562897 0.648422 -0.512540
vn 0.548643 0.674069 -0.494593
vn 0.266342 0.782677 -0.562565
vn 0.300658 0.685494 -0.663101
vn 0.225113 0.865998 -0.446510
vn 0.225113 0.865998 -0.446510
vn -0.530831 0.843347 -0.083568
vn -0.532730 0.842439 -0.080597
vn -0.528971 0.844223 -0.086466
vn -0.528971 0.844223 -0.086466
vn 0.631849 0.775032 -0.009584
vn 0.464813 0.883508 0.057985
vn 0.337570 0.935634 0.103126
vn 0.337570 0.935634 0.103126
vn -0.561914 0.656420 0.503355
vn -0.557662 0.669241 0.491050
vn -0.556921 0.671397 0.488943
vn -0.556921 0.671397 0.488943
vn -0.075678 0.796800 0.599485
vn -0.076119 0.795762 0.600807
vn -0.074782 0.798901 0.596795
vn -0.074782 0.798901 0.596795
vn 0.233347 0.808818 -0.539780
vn 0.231040 0.818878 -0.525413
vn 0.238117 0.786043 -0.570471
vn 0.238117 0.786043 -0.570471
vn -0.511561 0.816409 -0.267921
vn -0.511561 0.816409 -0.267921
vn -0.663299 0.581843 0.470630
vn -0.831325 0.065398 0.551925
vn -0.806424 0.229721 0.544893
vn -0.663299 0.581843 0.470630
vn 0.062952 0.439925 0.895825
vn 0.059853 0.019077 0.998025
vn 0.060806 0.068901 0.995769
vn 0.062952 0.439925 0.895825
vn 0.873069 0.481917 0.074207
vn 0.986139 0.165762 -0.007308
vn 0.964695 0.262815 0.017080
vn 0.873069 0.481917 0.074207
vn 0.171042 0.979286 -0.108365
vn 0.335765 0.941692 0.021855
vn 0.165307 0.978021 -0.127077
vn 0.165307 0.978021 -0.127077
vn -0.575994 0.817401 -0.009285
vn -0.575994 0.817401 -0.009285
vn -0.602536 0.440369 0.665602
vn -0.602536 0.440369 0.665602
vn -0.111995 0.700903 0.704409
vn -0.111995 0.700903 0.704409
vn 0.180990 0.980598 -0.075303
vn 0.410683 0.911618 -0.017102
vn 0.372756 0.927530 -0.027241
vn 0.180990 0.980598 -0.075303
vn 0.597326 0.577013 -0.557008
vn 0.597326 0.577013 -0.557008
vn 0.053205 -0.220069 0.974032
vn 0.053204 -0.220069 0.974032
vn 0.007268 -0.229047 0.973388
vn 0.007268 -0.229047 0.973388
vn 0.007268 -0.229047 0.973388
vn 0.007268 -0.229047 0.973388
vn 0.009948 -0.114206 0.993407
vn 0.009948 -0.114206 0.993407
vn 0.009948 -0.114206 0.993407
vn 0.009948 -0.114206 0.993407
vn -0.775733 -0.260092 0.574970
vn -0.775733 -0.260092 0.574970
vn -0.775733 -0.260092 0.574970
vn -0.775733 -0.260092 0.574970
vn -0.811942 -0.257097 0.524072
vn -0.824160 0.123451 0.552739
vn -0.832492 0.030150 0.553216
vn -0.811942 -0.257097 0.524072
vn -0.833402 -0.097577 0.543985
vn -0.833402 -0.097577 0.543985
vn 0.135967 0.728950 -0.670928
vn 0.002815 0.352454 -0.935825
vn 0.008516 0.370194 -0.928915
vn 0.135967 0.728950 -0.670928
vn 0.052556 0.522771 -0.850851
vn 0.043301 0.480927 -0.875691
vn 0.158472 0.729587 -0.665275
vn 0.135965 0.728952 -0.670926
vn -0.860821 0.370706 -0.348661
vn -0.860821 0.370706 -0.348661
vn -0.860821 0.370706 -0.348661
vn -0.860821 0.370706 -0.348661
vn -0.907187 0.149079 -0.393429
vn -0.907187 0.149079 -0.393429
vn -0.907187 0.149079 -0.393429
vn -0.907187 0.149079 -0.393429
vn -0.777380 0.168557 -0.606028
vn -0.744221 0.403707 -0.532124
vn -0.705553 0.524699 -0.476326
vn -0.777380 0.168557 -0.606028
vn 0.994638 0.044272 -0.093467
vn 0.994638 0.044272 -0.093467
vn 0.994638 0.044272 -0.093467
vn 0.994638 0.044272 -0.093467
vn 0.998781 0.025709 -0.042133
vn 0.918433 0.385555 0.088481
vn 0.972647 0.230197 0.031090
vn 0.998781 0.025709 -0.042133
vn 0.995046 0.096368 -0.024438
vn 0.995046 0.096368 -0.024438
vn 0.070451 0.326169 -0.942683
vn 0.070451 0.326169 -0.942683
vn 0.070451 0.326169 -0.942683
vn 0.070452 0.326169 -0.942683
vn -0.008575 0.352530 -0.935761
vn -0.008575 0.352530 -0.935761
vn -0.039377 0.216916 -0.975396
vn -0.039377 0.216915 -0.975396
vn 0.793674 0.183558 -0.579990
vn 0.793674 0.183558 -0.579990
vn 0.793674 0.183558 -0.579990
vn 0.793674 0.183558 -0.579990
vn 0.817739 0.035021 -0.574523
vn 0.817739 0.035021 -0.574523
vn 0.817739 0.035021 -0.574523
vn 0.817739 0.035021 -0.574523
vn 0.865738 0.005204 -0.500470
vn 0.840367 0.143966 -0.522549
vn 0.817990 0.222553 -0.530436
vn 0.865738 0.005204 -0.500470
vn 0.548643 0.674069 -0.494593
vn 0.548643 0.674069 -0.494593
vn 0.548643 0.674070 -0.494592
vn 0.557311 0.658707 -0.505479
vn 0.576939 0.621087 -0.530464
vn 0.548643 0.674069 -0.494592
vn 0.244393 0.862546 -0.443043
vn 0.244393 0.862546 -0.443043
vn 0.244392 0.862546 -0.443043
vn 0.244393 0.862546 -0.443043
vn 0.229080 0.880890 -0.414192
vn 0.229080 0.880890 -0.414192
vn 0.229080 0.880890 -0.414192
vn 0.229081 0.880890 -0.414192
vn 0.214097 0.878529 -0.427024
vn 0.214097 0.878529 -0.427024
vn -0.504878 0.855187 -0.117274
vn -0.516417 0.835433 -0.188059
vn -0.520497 0.825525 -0.218154
vn -0.504878 0.855187 -0.117274
vn -0.506224 0.848079 -0.156523
vn -0.513071 0.832998 -0.207055
vn -0.495794 0.863390 -0.093522
vn -0.495794 0.863390 -0.093522
vn -0.520337 0.852921 -0.042130
vn -0.521395 0.852305 -0.041523
vn -0.529247 0.847661 -0.036998
vn -0.520337 0.852921 -0.042130
vn 0.355260 0.934073 0.036033
vn 0.350068 0.936157 0.032586
vn 0.355260 0.934073 0.036033
vn 0.416888 0.908827 -0.015421
vn 0.416888 0.908827 -0.015421
vn 0.374353 0.923607 0.082521
vn 0.860814 0.457033 -0.223875
vn 0.569699 0.821626 -0.019329
vn 0.374353 0.923607 0.082521
vn -0.565984 0.678695 0.468012
vn -0.636468 0.590582 0.496106
vn -0.607516 0.629072 0.484967
vn -0.565984 0.678695 0.468012
vn -0.584453 0.665506 0.464238
vn -0.586552 0.663384 0.464627
vn -0.554460 0.694621 0.458339
vn -0.554460 0.694621 0.458339
vn -0.539842 0.696461 0.472772
vn -0.542125 0.690933 0.478239
vn -0.543044 0.688669 0.480456
vn -0.539842 0.696461 0.472772
vn -0.045889 0.805889 0.590286
vn 0.003703 0.598404 0.801186
vn -0.002501 0.627399 0.778694
vn -0.045889 0.805889 0.590286
vn -0.003258 0.613438 0.789736
vn 0.014762 0.519586 0.854290
vn -0.043752 0.794926 0.605126
vn -0.043752 0.794926 0.605126
vn -0.070086 0.781612 0.619815
vn -0.070608 0.780693 0.620913
vn -0.072821 0.776770 0.625560
vn -0.070086 0.781612 0.619815
vn 0.117749 0.837011 -0.534367
vn 0.117749 0.837011 -0.534367
vn 0.179674 0.729825 -0.659601
vn 0.179674 0.729825 -0.659601
vn 0.309655 0.653880 -0.690329
vn 0.309655 0.653880 -0.690329
vn -0.501956 0.828384 -0.248635
vn -0.501956 0.828384 -0.248635
vn -0.515552 0.825844 -0.228445
vn -0.515552 0.825845 -0.228445
vn -0.524571 0.812956 -0.252839
vn -0.524571 0.812956 -0.252839
vn -0.612289 0.656114 0.441154
vn -0.612289 0.656114 0.441154
vn -0.600774 0.648705 0.467176
vn -0.600774 0.648705 0.467176
vn -0.653156 0.566704 0.502229
vn -0.653156 0.566704 0.502229
vn 0.066231 0.377610 0.923593
vn 0.066231 0.377610 0.923593
vn 0.039282 0.378840 0.924628
vn 0.039282 0.378840 0.924628
vn 0.033491 0.447162 0.893825
vn 0.033491 0.447163 0.893826
vn 0.608629 0.757792 0.235207
vn 0.608629 0.757792 0.235207
vn 0.691842 0.721103 -0.036959
vn 0.691842 0.721103 -0.036959
vn 0.891143 0.374427 -0.256258
vn 0.891143 0.374427 -0.256258
vn 0.165307 0.978022 -0.127073
vn 0.165307 0.978022 -0.127073
vn 0.165307 0.978022 -0.127073
vn 0.165307 0.978022 -0.127073
vn 0.165300 0.978024 -0.127066
vn 0.169775 0.979040 -0.112505
vn 0.175346 0.979994 -0.094153
vn 0.165300 0.978024 -0.127066
vn -0.575998 0.817398 -0.009287
vn -0.575998 0.817398 -0.009287
vn -0.576003 0.817394 -0.009317
vn -0.576003 0.817394 -0.009317
vn -0.576003 0.817394 -0.009317
vn -0.576003 0.817394 -0.009317
vn -0.602537 0.440366 0.665603
vn -0.602537 0.440366 0.665603
vn -0.602538 0.440355 0.665609
vn -0.602538 0.440355 0.665609
vn -0.602538 0.440355 0.665609
vn -0.602538 0.440355 0.665609
vn -0.111981 0.700919 0.704395
vn -0.111981 0.700919 0.704395
vn -0.111995 0.700920 0.704392
vn -0.111995 0.700920 0.704392
vn -0.111995 0.700920 0.704392
vn -0.111995 0.700920 0.704392
vn 0.180987 0.980599 -0.075298
vn 0.180990 0.980598 -0.075305
vn 0.180990 0.980598 -0.075305
vn 0.597325 0.577015 -0.557006
vn 0.597325 0.577015 -0.557006
vn 0.597324 0.577016 -0.557006
vn 0.597325 0.577016 -0.557006
vn 0.597325 0.577016 -0.557006
vn 0.597325 0.577016 -0.557006
s 1
g group2 Ore_Clicker48
usemtl initialShadingGroup
f 2662/3126/7676 2637/3089/7677 2659/3123/7678 2658/3122/7679
s off
f 2667/3131/7680 2635/3116/7681 2663/3128/7682 2665/3127/7683
s 2
f 2671/3135/7684 2647/3094/7685 2669/3133/7686 2668/3132/7687
s 3
f 2675/3139/7688 2641/3096/7689 2673/3137/7690 2672/3136/7691
s off
f 2662/3126/7692 2639/3117/7693 2664/3141/7694 2676/3140/7695
f 2681/3146/7696 2634/3099/7697 2680/3145/7698 2679/3144/7699
s 4
f 2684/3149/7700 2643/3098/7701 2677/3142/7702 2683/3147/7703
f 2686/3151/7704 2643/3098/7701 2684/3149/7700 2685/3150/7705
s 5
f 2691/3156/7706 2648/3100/7707 2688/3153/7708 2687/3152/7709
s 6
f 2695/3160/7710 2649/3115/7711 2688/3153/7712 2692/3157/7713
s 7
f 2699/3164/7714 2651/3103/7715 2690/3155/7716 2696/3161/7717
s 8
f 2703/3168/7718 2653/3113/7719 2694/3159/7720 2700/3165/7721
s 9
f 2706/3172/7722 2655/3112/7723 2702/3170/7724 2704/3169/7725
s 10
f 2691/3156/7726 2651/3103/7727 2708/3174/7728 2707/3173/7729
s 3
f 2709/3175/7730 2641/3096/7689 2675/3139/7688 2710/3176/7731
s 11
f 2711/3177/7732 2636/3093/7733 2666/3130/7734 2712/3178/7735
s 12
f 2713/3182/7736 2638/3090/7737 2659/3123/7738 2714/3180/7739
s 13
f 2715/3181/7740 2637/3089/7741 2678/3143/7742 2716/3183/7743
s 14
f 2720/3188/7744 2650/3102/7745 2689/3186/7746 2718/3185/7747
s 6
f 2719/3187/7748 2649/3101/7711 2695/3190/7710 2721/3189/7749
s 8
f 2722/3191/7750 2653/3105/7719 2703/3193/7718 2723/3192/7751
s 9
f 2724/3194/7752 2655/3109/7723 2706/3196/7722 2725/3195/7753
s 15
f 2726/3197/7754 2657/3106/7755 2697/3199/7756 2727/3198/7757
s 4
f 2717/3184/7758 2643/3098/7701 2686/3151/7704 2728/3200/7759
s 12
f 2659/3123/7738 2638/3090/7737 2660/3124/7760 2658/3122/7761
s off
f 2660/3124/7762 2640/3121/7763 2661/3125/7764 2658/3122/7765
f 2661/3125/7766 2639/3117/7767 2662/3126/7768 2658/3122/7769
f 2663/3128/7770 2640/3091/7771 2660/3129/7772 2665/3127/7773
s 16
f 2660/3129/7774 2638/3119/7775 2666/3130/7776 2665/3127/7777
s 11
f 2666/3130/7734 2636/3093/7733 2667/3131/7778 2665/3127/7779
s 17
f 2669/3133/7780 2642/3095/7781 2670/3134/7782 2668/3132/7783
s 18
f 2670/3134/7784 2641/3096/7785 2671/3135/7786 2668/3132/7787
s off
f 2673/3137/7788 2644/3097/7789 2674/3138/7790 2672/3136/7791
f 2674/3138/7792 2635/3116/7793 2667/3131/7794 2672/3136/7795
s 19
f 2667/3131/7796 2636/3093/7797 2675/3139/7798 2672/3136/7799
s off
f 2664/3141/7800 2646/3092/7801 2677/3142/7802 2676/3140/7803
s 20
f 2677/3142/7804 2643/3098/7805 2678/3143/7806 2676/3140/7807
s 13
f 2678/3143/7742 2637/3089/7741 2662/3126/7808 2676/3140/7809
s off
f 2680/3145/7810 2644/3097/7811 2673/3137/7812 2679/3144/7813
s 18
f 2673/3137/7814 2641/3096/7785 2670/3134/7784 2679/3144/7815
s 17
f 2670/3134/7782 2642/3095/7781 2681/3146/7816 2679/3144/7817
s off
f 2677/3142/7818 2646/3092/7819 2682/3148/7820 2683/3147/7821
f 2682/3148/7822 2634/3099/7823 2681/3146/7824 2683/3147/7825
s 21
f 2681/3146/7826 2642/3095/7827 2684/3149/7828 2683/3147/7829
f 2684/3149/7828 2642/3095/7827 2669/3133/7830 2685/3150/7831
s 22
f 2669/3133/7832 2647/3094/7833 2686/3151/7834 2685/3150/7835
s off
f 2688/3153/7836 2649/3115/7837 2689/3154/7838 2687/3152/7839
f 2689/3154/7840 2650/3114/7841 2690/3155/7842 2687/3152/7843
s 10
f 2690/3155/7844 2651/3103/7727 2691/3156/7726 2687/3152/7845
s 23
f 2688/3153/7846 2648/3100/7847 2693/3158/7848 2692/3157/7849
s 24
f 2693/3158/7850 2652/3104/7851 2694/3159/7852 2692/3157/7853
s 25
f 2694/3159/7854 2653/3113/7855 2695/3160/7856 2692/3157/7857
s 14
f 2690/3155/7858 2650/3114/7745 2697/3162/7859 2696/3161/7860
s 15
f 2697/3162/7756 2657/3111/7755 2698/3163/7861 2696/3161/7862
s 26
f 2698/3163/7863 2656/3107/7864 2699/3164/7865 2696/3161/7866
s 27
f 2694/3159/7867 2652/3104/7868 2701/3166/7869 2700/3165/7870
s 28
f 2701/3166/7871 2654/3108/7872 2702/3167/7873 2700/3165/7874
s 29
f 2702/3167/7875 2655/3118/7876 2703/3168/7877 2700/3165/7878
s 30
f 2702/3170/7879 2654/3120/7880 2705/3171/7881 2704/3169/7882
s 31
f 2705/3171/7883 2656/3107/7884 2698/3163/7885 2704/3169/7886
s 32
f 2698/3163/7887 2657/3111/7888 2706/3172/7889 2704/3169/7890
s 2
f 2708/3174/7891 2647/3094/7685 2671/3135/7684 2707/3173/7892
s 18
f 2671/3135/7786 2641/3096/7785 2709/3175/7893 2707/3173/7894
s 5
f 2709/3175/7895 2648/3100/7707 2691/3156/7706 2707/3173/7896
s 19
f 2675/3139/7798 2636/3093/7797 2711/3177/7897 2710/3176/7898
s 24
f 2711/3177/7899 2652/3104/7851 2693/3158/7850 2710/3176/7900
s 23
f 2693/3158/7848 2648/3100/7847 2709/3175/7901 2710/3176/7902
s 16
f 2666/3130/7776 2638/3119/7775 2713/3179/7903 2712/3178/7904
s 28
f 2713/3179/7905 2654/3108/7872 2701/3166/7871 2712/3178/7906
s 27
f 2701/3166/7869 2652/3104/7868 2711/3177/7907 2712/3178/7908
s 1
f 2659/3123/7678 2637/3089/7677 2715/3181/7909 2714/3180/7910
s 31
f 2715/3181/7911 2656/3107/7884 2705/3171/7883 2714/3180/7912
s 30
f 2705/3171/7881 2654/3120/7880 2713/3182/7913 2714/3180/7914
s 20
f 2678/3143/7806 2643/3098/7805 2717/3184/7915 2716/3183/7916
s 7
f 2717/3184/7917 2651/3103/7715 2699/3164/7714 2716/3183/7918
s 26
f 2699/3164/7865 2656/3107/7864 2715/3181/7919 2716/3183/7920
s off
f 2689/3186/7921 2649/3101/7922 2719/3187/7923 2718/3185/7924
s 33
f 2719/3187/7925 2645/3110/7926 2720/3188/7927 2718/3185/7928
s 25
f 2695/3190/7856 2653/3105/7855 2722/3191/7929 2721/3189/7930
s off
f 2722/3191/7931 2645/3110/7932 2719/3187/7933 2721/3189/7934
s 29
f 2703/3193/7877 2655/3109/7876 2724/3194/7935 2723/3192/7936
s off
f 2724/3194/7937 2645/3110/7938 2722/3191/7939 2723/3192/7940
s 32
f 2706/3196/7889 2657/3106/7888 2726/3197/7941 2725/3195/7942
s off
f 2726/3197/7943 2645/3110/7944 2724/3194/7945 2725/3195/7946
s 14
f 2697/3199/7859 2650/3102/7745 2720/3188/7744 2727/3198/7947
s 33
f 2720/3188/7927 2645/3110/7926 2726/3197/7948 2727/3198/7949
s 22
f 2686/3151/7834 2647/3094/7833 2708/3174/7950 2728/3200/7951
s off
f 2708/3174/7952 2651/3103/7953 2717/3184/7954 2728/3200/7955
g default
v 26.034787 -2.080718 46.238396
v 19.628928 -2.128722 40.812509
v 19.552032 2.524552 40.371576
v 12.822622 2.324666 43.073969
v 13.211897 -1.736006 42.664545
v 23.647733 4.695562 43.221501
v 24.960025 2.609893 47.515128
v 19.287971 4.958437 49.408007
v 24.504318 -2.109663 40.261258
v 17.720983 11.023994 45.199522
v 19.868377 -2.080718 50.907966
v 22.699963 5.709998 46.577964
v 21.421873 8.173834 44.455389
v 18.786226 10.272437 45.167898
v 18.101217 9.996138 46.119654
v 19.595817 8.734507 47.409226
v 19.430483 5.842882 42.248006
v 17.885990 8.204231 44.324201
v 15.465083 5.734845 44.475329
v 16.715493 8.585880 45.291868
v 15.797586 6.529188 48.551613
v 17.125779 9.509596 46.647351
v 12.743381 0.317218 42.545344
v 16.687631 -1.943155 42.181555
v 17.401646 -2.080718 50.575977
v 16.401570 0.249379 41.420921
v 16.197805 2.287651 41.785408
v 19.733243 0.244829 40.036050
v 23.010925 4.282996 46.076105
v 23.064307 4.151830 47.289622
v 23.567926 3.703233 45.437830
v 23.173847 5.202097 44.899732
v 21.764019 0.567446 40.566742
v 23.567936 0.848380 42.262624
v 21.914782 -2.119343 40.678647
v 21.298918 3.197545 41.491241
v 17.905804 0.201280 50.531948
v 19.685354 0.026810 50.670214
v 16.461008 3.084209 50.081033
v 25.514538 0.426674 42.981219
v 25.210424 -2.097257 41.707824
v 25.508733 -0.039816 47.366930
v 21.868890 -2.080718 49.802954
v 20.926416 0.529166 50.861100
v 21.361972 3.859338 48.739256
v 21.539909 4.387443 48.157092
v 20.993967 5.332618 47.992986
v 18.909273 9.615316 45.944377
v 19.517015 9.642351 45.040966
v 18.446248 10.109467 45.758250
v 18.466722 9.436410 46.694310
v 20.719723 8.268891 45.768989
v 18.824556 8.365301 44.224682
v 20.456476 7.043489 43.343016
v 18.236452 6.968482 43.491298
v 18.350843 9.019972 44.636234
v 17.519671 8.973238 47.123839
v 17.653988 9.735870 46.420349
v 16.519404 8.338450 47.580482
v 17.137630 7.384545 48.136865
v 17.090845 7.119358 44.284258
v 17.363371 5.700042 43.348591
v 15.891600 7.244570 45.114805
v 17.351593 8.185831 44.736155
v 16.192454 7.807742 46.298731
v 15.994739 6.005301 46.506705
v 16.835338 8.872914 45.948928
v 22.187711 7.134656 45.176672
v 21.439671 7.696788 47.008707
v 22.766115 6.900040 43.838106
v 21.694354 5.222248 42.244109
v 20.249999 4.308952 41.004112
v 17.371490 4.043284 42.308809
v 14.225647 4.183251 43.898582
v 14.291513 4.205917 46.575471
v 16.621955 5.299672 49.328384
v 18.636928 7.112508 48.759226
v 18.165456 10.460155 45.581473
v 18.105202 10.628361 45.244458
v 17.889336 10.628570 45.519112
v 18.090312 9.436583 44.780755
v 17.834820 9.633476 44.908913
v 17.677769 9.380526 45.018904
v 17.510292 9.975277 45.245146
v 17.521738 9.982114 45.496927
v 17.631873 10.610610 45.590317
v 17.765616 10.507349 45.630334
v 19.941791 6.810939 48.321378
v 15.092560 -2.199960 51.168377
v 14.880760 0.150823 51.310869
v 11.646911 1.972890 43.913436
v 12.750922 3.823147 44.728225
v 13.498565 3.772586 47.197472
v 15.183712 2.510433 50.667164
v 15.395108 4.728187 49.922358
v 11.663281 -0.017031 43.392093
v 12.327352 -2.008755 43.331494
v 14.897604 5.756102 49.214340
v 14.353030 5.265091 47.170779
v 16.012160 6.546622 48.915957
v 12.888024 1.569823 50.242862
v 12.370456 -0.545006 50.208601
v 11.430977 1.488494 47.043712
v 10.779839 -0.385493 46.302695
v 11.473305 -2.476029 50.289619
v 13.429320 -2.350179 51.345688
v 11.026020 -2.289504 45.557505
v 13.475116 -0.179407 51.475571
v 11.035747 1.595285 44.971412
v 12.114698 3.318183 45.439927
v 12.707265 3.338155 47.818281
v 13.265320 3.680712 50.153166
v 13.857543 2.101606 50.953292
v 14.115599 4.216160 50.334716
v 11.029055 -0.365192 44.502649
v 11.703988 -2.157169 44.178987
v 13.942698 4.966062 49.790367
v 13.498213 4.531444 47.655645
v 14.959023 5.649953 49.625832
v 17.262093 -0.939719 50.643090
v 14.986661 -1.024569 51.239623
v 13.452217 -1.264793 51.410629
v 11.921882 -1.510518 50.249110
v 10.902927 -1.337499 45.930101
v 11.366521 -1.261180 44.340818
v 11.995316 -1.012893 43.361793
v 12.977639 -0.709394 42.604945
v 16.544600 -0.846888 41.801238
v 19.681085 -0.941947 40.424280
v 21.839401 -0.775948 40.622695
v 24.036127 -0.630642 41.261941
v 25.362480 -0.835292 42.344522
v 25.771761 -1.060267 46.802663
v 21.397653 -0.775776 50.332027
v 20.081401 -1.026954 50.719783
vt 0.106185 0.192947
vt 0.019070 0.192947
vt 0.420449 0.012011
vt 0.167807 0.012011
vt 0.337331 0.192947
vt 0.219102 0.243023
vt 0.219102 0.124298
vt 0.252503 0.192947
vt 0.252503 0.012011
vt 0.167807 0.192947
vt 0.219102 0.012011
vt 0.252503 0.322184
vt 0.937112 0.011156
vt 0.924385 0.030541
vt 0.167807 0.322184
vt 0.337331 0.322184
vt 0.971978 0.011156
vt 0.924385 0.045989
vt 0.106185 0.322184
vt 0.420449 0.322184
vt 0.971979 0.045989
vt 0.943151 0.025258
vt 0.106185 0.530708
vt 0.019070 0.530708
vt 0.337331 0.530708
vt 0.167807 0.530708
vt 0.252503 0.530708
vt 0.337331 0.012011
vt 0.106185 0.012011
vt 0.420449 0.530708
vt 0.420449 0.192947
vt 0.019070 0.322184
vt 0.019070 0.012011
vt 0.062921 0.104181
vt 0.062627 0.192947
vt 0.019070 0.102479
vt 0.062627 0.012011
vt 0.106185 0.102479
vt 0.376693 0.103980
vt 0.378890 0.012011
vt 0.420449 0.102479
vt 0.378890 0.192947
vt 0.337331 0.102479
vt 0.230065 0.182301
vt 0.219102 0.183660
vt 0.235802 0.158622
vt 0.235802 0.217985
vt 0.291440 0.102554
vt 0.252503 0.102479
vt 0.294917 0.012011
vt 0.294917 0.192947
vt 0.141411 0.101629
vt 0.136996 0.012011
vt 0.167807 0.102479
vt 0.136996 0.192947
vt 0.238226 0.089536
vt 0.235802 0.012011
vt 0.219102 0.068154
vt 0.189385 0.094913
vt 0.193454 0.012011
vt 0.193454 0.158622
vt 0.201843 0.182238
vt 0.193454 0.217985
vt 0.210548 0.395955
vt 0.252503 0.426446
vt 0.210155 0.530708
vt 0.167807 0.426446
vt 0.210155 0.322184
vt 0.301350 0.399909
vt 0.294917 0.322184
vt 0.337331 0.426446
vt 0.294917 0.530708
vt 0.130484 0.396307
vt 0.136996 0.530708
vt 0.106185 0.426446
vt 0.136996 0.322184
vt 0.379926 0.401259
vt 0.378890 0.322184
vt 0.420449 0.426446
vt 0.378890 0.530708
vt 0.062977 0.399911
vt 0.019070 0.426446
vt 0.062627 0.322184
vt 0.062627 0.530708
vt 0.224323 0.267942
vt 0.193454 0.282603
vt 0.252503 0.257565
vt 0.292176 0.256251
vt 0.337331 0.257565
vt 0.380888 0.251037
vt 0.420449 0.257565
vt 0.063828 0.251308
vt 0.106185 0.257565
vt 0.019070 0.257565
vt 0.136449 0.254907
vt 0.167807 0.257565
vt 0.934320 0.023037
vt 0.930749 0.020848
vt 0.940131 0.018207
vt 0.933768 0.027899
vt 0.953180 0.015356
vt 0.954545 0.011156
vt 0.957565 0.018207
vt 0.962045 0.026393
vt 0.971978 0.028572
vt 0.957565 0.035623
vt 0.946240 0.039227
vt 0.948182 0.045989
vt 0.933768 0.035623
vt 0.931811 0.033232
vt 0.924385 0.038265
vt 0.184459 0.251757
vt 0.136996 0.012011
vt 0.141411 0.101629
vt 0.019070 0.257565
vt 0.019070 0.192947
vt 0.063828 0.251308
vt 0.136996 0.192947
vt 0.136449 0.254907
vt 0.019070 0.102479
vt 0.019070 0.012011
vt 0.106185 0.322184
vt 0.062627 0.322184
vt 0.136996 0.322184
vt 0.136996 0.012011
vt 0.141411 0.101629
vt 0.019070 0.257565
vt 0.019070 0.192947
vt 0.063828 0.251308
vt 0.136996 0.192947
vt 0.136449 0.254907
vt 0.019070 0.102479
vt 0.019070 0.012011
vt 0.106185 0.322184
vt 0.062627 0.322184
vt 0.136996 0.322184
vt 0.139203 0.056820
vt 0.139203 0.056820
vt 0.139203 0.056820
vt 0.106185 0.057245
vt 0.062774 0.058096
vt 0.019070 0.057245
vt 0.019070 0.057245
vt 0.019070 0.057245
vt 0.420449 0.057245
vt 0.377791 0.057995
vt 0.337331 0.057245
vt 0.293178 0.057283
vt 0.252503 0.057245
vt 0.237014 0.050774
vt 0.219102 0.040082
vt 0.191420 0.053462
vt 0.167807 0.057245
vn -0.901769 0.188630 0.388884
vn -0.902487 0.251584 0.349603
vn -0.902793 0.225584 0.366165
vn -0.901770 0.188630 0.388884
vn -0.390226 -0.307661 -0.867795
vn -0.389148 -0.307768 -0.868241
vn -0.403656 -0.306285 -0.862120
vn -0.403656 -0.306285 -0.862120
vn 0.914355 0.376787 0.148280
vn 0.910340 0.385943 0.149430
vn 0.977956 0.170927 0.119941
vn 0.977956 0.170927 0.119941
vn 0.535257 0.273485 -0.799191
vn 0.516630 0.293234 -0.804430
vn 0.544038 0.263947 -0.796463
vn 0.544039 0.263947 -0.796463
vn -0.621127 0.133589 0.772240
vn -0.592248 0.126670 0.795737
vn -0.541835 0.114641 0.832630
vn -0.541835 0.114641 0.832630
vn 0.990062 0.100108 -0.098772
vn 0.993435 0.087240 -0.074004
vn 0.984214 0.117494 -0.132353
vn 0.984214 0.117494 -0.132353
vn 0.271361 0.401662 0.874660
vn 0.334091 0.366602 0.868324
vn 0.197555 0.370786 0.907463
vn 0.197555 0.370786 0.907463
vn 0.507415 0.395637 0.765507
vn 0.515306 0.486200 0.705740
vn 0.632549 0.707113 0.316027
vn 0.665537 0.692705 0.277886
vn 0.611249 0.715060 0.339209
vn 0.611249 0.715060 0.339209
vn 0.074658 0.429570 -0.899942
vn 0.076565 0.407075 -0.910180
vn 0.073459 0.443305 -0.893356
vn 0.073459 0.443305 -0.893356
vn -0.174576 0.606356 0.775793
vn -0.107953 0.600908 0.791995
vn -0.042376 0.592841 0.804204
vn -0.042376 0.592841 0.804204
vn -0.557107 0.371472 -0.742725
vn -0.545835 0.379675 -0.746935
vn -0.512109 0.403266 -0.758367
vn -0.512109 0.403266 -0.758367
vn -0.857733 0.512402 -0.041687
vn -0.856367 0.514609 -0.042575
vn -0.854464 0.517661 -0.043806
vn -0.854464 0.517661 -0.043805
vn 0.553048 0.827154 0.099770
vn 0.538238 0.823220 0.180580
vn 0.559365 0.826974 0.056787
vn 0.559365 0.826974 0.056787
vn 0.491478 0.318918 -0.810395
vn 0.491478 0.318918 -0.810395
vn -0.385300 0.464145 -0.797567
vn -0.392927 0.288095 -0.873275
vn -0.392730 0.252347 -0.884355
vn -0.385300 0.464144 -0.797567
vn -0.848616 0.490592 0.197915
vn -0.939170 0.322175 0.119011
vn -0.910238 0.386377 0.148930
vn -0.848616 0.490592 0.197915
vn -0.529318 0.217070 0.820184
vn -0.678572 0.221018 0.700493
vn -0.625996 0.220499 0.748003
vn -0.529318 0.217070 0.820185
vn 0.178649 0.705249 0.686082
vn 0.074132 0.702612 0.707701
vn 0.365102 0.683085 0.632531
vn 0.365102 0.683085 0.632531
vn 0.080090 0.363253 -0.928242
vn 0.080090 0.363253 -0.928242
vn -0.646914 0.299625 -0.701233
vn -0.646914 0.299625 -0.701233
vn -0.862911 0.503904 -0.038279
vn -0.862911 0.503904 -0.038279
vn 0.076309 0.687334 0.722322
vn -0.014939 0.657162 0.753601
vn 0.030805 0.673135 0.738878
vn 0.076309 0.687334 0.722322
vn 0.494059 0.303524 0.814726
vn 0.494059 0.303524 0.814726
vn -0.986858 0.155948 0.042329
vn -0.986858 0.155948 0.042329
vn -0.950520 -0.159852 -0.266383
vn -0.943840 -0.150103 -0.294339
vn -0.923062 -0.124829 -0.363831
vn -0.923062 -0.124829 -0.363831
vn -0.976884 0.137466 0.163711
vn -0.976884 0.137466 0.163711
vn -0.964480 0.123251 0.233639
vn -0.967426 0.126208 0.219449
vn -0.185791 -0.230935 -0.955066
vn -0.185791 -0.230935 -0.955066
vn -0.227716 -0.236225 -0.944639
vn -0.220378 -0.235328 -0.946602
vn -0.315657 0.195269 -0.928564
vn -0.327680 0.345469 -0.879362
vn -0.329311 0.379491 -0.864604
vn -0.315657 0.195269 -0.928564
vn -0.386986 0.113838 -0.915031
vn -0.386986 0.113838 -0.915031
vn 0.653684 0.756748 -0.005545
vn 0.887827 0.452186 -0.085390
vn 0.863611 0.498530 -0.075124
vn 0.653684 0.756748 -0.005545
vn 0.903502 0.388479 -0.181022
vn 0.902398 0.393416 -0.175790
vn 0.907413 0.346911 0.237179
vn 0.910330 0.329336 0.250675
vn 0.240680 0.349450 -0.905515
vn 0.234945 0.348918 -0.907225
vn 0.033381 0.323013 -0.945806
vn 0.033381 0.323013 -0.945806
vn 0.021118 -0.172683 -0.984751
vn 0.021118 -0.172683 -0.984751
vn 0.098669 -0.171187 -0.980285
vn 0.104130 -0.171042 -0.979746
vn 0.323145 0.274928 -0.905534
vn 0.367797 0.251052 -0.895376
vn 0.438618 0.210613 -0.873645
vn 0.323145 0.274928 -0.905534
vn 0.031562 0.221124 0.974735
vn 0.020703 0.266135 0.963713
vn 0.026653 0.241569 0.970017
vn 0.031562 0.221124 0.974735
vn -0.721328 0.220570 0.656533
vn -0.721328 0.220570 0.656532
vn 0.725008 0.412914 -0.551240
vn 0.725008 0.412914 -0.551240
vn 0.606967 0.457990 -0.649489
vn 0.583588 0.464997 -0.665734
vn 0.850124 0.391580 -0.352070
vn 0.850124 0.391580 -0.352070
vn 0.902591 0.420531 -0.092109
vn 0.902591 0.420531 -0.092109
vn 0.310898 -0.112084 0.943811
vn 0.299282 -0.114909 0.947220
vn 0.414293 -0.085601 0.906109
vn 0.414293 -0.085601 0.906109
vn 0.627574 -0.160075 0.761923
vn 0.627574 -0.160075 0.761923
vn 0.617414 -0.166521 0.768811
vn 0.606737 -0.173182 0.775808
vn 0.525520 0.275601 0.804906
vn 0.523342 0.293680 0.799916
vn 0.518239 0.330788 0.788674
vn 0.525520 0.275601 0.804906
vn 0.443864 0.620556 0.646448
vn 0.443864 0.620556 0.646448
vn 0.504373 0.442752 0.741335
vn 0.554256 0.311093 0.772024
vn 0.561586 0.288089 0.775645
vn 0.504373 0.442752 0.741335
vn 0.595906 0.657093 0.461655
vn 0.595906 0.657093 0.461655
vn 0.595906 0.657093 0.461655
vn 0.595906 0.657093 0.461655
vn 0.454429 0.727914 0.513454
vn 0.454429 0.727914 0.513454
vn 0.454429 0.727914 0.513454
vn 0.454429 0.727914 0.513454
vn 0.523547 0.815937 0.245245
vn 0.523547 0.815937 0.245245
vn 0.114314 0.572001 -0.812248
vn 0.155779 0.585273 -0.795731
vn 0.169634 0.589447 -0.789795
vn 0.114314 0.572001 -0.812248
vn 0.030773 0.621026 -0.783185
vn 0.095271 0.627983 -0.772373
vn -0.073411 0.604164 -0.793471
vn -0.073411 0.604164 -0.793471
vn -0.174350 0.487271 -0.855669
vn -0.166682 0.478123 -0.862332
vn -0.130007 0.433664 -0.891647
vn -0.174350 0.487271 -0.855669
vn 0.014616 0.696229 0.717670
vn 0.017580 0.697223 0.716639
vn 0.014616 0.696229 0.717671
vn -0.028504 0.652099 0.757598
vn -0.028504 0.652099 0.757598
vn 0.000585 0.504111 0.863638
vn 0.000585 0.504111 0.863638
vn 0.000585 0.504111 0.863638
vn 0.000585 0.504111 0.863638
vn -0.462988 0.407252 -0.787266
vn -0.425982 0.447281 -0.786434
vn -0.437945 0.434634 -0.786954
vn -0.462988 0.407252 -0.787266
vn -0.407389 0.507301 -0.759395
vn -0.411733 0.502276 -0.760391
vn -0.463818 0.438391 -0.769861
vn -0.463818 0.438391 -0.769861
vn -0.469696 0.415113 -0.779145
vn -0.470556 0.363720 -0.803919
vn -0.470440 0.380928 -0.795977
vn -0.469696 0.415113 -0.779145
vn -0.965539 0.154706 0.209287
vn -0.816547 0.570649 0.087242
vn -0.868864 0.480618 0.118665
vn -0.965539 0.154706 0.209287
vn -0.971231 0.235293 -0.036696
vn -0.971231 0.235293 -0.036696
vn -0.971231 0.235293 -0.036696
vn -0.971231 0.235293 -0.036696
vn -0.875750 0.482628 -0.011481
vn -0.893102 0.444276 -0.070628
vn -0.886587 0.460217 -0.046526
vn -0.875750 0.482628 -0.011481
vn 0.868646 0.469098 0.159380
vn 0.868646 0.469098 0.159380
vn 0.905027 0.359486 0.227366
vn 0.905027 0.359486 0.227366
vn 0.689447 0.680446 0.248306
vn 0.689447 0.680446 0.248306
vn 0.540048 0.146421 -0.828800
vn 0.540048 0.146421 -0.828800
vn 0.172166 0.632747 -0.754977
vn 0.172166 0.632747 -0.754977
vn 0.203228 0.599017 -0.774517
vn 0.203228 0.599017 -0.774517
vn -0.330969 0.527731 -0.782278
vn -0.330969 0.527731 -0.782278
vn -0.388057 0.529137 -0.754603
vn -0.388057 0.529137 -0.754603
vn -0.419782 0.453730 -0.786074
vn -0.419782 0.453730 -0.786074
vn -0.897157 0.322354 0.301990
vn -0.897157 0.322354 0.301990
vn -0.846786 0.522629 0.099061
vn -0.846786 0.522629 0.099061
vn -0.846786 0.522629 0.099061
vn -0.846786 0.522629 0.099061
vn -0.754374 0.654163 0.054690
vn -0.754374 0.654163 0.054690
vn 0.010802 0.306484 0.951814
vn 0.010802 0.306484 0.951814
vn -0.207758 0.608012 0.766263
vn -0.207758 0.608012 0.766262
vn -0.334997 0.501695 0.797546
vn -0.334997 0.501695 0.797546
vn -0.334997 0.501695 0.797546
vn -0.334997 0.501695 0.797546
vn 0.507970 0.751209 0.421487
vn 0.507970 0.751209 0.421487
vn 0.507970 0.751209 0.421487
vn 0.507970 0.751209 0.421487
vn 0.545655 0.720284 0.428313
vn 0.436847 0.715064 0.545755
vn 0.420436 0.712829 0.561345
vn 0.545655 0.720284 0.428313
vn -0.068466 0.356547 -0.931765
vn -0.068466 0.356547 -0.931765
vn 0.138244 0.282576 -0.949231
vn 0.138244 0.282576 -0.949231
vn 0.138244 0.282576 -0.949231
vn 0.138244 0.282576 -0.949231
vn -0.468779 0.279880 -0.837803
vn -0.468779 0.279880 -0.837803
vn -0.663846 0.098924 -0.741298
vn -0.663846 0.098924 -0.741298
vn -0.663846 0.098924 -0.741298
vn -0.663846 0.098924 -0.741298
vn -0.909789 0.385050 -0.154983
vn -0.909789 0.385050 -0.154983
vn -0.982193 0.187874 0.000154
vn -0.982193 0.187874 0.000154
vn -0.982193 0.187874 0.000154
vn -0.982193 0.187874 0.000154
vn 0.040333 0.704599 0.708458
vn 0.162982 0.640130 0.750780
vn 0.162982 0.640130 0.750780
vn 0.581935 0.216633 0.783851
vn 0.581935 0.216633 0.783851
vn 0.403588 0.450275 0.796473
vn 0.403588 0.450275 0.796473
vn 0.403588 0.450275 0.796473
vn 0.403588 0.450275 0.796473
vn 0.252206 -0.031045 0.967175
vn 0.252062 -0.037453 0.966986
vn 0.252072 -0.037035 0.966999
vn 0.252206 -0.031045 0.967175
vn -0.531516 0.616191 -0.581205
vn -0.531516 0.616191 -0.581205
vn -0.531516 0.616191 -0.581205
vn -0.531516 0.616191 -0.581205
vn -0.299671 0.952595 0.052536
vn -0.299671 0.952595 0.052536
vn -0.299671 0.952595 0.052536
vn -0.299671 0.952595 0.052536
vn 0.300143 0.282540 0.911090
vn 0.300143 0.282540 0.911090
vn 0.300143 0.282540 0.911090
vn 0.300143 0.282540 0.911090
vn -0.625383 0.207424 -0.752244
vn -0.625383 0.207424 -0.752244
vn -0.625383 0.207424 -0.752244
vn -0.625383 0.207424 -0.752244
vn -0.567831 -0.170659 -0.805260
vn -0.567964 -0.170695 -0.805158
vn -0.564000 -0.169629 -0.808165
vn -0.564000 -0.169629 -0.808165
vn 0.259423 0.251209 0.932520
vn 0.259423 0.251209 0.932520
vn 0.259423 0.251209 0.932520
vn 0.259423 0.251209 0.932520
vn -0.563480 0.811722 -0.153615
vn -0.563480 0.811722 -0.153615
vn -0.563480 0.811722 -0.153615
vn -0.563480 0.811722 -0.153615
vn -0.574534 0.426130 -0.698802
vn -0.574534 0.426130 -0.698802
vn -0.574534 0.426130 -0.698802
vn -0.574534 0.426130 -0.698802
vn -0.488833 0.836423 0.247867
vn -0.488833 0.836423 0.247867
vn -0.488833 0.836423 0.247867
vn -0.488833 0.836423 0.247867
vn 0.259918 0.415422 0.871704
vn 0.259918 0.415422 0.871704
vn 0.259918 0.415422 0.871704
vn 0.259918 0.415422 0.871704
vn 0.114819 -0.055532 0.991833
vn 0.119311 -0.055336 0.991314
vn 0.118664 -0.055364 0.991390
vn 0.114819 -0.055532 0.991833
vn -0.777975 0.570121 -0.264040
vn -0.777975 0.570121 -0.264040
vn -0.777975 0.570121 -0.264040
vn -0.777975 0.570121 -0.264040
vn -0.456219 0.880070 0.131684
vn -0.456219 0.880070 0.131684
vn -0.456219 0.880070 0.131684
vn -0.456219 0.880070 0.131684
vn 0.154465 0.281316 0.947102
vn 0.154465 0.281316 0.947102
vn 0.154465 0.281316 0.947102
vn 0.154465 0.281316 0.947102
vn -0.877534 0.114553 -0.465630
vn -0.877534 0.114553 -0.465630
vn -0.877534 0.114553 -0.465630
vn -0.877534 0.114553 -0.465630
vn -0.794271 -0.223715 -0.564877
vn -0.793480 -0.223306 -0.566148
vn -0.782349 -0.217596 -0.583594
vn -0.782349 -0.217596 -0.583594
vn 0.097912 0.228885 0.968517
vn 0.097912 0.228885 0.968517
vn 0.097912 0.228885 0.968517
vn 0.097912 0.228885 0.968517
vn -0.649073 0.760581 -0.014849
vn -0.649073 0.760581 -0.014849
vn -0.649073 0.760581 -0.014849
vn -0.649073 0.760581 -0.014849
vn -0.685558 0.376054 -0.623373
vn -0.685558 0.376054 -0.623373
vn -0.685558 0.376054 -0.623373
vn -0.685558 0.376054 -0.623373
vn -0.502595 0.816014 0.285516
vn -0.502595 0.816014 0.285516
vn -0.502595 0.816014 0.285516
vn -0.502595 0.816014 0.285516
vn 0.200964 0.384867 0.900828
vn 0.200964 0.384867 0.900828
vn 0.200964 0.384867 0.900828
vn 0.200964 0.384867 0.900828
vn 0.251958 -0.041846 0.966833
vn 0.251958 -0.041846 0.966833
vn 0.123827 -0.055137 0.990771
vn 0.123827 -0.055137 0.990771
vn -0.688627 0.149854 0.709462
vn -0.688627 0.149854 0.709462
vn -0.946346 0.107881 0.304615
vn -0.946346 0.107881 0.304615
vn -0.961621 -0.179687 -0.207360
vn -0.961621 -0.179687 -0.207360
vn -0.803007 -0.228264 -0.550523
vn -0.803007 -0.228264 -0.550523
vn -0.571115 -0.171542 -0.802746
vn -0.571115 -0.171542 -0.802746
vn -0.256679 -0.239648 -0.936314
vn -0.256679 -0.239648 -0.936315
vn -0.377504 -0.308895 -0.872968
vn -0.377504 -0.308895 -0.872968
vn 0.188034 -0.168151 -0.967661
vn 0.188034 -0.168151 -0.967661
vn 0.441365 0.360112 -0.821898
vn 0.441365 0.360112 -0.821898
vn 0.490674 0.487867 -0.721959
vn 0.490674 0.487867 -0.721959
vn 0.996776 0.069530 -0.040039
vn 0.996776 0.069530 -0.040039
vn 0.596405 -0.179521 0.782351
vn 0.596405 -0.179521 0.782351
vn 0.121095 -0.154800 0.980496
vn 0.121095 -0.154800 0.980496
s 1
g group2 Ore_Clicker49
usemtl initialShadingGroup
f 2830/3238/7956 2829/3201/7957 2831/3235/7958 2832/3234/7959
s 2
f 2856/3346/7960 2857/3347/7961 2730/3228/7962 2752/3240/7963
s 3
f 2760/3247/7964 2740/3206/7965 2758/3245/7966 2757/3244/7967
s 4
f 2764/3251/7968 2734/3208/7969 2762/3249/7970 2761/3248/7971
s 5
f 2850/3339/7972 2851/3340/7973 2833/3229/7974 2834/3325/7975
s 6
f 2860/3350/7976 2861/3351/7977 2729/3211/7978 2769/3257/7979
s 7
f 2773/3261/7980 2736/3210/7981 2766/3254/7982 2772/3259/7983
f 2775/3263/7984 2736/3210/7981 2773/3261/7980 2774/3262/7985
s 8
f 2780/3268/7986 2741/3212/7987 2777/3265/7988 2776/3264/7989
s 9
f 2784/3272/7990 2742/3227/7991 2777/3265/7992 2781/3269/7993
s 10
f 2788/3276/7994 2744/3215/7995 2779/3267/7996 2785/3273/7997
s 11
f 2792/3280/7998 2746/3225/7999 2783/3271/8000 2789/3277/8001
s 12
f 2795/3284/8002 2748/3224/8003 2791/3282/8004 2793/3281/8005
s 13
f 2780/3268/8006 2744/3215/8007 2797/3286/8008 2796/3285/8009
s 4
f 2798/3287/8010 2734/3208/7969 2764/3251/7968 2799/3288/8011
s 14
f 2800/3289/8012 2731/3205/8013 2755/3242/8014 2801/3290/8015
s 15
f 2838/3327/8016 2837/3328/8017 2831/3235/8018 2839/3329/8019
s 16
f 2840/3293/8020 2829/3201/8021 2841/3330/8022 2842/3331/8023
s 17
f 2808/3300/8024 2743/3214/8025 2778/3298/8026 2806/3297/8027
s 9
f 2807/3299/8028 2742/3213/7991 2784/3302/7990 2809/3301/8029
s 11
f 2810/3303/8030 2746/3217/7999 2792/3305/7998 2811/3304/8031
s 12
f 2812/3306/8032 2748/3221/8003 2795/3308/8002 2813/3307/8033
s 18
f 2814/3309/8034 2750/3218/8035 2786/3311/8036 2815/3310/8037
s 7
f 2805/3296/8038 2736/3210/7981 2775/3263/7984 2816/3312/8039
s 15
f 2831/3235/8018 2837/3328/8017 2843/3332/8040 2832/3234/8041
s 19
f 2852/3341/8042 2853/3342/8043 2844/3333/8044 2835/3237/8045
s 20
f 2835/3237/8046 2833/3229/8047 2851/3340/8048 2852/3341/8049
s 21
f 2752/3240/8050 2733/3203/8051 2855/3345/8052 2856/3346/8053
s 22
f 2751/3241/8054 2732/3231/8055 2755/3242/8056 2754/3239/8057
s 14
f 2755/3242/8014 2731/3205/8013 2756/3243/8058 2754/3239/8059
s 23
f 2758/3245/8060 2735/3207/8061 2759/3246/8062 2757/3244/8063
s 24
f 2759/3246/8064 2734/3208/8065 2760/3247/8066 2757/3244/8067
s 25
f 2858/3348/8068 2859/3349/8069 2737/3209/8070 2763/3250/8071
s 26
f 2763/3250/8072 2730/3228/8073 2857/3347/8074 2858/3348/8075
s 27
f 2756/3243/8076 2731/3205/8077 2764/3251/8078 2761/3248/8079
s 28
f 2766/3254/8080 2736/3210/8081 2767/3255/8082 2765/3252/8083
s 16
f 2841/3330/8022 2829/3201/8021 2830/3238/8084 2836/3326/8085
s 29
f 2769/3257/8086 2737/3209/8087 2859/3349/8088 2860/3350/8089
s 24
f 2762/3249/8090 2734/3208/8065 2759/3246/8064 2768/3256/8091
s 23
f 2759/3246/8062 2735/3207/8061 2770/3258/8092 2768/3256/8093
s 30
f 2862/3352/8094 2863/3353/8095 2739/3204/8096 2771/3260/8097
s 31
f 2771/3260/8098 2729/3211/8099 2861/3351/8100 2862/3352/8101
s 32
f 2770/3258/8102 2735/3207/8103 2773/3261/8104 2772/3259/8105
f 2773/3261/8104 2735/3207/8103 2758/3245/8106 2774/3262/8107
s 33
f 2758/3245/8108 2740/3206/8109 2775/3263/8110 2774/3262/8111
s off
f 2777/3265/8112 2742/3227/8113 2778/3266/8114 2776/3264/8115
f 2778/3266/8116 2743/3226/8117 2779/3267/8118 2776/3264/8119
s 13
f 2779/3267/8120 2744/3215/8007 2780/3268/8006 2776/3264/8121
s 34
f 2777/3265/8122 2741/3212/8123 2782/3270/8124 2781/3269/8125
s 35
f 2782/3270/8126 2745/3216/8127 2783/3271/8128 2781/3269/8129
s 36
f 2783/3271/8130 2746/3225/8131 2784/3272/8132 2781/3269/8133
s 17
f 2779/3267/8134 2743/3226/8025 2786/3274/8135 2785/3273/8136
s 18
f 2786/3274/8036 2750/3223/8035 2787/3275/8137 2785/3273/8138
s off
f 2787/3275/8139 2749/3219/8140 2788/3276/8141 2785/3273/8142
s 37
f 2783/3271/8143 2745/3216/8144 2790/3278/8145 2789/3277/8146
s 38
f 2790/3278/8147 2747/3220/8148 2791/3279/8149 2789/3277/8150
s 39
f 2791/3279/8151 2748/3230/8152 2792/3280/8153 2789/3277/8154
s 40
f 2791/3282/8155 2747/3232/8156 2794/3283/8157 2793/3281/8158
s off
f 2794/3283/8159 2749/3219/8160 2787/3275/8161 2793/3281/8162
s 41
f 2787/3275/8163 2750/3223/8164 2795/3284/8165 2793/3281/8166
s 3
f 2797/3286/8167 2740/3206/7965 2760/3247/7964 2796/3285/8168
s 24
f 2760/3247/8066 2734/3208/8065 2798/3287/8169 2796/3285/8170
s 8
f 2798/3287/8171 2741/3212/7987 2780/3268/7986 2796/3285/8172
s 27
f 2764/3251/8078 2731/3205/8077 2800/3289/8173 2799/3288/8174
s 35
f 2800/3289/8175 2745/3216/8127 2782/3270/8126 2799/3288/8176
s 34
f 2782/3270/8124 2741/3212/8123 2798/3287/8177 2799/3288/8178
s 22
f 2755/3242/8056 2732/3231/8055 2802/3291/8179 2801/3290/8180
s 38
f 2802/3291/8181 2747/3220/8148 2790/3278/8147 2801/3290/8182
s 37
f 2790/3278/8145 2745/3216/8144 2800/3289/8183 2801/3290/8184
s 1
f 2831/3235/7958 2829/3201/7957 2840/3293/8185 2839/3329/8186
s off
f 2840/3293/8187 2845/3334/8188 2846/3335/8189 2839/3329/8190
s 40
f 2794/3283/8157 2747/3232/8156 2802/3294/8191 2803/3292/8192
s 28
f 2767/3255/8082 2736/3210/8081 2805/3296/8193 2804/3295/8194
s 10
f 2805/3296/8195 2744/3215/7995 2788/3276/7994 2804/3295/8196
s off
f 2847/3336/8197 2845/3334/8198 2840/3293/8199 2842/3331/8200
f 2778/3298/8201 2742/3213/8202 2807/3299/8203 2806/3297/8204
s 42
f 2807/3299/8205 2738/3222/8206 2808/3300/8207 2806/3297/8208
s 36
f 2784/3302/8132 2746/3217/8131 2810/3303/8209 2809/3301/8210
s off
f 2810/3303/8211 2738/3222/8212 2807/3299/8213 2809/3301/8214
s 39
f 2792/3305/8153 2748/3221/8152 2812/3306/8215 2811/3304/8216
s off
f 2812/3306/8217 2738/3222/8218 2810/3303/8219 2811/3304/8220
s 41
f 2795/3308/8165 2750/3218/8164 2814/3309/8221 2813/3307/8222
s off
f 2814/3309/8223 2738/3222/8224 2812/3306/8225 2813/3307/8226
s 17
f 2786/3311/8135 2743/3214/8025 2808/3300/8024 2815/3310/8227
s 42
f 2808/3300/8207 2738/3222/8206 2814/3309/8228 2815/3310/8229
s 33
f 2775/3263/8110 2740/3206/8109 2797/3286/8230 2816/3312/8231
s off
f 2797/3286/8232 2744/3215/8233 2805/3296/8234 2816/3312/8235
s 43
f 2753/3253/8236 2848/3337/8237 2849/3338/8238 2817/3313/8239
s off
f 2802/3294/8240 2732/3202/8241 2819/3316/8242 2820/3315/8243
f 2803/3292/8244 2802/3294/8245 2820/3315/8246 2821/3317/8247
f 2767/3255/8248 2804/3295/8249 2823/3319/8250 2822/3318/8251
f 2732/3202/8252 2751/3236/8253 2824/3320/8254 2819/3316/8255
s 44
f 2854/3343/8256 2855/3344/8257 2733/3233/8258 2825/3321/8259
s off
f 2765/3252/8260 2767/3255/8261 2822/3318/8262 2818/3314/8263
f 2749/3219/8264 2794/3283/8265 2827/3323/8266 2826/3322/8267
f 2794/3283/8268 2803/3292/8269 2821/3317/8270 2827/3323/8271
f 2788/3276/8272 2749/3219/8273 2826/3322/8274 2828/3324/8275
f 2804/3295/8276 2788/3276/8277 2828/3324/8278 2823/3319/8279
s 45
f 2817/3313/8280 2849/3338/8281 2850/3339/8282 2834/3325/8283
s off
f 2820/3315/8284 2819/3316/8285 2837/3328/8286 2838/3327/8287
f 2821/3317/8288 2820/3315/8289 2838/3327/8290 2839/3329/8291
f 2822/3318/8292 2823/3319/8293 2842/3331/8294 2841/3330/8295
f 2819/3316/8296 2824/3320/8297 2843/3332/8298 2837/3328/8299
s 46
f 2853/3342/8300 2854/3343/8301 2825/3321/8302 2844/3333/8303
s off
f 2818/3314/8304 2822/3318/8305 2841/3330/8306 2836/3326/8307
f 2826/3322/8308 2827/3323/8309 2846/3335/8310 2845/3334/8311
f 2827/3323/8312 2821/3317/8313 2839/3329/8314 2846/3335/8315
f 2828/3324/8316 2826/3322/8317 2845/3334/8318 2847/3336/8319
f 2823/3319/8320 2828/3324/8321 2847/3336/8322 2842/3331/8323
s 43
f 2849/3338/8238 2848/3337/8237 2765/3252/8324 2818/3314/8325
s 45
f 2850/3339/8282 2849/3338/8281 2818/3314/8326 2836/3326/8327
s 5
f 2830/3238/8328 2851/3340/7973 2850/3339/7972 2836/3326/8329
s 20
f 2852/3341/8049 2851/3340/8048 2830/3238/8330 2832/3234/8331
s 19
f 2843/3332/8332 2853/3342/8043 2852/3341/8042 2832/3234/8333
s 46
f 2824/3320/8334 2854/3343/8301 2853/3342/8300 2843/3332/8335
s 44
f 2751/3236/8336 2855/3344/8257 2854/3343/8256 2824/3320/8337
s 21
f 2856/3346/8053 2855/3345/8052 2751/3241/8338 2754/3239/8339
s 2
f 2756/3243/8340 2857/3347/7961 2856/3346/7960 2754/3239/8341
s 26
f 2858/3348/8075 2857/3347/8074 2756/3243/8342 2761/3248/8343
s 25
f 2762/3249/8344 2859/3349/8069 2858/3348/8068 2761/3248/8345
s 29
f 2860/3350/8089 2859/3349/8088 2762/3249/8346 2768/3256/8347
s 6
f 2770/3258/8348 2861/3351/7977 2860/3350/7976 2768/3256/8349
s 31
f 2862/3352/8101 2861/3351/8100 2770/3258/8350 2772/3259/8351
s 30
f 2766/3254/8352 2863/3353/8095 2862/3352/8094 2772/3259/8353
g default
v 42.849873 0.007905 -88.443872
v 32.531845 -0.049899 -99.540817
v 32.358833 6.678195 -99.619680
v 30.597599 5.555334 -78.107657
v 25.038346 5.657319 -89.700147
v 31.125308 0.007905 -77.445608
v 26.634210 0.393102 -88.930521
v 38.079643 8.596296 -95.711627
v 42.851357 4.981626 -87.619473
v 35.717845 8.913048 -79.601742
v 39.696276 -0.023185 -99.059177
v 32.491862 14.412702 -88.962955
v 38.454051 0.007905 -80.462511
v 38.702781 9.830195 -87.894809
v 35.861859 12.494758 -91.756213
v 33.277816 14.290641 -89.312370
v 33.305366 14.106623 -87.811329
v 35.228265 12.779162 -84.477723
v 31.984838 9.573330 -95.989236
v 32.469343 13.336615 -90.357947
v 27.591804 9.449898 -87.852947
v 31.977303 13.601222 -88.492709
v 31.390900 10.409939 -79.644367
v 32.694038 14.092834 -87.170396
v 28.352426 2.955635 -83.521256
v 27.817972 5.606326 -83.903904
v 25.836277 3.025210 -89.315336
v 28.879759 0.200504 -83.188063
v 30.861453 2.781619 -77.776630
v 29.583027 0.171602 -94.235671
v 34.789679 0.007905 -78.954058
v 29.286733 3.237215 -94.692565
v 28.698589 6.167757 -94.659912
v 32.445339 3.314148 -99.580249
v 40.033600 7.633309 -90.366191
v 40.777069 7.405911 -87.757142
v 40.465500 6.788961 -91.665552
v 38.391212 9.213246 -91.803221
v 35.934045 3.786556 -98.403913
v 38.887960 4.286555 -97.385402
v 36.114061 -0.036542 -99.299998
v 35.219238 7.637246 -97.665656
v 34.424845 3.621782 -79.061005
v 37.085947 4.460476 -80.032128
v 33.157721 7.234192 -78.854698
v 40.574895 3.579699 -93.362968
v 41.273074 -0.007640 -93.751525
v 42.850615 2.494765 -88.031673
v 40.651961 0.007905 -84.453193
v 39.473058 3.942826 -83.393688
v 39.284601 6.947337 -83.610607
v 39.180562 7.746290 -84.912755
v 37.210312 9.371622 -83.748277
v 34.759357 13.182204 -88.338887
v 34.569838 13.392699 -90.534292
v 33.291591 14.198632 -88.561850
v 34.266816 13.442893 -86.144527
v 35.545062 12.636960 -88.116967
v 33.379053 11.946124 -92.537111
v 33.923349 11.034043 -93.872725
v 32.227090 11.454973 -93.173595
v 32.873579 13.813628 -89.835158
v 32.965585 12.346534 -83.671898
v 32.999702 14.099730 -87.490863
v 32.042469 12.251387 -83.407382
v 33.309583 11.594551 -82.061047
v 30.641796 10.958740 -90.920560
v 29.788321 9.511613 -91.921094
v 29.784555 11.525560 -88.172828
v 32.223323 13.468919 -89.425328
v 30.564489 11.390276 -85.251347
v 29.491352 9.929918 -83.748658
v 32.335671 13.847028 -87.831552
v 37.004636 10.875718 -90.078767
v 36.965523 11.304680 -86.186266
v 36.970751 10.545527 -93.733921
v 34.755520 9.362869 -95.685921
v 32.171836 8.125762 -97.804461
v 29.061358 7.643042 -93.252299
v 26.315075 7.553608 -88.776549
v 28.628235 7.555646 -83.714950
v 30.994249 7.982637 -78.876013
v 33.201685 9.327211 -80.382663
v 35.473055 10.846105 -82.039733
v 33.028837 14.263845 -88.650353
v 32.884840 14.351671 -89.137662
v 32.898614 14.259663 -88.387142
v 32.717577 13.949802 -89.622374
v 32.480602 13.874657 -89.660449
v 32.326626 13.774622 -89.322095
v 32.234583 14.006962 -88.727832
v 32.392520 14.036861 -88.191915
v 32.592950 14.252768 -88.066677
v 32.799470 14.219756 -88.051191
v 36.564793 10.447832 -83.945168
vt 0.106185 0.192947
vt 0.019070 0.192947
vt 0.420449 0.012011
vt 0.167807 0.012011
vt 0.337331 0.192947
vt 0.219102 0.243023
vt 0.219102 0.124298
vt 0.252503 0.192947
vt 0.252503 0.012011
vt 0.167807 0.192947
vt 0.219102 0.012011
vt 0.252503 0.322184
vt 0.937112 0.011156
vt 0.924385 0.030541
vt 0.167807 0.322184
vt 0.337331 0.322184
vt 0.971978 0.011156
vt 0.924385 0.045989
vt 0.106185 0.322184
vt 0.420449 0.322184
vt 0.971979 0.045989
vt 0.943151 0.025258
vt 0.106185 0.530708
vt 0.019070 0.530708
vt 0.337331 0.530708
vt 0.167807 0.530708
vt 0.252503 0.530708
vt 0.337331 0.012011
vt 0.106185 0.012011
vt 0.420449 0.530708
vt 0.420449 0.192947
vt 0.019070 0.322184
vt 0.019070 0.012011
vt 0.062866 0.104218
vt 0.062627 0.192947
vt 0.019070 0.102479
vt 0.062627 0.012011
vt 0.106185 0.102479
vt 0.376942 0.104303
vt 0.378890 0.012011
vt 0.420449 0.102479
vt 0.378890 0.192947
vt 0.337331 0.102479
vt 0.230098 0.182581
vt 0.219102 0.183660
vt 0.235802 0.158622
vt 0.235802 0.217985
vt 0.291470 0.101342
vt 0.252503 0.102479
vt 0.294917 0.012011
vt 0.294917 0.192947
vt 0.141237 0.099960
vt 0.136996 0.012011
vt 0.167807 0.102479
vt 0.136996 0.192947
vt 0.238215 0.089282
vt 0.235802 0.012011
vt 0.219102 0.068154
vt 0.189613 0.094697
vt 0.193454 0.012011
vt 0.193454 0.158622
vt 0.201279 0.182269
vt 0.193454 0.217985
vt 0.211427 0.395310
vt 0.252503 0.426446
vt 0.210155 0.530708
vt 0.167807 0.426446
vt 0.210155 0.322184
vt 0.300435 0.400030
vt 0.294917 0.322184
vt 0.337331 0.426446
vt 0.294917 0.530708
vt 0.130471 0.395176
vt 0.136996 0.530708
vt 0.106185 0.426446
vt 0.136996 0.322184
vt 0.380283 0.398777
vt 0.378890 0.322184
vt 0.420449 0.426446
vt 0.378890 0.530708
vt 0.063038 0.400078
vt 0.019070 0.426446
vt 0.062627 0.322184
vt 0.062627 0.530708
vt 0.223866 0.268513
vt 0.193454 0.282603
vt 0.252503 0.257565
vt 0.292002 0.255637
vt 0.337331 0.257565
vt 0.380625 0.250473
vt 0.420449 0.257565
vt 0.063674 0.251181
vt 0.106185 0.257565
vt 0.019070 0.257565
vt 0.136592 0.255371
vt 0.167807 0.257565
vt 0.934465 0.022866
vt 0.930749 0.020848
vt 0.940131 0.018207
vt 0.933768 0.027899
vt 0.952819 0.015436
vt 0.954545 0.011156
vt 0.957565 0.018207
vt 0.962342 0.026506
vt 0.971978 0.028572
vt 0.957565 0.035623
vt 0.946157 0.039194
vt 0.948182 0.045989
vt 0.933768 0.035623
vt 0.931596 0.033395
vt 0.924385 0.038265
vt 0.185047 0.251024
vn -0.906834 -0.078987 0.414021
vn -0.905855 0.064033 0.418721
vn -0.904188 0.084506 0.418692
vn -0.906834 -0.078987 0.414021
vn -0.854857 -0.090336 -0.510939
vn -0.854857 -0.090336 -0.510939
vn -0.854857 -0.090336 -0.510939
vn -0.854857 -0.090336 -0.510939
vn 0.705016 0.694062 -0.145706
vn 0.686315 0.713646 -0.140293
vn 0.754084 0.636956 -0.160141
vn 0.754084 0.636956 -0.160141
vn 0.319426 0.457243 -0.829998
vn 0.283255 0.545273 -0.788951
vn 0.364255 0.325857 -0.872431
vn 0.364255 0.325857 -0.872431
vn 0.348732 0.098231 0.932060
vn 0.348732 0.098231 0.932060
vn 0.348732 0.098231 0.932060
vn 0.348732 0.098231 0.932060
vn 0.934357 0.149900 -0.323277
vn 0.934357 0.149900 -0.323277
vn 0.934357 0.149900 -0.323277
vn 0.934357 0.149900 -0.323277
vn 0.791553 0.329244 0.514822
vn 0.798444 0.317012 0.511850
vn 0.793141 0.148650 0.590618
vn 0.793141 0.148650 0.590618
vn 0.733176 0.594688 0.329848
vn 0.709353 0.625404 0.325097
vn 0.716698 0.697342 0.007677
vn 0.791016 0.611794 -0.001442
vn 0.577511 0.816083 0.022150
vn 0.577511 0.816083 0.022150
vn -0.045348 0.806895 -0.588951
vn -0.050360 0.805969 -0.589812
vn -0.042136 0.807478 -0.588391
vn -0.042136 0.807478 -0.588391
vn 0.182723 0.740825 0.646368
vn 0.058341 0.856290 0.513190
vn -0.029893 0.913226 0.406354
vn -0.029893 0.913226 0.406354
vn -0.723388 0.605263 -0.332215
vn -0.709361 0.620224 -0.334858
vn -0.706990 0.622695 -0.335285
vn -0.706990 0.622695 -0.335285
vn -0.677250 0.710147 0.192413
vn -0.677883 0.709536 0.192440
vn -0.674421 0.712868 0.192291
vn -0.674421 0.712868 0.192291
vn 0.666375 0.745530 -0.011371
vn 0.662237 0.749225 -0.010161
vn 0.699104 0.714707 -0.021163
vn 0.699104 0.714707 -0.021163
vn 0.169172 0.754842 -0.633715
vn 0.169172 0.754842 -0.633715
vn -0.711656 0.539269 -0.450261
vn -0.823158 0.076242 -0.562671
vn -0.814803 0.188199 -0.548340
vn -0.711656 0.539269 -0.450261
vn -0.849124 0.345142 0.399831
vn -0.908286 0.013224 0.418140
vn -0.906802 0.050927 0.418468
vn -0.849124 0.345142 0.399831
vn 0.142503 0.437212 0.887997
vn 0.261486 0.145040 0.954248
vn 0.222842 0.249367 0.942421
vn 0.142503 0.437212 0.887997
vn 0.183098 0.974510 0.129635
vn 0.067618 0.927118 0.368618
vn 0.202387 0.972468 0.115524
vn 0.202387 0.972468 0.115524
vn -0.143736 0.784695 -0.602987
vn -0.143736 0.784695 -0.602987
vn -0.875554 0.389775 -0.285447
vn -0.875554 0.389775 -0.285447
vn -0.773676 0.602879 0.194839
vn -0.773676 0.602879 0.194839
vn 0.143892 0.976900 0.157995
vn 0.133315 0.894588 0.426544
vn 0.135534 0.911149 0.389151
vn 0.143892 0.976900 0.157995
vn 0.779776 0.526839 0.338215
vn 0.779776 0.526839 0.338215
vn -0.897432 -0.167025 0.408311
vn -0.897432 -0.167025 0.408311
vn -0.911548 -0.174626 0.372272
vn -0.911548 -0.174626 0.372272
vn -0.911548 -0.174626 0.372272
vn -0.911548 -0.174626 0.372272
vn -0.921498 -0.086378 0.378657
vn -0.921498 -0.086378 0.378657
vn -0.921498 -0.086378 0.378657
vn -0.921498 -0.086378 0.378657
vn -0.834132 -0.233978 -0.499478
vn -0.834132 -0.233979 -0.499478
vn -0.834132 -0.233979 -0.499478
vn -0.834132 -0.233978 -0.499478
vn -0.793467 -0.233300 -0.562122
vn -0.822871 0.110269 -0.557426
vn -0.824803 0.054146 -0.562821
vn -0.793467 -0.233300 -0.562122
vn -0.816472 -0.088123 -0.570621
vn -0.816472 -0.088123 -0.570621
vn 0.754906 0.635877 -0.160554
vn 0.894984 0.263682 -0.359827
vn 0.889432 0.300689 -0.344235
vn 0.754906 0.635877 -0.160554
vn 0.861471 0.410254 -0.299266
vn 0.869485 0.389342 -0.303987
vn 0.756543 0.639258 -0.137811
vn 0.754398 0.636335 -0.161124
vn 0.155678 0.314779 -0.936311
vn 0.155678 0.314779 -0.936311
vn 0.155678 0.314779 -0.936311
vn 0.155678 0.314779 -0.936311
vn 0.186881 0.123100 -0.974639
vn 0.186881 0.123100 -0.974639
vn 0.186881 0.123100 -0.974639
vn 0.186881 0.123100 -0.974639
vn 0.413952 0.133199 -0.900501
vn 0.369061 0.305918 -0.877615
vn 0.314698 0.462496 -0.828892
vn 0.413952 0.133199 -0.900501
vn 0.360068 0.039982 0.932069
vn 0.360068 0.039982 0.932069
vn 0.360068 0.039982 0.932069
vn 0.360068 0.039982 0.932069
vn 0.302243 0.023527 0.952940
vn 0.125172 0.364771 0.922645
vn 0.223586 0.186653 0.956645
vn 0.302243 0.023527 0.952940
vn 0.281584 0.086169 0.955660
vn 0.281584 0.086169 0.955660
vn 0.918616 0.254239 -0.302501
vn 0.918616 0.254239 -0.302501
vn 0.918616 0.254239 -0.302501
vn 0.918616 0.254239 -0.302501
vn 0.890466 0.272186 -0.364671
vn 0.890466 0.272186 -0.364671
vn 0.902545 0.164582 -0.397901
vn 0.902545 0.164582 -0.397901
vn 0.842123 0.164496 0.513585
vn 0.842123 0.164496 0.513585
vn 0.842123 0.164496 0.513585
vn 0.842123 0.164496 0.513585
vn 0.841874 0.030978 0.538784
vn 0.841874 0.030978 0.538784
vn 0.841874 0.030978 0.538784
vn 0.841874 0.030978 0.538784
vn 0.780537 0.004452 0.625094
vn 0.797925 0.136949 0.586993
vn 0.800668 0.244737 0.546840
vn 0.780537 0.004452 0.625094
vn 0.710020 0.624872 0.324664
vn 0.710020 0.624872 0.324664
vn 0.709201 0.626171 0.323951
vn 0.725099 0.605688 0.327678
vn 0.743976 0.579918 0.331956
vn 0.709201 0.626171 0.323951
vn 0.580008 0.813448 0.043503
vn 0.580008 0.813448 0.043503
vn 0.580008 0.813448 0.043503
vn 0.580008 0.813448 0.043503
vn 0.546616 0.836381 0.040959
vn 0.546616 0.836381 0.040959
vn 0.546616 0.836381 0.040959
vn 0.546616 0.836381 0.040959
vn 0.554583 0.831900 0.019487
vn 0.554583 0.831901 0.019487
vn 0.001079 0.816625 -0.577168
vn 0.074099 0.788124 -0.611040
vn 0.118275 0.767966 -0.629475
vn 0.001079 0.816625 -0.577168
vn 0.039680 0.806556 -0.589824
vn 0.107813 0.778417 -0.618421
vn -0.024961 0.828523 -0.559398
vn -0.024961 0.828523 -0.559398
vn -0.091997 0.821570 -0.562636
vn -0.092811 0.821044 -0.563269
vn -0.102483 0.814709 -0.570742
vn -0.091997 0.821570 -0.562636
vn 0.056170 0.917143 0.394581
vn 0.059111 0.920098 0.387203
vn 0.056170 0.917143 0.394581
vn 0.132815 0.890882 0.434383
vn 0.132815 0.890882 0.434383
vn 0.004752 0.900491 0.434849
vn 0.478961 0.433094 0.763562
vn 0.181526 0.788816 0.587212
vn 0.004752 0.900491 0.434850
vn -0.687312 0.633544 -0.355282
vn -0.730169 0.547480 -0.408801
vn -0.713232 0.584467 -0.386908
vn -0.687312 0.633544 -0.355282
vn -0.687791 0.620207 -0.377209
vn -0.687525 0.620829 -0.376670
vn -0.673990 0.650472 -0.350177
vn -0.673990 0.650472 -0.350177
vn -0.686054 0.648947 -0.328934
vn -0.693638 0.641277 -0.328070
vn -0.693420 0.641500 -0.328096
vn -0.686054 0.648947 -0.328934
vn -0.659223 0.720234 0.216074
vn -0.810650 0.483188 0.330720
vn -0.789474 0.528105 0.312787
vn -0.659223 0.720234 0.216074
vn -0.806215 0.496491 0.321736
vn -0.838275 0.418176 0.349890
vn -0.672274 0.706063 0.222536
vn -0.672274 0.706063 0.222536
vn -0.693739 0.690959 0.203228
vn -0.694782 0.689935 0.203146
vn -0.698831 0.685929 0.202821
vn -0.693739 0.690959 0.203228
vn 0.631502 0.765287 -0.124662
vn 0.631502 0.765287 -0.124662
vn 0.758230 0.641766 -0.114996
vn 0.758230 0.641766 -0.114996
vn 0.819562 0.572966 -0.005319
vn 0.819562 0.572966 -0.005319
vn 0.151759 0.770919 -0.618590
vn 0.151759 0.770919 -0.618590
vn 0.126965 0.769573 -0.625809
vn 0.126965 0.769573 -0.625809
vn 0.149810 0.752208 -0.641669
vn 0.149810 0.752208 -0.641669
vn -0.670628 0.613957 -0.416310
vn -0.670628 0.613957 -0.416310
vn -0.694526 0.603874 -0.391113
vn -0.694526 0.603874 -0.391113
vn -0.740673 0.521975 -0.423020
vn -0.740673 0.521975 -0.423020
vn -0.864816 0.292509 0.408084
vn -0.864816 0.292509 0.408084
vn -0.873958 0.293947 0.387031
vn -0.873958 0.293947 0.387031
vn -0.857550 0.351414 0.375654
vn -0.857550 0.351414 0.375654
vn -0.106259 0.695100 0.711017
vn -0.106259 0.695100 0.711017
vn 0.230147 0.684954 0.691282
vn 0.230147 0.684954 0.691282
vn 0.524921 0.348335 0.776608
vn 0.524921 0.348335 0.776608
vn 0.202405 0.972469 0.115485
vn 0.202405 0.972469 0.115485
vn 0.202405 0.972469 0.115485
vn 0.202405 0.972469 0.115485
vn 0.202343 0.972479 0.115505
vn 0.187427 0.974096 0.126520
vn 0.163732 0.975963 0.143831
vn 0.202343 0.972479 0.115505
vn -0.146702 0.783591 -0.603708
vn -0.146702 0.783591 -0.603708
vn -0.148086 0.784897 -0.601670
vn -0.148086 0.784897 -0.601670
vn -0.148086 0.784897 -0.601670
vn -0.148086 0.784897 -0.601670
vn -0.874877 0.390231 -0.286898
vn -0.874877 0.390231 -0.286898
vn -0.876136 0.387945 -0.286156
vn -0.876135 0.387945 -0.286156
vn -0.876135 0.387945 -0.286156
vn -0.876135 0.387945 -0.286156
vn -0.773202 0.603382 0.195162
vn -0.773202 0.603382 0.195162
vn -0.773130 0.603645 0.194634
vn -0.773130 0.603645 0.194634
vn -0.773130 0.603645 0.194634
vn -0.773130 0.603645 0.194634
vn 0.143490 0.976935 0.158142
vn 0.143826 0.976876 0.158199
vn 0.143826 0.976876 0.158199
vn 0.779269 0.526797 0.339448
vn 0.779269 0.526797 0.339448
vn 0.780660 0.524994 0.339044
vn 0.780660 0.524994 0.339044
vn 0.780660 0.524994 0.339044
vn 0.780660 0.524994 0.339044
s 1
g group2 Ore_Clicker50
usemtl initialShadingGroup
f 2892/3391/8354 2867/3354/8355 2889/3388/8356 2888/3387/8357
s off
f 2897/3396/8358 2865/3381/8359 2893/3393/8360 2895/3392/8361
s 2
f 2901/3400/8362 2877/3359/8363 2899/3398/8364 2898/3397/8365
s 3
f 2905/3404/8366 2871/3361/8367 2903/3402/8368 2902/3401/8369
s off
f 2892/3391/8370 2869/3382/8371 2894/3406/8372 2906/3405/8373
f 2911/3411/8374 2864/3364/8375 2910/3410/8376 2909/3409/8377
s 4
f 2914/3414/8378 2873/3363/8379 2907/3407/8380 2913/3412/8381
f 2916/3416/8382 2873/3363/8379 2914/3414/8378 2915/3415/8383
s 5
f 2921/3421/8384 2878/3365/8385 2918/3418/8386 2917/3417/8387
s 6
f 2925/3425/8388 2879/3380/8389 2918/3418/8390 2922/3422/8391
s 7
f 2929/3429/8392 2881/3368/8393 2920/3420/8394 2926/3426/8395
s 8
f 2933/3433/8396 2883/3378/8397 2924/3424/8398 2930/3430/8399
s 9
f 2936/3437/8400 2885/3377/8401 2932/3435/8402 2934/3434/8403
s 10
f 2921/3421/8404 2881/3368/8405 2938/3439/8406 2937/3438/8407
s 3
f 2939/3440/8408 2871/3361/8367 2905/3404/8366 2940/3441/8409
s 11
f 2941/3442/8410 2866/3358/8411 2896/3395/8412 2942/3443/8413
s 12
f 2943/3447/8414 2868/3355/8415 2889/3388/8416 2944/3445/8417
s 13
f 2945/3446/8418 2867/3354/8419 2908/3408/8420 2946/3448/8421
s 14
f 2950/3453/8422 2880/3367/8423 2919/3451/8424 2948/3450/8425
s 6
f 2949/3452/8426 2879/3366/8389 2925/3455/8388 2951/3454/8427
s 8
f 2952/3456/8428 2883/3370/8397 2933/3458/8396 2953/3457/8429
s 9
f 2954/3459/8430 2885/3374/8401 2936/3461/8400 2955/3460/8431
s 15
f 2956/3462/8432 2887/3371/8433 2927/3464/8434 2957/3463/8435
s 4
f 2947/3449/8436 2873/3363/8379 2916/3416/8382 2958/3465/8437
s 12
f 2889/3388/8416 2868/3355/8415 2890/3389/8438 2888/3387/8439
s off
f 2890/3389/8440 2870/3386/8441 2891/3390/8442 2888/3387/8443
f 2891/3390/8444 2869/3382/8445 2892/3391/8446 2888/3387/8447
f 2893/3393/8448 2870/3356/8449 2890/3394/8450 2895/3392/8451
s 16
f 2890/3394/8452 2868/3384/8453 2896/3395/8454 2895/3392/8455
s 11
f 2896/3395/8412 2866/3358/8411 2897/3396/8456 2895/3392/8457
s 17
f 2899/3398/8458 2872/3360/8459 2900/3399/8460 2898/3397/8461
s 18
f 2900/3399/8462 2871/3361/8463 2901/3400/8464 2898/3397/8465
s off
f 2903/3402/8466 2874/3362/8467 2904/3403/8468 2902/3401/8469
f 2904/3403/8470 2865/3381/8471 2897/3396/8472 2902/3401/8473
s 19
f 2897/3396/8474 2866/3358/8475 2905/3404/8476 2902/3401/8477
s off
f 2894/3406/8478 2876/3357/8479 2907/3407/8480 2906/3405/8481
s 20
f 2907/3407/8482 2873/3363/8483 2908/3408/8484 2906/3405/8485
s 13
f 2908/3408/8420 2867/3354/8419 2892/3391/8486 2906/3405/8487
s off
f 2910/3410/8488 2874/3362/8489 2903/3402/8490 2909/3409/8491
s 18
f 2903/3402/8492 2871/3361/8463 2900/3399/8462 2909/3409/8493
s 17
f 2900/3399/8460 2872/3360/8459 2911/3411/8494 2909/3409/8495
s off
f 2907/3407/8496 2876/3357/8497 2912/3413/8498 2913/3412/8499
f 2912/3413/8500 2864/3364/8501 2911/3411/8502 2913/3412/8503
s 21
f 2911/3411/8504 2872/3360/8505 2914/3414/8506 2913/3412/8507
f 2914/3414/8506 2872/3360/8505 2899/3398/8508 2915/3415/8509
s 22
f 2899/3398/8510 2877/3359/8511 2916/3416/8512 2915/3415/8513
s off
f 2918/3418/8514 2879/3380/8515 2919/3419/8516 2917/3417/8517
f 2919/3419/8518 2880/3379/8519 2920/3420/8520 2917/3417/8521
s 10
f 2920/3420/8522 2881/3368/8405 2921/3421/8404 2917/3417/8523
s 23
f 2918/3418/8524 2878/3365/8525 2923/3423/8526 2922/3422/8527
s 24
f 2923/3423/8528 2882/3369/8529 2924/3424/8530 2922/3422/8531
s 25
f 2924/3424/8532 2883/3378/8533 2925/3425/8534 2922/3422/8535
s 14
f 2920/3420/8536 2880/3379/8423 2927/3427/8537 2926/3426/8538
s 15
f 2927/3427/8434 2887/3376/8433 2928/3428/8539 2926/3426/8540
s 26
f 2928/3428/8541 2886/3372/8542 2929/3429/8543 2926/3426/8544
s 27
f 2924/3424/8545 2882/3369/8546 2931/3431/8547 2930/3430/8548
s 28
f 2931/3431/8549 2884/3373/8550 2932/3432/8551 2930/3430/8552
s 29
f 2932/3432/8553 2885/3383/8554 2933/3433/8555 2930/3430/8556
s 30
f 2932/3435/8557 2884/3385/8558 2935/3436/8559 2934/3434/8560
s 31
f 2935/3436/8561 2886/3372/8562 2928/3428/8563 2934/3434/8564
s 32
f 2928/3428/8565 2887/3376/8566 2936/3437/8567 2934/3434/8568
s 2
f 2938/3439/8569 2877/3359/8363 2901/3400/8362 2937/3438/8570
s 18
f 2901/3400/8464 2871/3361/8463 2939/3440/8571 2937/3438/8572
s 5
f 2939/3440/8573 2878/3365/8385 2921/3421/8384 2937/3438/8574
s 19
f 2905/3404/8476 2866/3358/8475 2941/3442/8575 2940/3441/8576
s 24
f 2941/3442/8577 2882/3369/8529 2923/3423/8528 2940/3441/8578
s 23
f 2923/3423/8526 2878/3365/8525 2939/3440/8579 2940/3441/8580
s 16
f 2896/3395/8454 2868/3384/8453 2943/3444/8581 2942/3443/8582
s 28
f 2943/3444/8583 2884/3373/8550 2931/3431/8549 2942/3443/8584
s 27
f 2931/3431/8547 2882/3369/8546 2941/3442/8585 2942/3443/8586
s 1
f 2889/3388/8356 2867/3354/8355 2945/3446/8587 2944/3445/8588
s 31
f 2945/3446/8589 2886/3372/8562 2935/3436/8561 2944/3445/8590
s 30
f 2935/3436/8559 2884/3385/8558 2943/3447/8591 2944/3445/8592
s 20
f 2908/3408/8484 2873/3363/8483 2947/3449/8593 2946/3448/8594
s 7
f 2947/3449/8595 2881/3368/8393 2929/3429/8392 2946/3448/8596
s 26
f 2929/3429/8543 2886/3372/8542 2945/3446/8597 2946/3448/8598
s off
f 2919/3451/8599 2879/3366/8600 2949/3452/8601 2948/3450/8602
s 33
f 2949/3452/8603 2875/3375/8604 2950/3453/8605 2948/3450/8606
s 25
f 2925/3455/8534 2883/3370/8533 2952/3456/8607 2951/3454/8608
s off
f 2952/3456/8609 2875/3375/8610 2949/3452/8611 2951/3454/8612
s 29
f 2933/3458/8555 2885/3374/8554 2954/3459/8613 2953/3457/8614
s off
f 2954/3459/8615 2875/3375/8616 2952/3456/8617 2953/3457/8618
s 32
f 2936/3461/8567 2887/3371/8566 2956/3462/8619 2955/3460/8620
s off
f 2956/3462/8621 2875/3375/8622 2954/3459/8623 2955/3460/8624
s 14
f 2927/3464/8537 2880/3367/8423 2950/3453/8422 2957/3463/8625
s 33
f 2950/3453/8605 2875/3375/8604 2956/3462/8626 2957/3463/8627
s 22
f 2916/3416/8512 2877/3359/8511 2938/3439/8628 2958/3465/8629
s off
f 2938/3439/8630 2881/3368/8631 2947/3449/8632 2958/3465/8633
g default
v 31.439047 0.123334 -94.169083
v 35.718683 0.090866 -101.796847
v 35.726354 3.870395 -101.930591
v 22.464580 3.239630 -104.508434
v 28.126209 3.296914 -108.312216
v 22.189206 0.123334 -104.123467
v 28.030232 0.339721 -107.080845
v 34.695362 4.947957 -97.579044
v 30.946554 2.917364 -94.212836
v 24.525971 5.125845 -100.341610
v 37.065382 0.105874 -96.106682
v 29.386094 8.215278 -102.405323
v 25.664828 0.123334 -98.111505
v 30.164625 5.641063 -97.507925
v 31.824797 7.137922 -99.564191
v 29.774295 8.146795 -101.759174
v 28.883254 8.043386 -101.819012
v 27.329145 7.297647 -100.466459
v 33.470737 5.496779 -102.426886
v 30.214884 7.610815 -102.347254
v 27.604538 5.427454 -106.375528
v 28.987575 7.759397 -102.841517
v 23.564227 5.966761 -103.791706
v 28.360624 8.035578 -102.341720
v 25.181185 1.775975 -105.999807
v 25.295395 3.268273 -106.410325
v 28.078219 1.818318 -107.696531
v 25.109719 0.231528 -105.602157
v 22.326893 1.681482 -104.315951
v 31.874457 0.215294 -104.438846
v 23.927018 0.123334 -101.117487
v 32.107507 1.936316 -104.629030
v 31.926282 3.583655 -105.121404
v 35.722519 1.980631 -101.863721
v 31.903143 4.391504 -96.285968
v 30.555591 4.279213 -95.860382
v 32.820960 3.932661 -95.895939
v 32.429994 5.294511 -97.543484
v 35.811600 2.263782 -99.140318
v 35.880375 2.526916 -96.842861
v 36.392034 0.098370 -98.951763
v 35.210855 4.409177 -99.754820
v 23.912383 2.203084 -101.399062
v 25.095400 2.624590 -99.226556
v 23.495277 4.182738 -102.425021
v 33.871727 2.162153 -95.731805
v 34.252215 0.114604 -95.137881
v 31.192805 1.520349 -94.190956
v 28.551938 0.123334 -96.140295
v 27.619760 2.348916 -97.164209
v 27.736264 4.021605 -97.277222
v 28.560006 4.451943 -97.231916
v 27.345297 5.383455 -98.924769
v 29.538601 7.529827 -100.638341
v 30.799548 7.642359 -100.661681
v 29.328774 8.095089 -101.789093
v 28.106197 7.670515 -101.142738
v 29.576972 7.217785 -100.015324
v 31.721895 6.828118 -101.518630
v 32.647770 6.317351 -100.995536
v 31.842810 6.553798 -102.387071
v 29.994589 7.878805 -102.053215
v 26.319038 7.050370 -102.328121
v 28.621939 8.039481 -102.080365
v 25.962426 7.001169 -103.066713
v 25.446686 6.632203 -102.129082
v 30.123683 6.301597 -103.757405
v 30.537640 5.462116 -104.401206
v 28.296057 6.593425 -104.608523
v 29.601231 7.685108 -102.594385
v 26.766244 6.539363 -104.129436
v 25.584382 5.697107 -105.083616
v 28.674100 7.897488 -102.591618
v 31.113673 6.222679 -98.738457
v 28.746882 6.469355 -98.987196
v 33.260078 6.042940 -98.571618
v 33.901613 5.396810 -100.237025
v 34.598544 4.683588 -102.178740
v 31.144818 4.416560 -104.921949
v 27.865372 4.362185 -107.343873
v 25.342707 4.377379 -105.751374
v 23.014403 4.603195 -104.150070
v 24.395070 5.338675 -102.331300
v 25.927559 6.211747 -100.404035
v 29.320604 8.131632 -101.994399
v 29.580195 8.181035 -102.082249
v 29.134674 8.129332 -102.112168
v 29.836768 7.949224 -102.193129
v 29.800488 7.913047 -102.376289
v 29.560224 7.865539 -102.514937
v 29.186835 7.987338 -102.623420
v 28.911715 8.002191 -102.531062
v 28.873356 8.125427 -102.373522
v 28.912792 8.107313 -102.210154
v 27.294155 6.013701 -99.458749
vt 0.106185 0.192947
vt 0.019070 0.192947
vt 0.420449 0.012011
vt 0.167807 0.012011
vt 0.337331 0.192947
vt 0.219102 0.243023
vt 0.219102 0.124298
vt 0.252503 0.192947
vt 0.252503 0.012011
vt 0.167807 0.192947
vt 0.219102 0.012011
vt 0.252503 0.322184
vt 0.937112 0.011156
vt 0.924385 0.030541
vt 0.167807 0.322184
vt 0.337331 0.322184
vt 0.971978 0.011156
vt 0.924385 0.045989
vt 0.106185 0.322184
vt 0.420449 0.322184
vt 0.971979 0.045989
vt 0.943151 0.025258
vt 0.106185 0.530708
vt 0.019070 0.530708
vt 0.337331 0.530708
vt 0.167807 0.530708
vt 0.252503 0.530708
vt 0.337331 0.012011
vt 0.106185 0.012011
vt 0.420449 0.530708
vt 0.420449 0.192947
vt 0.019070 0.322184
vt 0.019070 0.012011
vt 0.062976 0.104065
vt 0.062627 0.192947
vt 0.019070 0.102479
vt 0.062627 0.012011
vt 0.106185 0.102479
vt 0.376643 0.104222
vt 0.378890 0.012011
vt 0.420449 0.102479
vt 0.378890 0.192947
vt 0.337331 0.102479
vt 0.229741 0.182228
vt 0.219102 0.183660
vt 0.235802 0.158622
vt 0.235802 0.217985
vt 0.291359 0.101937
vt 0.252503 0.102479
vt 0.294917 0.012011
vt 0.294917 0.192947
vt 0.141433 0.101683
vt 0.136996 0.012011
vt 0.167807 0.102479
vt 0.136996 0.192947
vt 0.238355 0.090305
vt 0.235802 0.012011
vt 0.219102 0.068154
vt 0.189375 0.095141
vt 0.193454 0.012011
vt 0.193454 0.158622
vt 0.201851 0.181902
vt 0.193454 0.217985
vt 0.211729 0.396477
vt 0.252503 0.426446
vt 0.210155 0.530708
vt 0.167807 0.426446
vt 0.210155 0.322184
vt 0.301018 0.400849
vt 0.294917 0.322184
vt 0.337331 0.426446
vt 0.294917 0.530708
vt 0.130074 0.395287
vt 0.136996 0.530708
vt 0.106185 0.426446
vt 0.136996 0.322184
vt 0.380310 0.400866
vt 0.378890 0.322184
vt 0.420449 0.426446
vt 0.378890 0.530708
vt 0.062652 0.401991
vt 0.019070 0.426446
vt 0.062627 0.322184
vt 0.062627 0.530708
vt 0.224258 0.268241
vt 0.193454 0.282603
vt 0.252503 0.257565
vt 0.291896 0.256558
vt 0.337331 0.257565
vt 0.380866 0.250776
vt 0.420449 0.257565
vt 0.064139 0.251739
vt 0.106185 0.257565
vt 0.019070 0.257565
vt 0.136199 0.255033
vt 0.167807 0.257565
vt 0.934457 0.022894
vt 0.930749 0.020848
vt 0.940131 0.018207
vt 0.933768 0.027899
vt 0.953124 0.015402
vt 0.954545 0.011156
vt 0.957565 0.018207
vt 0.961945 0.026457
vt 0.971978 0.028572
vt 0.957565 0.035623
vt 0.946630 0.039114
vt 0.948182 0.045989
vt 0.933768 0.035623
vt 0.931633 0.033368
vt 0.924385 0.038265
vt 0.184537 0.252113
vn -0.527551 -0.122608 -0.840629
vn -0.535408 0.103306 -0.838252
vn -0.534524 0.129818 -0.835123
vn -0.527551 -0.122608 -0.840629
vn 0.583555 -0.095695 -0.806416
vn 0.583555 -0.095695 -0.806416
vn 0.583555 -0.095695 -0.806416
vn 0.583555 -0.095695 -0.806416
vn 0.114484 0.816561 0.565792
vn 0.103925 0.841455 0.530239
vn 0.128821 0.779143 0.613466
vn 0.128821 0.779143 0.613466
vn 0.834898 0.550378 -0.005424
vn 0.838074 0.545539 -0.004517
vn 0.928342 0.370800 0.026236
vn 0.928342 0.370800 0.026236
vn -0.871827 0.092177 0.481062
vn -0.871827 0.092177 0.481062
vn -0.871827 0.092177 0.481062
vn -0.871827 0.092177 0.481062
vn 0.382500 0.229593 0.894976
vn 0.382500 0.229593 0.894976
vn 0.382499 0.229593 0.894976
vn 0.382500 0.229593 0.894976
vn -0.562924 0.365229 0.741434
vn -0.573488 0.323572 0.752604
vn -0.637962 0.152837 0.754748
vn -0.637962 0.152837 0.754748
vn -0.389952 0.643144 0.659017
vn -0.382854 0.665382 0.640851
vn -0.063371 0.819972 0.568884
vn -0.060824 0.722396 0.688799
vn -0.064332 0.885572 0.460025
vn -0.064332 0.885572 0.460025
vn 0.567140 0.800173 -0.195129
vn 0.567336 0.799798 -0.196096
vn 0.566388 0.801598 -0.191432
vn 0.566388 0.801598 -0.191432
vn -0.617381 0.727741 0.298720
vn -0.510082 0.837608 0.195522
vn -0.391159 0.915854 0.090588
vn -0.391159 0.915854 0.090588
vn 0.392906 0.650044 -0.650437
vn 0.392824 0.658849 -0.641566
vn 0.392793 0.661141 -0.639224
vn 0.392793 0.661141 -0.639224
vn -0.164992 0.839665 -0.517436
vn -0.164986 0.839717 -0.517354
vn -0.164726 0.842079 -0.513584
vn -0.164726 0.842079 -0.513584
vn -0.035215 0.836243 0.547227
vn -0.041540 0.852742 0.520678
vn -0.028930 0.819105 0.572914
vn -0.028930 0.819105 0.572914
vn 0.621780 0.781346 -0.053735
vn 0.621780 0.781346 -0.053735
vn 0.498960 0.559146 -0.662113
vn 0.622069 0.063547 -0.780380
vn 0.603355 0.215352 -0.767845
vn 0.498960 0.559146 -0.662113
vn -0.475247 0.496798 -0.726177
vn -0.535743 0.030435 -0.843833
vn -0.535300 0.081884 -0.840684
vn -0.475247 0.496798 -0.726177
vn -0.840814 0.423205 0.337535
vn -0.892050 0.143720 0.428477
vn -0.886210 0.219500 0.407985
vn -0.840814 0.423205 0.337535
vn -0.142014 0.976121 0.164377
vn -0.360892 0.920508 0.149741
vn -0.125255 0.975901 0.178686
vn -0.125255 0.975901 0.178686
vn 0.580020 0.769637 -0.266900
vn 0.580020 0.769637 -0.266900
vn 0.380478 0.443740 -0.811376
vn 0.380478 0.443740 -0.811376
vn -0.171581 0.755252 -0.632578
vn -0.171581 0.755252 -0.632578
vn -0.161855 0.975765 0.147258
vn -0.416379 0.883848 0.213170
vn -0.379145 0.902556 0.204064
vn -0.161855 0.975765 0.147258
vn -0.409927 0.570030 0.712057
vn -0.409927 0.570030 0.712057
vn -0.512083 -0.255324 -0.820110
vn -0.512083 -0.255323 -0.820110
vn -0.456457 -0.266516 -0.848891
vn -0.456457 -0.266516 -0.848891
vn -0.456457 -0.266516 -0.848891
vn -0.456457 -0.266516 -0.848891
vn -0.472392 -0.133856 -0.871165
vn -0.472392 -0.133856 -0.871165
vn -0.472392 -0.133856 -0.871165
vn -0.472392 -0.133856 -0.871165
vn 0.568648 -0.247523 -0.784456
vn 0.568648 -0.247523 -0.784456
vn 0.568648 -0.247523 -0.784456
vn 0.568648 -0.247523 -0.784456
vn 0.613616 -0.240447 -0.752104
vn 0.617820 0.097940 -0.780196
vn 0.622318 0.038491 -0.781818
vn 0.613616 -0.240447 -0.752104
vn 0.626103 -0.091040 -0.774408
vn 0.626103 -0.091040 -0.774408
vn 0.128821 0.779144 0.613466
vn 0.427239 0.394143 0.813706
vn 0.390104 0.458975 0.798223
vn 0.128821 0.779144 0.613466
vn 0.329931 0.564450 0.756665
vn 0.321844 0.564532 0.760079
vn 0.099191 0.778207 0.620125
vn 0.128822 0.779144 0.613465
vn 0.932308 0.328258 -0.151818
vn 0.932308 0.328258 -0.151818
vn 0.932308 0.328259 -0.151818
vn 0.932308 0.328259 -0.151818
vn 0.981326 0.130640 -0.141181
vn 0.981326 0.130640 -0.141181
vn 0.981326 0.130640 -0.141181
vn 0.981326 0.130640 -0.141181
vn 0.985966 0.155925 0.059658
vn 0.913994 0.405325 0.018049
vn 0.893309 0.449330 0.010044
vn 0.985966 0.155925 0.059658
vn -0.871696 0.037818 0.488585
vn -0.871696 0.037818 0.488585
vn -0.871696 0.037818 0.488585
vn -0.871696 0.037818 0.488585
vn -0.889806 0.021887 0.455814
vn -0.879566 0.323599 0.348779
vn -0.894678 0.206495 0.396120
vn -0.889806 0.021887 0.455814
vn -0.892736 0.082077 0.443042
vn -0.892736 0.082077 0.443042
vn 0.343365 0.376416 0.860472
vn 0.343365 0.376416 0.860472
vn 0.343365 0.376416 0.860472
vn 0.343365 0.376416 0.860472
vn 0.434940 0.404769 0.804356
vn 0.434940 0.404769 0.804356
vn 0.496426 0.252056 0.830680
vn 0.496426 0.252056 0.830680
vn -0.582785 0.174055 0.793767
vn -0.582785 0.174055 0.793767
vn -0.582785 0.174055 0.793767
vn -0.582785 0.174055 0.793767
vn -0.604787 0.032972 0.795705
vn -0.604787 0.032972 0.795705
vn -0.604787 0.032972 0.795705
vn -0.604787 0.032972 0.795705
vn -0.664088 0.004784 0.747639
vn -0.642097 0.115244 0.757911
vn -0.615697 0.212067 0.758910
vn -0.664088 0.004784 0.747639
vn -0.382854 0.665382 0.640851
vn -0.382854 0.665382 0.640851
vn -0.382855 0.665380 0.640852
vn -0.387037 0.652474 0.651521
vn -0.400149 0.608036 0.685691
vn -0.382855 0.665380 0.640852
vn -0.086526 0.880337 0.466391
vn -0.086526 0.880337 0.466391
vn -0.086526 0.880337 0.466391
vn -0.086526 0.880337 0.466391
vn -0.081327 0.896669 0.435168
vn -0.081327 0.896669 0.435168
vn -0.081327 0.896669 0.435168
vn -0.081327 0.896669 0.435168
vn -0.060117 0.896711 0.438515
vn -0.060117 0.896711 0.438515
vn 0.556193 0.815780 -0.158595
vn 0.599886 0.793028 -0.106033
vn 0.604982 0.789984 -0.099610
vn 0.556193 0.815780 -0.158595
vn 0.578371 0.806313 -0.123879
vn 0.595036 0.797107 -0.102724
vn 0.538799 0.824786 -0.171533
vn 0.538799 0.824786 -0.171533
vn 0.541970 0.811258 -0.219382
vn 0.542971 0.810257 -0.220602
vn 0.546562 0.806629 -0.224989
vn 0.541970 0.811258 -0.219382
vn -0.382610 0.911915 0.148393
vn -0.375335 0.914919 0.148484
vn -0.382610 0.911915 0.148393
vn -0.423302 0.880147 0.214841
vn -0.423302 0.880147 0.214841
vn -0.419302 0.899435 0.123301
vn -0.737790 0.407776 0.537945
vn -0.573848 0.763409 0.296487
vn -0.419302 0.899435 0.123301
vn 0.408439 0.665097 -0.625159
vn 0.465056 0.575208 -0.672948
vn 0.447111 0.605668 -0.658223
vn 0.408439 0.665097 -0.625159
vn 0.425115 0.652246 -0.627577
vn 0.431807 0.644029 -0.631482
vn 0.400490 0.681235 -0.612802
vn 0.400490 0.681235 -0.612802
vn 0.381489 0.686332 -0.619205
vn 0.381848 0.681849 -0.623918
vn 0.382198 0.677253 -0.628691
vn 0.381489 0.686332 -0.619205
vn -0.194152 0.848405 -0.492458
vn -0.353854 0.658879 -0.663827
vn -0.324766 0.701224 -0.634675
vn -0.194152 0.848405 -0.492458
vn -0.346423 0.663384 -0.663259
vn -0.380615 0.607116 -0.697525
vn -0.203272 0.839160 -0.504472
vn -0.203272 0.839160 -0.504472
vn -0.180365 0.827498 -0.531709
vn -0.180241 0.826394 -0.533467
vn -0.179982 0.824103 -0.537085
vn -0.180365 0.827498 -0.531709
vn 0.089531 0.872019 0.481214
vn 0.089531 0.872019 0.481214
vn 0.074066 0.776854 0.625309
vn 0.074066 0.776854 0.625309
vn -0.059915 0.693927 0.717548
vn -0.059915 0.693927 0.717548
vn 0.605263 0.793524 -0.063062
vn 0.605263 0.793524 -0.063062
vn 0.609396 0.788413 -0.083913
vn 0.609396 0.788413 -0.083913
vn 0.627304 0.775562 -0.070663
vn 0.627304 0.775562 -0.070663
vn 0.461071 0.634698 -0.620138
vn 0.461071 0.634698 -0.620138
vn 0.441927 0.631312 -0.637295
vn 0.441927 0.631312 -0.637295
vn 0.479914 0.548389 -0.684801
vn 0.479914 0.548389 -0.684801
vn -0.495832 0.430124 -0.754416
vn -0.495832 0.430124 -0.754416
vn -0.464758 0.432541 -0.772598
vn -0.464758 0.432542 -0.772598
vn -0.439611 0.505690 -0.742307
vn -0.439611 0.505690 -0.742307
vn -0.693451 0.710171 0.121586
vn -0.693451 0.710171 0.121586
vn -0.663185 0.663387 0.346560
vn -0.663185 0.663387 0.346560
vn -0.751166 0.332410 0.570309
vn -0.751166 0.332410 0.570310
vn -0.125258 0.975901 0.178683
vn -0.125258 0.975901 0.178683
vn -0.125258 0.975901 0.178683
vn -0.125258 0.975901 0.178683
vn -0.125253 0.975901 0.178688
vn -0.138998 0.976116 0.166964
vn -0.145565 0.976106 0.161329
vn -0.125253 0.975901 0.178688
vn 0.580022 0.769635 -0.266902
vn 0.580022 0.769635 -0.266902
vn 0.580019 0.769637 -0.266900
vn 0.580019 0.769637 -0.266900
vn 0.580019 0.769637 -0.266900
vn 0.580019 0.769638 -0.266900
vn 0.380479 0.443737 -0.811378
vn 0.380479 0.443737 -0.811378
vn 0.380479 0.443737 -0.811377
vn 0.380479 0.443737 -0.811377
vn 0.380479 0.443737 -0.811377
vn 0.380479 0.443737 -0.811377
vn -0.171584 0.755251 -0.632578
vn -0.171584 0.755251 -0.632578
vn -0.171580 0.755252 -0.632578
vn -0.171580 0.755252 -0.632578
vn -0.171580 0.755252 -0.632578
vn -0.171580 0.755252 -0.632578
vn -0.161857 0.975766 0.147254
vn -0.161859 0.975765 0.147256
vn -0.161859 0.975765 0.147256
vn -0.409926 0.570033 0.712055
vn -0.409926 0.570033 0.712055
vn -0.409926 0.570032 0.712056
vn -0.409926 0.570032 0.712056
vn -0.409926 0.570032 0.712056
vn -0.409926 0.570032 0.712056
s 1
g group2 Ore_Clicker51
usemtl initialShadingGroup
f 2987/3503/8634 2962/3466/8635 2984/3500/8636 2983/3499/8637
s off
f 2992/3508/8638 2960/3493/8639 2988/3505/8640 2990/3504/8641
s 2
f 2996/3512/8642 2972/3471/8643 2994/3510/8644 2993/3509/8645
s 3
f 3000/3516/8646 2966/3473/8647 2998/3514/8648 2997/3513/8649
s off
f 2987/3503/8650 2964/3494/8651 2989/3518/8652 3001/3517/8653
f 3006/3523/8654 2959/3476/8655 3005/3522/8656 3004/3521/8657
s 4
f 3009/3526/8658 2968/3475/8659 3002/3519/8660 3008/3524/8661
f 3011/3528/8662 2968/3475/8659 3009/3526/8658 3010/3527/8663
s 5
f 3016/3533/8664 2973/3477/8665 3013/3530/8666 3012/3529/8667
s 6
f 3020/3537/8668 2974/3492/8669 3013/3530/8670 3017/3534/8671
s 7
f 3024/3541/8672 2976/3480/8673 3015/3532/8674 3021/3538/8675
s 8
f 3028/3545/8676 2978/3490/8677 3019/3536/8678 3025/3542/8679
s 9
f 3031/3549/8680 2980/3489/8681 3027/3547/8682 3029/3546/8683
s 10
f 3016/3533/8684 2976/3480/8685 3033/3551/8686 3032/3550/8687
s 3
f 3034/3552/8688 2966/3473/8647 3000/3516/8646 3035/3553/8689
s 11
f 3036/3554/8690 2961/3470/8691 2991/3507/8692 3037/3555/8693
s 12
f 3038/3559/8694 2963/3467/8695 2984/3500/8696 3039/3557/8697
s 13
f 3040/3558/8698 2962/3466/8699 3003/3520/8700 3041/3560/8701
s 14
f 3045/3565/8702 2975/3479/8703 3014/3563/8704 3043/3562/8705
s 6
f 3044/3564/8706 2974/3478/8669 3020/3567/8668 3046/3566/8707
s 8
f 3047/3568/8708 2978/3482/8677 3028/3570/8676 3048/3569/8709
s 9
f 3049/3571/8710 2980/3486/8681 3031/3573/8680 3050/3572/8711
s 15
f 3051/3574/8712 2982/3483/8713 3022/3576/8714 3052/3575/8715
s 4
f 3042/3561/8716 2968/3475/8659 3011/3528/8662 3053/3577/8717
s 12
f 2984/3500/8696 2963/3467/8695 2985/3501/8718 2983/3499/8719
s off
f 2985/3501/8720 2965/3498/8721 2986/3502/8722 2983/3499/8723
f 2986/3502/8724 2964/3494/8725 2987/3503/8726 2983/3499/8727
f 2988/3505/8728 2965/3468/8729 2985/3506/8730 2990/3504/8731
s 16
f 2985/3506/8732 2963/3496/8733 2991/3507/8734 2990/3504/8735
s 11
f 2991/3507/8692 2961/3470/8691 2992/3508/8736 2990/3504/8737
s 17
f 2994/3510/8738 2967/3472/8739 2995/3511/8740 2993/3509/8741
s 18
f 2995/3511/8742 2966/3473/8743 2996/3512/8744 2993/3509/8745
s off
f 2998/3514/8746 2969/3474/8747 2999/3515/8748 2997/3513/8749
f 2999/3515/8750 2960/3493/8751 2992/3508/8752 2997/3513/8753
s 19
f 2992/3508/8754 2961/3470/8755 3000/3516/8756 2997/3513/8757
s off
f 2989/3518/8758 2971/3469/8759 3002/3519/8760 3001/3517/8761
s 20
f 3002/3519/8762 2968/3475/8763 3003/3520/8764 3001/3517/8765
s 13
f 3003/3520/8700 2962/3466/8699 2987/3503/8766 3001/3517/8767
s off
f 3005/3522/8768 2969/3474/8769 2998/3514/8770 3004/3521/8771
s 18
f 2998/3514/8772 2966/3473/8743 2995/3511/8742 3004/3521/8773
s 17
f 2995/3511/8740 2967/3472/8739 3006/3523/8774 3004/3521/8775
s off
f 3002/3519/8776 2971/3469/8777 3007/3525/8778 3008/3524/8779
f 3007/3525/8780 2959/3476/8781 3006/3523/8782 3008/3524/8783
s 21
f 3006/3523/8784 2967/3472/8785 3009/3526/8786 3008/3524/8787
f 3009/3526/8786 2967/3472/8785 2994/3510/8788 3010/3527/8789
s 22
f 2994/3510/8790 2972/3471/8791 3011/3528/8792 3010/3527/8793
s off
f 3013/3530/8794 2974/3492/8795 3014/3531/8796 3012/3529/8797
f 3014/3531/8798 2975/3491/8799 3015/3532/8800 3012/3529/8801
s 10
f 3015/3532/8802 2976/3480/8685 3016/3533/8684 3012/3529/8803
s 23
f 3013/3530/8804 2973/3477/8805 3018/3535/8806 3017/3534/8807
s 24
f 3018/3535/8808 2977/3481/8809 3019/3536/8810 3017/3534/8811
s 25
f 3019/3536/8812 2978/3490/8813 3020/3537/8814 3017/3534/8815
s 14
f 3015/3532/8816 2975/3491/8703 3022/3539/8817 3021/3538/8818
s 15
f 3022/3539/8714 2982/3488/8713 3023/3540/8819 3021/3538/8820
s 26
f 3023/3540/8821 2981/3484/8822 3024/3541/8823 3021/3538/8824
s 27
f 3019/3536/8825 2977/3481/8826 3026/3543/8827 3025/3542/8828
s 28
f 3026/3543/8829 2979/3485/8830 3027/3544/8831 3025/3542/8832
s 29
f 3027/3544/8833 2980/3495/8834 3028/3545/8835 3025/3542/8836
s 30
f 3027/3547/8837 2979/3497/8838 3030/3548/8839 3029/3546/8840
s 31
f 3030/3548/8841 2981/3484/8842 3023/3540/8843 3029/3546/8844
s 32
f 3023/3540/8845 2982/3488/8846 3031/3549/8847 3029/3546/8848
s 2
f 3033/3551/8849 2972/3471/8643 2996/3512/8642 3032/3550/8850
s 18
f 2996/3512/8744 2966/3473/8743 3034/3552/8851 3032/3550/8852
s 5
f 3034/3552/8853 2973/3477/8665 3016/3533/8664 3032/3550/8854
s 19
f 3000/3516/8756 2961/3470/8755 3036/3554/8855 3035/3553/8856
s 24
f 3036/3554/8857 2977/3481/8809 3018/3535/8808 3035/3553/8858
s 23
f 3018/3535/8806 2973/3477/8805 3034/3552/8859 3035/3553/8860
s 16
f 2991/3507/8734 2963/3496/8733 3038/3556/8861 3037/3555/8862
s 28
f 3038/3556/8863 2979/3485/8830 3026/3543/8829 3037/3555/8864
s 27
f 3026/3543/8827 2977/3481/8826 3036/3554/8865 3037/3555/8866
s 1
f 2984/3500/8636 2962/3466/8635 3040/3558/8867 3039/3557/8868
s 31
f 3040/3558/8869 2981/3484/8842 3030/3548/8841 3039/3557/8870
s 30
f 3030/3548/8839 2979/3497/8838 3038/3559/8871 3039/3557/8872
s 20
f 3003/3520/8764 2968/3475/8763 3042/3561/8873 3041/3560/8874
s 7
f 3042/3561/8875 2976/3480/8673 3024/3541/8672 3041/3560/8876
s 26
f 3024/3541/8823 2981/3484/8822 3040/3558/8877 3041/3560/8878
s off
f 3014/3563/8879 2974/3478/8880 3044/3564/8881 3043/3562/8882
s 33
f 3044/3564/8883 2970/3487/8884 3045/3565/8885 3043/3562/8886
s 25
f 3020/3567/8814 2978/3482/8813 3047/3568/8887 3046/3566/8888
s off
f 3047/3568/8889 2970/3487/8890 3044/3564/8891 3046/3566/8892
s 29
f 3028/3570/8835 2980/3486/8834 3049/3571/8893 3048/3569/8894
s off
f 3049/3571/8895 2970/3487/8896 3047/3568/8897 3048/3569/8898
s 32
f 3031/3573/8847 2982/3483/8846 3051/3574/8899 3050/3572/8900
s off
f 3051/3574/8901 2970/3487/8902 3049/3571/8903 3050/3572/8904
s 14
f 3022/3576/8817 2975/3479/8703 3045/3565/8702 3052/3575/8905
s 33
f 3045/3565/8885 2970/3487/8884 3051/3574/8906 3052/3575/8907
s 22
f 3011/3528/8792 2972/3471/8791 3033/3551/8908 3053/3577/8909
s off
f 3033/3551/8910 2976/3480/8911 3042/3561/8912 3053/3577/8913
g default
v 26.830445 1.779439 -112.049675
v 21.911755 1.760419 -109.674158
v 21.867465 3.974600 -109.616915
v 29.365258 3.605076 -105.409944
v 24.715541 3.638634 -105.041758
v 29.650485 1.779439 -105.516088
v 25.139084 1.906207 -105.562932
v 23.795077 4.605874 -111.298574
v 27.124243 3.416281 -111.916380
v 29.312389 4.710087 -107.725808
v 22.754012 1.769211 -112.496838
v 25.675881 6.519985 -107.939988
v 29.261926 1.779439 -108.973509
v 26.637793 5.011920 -110.281329
v 24.996399 5.888833 -109.758170
v 25.625006 6.479866 -108.314966
v 26.162255 6.419285 -108.082337
v 27.529711 5.982405 -108.319503
v 23.125636 4.927393 -108.875848
v 25.176874 6.165870 -108.157434
v 25.612563 4.886780 -105.775652
v 25.795221 6.252914 -107.655264
v 28.892140 5.202725 -105.980736
v 26.333333 6.414711 -107.730709
v 27.232802 2.747614 -105.380572
v 27.040403 3.621855 -105.225847
v 24.927311 2.772421 -105.302344
v 27.394782 1.842823 -105.539510
v 29.507872 2.692257 -105.463015
v 23.525419 1.833313 -107.618544
v 29.456204 1.779439 -107.244801
v 23.324091 2.841548 -107.588559
v 23.291506 3.806618 -107.329334
v 21.889608 2.867509 -109.645538
v 25.916044 4.279884 -111.222938
v 26.881018 4.214100 -111.098855
v 25.459655 4.011077 -111.607481
v 25.216439 4.808897 -110.789949
v 22.638668 3.033389 -110.867955
v 23.274544 3.187543 -111.897707
v 22.332883 1.764815 -111.085499
v 22.831273 4.290237 -110.457744
v 29.382140 2.997830 -107.117155
v 29.287158 3.244763 -108.349659
v 29.338824 4.157582 -106.567876
v 24.853733 2.973852 -111.923109
v 24.792227 1.774325 -112.273257
v 26.977339 2.597860 -111.983031
v 28.046182 1.779439 -110.511595
v 28.324255 3.083264 -109.844004
v 28.218314 4.063184 -109.821095
v 27.718680 4.315291 -110.031740
v 27.975089 4.861004 -109.003569
v 26.102905 6.118425 -108.755026
v 25.310699 6.184350 -109.036570
v 25.893626 6.449575 -108.198655
v 26.845984 6.200845 -108.200918
v 26.263056 5.935619 -109.038835
v 24.483109 5.707338 -108.871887
v 24.061015 5.408113 -109.317012
v 24.151260 5.546632 -108.516639
v 25.400940 6.322868 -108.236201
v 27.608833 5.837542 -107.264189
v 26.247800 6.416998 -107.906519
v 27.612735 5.808718 -106.855725
v 28.210926 5.592565 -107.150119
v 24.817098 5.398884 -107.514040
v 24.369099 4.907087 -107.325752
v 25.703892 5.569847 -106.715457
v 25.486049 6.209393 -107.906348
v 26.798177 5.538175 -106.572800
v 27.252351 5.044752 -105.878194
v 26.064276 6.333813 -107.692984
v 25.683216 5.352651 -109.957966
v 27.083750 5.497162 -109.300417
v 24.395742 5.247354 -110.528369
v 23.504211 4.868828 -109.941928
v 22.496550 4.450997 -109.246382
v 23.837121 4.294563 -107.236481
v 25.164052 4.262708 -105.408705
v 27.205599 4.271609 -105.527585
v 29.128700 4.403900 -105.695339
v 28.806125 4.834770 -106.817489
v 28.421050 5.346246 -108.022656
v 25.838068 6.470983 -108.106164
v 25.650448 6.499925 -108.127475
v 25.919071 6.469635 -108.011161
v 25.457900 6.364122 -108.137928
v 25.426384 6.342928 -108.048707
v 25.535059 6.315096 -107.931917
v 25.735556 6.386450 -107.797624
v 25.934185 6.395152 -107.774701
v 26.004613 6.467348 -107.835344
v 26.028314 6.456736 -107.916563
v 27.849198 5.230224 -108.756091
vt 0.106185 0.192947
vt 0.019070 0.192947
vt 0.420449 0.012011
vt 0.167807 0.012011
vt 0.337331 0.192947
vt 0.219102 0.243023
vt 0.219102 0.124298
vt 0.252503 0.192947
vt 0.252503 0.012011
vt 0.167807 0.192947
vt 0.219102 0.012011
vt 0.252503 0.322184
vt 0.937112 0.011156
vt 0.924385 0.030541
vt 0.167807 0.322184
vt 0.337331 0.322184
vt 0.971978 0.011156
vt 0.924385 0.045989
vt 0.106185 0.322184
vt 0.420449 0.322184
vt 0.971979 0.045989
vt 0.943151 0.025258
vt 0.106185 0.530708
vt 0.019070 0.530708
vt 0.337331 0.530708
vt 0.167807 0.530708
vt 0.252503 0.530708
vt 0.337331 0.012011
vt 0.106185 0.012011
vt 0.420449 0.530708
vt 0.420449 0.192947
vt 0.019070 0.322184
vt 0.019070 0.012011
vt 0.062976 0.104065
vt 0.062627 0.192947
vt 0.019070 0.102479
vt 0.062627 0.012011
vt 0.106185 0.102479
vt 0.376643 0.104222
vt 0.378890 0.012011
vt 0.420449 0.102479
vt 0.378890 0.192947
vt 0.337331 0.102479
vt 0.229741 0.182228
vt 0.219102 0.183660
vt 0.235802 0.158622
vt 0.235802 0.217985
vt 0.291359 0.101937
vt 0.252503 0.102479
vt 0.294917 0.012011
vt 0.294917 0.192947
vt 0.141433 0.101683
vt 0.136996 0.012011
vt 0.167807 0.102479
vt 0.136996 0.192947
vt 0.238355 0.090305
vt 0.235802 0.012011
vt 0.219102 0.068154
vt 0.189375 0.095141
vt 0.193454 0.012011
vt 0.193454 0.158622
vt 0.201851 0.181902
vt 0.193454 0.217985
vt 0.211729 0.396477
vt 0.252503 0.426446
vt 0.210155 0.530708
vt 0.167807 0.426446
vt 0.210155 0.322184
vt 0.301018 0.400849
vt 0.294917 0.322184
vt 0.337331 0.426446
vt 0.294917 0.530708
vt 0.130074 0.395287
vt 0.136996 0.530708
vt 0.106185 0.426446
vt 0.136996 0.322184
vt 0.380310 0.400866
vt 0.378890 0.322184
vt 0.420449 0.426446
vt 0.378890 0.530708
vt 0.062652 0.401991
vt 0.019070 0.426446
vt 0.062627 0.322184
vt 0.062627 0.530708
vt 0.224258 0.268241
vt 0.193454 0.282603
vt 0.252503 0.257565
vt 0.291896 0.256558
vt 0.337331 0.257565
vt 0.380866 0.250776
vt 0.420449 0.257565
vt 0.064139 0.251739
vt 0.106185 0.257565
vt 0.019070 0.257565
vt 0.136199 0.255033
vt 0.167807 0.257565
vt 0.934457 0.022894
vt 0.930749 0.020848
vt 0.940131 0.018207
vt 0.933768 0.027899
vt 0.953124 0.015402
vt 0.954545 0.011156
vt 0.957565 0.018207
vt 0.961945 0.026457
vt 0.971978 0.028572
vt 0.957565 0.035623
vt 0.946630 0.039114
vt 0.948182 0.045989
vt 0.933768 0.035623
vt 0.931633 0.033368
vt 0.924385 0.038265
vt 0.184537 0.252113
vn 0.055887 -0.104976 0.992903
vn 0.061573 0.080907 0.994818
vn 0.062331 0.112355 0.991711
vn 0.055887 -0.104976 0.992903
vn -0.798747 -0.100818 0.593161
vn -0.798747 -0.100818 0.593161
vn -0.798747 -0.100818 0.593161
vn -0.798746 -0.100818 0.593161
vn 0.129017 0.775886 -0.617540
vn 0.125237 0.798200 -0.589230
vn 0.135966 0.728950 -0.670928
vn 0.135966 0.728950 -0.670928
vn -0.687671 0.562110 -0.459500
vn -0.661966 0.614878 -0.428633
vn -0.743685 0.400275 -0.535455
vn -0.743685 0.400275 -0.535456
vn 0.990616 0.107835 -0.083970
vn 0.990616 0.107835 -0.083970
vn 0.990616 0.107835 -0.083970
vn 0.990616 0.107835 -0.083970
vn 0.055998 0.196406 -0.978922
vn 0.055998 0.196406 -0.978922
vn 0.055998 0.196406 -0.978922
vn 0.055998 0.196406 -0.978922
vn 0.754139 0.386289 -0.531088
vn 0.773397 0.335378 -0.537940
vn 0.839330 0.164730 -0.518062
vn 0.839330 0.164730 -0.518062
vn 0.562897 0.648422 -0.512540
vn 0.548643 0.674069 -0.494593
vn 0.266342 0.782677 -0.562565
vn 0.300658 0.685494 -0.663101
vn 0.225113 0.865998 -0.446510
vn 0.225113 0.865998 -0.446510
vn -0.530831 0.843347 -0.083568
vn -0.532730 0.842439 -0.080597
vn -0.528971 0.844223 -0.086466
vn -0.528971 0.844223 -0.086466
vn 0.631849 0.775032 -0.009584
vn 0.464813 0.883508 0.057985
vn 0.337570 0.935634 0.103126
vn 0.337570 0.935634 0.103126
vn -0.561914 0.656420 0.503355
vn -0.557662 0.669241 0.491050
vn -0.556921 0.671397 0.488943
vn -0.556921 0.671397 0.488943
vn -0.075678 0.796800 0.599485
vn -0.076119 0.795762 0.600807
vn -0.074782 0.798901 0.596795
vn -0.074782 0.798901 0.596795
vn 0.233347 0.808818 -0.539780
vn 0.231040 0.818878 -0.525413
vn 0.238117 0.786043 -0.570471
vn 0.238117 0.786043 -0.570471
vn -0.511561 0.816409 -0.267921
vn -0.511561 0.816409 -0.267921
vn -0.663299 0.581843 0.470630
vn -0.831325 0.065398 0.551925
vn -0.806424 0.229721 0.544893
vn -0.663299 0.581843 0.470630
vn 0.062952 0.439925 0.895825
vn 0.059853 0.019077 0.998025
vn 0.060806 0.068901 0.995769
vn 0.062952 0.439925 0.895825
vn 0.873069 0.481917 0.074207
vn 0.986139 0.165762 -0.007308
vn 0.964695 0.262815 0.017080
vn 0.873069 0.481917 0.074207
vn 0.171042 0.979286 -0.108365
vn 0.335765 0.941692 0.021855
vn 0.165307 0.978021 -0.127077
vn 0.165307 0.978021 -0.127077
vn -0.575994 0.817401 -0.009285
vn -0.575994 0.817401 -0.009285
vn -0.602536 0.440369 0.665602
vn -0.602536 0.440369 0.665602
vn -0.111995 0.700903 0.704409
vn -0.111995 0.700903 0.704409
vn 0.180990 0.980598 -0.075303
vn 0.410683 0.911618 -0.017102
vn 0.372756 0.927530 -0.027241
vn 0.180990 0.980598 -0.075303
vn 0.597326 0.577013 -0.557008
vn 0.597326 0.577013 -0.557008
vn 0.053205 -0.220069 0.974032
vn 0.053204 -0.220069 0.974032
vn 0.007268 -0.229047 0.973388
vn 0.007268 -0.229047 0.973388
vn 0.007268 -0.229047 0.973388
vn 0.007268 -0.229047 0.973388
vn 0.009948 -0.114206 0.993407
vn 0.009948 -0.114206 0.993407
vn 0.009948 -0.114206 0.993407
vn 0.009948 -0.114206 0.993407
vn -0.775733 -0.260092 0.574970
vn -0.775733 -0.260092 0.574970
vn -0.775733 -0.260092 0.574970
vn -0.775733 -0.260092 0.574970
vn -0.811942 -0.257097 0.524072
vn -0.824160 0.123451 0.552739
vn -0.832492 0.030150 0.553216
vn -0.811942 -0.257097 0.524072
vn -0.833402 -0.097577 0.543985
vn -0.833402 -0.097577 0.543985
vn 0.135967 0.728950 -0.670928
vn 0.002815 0.352454 -0.935825
vn 0.008516 0.370194 -0.928915
vn 0.135967 0.728950 -0.670928
vn 0.052556 0.522771 -0.850851
vn 0.043301 0.480927 -0.875691
vn 0.158472 0.729587 -0.665275
vn 0.135965 0.728952 -0.670926
vn -0.860821 0.370706 -0.348661
vn -0.860821 0.370706 -0.348661
vn -0.860821 0.370706 -0.348661
vn -0.860821 0.370706 -0.348661
vn -0.907187 0.149079 -0.393429
vn -0.907187 0.149079 -0.393429
vn -0.907187 0.149079 -0.393429
vn -0.907187 0.149079 -0.393429
vn -0.777380 0.168557 -0.606028
vn -0.744221 0.403707 -0.532124
vn -0.705553 0.524699 -0.476326
vn -0.777380 0.168557 -0.606028
vn 0.994638 0.044272 -0.093467
vn 0.994638 0.044272 -0.093467
vn 0.994638 0.044272 -0.093467
vn 0.994638 0.044272 -0.093467
vn 0.998781 0.025709 -0.042133
vn 0.918433 0.385555 0.088481
vn 0.972647 0.230197 0.031090
vn 0.998781 0.025709 -0.042133
vn 0.995046 0.096368 -0.024438
vn 0.995046 0.096368 -0.024438
vn 0.070451 0.326169 -0.942683
vn 0.070451 0.326169 -0.942683
vn 0.070451 0.326169 -0.942683
vn 0.070452 0.326169 -0.942683
vn -0.008575 0.352530 -0.935761
vn -0.008575 0.352530 -0.935761
vn -0.039377 0.216916 -0.975396
vn -0.039377 0.216915 -0.975396
vn 0.793674 0.183558 -0.579990
vn 0.793674 0.183558 -0.579990
vn 0.793674 0.183558 -0.579990
vn 0.793674 0.183558 -0.579990
vn 0.817739 0.035021 -0.574523
vn 0.817739 0.035021 -0.574523
vn 0.817739 0.035021 -0.574523
vn 0.817739 0.035021 -0.574523
vn 0.865738 0.005204 -0.500470
vn 0.840367 0.143966 -0.522549
vn 0.817990 0.222553 -0.530436
vn 0.865738 0.005204 -0.500470
vn 0.548643 0.674069 -0.494593
vn 0.548643 0.674069 -0.494593
vn 0.548643 0.674070 -0.494592
vn 0.557311 0.658707 -0.505479
vn 0.576939 0.621087 -0.530464
vn 0.548643 0.674069 -0.494592
vn 0.244393 0.862546 -0.443043
vn 0.244393 0.862546 -0.443043
vn 0.244392 0.862546 -0.443043
vn 0.244393 0.862546 -0.443043
vn 0.229080 0.880890 -0.414192
vn 0.229080 0.880890 -0.414192
vn 0.229080 0.880890 -0.414192
vn 0.229081 0.880890 -0.414192
vn 0.214097 0.878529 -0.427024
vn 0.214097 0.878529 -0.427024
vn -0.504878 0.855187 -0.117274
vn -0.516417 0.835433 -0.188059
vn -0.520497 0.825525 -0.218154
vn -0.504878 0.855187 -0.117274
vn -0.506224 0.848079 -0.156523
vn -0.513071 0.832998 -0.207055
vn -0.495794 0.863390 -0.093522
vn -0.495794 0.863390 -0.093522
vn -0.520337 0.852921 -0.042130
vn -0.521395 0.852305 -0.041523
vn -0.529247 0.847661 -0.036998
vn -0.520337 0.852921 -0.042130
vn 0.355260 0.934073 0.036033
vn 0.350068 0.936157 0.032586
vn 0.355260 0.934073 0.036033
vn 0.416888 0.908827 -0.015421
vn 0.416888 0.908827 -0.015421
vn 0.374353 0.923607 0.082521
vn 0.860814 0.457033 -0.223875
vn 0.569699 0.821626 -0.019329
vn 0.374353 0.923607 0.082521
vn -0.565984 0.678695 0.468012
vn -0.636468 0.590582 0.496106
vn -0.607516 0.629072 0.484967
vn -0.565984 0.678695 0.468012
vn -0.584453 0.665506 0.464238
vn -0.586552 0.663384 0.464627
vn -0.554460 0.694621 0.458339
vn -0.554460 0.694621 0.458339
vn -0.539842 0.696461 0.472772
vn -0.542125 0.690933 0.478239
vn -0.543044 0.688669 0.480456
vn -0.539842 0.696461 0.472772
vn -0.045889 0.805889 0.590286
vn 0.003703 0.598404 0.801186
vn -0.002501 0.627399 0.778694
vn -0.045889 0.805889 0.590286
vn -0.003258 0.613438 0.789736
vn 0.014762 0.519586 0.854290
vn -0.043752 0.794926 0.605126
vn -0.043752 0.794926 0.605126
vn -0.070086 0.781612 0.619815
vn -0.070608 0.780693 0.620913
vn -0.072821 0.776770 0.625560
vn -0.070086 0.781612 0.619815
vn 0.117749 0.837011 -0.534367
vn 0.117749 0.837011 -0.534367
vn 0.179674 0.729825 -0.659601
vn 0.179674 0.729825 -0.659601
vn 0.309655 0.653880 -0.690329
vn 0.309655 0.653880 -0.690329
vn -0.501956 0.828384 -0.248635
vn -0.501956 0.828384 -0.248635
vn -0.515552 0.825844 -0.228445
vn -0.515552 0.825845 -0.228445
vn -0.524571 0.812956 -0.252839
vn -0.524571 0.812956 -0.252839
vn -0.612289 0.656114 0.441154
vn -0.612289 0.656114 0.441154
vn -0.600774 0.648705 0.467176
vn -0.600774 0.648705 0.467176
vn -0.653156 0.566704 0.502229
vn -0.653156 0.566704 0.502229
vn 0.066231 0.377610 0.923593
vn 0.066231 0.377610 0.923593
vn 0.039282 0.378840 0.924628
vn 0.039282 0.378840 0.924628
vn 0.033491 0.447162 0.893825
vn 0.033491 0.447163 0.893826
vn 0.608629 0.757792 0.235207
vn 0.608629 0.757792 0.235207
vn 0.691842 0.721103 -0.036959
vn 0.691842 0.721103 -0.036959
vn 0.891143 0.374427 -0.256258
vn 0.891143 0.374427 -0.256258
vn 0.165307 0.978022 -0.127073
vn 0.165307 0.978022 -0.127073
vn 0.165307 0.978022 -0.127073
vn 0.165307 0.978022 -0.127073
vn 0.165300 0.978024 -0.127066
vn 0.169775 0.979040 -0.112505
vn 0.175346 0.979994 -0.094153
vn 0.165300 0.978024 -0.127066
vn -0.575998 0.817398 -0.009287
vn -0.575998 0.817398 -0.009287
vn -0.576003 0.817394 -0.009317
vn -0.576003 0.817394 -0.009317
vn -0.576003 0.817394 -0.009317
vn -0.576003 0.817394 -0.009317
vn -0.602537 0.440366 0.665603
vn -0.602537 0.440366 0.665603
vn -0.602538 0.440355 0.665609
vn -0.602538 0.440355 0.665609
vn -0.602538 0.440355 0.665609
vn -0.602538 0.440355 0.665609
vn -0.111981 0.700919 0.704395
vn -0.111981 0.700919 0.704395
vn -0.111995 0.700920 0.704392
vn -0.111995 0.700920 0.704392
vn -0.111995 0.700920 0.704392
vn -0.111995 0.700920 0.704392
vn 0.180987 0.980599 -0.075298
vn 0.180990 0.980598 -0.075305
vn 0.180990 0.980598 -0.075305
vn 0.597325 0.577015 -0.557006
vn 0.597325 0.577015 -0.557006
vn 0.597324 0.577016 -0.557006
vn 0.597325 0.577016 -0.557006
vn 0.597325 0.577016 -0.557006
vn 0.597325 0.577016 -0.557006
s 1
g group2 Ore_Clicker52
usemtl initialShadingGroup
f 3082/3615/8914 3057/3578/8915 3079/3612/8916 3078/3611/8917
s off
f 3087/3620/8918 3055/3605/8919 3083/3617/8920 3085/3616/8921
s 2
f 3091/3624/8922 3067/3583/8923 3089/3622/8924 3088/3621/8925
s 3
f 3095/3628/8926 3061/3585/8927 3093/3626/8928 3092/3625/8929
s off
f 3082/3615/8930 3059/3606/8931 3084/3630/8932 3096/3629/8933
f 3101/3635/8934 3054/3588/8935 3100/3634/8936 3099/3633/8937
s 4
f 3104/3638/8938 3063/3587/8939 3097/3631/8940 3103/3636/8941
f 3106/3640/8942 3063/3587/8939 3104/3638/8938 3105/3639/8943
s 5
f 3111/3645/8944 3068/3589/8945 3108/3642/8946 3107/3641/8947
s 6
f 3115/3649/8948 3069/3604/8949 3108/3642/8950 3112/3646/8951
s 7
f 3119/3653/8952 3071/3592/8953 3110/3644/8954 3116/3650/8955
s 8
f 3123/3657/8956 3073/3602/8957 3114/3648/8958 3120/3654/8959
s 9
f 3126/3661/8960 3075/3601/8961 3122/3659/8962 3124/3658/8963
s 10
f 3111/3645/8964 3071/3592/8965 3128/3663/8966 3127/3662/8967
s 3
f 3129/3664/8968 3061/3585/8927 3095/3628/8926 3130/3665/8969
s 11
f 3131/3666/8970 3056/3582/8971 3086/3619/8972 3132/3667/8973
s 12
f 3133/3671/8974 3058/3579/8975 3079/3612/8976 3134/3669/8977
s 13
f 3135/3670/8978 3057/3578/8979 3098/3632/8980 3136/3672/8981
s 14
f 3140/3677/8982 3070/3591/8983 3109/3675/8984 3138/3674/8985
s 6
f 3139/3676/8986 3069/3590/8949 3115/3679/8948 3141/3678/8987
s 8
f 3142/3680/8988 3073/3594/8957 3123/3682/8956 3143/3681/8989
s 9
f 3144/3683/8990 3075/3598/8961 3126/3685/8960 3145/3684/8991
s 15
f 3146/3686/8992 3077/3595/8993 3117/3688/8994 3147/3687/8995
s 4
f 3137/3673/8996 3063/3587/8939 3106/3640/8942 3148/3689/8997
s 12
f 3079/3612/8976 3058/3579/8975 3080/3613/8998 3078/3611/8999
s off
f 3080/3613/9000 3060/3610/9001 3081/3614/9002 3078/3611/9003
f 3081/3614/9004 3059/3606/9005 3082/3615/9006 3078/3611/9007
f 3083/3617/9008 3060/3580/9009 3080/3618/9010 3085/3616/9011
s 16
f 3080/3618/9012 3058/3608/9013 3086/3619/9014 3085/3616/9015
s 11
f 3086/3619/8972 3056/3582/8971 3087/3620/9016 3085/3616/9017
s 17
f 3089/3622/9018 3062/3584/9019 3090/3623/9020 3088/3621/9021
s 18
f 3090/3623/9022 3061/3585/9023 3091/3624/9024 3088/3621/9025
s off
f 3093/3626/9026 3064/3586/9027 3094/3627/9028 3092/3625/9029
f 3094/3627/9030 3055/3605/9031 3087/3620/9032 3092/3625/9033
s 19
f 3087/3620/9034 3056/3582/9035 3095/3628/9036 3092/3625/9037
s off
f 3084/3630/9038 3066/3581/9039 3097/3631/9040 3096/3629/9041
s 20
f 3097/3631/9042 3063/3587/9043 3098/3632/9044 3096/3629/9045
s 13
f 3098/3632/8980 3057/3578/8979 3082/3615/9046 3096/3629/9047
s off
f 3100/3634/9048 3064/3586/9049 3093/3626/9050 3099/3633/9051
s 18
f 3093/3626/9052 3061/3585/9023 3090/3623/9022 3099/3633/9053
s 17
f 3090/3623/9020 3062/3584/9019 3101/3635/9054 3099/3633/9055
s off
f 3097/3631/9056 3066/3581/9057 3102/3637/9058 3103/3636/9059
f 3102/3637/9060 3054/3588/9061 3101/3635/9062 3103/3636/9063
s 21
f 3101/3635/9064 3062/3584/9065 3104/3638/9066 3103/3636/9067
f 3104/3638/9066 3062/3584/9065 3089/3622/9068 3105/3639/9069
s 22
f 3089/3622/9070 3067/3583/9071 3106/3640/9072 3105/3639/9073
s off
f 3108/3642/9074 3069/3604/9075 3109/3643/9076 3107/3641/9077
f 3109/3643/9078 3070/3603/9079 3110/3644/9080 3107/3641/9081
s 10
f 3110/3644/9082 3071/3592/8965 3111/3645/8964 3107/3641/9083
s 23
f 3108/3642/9084 3068/3589/9085 3113/3647/9086 3112/3646/9087
s 24
f 3113/3647/9088 3072/3593/9089 3114/3648/9090 3112/3646/9091
s 25
f 3114/3648/9092 3073/3602/9093 3115/3649/9094 3112/3646/9095
s 14
f 3110/3644/9096 3070/3603/8983 3117/3651/9097 3116/3650/9098
s 15
f 3117/3651/8994 3077/3600/8993 3118/3652/9099 3116/3650/9100
s 26
f 3118/3652/9101 3076/3596/9102 3119/3653/9103 3116/3650/9104
s 27
f 3114/3648/9105 3072/3593/9106 3121/3655/9107 3120/3654/9108
s 28
f 3121/3655/9109 3074/3597/9110 3122/3656/9111 3120/3654/9112
s 29
f 3122/3656/9113 3075/3607/9114 3123/3657/9115 3120/3654/9116
s 30
f 3122/3659/9117 3074/3609/9118 3125/3660/9119 3124/3658/9120
s 31
f 3125/3660/9121 3076/3596/9122 3118/3652/9123 3124/3658/9124
s 32
f 3118/3652/9125 3077/3600/9126 3126/3661/9127 3124/3658/9128
s 2
f 3128/3663/9129 3067/3583/8923 3091/3624/8922 3127/3662/9130
s 18
f 3091/3624/9024 3061/3585/9023 3129/3664/9131 3127/3662/9132
s 5
f 3129/3664/9133 3068/3589/8945 3111/3645/8944 3127/3662/9134
s 19
f 3095/3628/9036 3056/3582/9035 3131/3666/9135 3130/3665/9136
s 24
f 3131/3666/9137 3072/3593/9089 3113/3647/9088 3130/3665/9138
s 23
f 3113/3647/9086 3068/3589/9085 3129/3664/9139 3130/3665/9140
s 16
f 3086/3619/9014 3058/3608/9013 3133/3668/9141 3132/3667/9142
s 28
f 3133/3668/9143 3074/3597/9110 3121/3655/9109 3132/3667/9144
s 27
f 3121/3655/9107 3072/3593/9106 3131/3666/9145 3132/3667/9146
s 1
f 3079/3612/8916 3057/3578/8915 3135/3670/9147 3134/3669/9148
s 31
f 3135/3670/9149 3076/3596/9122 3125/3660/9121 3134/3669/9150
s 30
f 3125/3660/9119 3074/3609/9118 3133/3671/9151 3134/3669/9152
s 20
f 3098/3632/9044 3063/3587/9043 3137/3673/9153 3136/3672/9154
s 7
f 3137/3673/9155 3071/3592/8953 3119/3653/8952 3136/3672/9156
s 26
f 3119/3653/9103 3076/3596/9102 3135/3670/9157 3136/3672/9158
s off
f 3109/3675/9159 3069/3590/9160 3139/3676/9161 3138/3674/9162
s 33
f 3139/3676/9163 3065/3599/9164 3140/3677/9165 3138/3674/9166
s 25
f 3115/3679/9094 3073/3594/9093 3142/3680/9167 3141/3678/9168
s off
f 3142/3680/9169 3065/3599/9170 3139/3676/9171 3141/3678/9172
s 29
f 3123/3682/9115 3075/3598/9114 3144/3683/9173 3143/3681/9174
s off
f 3144/3683/9175 3065/3599/9176 3142/3680/9177 3143/3681/9178
s 32
f 3126/3685/9127 3077/3595/9126 3146/3686/9179 3145/3684/9180
s off
f 3146/3686/9181 3065/3599/9182 3144/3683/9183 3145/3684/9184
s 14
f 3117/3688/9097 3070/3591/8983 3140/3677/8982 3147/3687/9185
s 33
f 3140/3677/9165 3065/3599/9164 3146/3686/9186 3147/3687/9187
s 22
f 3106/3640/9072 3067/3583/9071 3128/3663/9188 3148/3689/9189
s off
f 3128/3663/9190 3071/3592/9191 3137/3673/9192 3148/3689/9193
g default
v 23.201148 -2.080718 -106.465104
v 22.963706 -2.128722 -114.856701
v 23.240629 2.524552 -115.208338
v 16.735870 2.324666 -118.413957
v 17.300576 -1.736006 -118.397503
v 23.853431 4.695562 -110.256438
v 21.533088 2.609893 -106.412826
v 16.336936 4.958437 -109.371744
v 26.629156 -2.109663 -111.595140
v 18.423845 11.023994 -113.348125
v 15.607764 -2.080718 -107.938197
v 20.721850 5.709998 -108.721083
v 21.448735 8.173834 -111.089727
v 19.158599 10.272437 -112.576193
v 17.992693 9.996138 -112.450723
v 18.030511 8.734507 -110.477047
v 21.762522 5.842882 -114.046028
v 19.185666 8.204231 -113.809690
v 17.456835 5.734845 -115.511092
v 17.683780 8.585880 -114.035032
v 14.644141 6.529188 -112.542018
v 16.948585 9.509596 -112.824595
v 17.076513 0.317218 -118.825886
v 19.980726 -1.943155 -116.132377
v 14.208006 -2.080718 -109.996268
v 20.356010 0.249379 -116.853180
v 19.948614 2.287651 -116.761528
v 23.611406 0.244829 -115.297445
v 21.303086 4.282996 -108.824647
v 20.435294 4.151830 -107.974699
v 22.150147 3.703233 -108.836119
v 22.287640 5.202097 -109.488761
v 24.572168 0.567446 -113.431267
v 24.514014 0.848380 -110.956040
v 24.589515 -2.119343 -113.244314
v 23.573377 3.197545 -113.160280
v 14.577386 0.201280 -109.650332
v 15.662568 0.026810 -108.233189
v 13.948461 3.084209 -111.026999
v 25.278689 0.426674 -109.027073
v 26.023656 -2.097257 -110.103662
v 22.009763 -0.039816 -106.103271
v 17.766061 -2.080718 -107.186628
v 16.349055 0.529166 -107.181804
v 18.219513 3.859338 -108.274194
v 18.771719 4.387443 -108.530407
v 18.529393 5.332618 -109.046413
v 18.662682 9.615316 -111.966170
v 19.741008 9.642351 -112.116885
v 18.492110 10.109467 -112.435148
v 17.808907 9.436410 -111.794944
v 20.002002 8.268891 -110.735434
v 19.886390 8.365301 -113.177395
v 21.632321 7.043489 -112.551117
v 20.039728 6.968482 -114.104868
v 19.263725 9.019972 -113.255289
v 16.856834 8.973238 -112.213225
v 17.470241 9.735870 -112.582914
v 15.849046 8.338450 -112.653019
v 15.847592 7.384545 -111.821297
v 18.684524 7.119358 -114.428323
v 19.563056 5.700042 -114.850134
v 17.265526 7.244570 -114.766615
v 18.522187 8.185831 -113.932494
v 16.584988 7.807742 -113.752188
v 16.298152 6.005301 -113.760528
v 17.274630 8.872914 -113.507123
v 21.423072 7.134656 -110.038015
v 19.559738 7.696788 -109.371752
v 22.805772 6.900040 -110.501103
v 23.276899 5.222248 -112.363235
v 23.235721 4.308952 -114.266405
v 20.342568 4.043284 -115.538301
v 17.058697 4.183251 -116.818887
v 15.109798 4.205917 -114.982624
v 14.616245 5.299672 -111.409685
v 16.385267 7.112508 -110.289587
v 18.436245 10.460155 -112.762216
v 18.646915 10.628361 -113.032081
v 18.298320 10.628570 -113.009415
v 18.982189 9.436583 -113.352759
v 18.716199 9.633476 -113.457401
v 18.529459 9.380526 -113.500886
v 18.249211 9.975277 -113.474518
v 18.069408 9.982114 -113.297894
v 18.073414 10.610610 -113.153550
v 18.132916 10.507349 -113.027264
v 17.582428 6.810939 -109.610480
v 12.225316 -2.199960 -111.319808
v 11.977826 0.150823 -111.382353
v 15.325944 1.972890 -118.728773
v 15.456449 3.823147 -117.362870
v 14.117321 3.772586 -115.157675
v 12.659314 2.510433 -111.586583
v 13.354941 4.728187 -111.926473
v 15.725000 -0.017031 -119.064661
v 16.213482 -2.008755 -118.610736
v 13.549883 5.756102 -112.769562
v 14.707678 5.265091 -114.539368
v 14.516156 6.546622 -112.139019
v 11.442478 1.569823 -113.578950
v 11.122429 -0.545006 -113.987140
v 12.851365 1.488494 -116.799599
v 12.968300 -0.385493 -117.779095
v 10.463130 -2.476029 -114.600954
v 10.982849 -2.350179 -112.439665
v 13.687437 -2.289504 -118.093347
v 10.916730 -0.179407 -112.318855
v 14.130264 1.595285 -118.477411
v 14.501828 3.318183 -117.361355
v 13.126832 3.338155 -115.332293
v 11.761157 3.680712 -113.357947
v 11.560881 2.101606 -112.382848
v 12.193686 4.216160 -112.603724
v 14.474777 -0.365192 -118.795363
v 15.166356 -2.157169 -118.508985
v 12.483502 4.966062 -113.095880
v 13.775988 4.531444 -114.852037
v 13.284545 5.649953 -112.449104
v 14.064869 -0.939719 -110.055354
v 12.101571 -1.024569 -111.351080
v 10.949789 -1.264793 -112.379261
v 10.792781 -1.510518 -114.294046
v 13.327867 -1.337499 -117.936222
v 14.820566 -1.261180 -118.652174
v 15.969241 -1.012893 -118.837699
v 17.188544 -0.709394 -118.611695
v 20.168368 -0.846888 -116.492779
v 23.287555 -0.941947 -115.077073
v 24.580841 -0.775948 -113.337790
v 25.571585 -0.630642 -111.275590
v 25.651172 -0.835292 -109.565368
v 22.605456 -1.060267 -106.284187
v 17.057558 -0.775776 -107.184216
v 15.890086 -1.026954 -107.905247
vt 0.106185 0.192947
vt 0.019070 0.192947
vt 0.420449 0.012011
vt 0.167807 0.012011
vt 0.337331 0.192947
vt 0.219102 0.243023
vt 0.219102 0.124298
vt 0.252503 0.192947
vt 0.252503 0.012011
vt 0.167807 0.192947
vt 0.219102 0.012011
vt 0.252503 0.322184
vt 0.937112 0.011156
vt 0.924385 0.030541
vt 0.167807 0.322184
vt 0.337331 0.322184
vt 0.971978 0.011156
vt 0.924385 0.045989
vt 0.106185 0.322184
vt 0.420449 0.322184
vt 0.971979 0.045989
vt 0.943151 0.025258
vt 0.106185 0.530708
vt 0.019070 0.530708
vt 0.337331 0.530708
vt 0.167807 0.530708
vt 0.252503 0.530708
vt 0.337331 0.012011
vt 0.106185 0.012011
vt 0.420449 0.530708
vt 0.420449 0.192947
vt 0.019070 0.322184
vt 0.019070 0.012011
vt 0.062921 0.104181
vt 0.062627 0.192947
vt 0.019070 0.102479
vt 0.062627 0.012011
vt 0.106185 0.102479
vt 0.376693 0.103980
vt 0.378890 0.012011
vt 0.420449 0.102479
vt 0.378890 0.192947
vt 0.337331 0.102479
vt 0.230065 0.182301
vt 0.219102 0.183660
vt 0.235802 0.158622
vt 0.235802 0.217985
vt 0.291440 0.102554
vt 0.252503 0.102479
vt 0.294917 0.012011
vt 0.294917 0.192947
vt 0.141411 0.101629
vt 0.136996 0.012011
vt 0.167807 0.102479
vt 0.136996 0.192947
vt 0.238226 0.089536
vt 0.235802 0.012011
vt 0.219102 0.068154
vt 0.189385 0.094913
vt 0.193454 0.012011
vt 0.193454 0.158622
vt 0.201843 0.182238
vt 0.193454 0.217985
vt 0.210548 0.395955
vt 0.252503 0.426446
vt 0.210155 0.530708
vt 0.167807 0.426446
vt 0.210155 0.322184
vt 0.301350 0.399909
vt 0.294917 0.322184
vt 0.337331 0.426446
vt 0.294917 0.530708
vt 0.130484 0.396307
vt 0.136996 0.530708
vt 0.106185 0.426446
vt 0.136996 0.322184
vt 0.379926 0.401259
vt 0.378890 0.322184
vt 0.420449 0.426446
vt 0.378890 0.530708
vt 0.062977 0.399911
vt 0.019070 0.426446
vt 0.062627 0.322184
vt 0.062627 0.530708
vt 0.224323 0.267942
vt 0.193454 0.282603
vt 0.252503 0.257565
vt 0.292176 0.256251
vt 0.337331 0.257565
vt 0.380888 0.251037
vt 0.420449 0.257565
vt 0.063828 0.251308
vt 0.106185 0.257565
vt 0.019070 0.257565
vt 0.136449 0.254907
vt 0.167807 0.257565
vt 0.934320 0.023037
vt 0.930749 0.020848
vt 0.940131 0.018207
vt 0.933768 0.027899
vt 0.953180 0.015356
vt 0.954545 0.011156
vt 0.957565 0.018207
vt 0.962045 0.026393
vt 0.971978 0.028572
vt 0.957565 0.035623
vt 0.946240 0.039227
vt 0.948182 0.045989
vt 0.933768 0.035623
vt 0.931811 0.033232
vt 0.924385 0.038265
vt 0.184459 0.251757
vt 0.136996 0.012011
vt 0.141411 0.101629
vt 0.019070 0.257565
vt 0.019070 0.192947
vt 0.063828 0.251308
vt 0.136996 0.192947
vt 0.136449 0.254907
vt 0.019070 0.102479
vt 0.019070 0.012011
vt 0.106185 0.322184
vt 0.062627 0.322184
vt 0.136996 0.322184
vt 0.136996 0.012011
vt 0.141411 0.101629
vt 0.019070 0.257565
vt 0.019070 0.192947
vt 0.063828 0.251308
vt 0.136996 0.192947
vt 0.136449 0.254907
vt 0.019070 0.102479
vt 0.019070 0.012011
vt 0.106185 0.322184
vt 0.062627 0.322184
vt 0.136996 0.322184
vt 0.139203 0.056820
vt 0.139203 0.056820
vt 0.139203 0.056820
vt 0.106185 0.057245
vt 0.062774 0.058096
vt 0.019070 0.057245
vt 0.019070 0.057245
vt 0.019070 0.057245
vt 0.420449 0.057245
vt 0.377791 0.057995
vt 0.337331 0.057245
vt 0.293178 0.057283
vt 0.252503 0.057245
vt 0.237014 0.050774
vt 0.219102 0.040082
vt 0.191420 0.053462
vt 0.167807 0.057245
vn -0.891581 0.188630 -0.411706
vn -0.862817 0.251584 -0.438466
vn -0.875351 0.225584 -0.427636
vn -0.891581 0.188630 -0.411706
vn 0.385517 -0.307660 -0.869898
vn 0.386569 -0.307768 -0.869393
vn 0.372325 -0.306285 -0.876107
vn 0.372325 -0.306285 -0.876107
vn 0.500078 0.376787 0.779713
vn 0.496542 0.385943 0.777492
vn 0.563640 0.170927 0.808142
vn 0.563640 0.170927 0.808142
vn 0.952342 0.273485 -0.135095
vn 0.943806 0.293234 -0.152461
vn 0.956174 0.263947 -0.126737
vn 0.956174 0.263947 -0.126737
vn -0.989609 0.133589 0.053174
vn -0.987821 0.126670 0.090362
vn -0.981628 0.114641 0.152523
vn -0.981628 0.114641 0.152523
vn 0.734549 0.100108 0.671131
vn 0.718362 0.087240 0.690178
vn 0.755645 0.117494 0.644357
vn 0.755645 0.117494 0.644357
vn -0.469988 0.401662 0.785989
vn -0.423389 0.366602 0.828459
vn -0.543685 0.370786 0.752943
vn -0.543685 0.370786 0.752943
vn -0.231124 0.395637 0.888849
vn -0.181361 0.486200 0.854820
vn 0.187048 0.707113 0.681912
vn 0.237467 0.692705 0.681006
vn 0.155568 0.715060 0.681533
vn 0.155568 0.715060 0.681533
vn 0.719829 0.429570 -0.545266
vn 0.728725 0.407075 -0.550682
vn 0.714126 0.443305 -0.541761
vn 0.714126 0.443305 -0.541761
vn -0.694114 0.606356 0.387991
vn -0.661695 0.600908 0.448408
vn -0.627002 0.592841 0.505379
vn -0.627002 0.592841 0.505379
vn 0.180987 0.371472 -0.910633
vn 0.191647 0.379675 -0.905052
vn 0.222675 0.403266 -0.887577
vn 0.222675 0.403266 -0.887577
vn -0.541631 0.512402 -0.666393
vn -0.540058 0.514609 -0.665969
vn -0.537871 0.517661 -0.665373
vn -0.537871 0.517661 -0.665373
vn 0.294967 0.827154 0.478341
vn 0.224918 0.823220 0.521268
vn 0.331184 0.826974 0.454347
vn 0.331184 0.826974 0.454347
vn 0.931454 0.318918 -0.175168
vn 0.931454 0.318918 -0.175168
vn 0.336522 0.464145 -0.819343
vn 0.387793 0.288095 -0.875567
vn 0.396173 0.252347 -0.882818
vn 0.336523 0.464144 -0.819343
vn -0.713922 0.490592 -0.499635
vn -0.715638 0.322175 -0.619730
vn -0.718596 0.386377 -0.578216
vn -0.713922 0.490592 -0.499635
vn -0.964006 0.217070 0.153533
vn -0.974549 0.221018 -0.037495
vn -0.974816 0.220500 0.033367
vn -0.964006 0.217070 0.153533
vn -0.391495 0.705249 0.591062
vn -0.477371 0.702612 0.527687
vn -0.227142 0.683085 0.694119
vn -0.227142 0.683085 0.694119
vn 0.744524 0.363253 -0.560117
vn 0.744524 0.363253 -0.560117
vn 0.090137 0.299625 -0.949790
vn 0.090137 0.299625 -0.949790
vn -0.547626 0.503904 -0.667972
vn -0.547626 0.503904 -0.667972
vn -0.486803 0.687334 0.539069
vn -0.571011 0.657162 0.492020
vn -0.529508 0.673135 0.516246
vn -0.486802 0.687334 0.539069
vn -0.276684 0.303524 0.911767
vn -0.276684 0.303524 0.911767
vn -0.690390 0.155948 -0.706429
vn -0.690390 0.155948 -0.706430
vn -0.436300 -0.159852 -0.885488
vn -0.411027 -0.150103 -0.899180
vn -0.345420 -0.124829 -0.930109
vn -0.345420 -0.124829 -0.930109
vn -0.774096 0.137466 -0.617963
vn -0.774096 0.137466 -0.617963
vn -0.817874 0.123251 -0.562042
vn -0.809277 0.126208 -0.573709
vn 0.586978 -0.230935 -0.775967
vn 0.586978 -0.230935 -0.775967
vn 0.551225 -0.236225 -0.800218
vn 0.557585 -0.235328 -0.796065
vn 0.480543 0.195269 -0.854955
vn 0.435887 0.345469 -0.831056
vn 0.423811 0.379491 -0.822417
vn 0.480543 0.195269 -0.854955
vn 0.422846 0.113838 -0.899023
vn 0.422846 0.113838 -0.899023
vn 0.440560 0.756747 0.482949
vn 0.656329 0.452186 0.603954
vn 0.632518 0.498530 0.592780
vn 0.440560 0.756747 0.482949
vn 0.737990 0.388478 0.551775
vn 0.733358 0.393416 0.554446
vn 0.429262 0.346911 0.833899
vn 0.421161 0.329335 0.845081
vn 0.834823 0.349450 -0.425388
vn 0.832267 0.348918 -0.430799
vn 0.726415 0.323013 -0.606616
vn 0.726415 0.323013 -0.606617
vn 0.747222 -0.172683 -0.641748
vn 0.747222 -0.172683 -0.641748
vn 0.795674 -0.171187 -0.581031
vn 0.798918 -0.171042 -0.576606
vn 0.889895 0.274928 -0.364007
vn 0.912145 0.251052 -0.323983
vn 0.943250 0.210613 -0.256750
vn 0.889895 0.274928 -0.364007
vn -0.704593 0.221124 0.674280
vn -0.703638 0.266135 0.658837
vn -0.704358 0.241569 0.667476
vn -0.704593 0.221124 0.674280
vn -0.970367 0.220570 -0.098676
vn -0.970367 0.220570 -0.098676
vn 0.894436 0.412914 0.171714
vn 0.894437 0.412914 0.171714
vn 0.888770 0.457990 0.018240
vn 0.885255 0.464997 -0.010012
vn 0.829694 0.391580 0.397836
vn 0.829694 0.391580 0.397836
vn 0.671188 0.420531 0.610459
vn 0.671188 0.420531 0.610459
vn -0.495072 -0.112084 0.861592
vn -0.505365 -0.114909 0.855220
vn -0.397972 -0.085601 0.913395
vn -0.397972 -0.085601 0.913395
vn -0.148232 -0.160075 0.975911
vn -0.148232 -0.160075 0.975912
vn -0.160143 -0.166521 0.972947
vn -0.172481 -0.173182 0.969669
vn -0.248368 0.275601 0.928632
vn -0.246107 0.293680 0.923679
vn -0.241145 0.330788 0.912375
vn -0.248368 0.275601 0.928632
vn -0.184918 0.620556 0.762047
vn -0.184918 0.620556 0.762047
vn -0.215160 0.442752 0.870446
vn -0.204703 0.311093 0.928072
vn -0.202504 0.288089 0.935947
vn -0.215160 0.442752 0.870446
vn 0.054167 0.657093 0.751861
vn 0.054167 0.657093 0.751861
vn 0.054167 0.657093 0.751861
vn 0.054167 0.657093 0.751861
vn -0.078853 0.727914 0.681119
vn -0.078853 0.727914 0.681119
vn -0.078853 0.727914 0.681119
vn -0.078853 0.727914 0.681119
vn 0.166968 0.815937 0.553505
vn 0.166968 0.815937 0.553505
vn 0.681020 0.572001 -0.457194
vn 0.696408 0.585273 -0.415297
vn 0.701238 0.589447 -0.401019
vn 0.681020 0.572001 -0.457194
vn 0.603607 0.621026 -0.499985
vn 0.638620 0.627983 -0.444748
vn 0.541706 0.604164 -0.584414
vn 0.541706 0.604164 -0.584414
vn 0.520619 0.487270 -0.701087
vn 0.530699 0.478123 -0.699827
vn 0.577009 0.433664 -0.692096
vn 0.520619 0.487270 -0.701087
vn -0.524529 0.696229 0.490035
vn -0.521782 0.697223 0.491552
vn -0.524529 0.696229 0.490035
vn -0.583043 0.652099 0.484590
vn -0.583043 0.652099 0.484590
vn -0.642566 0.504112 0.577044
vn -0.642566 0.504112 0.577044
vn -0.642566 0.504112 0.577044
vn -0.642566 0.504112 0.577044
vn 0.276985 0.407252 -0.870302
vn 0.301073 0.447282 -0.842196
vn 0.293473 0.434634 -0.851450
vn 0.276985 0.407252 -0.870302
vn 0.293356 0.507301 -0.810301
vn 0.291198 0.502276 -0.814201
vn 0.263474 0.438391 -0.859299
vn 0.263474 0.438391 -0.859299
vn 0.266460 0.415113 -0.869874
vn 0.284330 0.363720 -0.887054
vn 0.278495 0.380928 -0.881666
vn 0.266460 0.415113 -0.869874
vn -0.800452 0.154706 -0.579088
vn -0.610118 0.570649 -0.549651
vn -0.668440 0.480618 -0.567621
vn -0.800452 0.154706 -0.579088
vn -0.621124 0.235293 -0.747557
vn -0.621124 0.235293 -0.747557
vn -0.621124 0.235293 -0.747557
vn -0.621124 0.235293 -0.747557
vn -0.576148 0.482628 -0.659639
vn -0.543699 0.444276 -0.712046
vn -0.557293 0.460217 -0.691104
vn -0.576148 0.482628 -0.659639
vn 0.461297 0.469098 0.753095
vn 0.461297 0.469098 0.753095
vn 0.434974 0.359486 0.825571
vn 0.434974 0.359486 0.825571
vn 0.275452 0.680446 0.679058
vn 0.275452 0.680446 0.679058
vn 0.977584 0.146421 -0.151297
vn 0.977584 0.146421 -0.151297
vn 0.677008 0.632747 -0.375887
vn 0.677008 0.632747 -0.375887
vn 0.712294 0.599017 -0.365809
vn 0.712294 0.599017 -0.365809
vn 0.361414 0.527731 -0.768687
vn 0.361414 0.527731 -0.768687
vn 0.302696 0.529137 -0.792710
vn 0.302696 0.529137 -0.792710
vn 0.304944 0.453730 -0.837340
vn 0.304944 0.453730 -0.837340
vn -0.823811 0.322354 -0.466287
vn -0.823811 0.322354 -0.466287
vn -0.639106 0.522629 -0.564272
vn -0.639106 0.522629 -0.564272
vn -0.639106 0.522629 -0.564272
vn -0.639106 0.522629 -0.564272
vn -0.544374 0.654163 -0.525098
vn -0.544374 0.654163 -0.525098
vn -0.701390 0.306484 0.643521
vn -0.701390 0.306484 0.643521
vn -0.709172 0.608012 0.356926
vn -0.709172 0.608012 0.356926
vn -0.817413 0.501695 0.283086
vn -0.817413 0.501695 0.283086
vn -0.817413 0.501695 0.283086
vn -0.817413 0.501695 0.283086
vn 0.025360 0.751209 0.659577
vn 0.025360 0.751209 0.659577
vn 0.025360 0.751209 0.659577
vn 0.025360 0.751209 0.659577
vn 0.045439 0.720284 0.692190
vn -0.114639 0.715064 0.689595
vn -0.137202 0.712829 0.687787
vn 0.045439 0.720284 0.692190
vn 0.647964 0.356546 -0.673065
vn 0.647964 0.356546 -0.673065
vn 0.798977 0.282576 -0.530835
vn 0.798977 0.282576 -0.530835
vn 0.798977 0.282576 -0.530835
vn 0.798977 0.282576 -0.530835
vn 0.310742 0.279880 -0.908354
vn 0.310742 0.279880 -0.908354
vn 0.108660 0.098924 -0.989145
vn 0.108660 0.098924 -0.989145
vn 0.108660 0.098924 -0.989145
vn 0.108660 0.098924 -0.989145
vn -0.492040 0.385050 -0.780790
vn -0.492040 0.385050 -0.780790
vn -0.655877 0.187874 -0.731115
vn -0.655877 0.187874 -0.731115
vn -0.655877 0.187874 -0.731115
vn -0.655877 0.187874 -0.731115
vn -0.500501 0.704599 0.503029
vn -0.450122 0.640129 0.622595
vn -0.450122 0.640129 0.622595
vn -0.195028 0.216633 0.956574
vn -0.195028 0.216633 0.956574
vn -0.323498 0.450275 0.832227
vn -0.323498 0.450275 0.832227
vn -0.323498 0.450275 0.832227
vn -0.323498 0.450275 0.832227
vn -0.551652 -0.031045 0.833496
vn -0.551607 -0.037453 0.833263
vn -0.551610 -0.037035 0.833279
vn -0.551652 -0.031045 0.833496
vn 0.077825 0.616191 -0.783742
vn 0.077825 0.616191 -0.783742
vn 0.077825 0.616191 -0.783742
vn 0.077825 0.616191 -0.783742
vn -0.239188 0.952595 -0.188022
vn -0.239188 0.952595 -0.188022
vn -0.239188 0.952595 -0.188022
vn -0.239188 0.952595 -0.188022
vn -0.477893 0.282540 0.831739
vn -0.477893 0.282540 0.831739
vn -0.477893 0.282540 0.831739
vn -0.477893 0.282540 0.831739
vn 0.142490 0.207424 -0.967818
vn 0.142489 0.207424 -0.967818
vn 0.142490 0.207424 -0.967818
vn 0.142490 0.207424 -0.967818
vn 0.220382 -0.170659 -0.960368
vn 0.220218 -0.170695 -0.960400
vn 0.225103 -0.169629 -0.959455
vn 0.225103 -0.169629 -0.959455
vn -0.521034 0.251210 0.815731
vn -0.521034 0.251210 0.815731
vn -0.521034 0.251210 0.815731
vn -0.521034 0.251210 0.815731
vn -0.261845 0.811722 -0.522058
vn -0.261845 0.811722 -0.522058
vn -0.261845 0.811722 -0.522058
vn -0.261845 0.811722 -0.522058
vn 0.136652 0.426130 -0.894281
vn 0.136652 0.426130 -0.894281
vn 0.136652 0.426130 -0.894281
vn 0.136652 0.426130 -0.894281
vn -0.510900 0.836424 -0.198436
vn -0.510900 0.836424 -0.198436
vn -0.510900 0.836423 -0.198436
vn -0.510900 0.836424 -0.198436
vn -0.475427 0.415422 0.775496
vn -0.475427 0.415422 0.775496
vn -0.475427 0.415422 0.775496
vn -0.475427 0.415422 0.775496
vn -0.661736 -0.055532 0.747678
vn -0.658350 -0.055336 0.750675
vn -0.658839 -0.055364 0.750244
vn -0.661735 -0.055532 0.747678
vn -0.322845 0.570121 -0.755469
vn -0.322845 0.570121 -0.755469
vn -0.322845 0.570121 -0.755469
vn -0.322845 0.570121 -0.755469
vn -0.402630 0.880070 -0.251725
vn -0.402630 0.880070 -0.251725
vn -0.402630 0.880070 -0.251725
vn -0.402630 0.880070 -0.251725
vn -0.601964 0.281316 0.747329
vn -0.601964 0.281316 0.747329
vn -0.601964 0.281316 0.747329
vn -0.601964 0.281316 0.747329
vn -0.239237 0.114553 -0.964180
vn -0.239237 0.114553 -0.964180
vn -0.239237 0.114553 -0.964180
vn -0.239237 0.114553 -0.964180
vn -0.109759 -0.223715 -0.968455
vn -0.108285 -0.223306 -0.968715
vn -0.087865 -0.217596 -0.972076
vn -0.087865 -0.217596 -0.972076
vn -0.655665 0.228885 0.719524
vn -0.655665 0.228885 0.719524
vn -0.655665 0.228885 0.719524
vn -0.655665 0.228885 0.719524
vn -0.422299 0.760582 -0.493132
vn -0.422299 0.760582 -0.493132
vn -0.422299 0.760582 -0.493132
vn -0.422299 0.760581 -0.493132
vn 0.006372 0.376054 -0.926576
vn 0.006372 0.376054 -0.926576
vn 0.006372 0.376054 -0.926576
vn 0.006372 0.376054 -0.926576
vn -0.548118 0.816014 -0.183544
vn -0.548118 0.816014 -0.183544
vn -0.548118 0.816014 -0.183544
vn -0.548118 0.816014 -0.183544
vn -0.536470 0.384867 0.751051
vn -0.536470 0.384867 0.751051
vn -0.536470 0.384867 0.751051
vn -0.536470 0.384867 0.751051
vn -0.551563 -0.041846 0.833083
vn -0.551563 -0.041846 0.833083
vn -0.654930 -0.055137 0.753675
vn -0.654930 -0.055137 0.753675
vn -0.987939 0.149854 -0.038993
vn -0.987939 0.149854 -0.038993
vn -0.858607 0.107881 -0.501154
vn -0.858607 0.107881 -0.501154
vn -0.487652 -0.179687 -0.854346
vn -0.487652 -0.179687 -0.854346
vn -0.126278 -0.228264 -0.965375
vn -0.126278 -0.228264 -0.965375
vn 0.216319 -0.171542 -0.961135
vn 0.216319 -0.171542 -0.961135
vn 0.525690 -0.239648 -0.816222
vn 0.525690 -0.239648 -0.816222
vn 0.397862 -0.308895 -0.863881
vn 0.397862 -0.308895 -0.863881
vn 0.845940 -0.168151 -0.506074
vn 0.845940 -0.168151 -0.506074
vn 0.906560 0.360112 -0.220156
vn 0.906560 0.360112 -0.220156
vn 0.865079 0.487867 -0.116722
vn 0.865079 0.487867 -0.116722
vn 0.695306 0.069530 0.715342
vn 0.695306 0.069530 0.715342
vn -0.184250 -0.179521 0.966346
vn -0.184250 -0.179521 0.966346
vn -0.649105 -0.154800 0.744781
vn -0.649105 -0.154800 0.744781
s 1
g group2 Ore_Clicker53
usemtl initialShadingGroup
f 3250/3727/9194 3249/3690/9195 3251/3724/9196 3252/3723/9197
s 2
f 3276/3835/9198 3277/3836/9199 3150/3717/9200 3172/3729/9201
s 3
f 3180/3736/9202 3160/3695/9203 3178/3734/9204 3177/3733/9205
s 4
f 3184/3740/9206 3154/3697/9207 3182/3738/9208 3181/3737/9209
s 5
f 3270/3828/9210 3271/3829/9211 3253/3718/9212 3254/3814/9213
s 6
f 3280/3839/9214 3281/3840/9215 3149/3700/9216 3189/3746/9217
s 7
f 3193/3750/9218 3156/3699/9219 3186/3743/9220 3192/3748/9221
f 3195/3752/9222 3156/3699/9219 3193/3750/9218 3194/3751/9223
s 8
f 3200/3757/9224 3161/3701/9225 3197/3754/9226 3196/3753/9227
s 9
f 3204/3761/9228 3162/3716/9229 3197/3754/9230 3201/3758/9231
s 10
f 3208/3765/9232 3164/3704/9233 3199/3756/9234 3205/3762/9235
s 11
f 3212/3769/9236 3166/3714/9237 3203/3760/9238 3209/3766/9239
s 12
f 3215/3773/9240 3168/3713/9241 3211/3771/9242 3213/3770/9243
s 13
f 3200/3757/9244 3164/3704/9245 3217/3775/9246 3216/3774/9247
s 4
f 3218/3776/9248 3154/3697/9207 3184/3740/9206 3219/3777/9249
s 14
f 3220/3778/9250 3151/3694/9251 3175/3731/9252 3221/3779/9253
s 15
f 3258/3816/9254 3257/3817/9255 3251/3724/9256 3259/3818/9257
s 16
f 3260/3782/9258 3249/3690/9259 3261/3819/9260 3262/3820/9261
s 17
f 3228/3789/9262 3163/3703/9263 3198/3787/9264 3226/3786/9265
s 9
f 3227/3788/9266 3162/3702/9229 3204/3791/9228 3229/3790/9267
s 11
f 3230/3792/9268 3166/3706/9237 3212/3794/9236 3231/3793/9269
s 12
f 3232/3795/9270 3168/3710/9241 3215/3797/9240 3233/3796/9271
s 18
f 3234/3798/9272 3170/3707/9273 3206/3800/9274 3235/3799/9275
s 7
f 3225/3785/9276 3156/3699/9219 3195/3752/9222 3236/3801/9277
s 15
f 3251/3724/9256 3257/3817/9255 3263/3821/9278 3252/3723/9279
s 19
f 3272/3830/9280 3273/3831/9281 3264/3822/9282 3255/3726/9283
s 20
f 3255/3726/9284 3253/3718/9285 3271/3829/9286 3272/3830/9287
s 21
f 3172/3729/9288 3153/3692/9289 3275/3834/9290 3276/3835/9291
s 22
f 3171/3730/9292 3152/3720/9293 3175/3731/9294 3174/3728/9295
s 14
f 3175/3731/9252 3151/3694/9251 3176/3732/9296 3174/3728/9297
s 23
f 3178/3734/9298 3155/3696/9299 3179/3735/9300 3177/3733/9301
s 24
f 3179/3735/9302 3154/3697/9303 3180/3736/9304 3177/3733/9305
s 25
f 3278/3837/9306 3279/3838/9307 3157/3698/9308 3183/3739/9309
s 26
f 3183/3739/9310 3150/3717/9311 3277/3836/9312 3278/3837/9313
s 27
f 3176/3732/9314 3151/3694/9315 3184/3740/9316 3181/3737/9317
s 28
f 3186/3743/9318 3156/3699/9319 3187/3744/9320 3185/3741/9321
s 16
f 3261/3819/9260 3249/3690/9259 3250/3727/9322 3256/3815/9323
s 29
f 3189/3746/9324 3157/3698/9325 3279/3838/9326 3280/3839/9327
s 24
f 3182/3738/9328 3154/3697/9303 3179/3735/9302 3188/3745/9329
s 23
f 3179/3735/9300 3155/3696/9299 3190/3747/9330 3188/3745/9331
s 30
f 3282/3841/9332 3283/3842/9333 3159/3693/9334 3191/3749/9335
s 31
f 3191/3749/9336 3149/3700/9337 3281/3840/9338 3282/3841/9339
s 32
f 3190/3747/9340 3155/3696/9341 3193/3750/9342 3192/3748/9343
f 3193/3750/9342 3155/3696/9341 3178/3734/9344 3194/3751/9345
s 33
f 3178/3734/9346 3160/3695/9347 3195/3752/9348 3194/3751/9349
s off
f 3197/3754/9350 3162/3716/9351 3198/3755/9352 3196/3753/9353
f 3198/3755/9354 3163/3715/9355 3199/3756/9356 3196/3753/9357
s 13
f 3199/3756/9358 3164/3704/9245 3200/3757/9244 3196/3753/9359
s 34
f 3197/3754/9360 3161/3701/9361 3202/3759/9362 3201/3758/9363
s 35
f 3202/3759/9364 3165/3705/9365 3203/3760/9366 3201/3758/9367
s 36
f 3203/3760/9368 3166/3714/9369 3204/3761/9370 3201/3758/9371
s 17
f 3199/3756/9372 3163/3715/9263 3206/3763/9373 3205/3762/9374
s 18
f 3206/3763/9274 3170/3712/9273 3207/3764/9375 3205/3762/9376
s off
f 3207/3764/9377 3169/3708/9378 3208/3765/9379 3205/3762/9380
s 37
f 3203/3760/9381 3165/3705/9382 3210/3767/9383 3209/3766/9384
s 38
f 3210/3767/9385 3167/3709/9386 3211/3768/9387 3209/3766/9388
s 39
f 3211/3768/9389 3168/3719/9390 3212/3769/9391 3209/3766/9392
s 40
f 3211/3771/9393 3167/3721/9394 3214/3772/9395 3213/3770/9396
s off
f 3214/3772/9397 3169/3708/9398 3207/3764/9399 3213/3770/9400
s 41
f 3207/3764/9401 3170/3712/9402 3215/3773/9403 3213/3770/9404
s 3
f 3217/3775/9405 3160/3695/9203 3180/3736/9202 3216/3774/9406
s 24
f 3180/3736/9304 3154/3697/9303 3218/3776/9407 3216/3774/9408
s 8
f 3218/3776/9409 3161/3701/9225 3200/3757/9224 3216/3774/9410
s 27
f 3184/3740/9316 3151/3694/9315 3220/3778/9411 3219/3777/9412
s 35
f 3220/3778/9413 3165/3705/9365 3202/3759/9364 3219/3777/9414
s 34
f 3202/3759/9362 3161/3701/9361 3218/3776/9415 3219/3777/9416
s 22
f 3175/3731/9294 3152/3720/9293 3222/3780/9417 3221/3779/9418
s 38
f 3222/3780/9419 3167/3709/9386 3210/3767/9385 3221/3779/9420
s 37
f 3210/3767/9383 3165/3705/9382 3220/3778/9421 3221/3779/9422
s 1
f 3251/3724/9196 3249/3690/9195 3260/3782/9423 3259/3818/9424
s off
f 3260/3782/9425 3265/3823/9426 3266/3824/9427 3259/3818/9428
s 40
f 3214/3772/9395 3167/3721/9394 3222/3783/9429 3223/3781/9430
s 28
f 3187/3744/9320 3156/3699/9319 3225/3785/9431 3224/3784/9432
s 10
f 3225/3785/9433 3164/3704/9233 3208/3765/9232 3224/3784/9434
s off
f 3267/3825/9435 3265/3823/9436 3260/3782/9437 3262/3820/9438
f 3198/3787/9439 3162/3702/9440 3227/3788/9441 3226/3786/9442
s 42
f 3227/3788/9443 3158/3711/9444 3228/3789/9445 3226/3786/9446
s 36
f 3204/3791/9370 3166/3706/9369 3230/3792/9447 3229/3790/9448
s off
f 3230/3792/9449 3158/3711/9450 3227/3788/9451 3229/3790/9452
s 39
f 3212/3794/9391 3168/3710/9390 3232/3795/9453 3231/3793/9454
s off
f 3232/3795/9455 3158/3711/9456 3230/3792/9457 3231/3793/9458
s 41
f 3215/3797/9403 3170/3707/9402 3234/3798/9459 3233/3796/9460
s off
f 3234/3798/9461 3158/3711/9462 3232/3795/9463 3233/3796/9464
s 17
f 3206/3800/9373 3163/3703/9263 3228/3789/9262 3235/3799/9465
s 42
f 3228/3789/9445 3158/3711/9444 3234/3798/9466 3235/3799/9467
s 33
f 3195/3752/9348 3160/3695/9347 3217/3775/9468 3236/3801/9469
s off
f 3217/3775/9470 3164/3704/9471 3225/3785/9472 3236/3801/9473
s 43
f 3173/3742/9474 3268/3826/9475 3269/3827/9476 3237/3802/9477
s off
f 3222/3783/9478 3152/3691/9479 3239/3805/9480 3240/3804/9481
f 3223/3781/9482 3222/3783/9483 3240/3804/9484 3241/3806/9485
f 3187/3744/9486 3224/3784/9487 3243/3808/9488 3242/3807/9489
f 3152/3691/9490 3171/3725/9491 3244/3809/9492 3239/3805/9493
s 44
f 3274/3832/9494 3275/3833/9495 3153/3722/9496 3245/3810/9497
s off
f 3185/3741/9498 3187/3744/9499 3242/3807/9500 3238/3803/9501
f 3169/3708/9502 3214/3772/9503 3247/3812/9504 3246/3811/9505
f 3214/3772/9506 3223/3781/9507 3241/3806/9508 3247/3812/9509
f 3208/3765/9510 3169/3708/9511 3246/3811/9512 3248/3813/9513
f 3224/3784/9514 3208/3765/9515 3248/3813/9516 3243/3808/9517
s 45
f 3237/3802/9518 3269/3827/9519 3270/3828/9520 3254/3814/9521
s off
f 3240/3804/9522 3239/3805/9523 3257/3817/9524 3258/3816/9525
f 3241/3806/9526 3240/3804/9527 3258/3816/9528 3259/3818/9529
f 3242/3807/9530 3243/3808/9531 3262/3820/9532 3261/3819/9533
f 3239/3805/9534 3244/3809/9535 3263/3821/9536 3257/3817/9537
s 46
f 3273/3831/9538 3274/3832/9539 3245/3810/9540 3264/3822/9541
s off
f 3238/3803/9542 3242/3807/9543 3261/3819/9544 3256/3815/9545
f 3246/3811/9546 3247/3812/9547 3266/3824/9548 3265/3823/9549
f 3247/3812/9550 3241/3806/9551 3259/3818/9552 3266/3824/9553
f 3248/3813/9554 3246/3811/9555 3265/3823/9556 3267/3825/9557
f 3243/3808/9558 3248/3813/9559 3267/3825/9560 3262/3820/9561
s 43
f 3269/3827/9476 3268/3826/9475 3185/3741/9562 3238/3803/9563
s 45
f 3270/3828/9520 3269/3827/9519 3238/3803/9564 3256/3815/9565
s 5
f 3250/3727/9566 3271/3829/9211 3270/3828/9210 3256/3815/9567
s 20
f 3272/3830/9287 3271/3829/9286 3250/3727/9568 3252/3723/9569
s 19
f 3263/3821/9570 3273/3831/9281 3272/3830/9280 3252/3723/9571
s 46
f 3244/3809/9572 3274/3832/9539 3273/3831/9538 3263/3821/9573
s 44
f 3171/3725/9574 3275/3833/9495 3274/3832/9494 3244/3809/9575
s 21
f 3276/3835/9291 3275/3834/9290 3171/3730/9576 3174/3728/9577
s 2
f 3176/3732/9578 3277/3836/9199 3276/3835/9198 3174/3728/9579
s 26
f 3278/3837/9313 3277/3836/9312 3176/3732/9580 3181/3737/9581
s 25
f 3182/3738/9582 3279/3838/9307 3278/3837/9306 3181/3737/9583
s 29
f 3280/3839/9327 3279/3838/9326 3182/3738/9584 3188/3745/9585
s 6
f 3190/3747/9586 3281/3840/9215 3280/3839/9214 3188/3745/9587
s 31
f 3282/3841/9339 3281/3840/9338 3190/3747/9588 3192/3748/9589
s 30
f 3186/3743/9590 3283/3842/9333 3282/3841/9332 3192/3748/9591
g default
v 25.779923 0.007905 106.259609
v 24.644606 -0.049899 91.149514
v 24.558654 6.678195 90.979913
v 9.755816 5.555334 106.688034
v 12.647838 5.657319 94.160969
v 9.754897 0.007905 107.534666
v 13.414327 0.393102 95.758343
v 26.589118 8.596296 97.603942
v 25.266533 4.981626 106.904640
v 14.688814 8.913048 108.716515
v 29.941578 -0.023185 95.997518
v 18.011170 14.412702 99.389070
v 17.363870 0.007905 109.751804
v 22.197091 9.830195 104.100175
v 22.387576 12.494758 99.310081
v 18.843325 14.290641 99.606626
v 17.927973 14.106623 100.796589
v 17.349660 12.779162 104.601326
v 22.000501 9.573330 93.582958
v 18.864263 13.336615 98.285104
v 13.489927 9.449898 97.197939
v 17.315638 13.601222 99.435311
v 11.334766 10.409939 105.982539
v 17.050300 14.092834 100.915790
v 11.380568 2.955635 101.057045
v 11.201828 5.606326 100.424500
v 13.031083 3.025210 94.959654
v 11.584611 0.200504 101.646505
v 9.755356 2.781619 107.111351
v 19.029467 0.171602 93.453927
v 13.559382 0.007905 108.643235
v 19.083144 3.237215 92.912022
v 18.603245 6.167757 92.570443
v 24.601630 3.314148 91.064713
v 24.779382 7.633309 102.999912
v 23.731812 7.405911 105.502407
v 25.927826 6.788961 102.254289
v 24.393106 9.213246 100.852056
v 26.593153 3.786556 94.161272
v 28.265348 4.286555 96.800730
v 27.293093 -0.036542 93.573515
v 25.573887 7.637246 94.291925
v 13.341089 3.621782 108.331965
v 16.026343 4.460476 109.234158
v 12.222314 7.234192 107.702275
v 27.072743 3.579699 100.996374
v 27.860751 -0.007640 101.128562
v 25.523228 2.494765 106.582123
v 21.571897 0.007905 108.005704
v 19.989525 3.942826 108.097683
v 19.977673 6.947337 107.810578
v 20.709126 7.746290 106.728270
v 18.442953 9.371622 106.408344
v 19.393254 13.182204 101.291920
v 20.615451 13.392699 99.458354
v 18.385649 14.198632 100.201607
v 17.638817 13.442893 102.698957
v 19.868617 12.636960 101.955705
v 20.935152 11.946124 97.150315
v 22.194039 11.034043 96.446519
v 20.432383 11.454973 95.934028
v 18.853793 13.813628 98.945866
v 15.078864 12.346534 103.818662
v 17.489136 14.099730 100.856189
v 14.192533 12.251387 103.449164
v 14.342214 11.594551 105.291931
v 17.787552 10.958740 96.704865
v 17.745215 9.511613 95.390447
v 15.402783 11.525560 98.316626
v 18.089951 13.468919 98.860208
v 14.188699 11.390276 101.085985
v 12.412347 9.929918 101.590238
v 17.182969 13.847028 100.175551
v 22.233448 10.875718 101.333942
v 19.773375 11.304680 104.350750
v 24.488347 10.545527 98.457011
v 23.975927 9.362869 95.549267
v 23.279579 8.125762 92.281433
v 18.008112 7.643042 93.896637
v 13.068883 7.553608 95.679453
v 11.716952 7.555646 101.077859
v 10.545292 7.982637 106.335285
v 13.210346 9.327211 106.535912
v 16.019237 10.846105 106.658921
v 18.235598 14.263845 99.968461
v 18.427247 14.351671 99.497849
v 17.969570 14.259663 100.092830
v 18.599099 13.949802 99.014745
v 18.437715 13.874657 98.837088
v 18.106228 13.774622 99.005340
v 17.663404 14.006962 99.412191
v 17.452306 14.036861 99.929481
v 17.530736 14.252768 100.152429
v 17.682425 14.219756 100.293428
v 18.061497 10.447832 105.851610
vt 0.106185 0.192947
vt 0.019070 0.192947
vt 0.420449 0.012011
vt 0.167807 0.012011
vt 0.337331 0.192947
vt 0.219102 0.243023
vt 0.219102 0.124298
vt 0.252503 0.192947
vt 0.252503 0.012011
vt 0.167807 0.192947
vt 0.219102 0.012011
vt 0.252503 0.322184
vt 0.937112 0.011156
vt 0.924385 0.030541
vt 0.167807 0.322184
vt 0.337331 0.322184
vt 0.971978 0.011156
vt 0.924385 0.045989
vt 0.106185 0.322184
vt 0.420449 0.322184
vt 0.971979 0.045989
vt 0.943151 0.025258
vt 0.106185 0.530708
vt 0.019070 0.530708
vt 0.337331 0.530708
vt 0.167807 0.530708
vt 0.252503 0.530708
vt 0.337331 0.012011
vt 0.106185 0.012011
vt 0.420449 0.530708
vt 0.420449 0.192947
vt 0.019070 0.322184
vt 0.019070 0.012011
vt 0.062866 0.104218
vt 0.062627 0.192947
vt 0.019070 0.102479
vt 0.062627 0.012011
vt 0.106185 0.102479
vt 0.376942 0.104303
vt 0.378890 0.012011
vt 0.420449 0.102479
vt 0.378890 0.192947
vt 0.337331 0.102479
vt 0.230098 0.182581
vt 0.219102 0.183660
vt 0.235802 0.158622
vt 0.235802 0.217985
vt 0.291470 0.101342
vt 0.252503 0.102479
vt 0.294917 0.012011
vt 0.294917 0.192947
vt 0.141237 0.099960
vt 0.136996 0.012011
vt 0.167807 0.102479
vt 0.136996 0.192947
vt 0.238215 0.089282
vt 0.235802 0.012011
vt 0.219102 0.068154
vt 0.189613 0.094697
vt 0.193454 0.012011
vt 0.193454 0.158622
vt 0.201279 0.182269
vt 0.193454 0.217985
vt 0.211427 0.395310
vt 0.252503 0.426446
vt 0.210155 0.530708
vt 0.167807 0.426446
vt 0.210155 0.322184
vt 0.300435 0.400030
vt 0.294917 0.322184
vt 0.337331 0.426446
vt 0.294917 0.530708
vt 0.130471 0.395176
vt 0.136996 0.530708
vt 0.106185 0.426446
vt 0.136996 0.322184
vt 0.380283 0.398777
vt 0.378890 0.322184
vt 0.420449 0.426446
vt 0.378890 0.530708
vt 0.063038 0.400078
vt 0.019070 0.426446
vt 0.062627 0.322184
vt 0.062627 0.530708
vt 0.223866 0.268513
vt 0.193454 0.282603
vt 0.252503 0.257565
vt 0.292002 0.255637
vt 0.337331 0.257565
vt 0.380625 0.250473
vt 0.420449 0.257565
vt 0.063674 0.251181
vt 0.106185 0.257565
vt 0.019070 0.257565
vt 0.136592 0.255371
vt 0.167807 0.257565
vt 0.934465 0.022866
vt 0.930749 0.020848
vt 0.940131 0.018207
vt 0.933768 0.027899
vt 0.952819 0.015436
vt 0.954545 0.011156
vt 0.957565 0.018207
vt 0.962342 0.026506
vt 0.971978 0.028572
vt 0.957565 0.035623
vt 0.946157 0.039194
vt 0.948182 0.045989
vt 0.933768 0.035623
vt 0.931596 0.033395
vt 0.924385 0.038265
vt 0.185047 0.251024
vn -0.966924 -0.078987 -0.242527
vn -0.969092 0.064033 -0.238244
vn -0.967772 0.084506 -0.237226
vn -0.966924 -0.078987 -0.242527
vn -0.348998 -0.090336 -0.932759
vn -0.348998 -0.090336 -0.932759
vn -0.348998 -0.090336 -0.932759
vn -0.348998 -0.090336 -0.932759
vn 0.641773 0.694062 0.326197
vn 0.623783 0.713646 0.318754
vn 0.689120 0.636956 0.345545
vn 0.689120 0.636956 0.345545
vn 0.767613 0.457243 -0.449109
vn 0.713733 0.545273 -0.439616
vn 0.829123 0.325857 -0.454282
vn 0.829123 0.325857 -0.454282
vn -0.309283 0.098231 0.945883
vn -0.309283 0.098231 0.945883
vn -0.309283 0.098231 0.945883
vn -0.309283 0.098231 0.945883
vn 0.931789 0.149900 0.330604
vn 0.931789 0.149900 0.330604
vn 0.931789 0.149900 0.330604
vn 0.931789 0.149900 0.330604
vn 0.297116 0.329244 0.896282
vn 0.304354 0.317012 0.898260
vn 0.251048 0.148650 0.956493
vn 0.251048 0.148650 0.956493
vn 0.366957 0.594688 0.715324
vn 0.351310 0.625404 0.696743
vn 0.555166 0.697342 0.453326
vn 0.618922 0.611795 0.492588
vn 0.437386 0.816083 0.377760
vn 0.437386 0.816083 0.377760
vn 0.332165 0.806895 -0.488453
vn 0.328786 0.805969 -0.492254
vn 0.334325 0.807478 -0.486011
vn 0.334325 0.807478 -0.486011
vn -0.260670 0.740825 0.619056
vn -0.274727 0.856290 0.437371
vn -0.276982 0.913226 0.298828
vn -0.276982 0.913226 0.298828
vn -0.357832 0.605263 -0.711065
vn -0.345223 0.620224 -0.704375
vn -0.343104 0.622695 -0.703228
vn -0.343104 0.622695 -0.703228
vn -0.649233 0.710147 -0.272375
vn -0.649743 0.709536 -0.272748
vn -0.646945 0.712868 -0.270704
vn -0.646945 0.712868 -0.270704
vn 0.527738 0.745530 0.407036
vn 0.523749 0.749225 0.405399
vn 0.559421 0.714707 0.419813
vn 0.559421 0.714707 0.419813
vn 0.527710 0.754842 -0.389534
vn 0.527710 0.754842 -0.389534
vn -0.274987 0.539269 -0.795972
vn -0.291943 0.076242 -0.953392
vn -0.294360 0.188199 -0.936981
vn -0.274987 0.539269 -0.795972
vn -0.912979 0.345142 -0.217594
vn -0.970629 0.013224 -0.240216
vn -0.969675 0.050927 -0.239032
vn -0.912979 0.345142 -0.217594
vn -0.442908 0.437211 0.782738
vn -0.391297 0.145040 0.908763
vn -0.414108 0.249367 0.875403
vn -0.442908 0.437211 0.782738
vn 0.062143 0.974510 0.215565
vn -0.177244 0.927118 0.330207
vn 0.086021 0.972468 0.216580
vn 0.086021 0.972468 0.216579
vn 0.264055 0.784695 -0.560828
vn 0.264055 0.784695 -0.560828
vn -0.505911 0.389775 -0.769500
vn -0.505911 0.389775 -0.769500
vn -0.726084 0.602879 -0.330664
vn -0.726084 0.602879 -0.330664
vn 0.013810 0.976900 0.213252
vn -0.162069 0.894588 0.416469
vn -0.136996 0.911149 0.388639
vn 0.013810 0.976899 0.213252
vn 0.398143 0.526839 0.750948
vn 0.398143 0.526839 0.750948
vn -0.956015 -0.167025 -0.241120
vn -0.956015 -0.167025 -0.241120
vn -0.944549 -0.174626 -0.278088
vn -0.944549 -0.174626 -0.278087
vn -0.944549 -0.174626 -0.278087
vn -0.944549 -0.174626 -0.278087
vn -0.956308 -0.086378 -0.279309
vn -0.956308 -0.086378 -0.279309
vn -0.956308 -0.086378 -0.279309
vn -0.956308 -0.086378 -0.279309
vn -0.339959 -0.233978 -0.910869
vn -0.339959 -0.233978 -0.910869
vn -0.339959 -0.233978 -0.910869
vn -0.339959 -0.233978 -0.910869
vn -0.269088 -0.233300 -0.934432
vn -0.294993 0.110269 -0.949115
vn -0.293135 0.054146 -0.954537
vn -0.269088 -0.233300 -0.934432
vn -0.281757 -0.088123 -0.955430
vn -0.281757 -0.088123 -0.955430
vn 0.690020 0.635877 0.345735
vn 0.923840 0.263682 0.277472
vn 0.909770 0.300689 0.286190
vn 0.690020 0.635877 0.345735
vn 0.859856 0.410254 0.303872
vn 0.869065 0.389342 0.305186
vn 0.677104 0.639258 0.364526
vn 0.689979 0.636335 0.344973
vn 0.706032 0.314779 -0.634375
vn 0.706033 0.314779 -0.634375
vn 0.706033 0.314779 -0.634375
vn 0.706033 0.314779 -0.634375
vn 0.754334 0.123100 -0.644846
vn 0.754334 0.123100 -0.644846
vn 0.754334 0.123100 -0.644846
vn 0.754334 0.123100 -0.644846
vn 0.885471 0.133199 -0.445195
vn 0.836114 0.305918 -0.455332
vn 0.763230 0.462496 -0.451196
vn 0.885471 0.133199 -0.445195
vn -0.300431 0.039982 0.952965
vn -0.300431 0.039982 0.952965
vn -0.300431 0.039982 0.952965
vn -0.300431 0.039982 0.952965
vn -0.358637 0.023527 0.933181
vn -0.478074 0.364771 0.798991
vn -0.422404 0.186653 0.886981
vn -0.358637 0.023527 0.933181
vn -0.376476 0.086169 0.922410
vn -0.376476 0.086169 0.922410
vn 0.906524 0.254239 0.337012
vn 0.906524 0.254239 0.337012
vn 0.906524 0.254239 0.337012
vn 0.906524 0.254239 0.337012
vn 0.923334 0.272186 0.270868
vn 0.923334 0.272186 0.270868
vn 0.953512 0.164582 0.252444
vn 0.953512 0.164582 0.252444
vn 0.337398 0.164496 0.926879
vn 0.337398 0.164496 0.926879
vn 0.337398 0.164496 0.926879
vn 0.337398 0.164496 0.926879
vn 0.321475 0.030978 0.946411
vn 0.321475 0.030978 0.946411
vn 0.321475 0.030978 0.946411
vn 0.321475 0.030978 0.946411
vn 0.219682 0.004452 0.975561
vn 0.257048 0.136949 0.956646
vn 0.284253 0.244737 0.926987
vn 0.219682 0.004452 0.975561
vn 0.352100 0.624872 0.696822
vn 0.352100 0.624872 0.696822
vn 0.351906 0.626171 0.695753
vn 0.362001 0.605688 0.708589
vn 0.374079 0.579918 0.723712
vn 0.351906 0.626171 0.695753
vn 0.426009 0.813449 0.396002
vn 0.426009 0.813449 0.396002
vn 0.426009 0.813449 0.396002
vn 0.426009 0.813449 0.396002
vn 0.401508 0.836381 0.373174
vn 0.401508 0.836381 0.373174
vn 0.401508 0.836381 0.373174
vn 0.401508 0.836381 0.373174
vn 0.421134 0.831900 0.361369
vn 0.421134 0.831900 0.361369
vn 0.361083 0.816625 -0.450269
vn 0.439275 0.788124 -0.431159
vn 0.485297 0.767966 -0.417989
vn 0.361083 0.816625 -0.450269
vn 0.399142 0.806556 -0.436065
vn 0.470223 0.778417 -0.415882
vn 0.329647 0.828523 -0.452639
vn 0.329647 0.828523 -0.452639
vn 0.279293 0.821570 -0.497009
vn 0.279052 0.821044 -0.498012
vn 0.276160 0.814709 -0.509887
vn 0.279293 0.821570 -0.497009
vn -0.202393 0.917143 0.343346
vn -0.195490 0.920098 0.339417
vn -0.202393 0.917143 0.343346
vn -0.167352 0.890882 0.422281
vn -0.167352 0.890882 0.422281
vn -0.267699 0.900491 0.342715
vn -0.102365 0.433094 0.895517
vn -0.224683 0.788816 0.572090
vn -0.267699 0.900491 0.342715
vn -0.315248 0.633544 -0.706570
vn -0.315329 0.547480 -0.775134
vn -0.315761 0.584467 -0.747458
vn -0.315249 0.633544 -0.706570
vn -0.301937 0.620207 -0.724001
vn -0.302066 0.620829 -0.723414
vn -0.308027 0.650472 -0.694266
vn -0.308027 0.650472 -0.694266
vn -0.330711 0.648947 -0.685199
vn -0.337175 0.641278 -0.689258
vn -0.336989 0.641500 -0.689142
vn -0.330711 0.648947 -0.685199
vn -0.649916 0.720234 -0.242637
vn -0.839783 0.483188 -0.247577
vn -0.812045 0.528105 -0.248371
vn -0.649916 0.720234 -0.242637
vn -0.830710 0.496491 -0.251828
vn -0.873331 0.418176 -0.249842
vn -0.664146 0.706063 -0.245734
vn -0.664146 0.706063 -0.245734
vn -0.668865 0.690959 -0.274216
vn -0.669629 0.689935 -0.274931
vn -0.672590 0.685929 -0.277713
vn -0.668865 0.690959 -0.274216
vn 0.571202 0.765287 0.296754
vn 0.571202 0.765287 0.296754
vn 0.664181 0.641766 0.383404
vn 0.664181 0.641766 0.383405
vn 0.643646 0.572966 0.507376
vn 0.643646 0.572966 0.507376
vn 0.504664 0.770919 -0.388585
vn 0.504664 0.770919 -0.388585
vn 0.489799 0.769573 -0.409701
vn 0.489799 0.769573 -0.409701
vn 0.517547 0.752208 -0.407834
vn 0.517547 0.752208 -0.407834
vn -0.264122 0.613957 -0.743839
vn -0.264122 0.613957 -0.743839
vn -0.298521 0.603874 -0.739068
vn -0.298521 0.603874 -0.739068
vn -0.314660 0.521975 -0.792800
vn -0.314660 0.521975 -0.792800
vn -0.930389 0.292509 -0.220940
vn -0.930389 0.292509 -0.220940
vn -0.924392 0.293947 -0.243094
vn -0.924392 0.293947 -0.243094
vn -0.904472 0.351413 -0.241742
vn -0.904472 0.351413 -0.241742
vn -0.526804 0.695100 0.489198
vn -0.526804 0.695100 0.489198
vn -0.251651 0.684954 0.683747
vn -0.251651 0.684954 0.683747
vn -0.074600 0.348335 0.934397
vn -0.074599 0.348335 0.934397
vn 0.086059 0.972469 0.216560
vn 0.086059 0.972469 0.216560
vn 0.086059 0.972469 0.216560
vn 0.086059 0.972469 0.216560
vn 0.085998 0.972479 0.216537
vn 0.067470 0.974096 0.215833
vn 0.038151 0.975963 0.214569
vn 0.085998 0.972479 0.216537
vn 0.262188 0.783591 -0.563243
vn 0.262188 0.783591 -0.563243
vn 0.259834 0.784897 -0.562515
vn 0.259834 0.784897 -0.562515
vn 0.259834 0.784897 -0.562515
vn 0.259834 0.784897 -0.562515
vn -0.504476 0.390231 -0.770211
vn -0.504476 0.390231 -0.770211
vn -0.505922 0.387945 -0.770416
vn -0.505922 0.387945 -0.770416
vn -0.505922 0.387945 -0.770416
vn -0.505922 0.387945 -0.770416
vn -0.725916 0.603382 -0.330115
vn -0.725916 0.603382 -0.330115
vn -0.725530 0.603645 -0.330483
vn -0.725530 0.603645 -0.330483
vn -0.725530 0.603645 -0.330483
vn -0.725530 0.603645 -0.330483
vn 0.013404 0.976935 0.213117
vn 0.013631 0.976876 0.213370
vn 0.013631 0.976876 0.213370
vn 0.396977 0.526797 0.751594
vn 0.396977 0.526797 0.751594
vn 0.398317 0.524994 0.752147
vn 0.398317 0.524994 0.752147
vn 0.398317 0.524994 0.752147
vn 0.398317 0.524994 0.752147
s 1
g group2 Ore_Clicker54
usemtl initialShadingGroup
f 3312/3880/9592 3287/3843/9593 3309/3877/9594 3308/3876/9595
s off
f 3317/3885/9596 3285/3870/9597 3313/3882/9598 3315/3881/9599
s 2
f 3321/3889/9600 3297/3848/9601 3319/3887/9602 3318/3886/9603
s 3
f 3325/3893/9604 3291/3850/9605 3323/3891/9606 3322/3890/9607
s off
f 3312/3880/9608 3289/3871/9609 3314/3895/9610 3326/3894/9611
f 3331/3900/9612 3284/3853/9613 3330/3899/9614 3329/3898/9615
s 4
f 3334/3903/9616 3293/3852/9617 3327/3896/9618 3333/3901/9619
f 3336/3905/9620 3293/3852/9617 3334/3903/9616 3335/3904/9621
s 5
f 3341/3910/9622 3298/3854/9623 3338/3907/9624 3337/3906/9625
s 6
f 3345/3914/9626 3299/3869/9627 3338/3907/9628 3342/3911/9629
s 7
f 3349/3918/9630 3301/3857/9631 3340/3909/9632 3346/3915/9633
s 8
f 3353/3922/9634 3303/3867/9635 3344/3913/9636 3350/3919/9637
s 9
f 3356/3926/9638 3305/3866/9639 3352/3924/9640 3354/3923/9641
s 10
f 3341/3910/9642 3301/3857/9643 3358/3928/9644 3357/3927/9645
s 3
f 3359/3929/9646 3291/3850/9605 3325/3893/9604 3360/3930/9647
s 11
f 3361/3931/9648 3286/3847/9649 3316/3884/9650 3362/3932/9651
s 12
f 3363/3936/9652 3288/3844/9653 3309/3877/9654 3364/3934/9655
s 13
f 3365/3935/9656 3287/3843/9657 3328/3897/9658 3366/3937/9659
s 14
f 3370/3942/9660 3300/3856/9661 3339/3940/9662 3368/3939/9663
s 6
f 3369/3941/9664 3299/3855/9627 3345/3944/9626 3371/3943/9665
s 8
f 3372/3945/9666 3303/3859/9635 3353/3947/9634 3373/3946/9667
s 9
f 3374/3948/9668 3305/3863/9639 3356/3950/9638 3375/3949/9669
s 15
f 3376/3951/9670 3307/3860/9671 3347/3953/9672 3377/3952/9673
s 4
f 3367/3938/9674 3293/3852/9617 3336/3905/9620 3378/3954/9675
s 12
f 3309/3877/9654 3288/3844/9653 3310/3878/9676 3308/3876/9677
s off
f 3310/3878/9678 3290/3875/9679 3311/3879/9680 3308/3876/9681
f 3311/3879/9682 3289/3871/9683 3312/3880/9684 3308/3876/9685
f 3313/3882/9686 3290/3845/9687 3310/3883/9688 3315/3881/9689
s 16
f 3310/3883/9690 3288/3873/9691 3316/3884/9692 3315/3881/9693
s 11
f 3316/3884/9650 3286/3847/9649 3317/3885/9694 3315/3881/9695
s 17
f 3319/3887/9696 3292/3849/9697 3320/3888/9698 3318/3886/9699
s 18
f 3320/3888/9700 3291/3850/9701 3321/3889/9702 3318/3886/9703
s off
f 3323/3891/9704 3294/3851/9705 3324/3892/9706 3322/3890/9707
f 3324/3892/9708 3285/3870/9709 3317/3885/9710 3322/3890/9711
s 19
f 3317/3885/9712 3286/3847/9713 3325/3893/9714 3322/3890/9715
s off
f 3314/3895/9716 3296/3846/9717 3327/3896/9718 3326/3894/9719
s 20
f 3327/3896/9720 3293/3852/9721 3328/3897/9722 3326/3894/9723
s 13
f 3328/3897/9658 3287/3843/9657 3312/3880/9724 3326/3894/9725
s off
f 3330/3899/9726 3294/3851/9727 3323/3891/9728 3329/3898/9729
s 18
f 3323/3891/9730 3291/3850/9701 3320/3888/9700 3329/3898/9731
s 17
f 3320/3888/9698 3292/3849/9697 3331/3900/9732 3329/3898/9733
s off
f 3327/3896/9734 3296/3846/9735 3332/3902/9736 3333/3901/9737
f 3332/3902/9738 3284/3853/9739 3331/3900/9740 3333/3901/9741
s 21
f 3331/3900/9742 3292/3849/9743 3334/3903/9744 3333/3901/9745
f 3334/3903/9744 3292/3849/9743 3319/3887/9746 3335/3904/9747
s 22
f 3319/3887/9748 3297/3848/9749 3336/3905/9750 3335/3904/9751
s off
f 3338/3907/9752 3299/3869/9753 3339/3908/9754 3337/3906/9755
f 3339/3908/9756 3300/3868/9757 3340/3909/9758 3337/3906/9759
s 10
f 3340/3909/9760 3301/3857/9643 3341/3910/9642 3337/3906/9761
s 23
f 3338/3907/9762 3298/3854/9763 3343/3912/9764 3342/3911/9765
s 24
f 3343/3912/9766 3302/3858/9767 3344/3913/9768 3342/3911/9769
s 25
f 3344/3913/9770 3303/3867/9771 3345/3914/9772 3342/3911/9773
s 14
f 3340/3909/9774 3300/3868/9661 3347/3916/9775 3346/3915/9776
s 15
f 3347/3916/9672 3307/3865/9671 3348/3917/9777 3346/3915/9778
s 26
f 3348/3917/9779 3306/3861/9780 3349/3918/9781 3346/3915/9782
s 27
f 3344/3913/9783 3302/3858/9784 3351/3920/9785 3350/3919/9786
s 28
f 3351/3920/9787 3304/3862/9788 3352/3921/9789 3350/3919/9790
s 29
f 3352/3921/9791 3305/3872/9792 3353/3922/9793 3350/3919/9794
s 30
f 3352/3924/9795 3304/3874/9796 3355/3925/9797 3354/3923/9798
s 31
f 3355/3925/9799 3306/3861/9800 3348/3917/9801 3354/3923/9802
s 32
f 3348/3917/9803 3307/3865/9804 3356/3926/9805 3354/3923/9806
s 2
f 3358/3928/9807 3297/3848/9601 3321/3889/9600 3357/3927/9808
s 18
f 3321/3889/9702 3291/3850/9701 3359/3929/9809 3357/3927/9810
s 5
f 3359/3929/9811 3298/3854/9623 3341/3910/9622 3357/3927/9812
s 19
f 3325/3893/9714 3286/3847/9713 3361/3931/9813 3360/3930/9814
s 24
f 3361/3931/9815 3302/3858/9767 3343/3912/9766 3360/3930/9816
s 23
f 3343/3912/9764 3298/3854/9763 3359/3929/9817 3360/3930/9818
s 16
f 3316/3884/9692 3288/3873/9691 3363/3933/9819 3362/3932/9820
s 28
f 3363/3933/9821 3304/3862/9788 3351/3920/9787 3362/3932/9822
s 27
f 3351/3920/9785 3302/3858/9784 3361/3931/9823 3362/3932/9824
s 1
f 3309/3877/9594 3287/3843/9593 3365/3935/9825 3364/3934/9826
s 31
f 3365/3935/9827 3306/3861/9800 3355/3925/9799 3364/3934/9828
s 30
f 3355/3925/9797 3304/3874/9796 3363/3936/9829 3364/3934/9830
s 20
f 3328/3897/9722 3293/3852/9721 3367/3938/9831 3366/3937/9832
s 7
f 3367/3938/9833 3301/3857/9631 3349/3918/9630 3366/3937/9834
s 26
f 3349/3918/9781 3306/3861/9780 3365/3935/9835 3366/3937/9836
s off
f 3339/3940/9837 3299/3855/9838 3369/3941/9839 3368/3939/9840
s 33
f 3369/3941/9841 3295/3864/9842 3370/3942/9843 3368/3939/9844
s 25
f 3345/3944/9772 3303/3859/9771 3372/3945/9845 3371/3943/9846
s off
f 3372/3945/9847 3295/3864/9848 3369/3941/9849 3371/3943/9850
s 29
f 3353/3947/9793 3305/3863/9792 3374/3948/9851 3373/3946/9852
s off
f 3374/3948/9853 3295/3864/9854 3372/3945/9855 3373/3946/9856
s 32
f 3356/3950/9805 3307/3860/9804 3376/3951/9857 3375/3949/9858
s off
f 3376/3951/9859 3295/3864/9860 3374/3948/9861 3375/3949/9862
s 14
f 3347/3953/9775 3300/3856/9661 3370/3942/9660 3377/3952/9863
s 33
f 3370/3942/9843 3295/3864/9842 3376/3951/9864 3377/3952/9865
s 22
f 3336/3905/9750 3297/3848/9749 3358/3928/9866 3378/3954/9867
s off
f 3358/3928/9868 3301/3857/9869 3367/3938/9870 3378/3954/9871
g default
v 26.034787 -2.080718 112.929027
v 19.628928 -2.128722 107.503140
v 19.552032 2.524552 107.062207
v 12.822622 2.324666 109.764600
v 13.211897 -1.736006 109.355176
v 23.647733 4.695562 109.912132
v 24.960025 2.609893 114.205759
v 19.287971 4.958437 116.098638
v 24.504318 -2.109663 106.951890
v 17.720983 11.023994 111.890153
v 19.868377 -2.080718 117.598597
v 22.699963 5.709998 113.268595
v 21.421873 8.173834 111.146020
v 18.786226 10.272437 111.858529
v 18.101217 9.996138 112.810286
v 19.595817 8.734507 114.099857
v 19.430483 5.842882 108.938637
v 17.885990 8.204231 111.014832
v 15.465083 5.734845 111.165960
v 16.715493 8.585880 111.982499
v 15.797586 6.529188 115.242245
v 17.125779 9.509596 113.337982
v 12.743381 0.317218 109.235975
v 16.687631 -1.943155 108.872186
v 17.401646 -2.080718 117.266608
v 16.401570 0.249379 108.111552
v 16.197805 2.287651 108.476039
v 19.733243 0.244829 106.726681
v 23.010925 4.282996 112.766736
v 23.064307 4.151830 113.980253
v 23.567926 3.703233 112.128461
v 23.173847 5.202097 111.590364
v 21.764019 0.567446 107.257373
v 23.567936 0.848380 108.953255
v 21.914782 -2.119343 107.369278
v 21.298918 3.197545 108.181872
v 17.905804 0.201280 117.222579
v 19.685354 0.026810 117.360845
v 16.461008 3.084209 116.771664
v 25.514538 0.426674 109.671850
v 25.210424 -2.097257 108.398455
v 25.508733 -0.039816 114.057561
v 21.868890 -2.080718 116.493585
v 20.926416 0.529166 117.551731
v 21.361972 3.859338 115.429887
v 21.539909 4.387443 114.847723
v 20.993967 5.332618 114.683617
v 18.909273 9.615316 112.635008
v 19.517015 9.642351 111.731597
v 18.446248 10.109467 112.448881
v 18.466722 9.436410 113.384941
v 20.719723 8.268891 112.459621
v 18.824556 8.365301 110.915313
v 20.456476 7.043489 110.033647
v 18.236452 6.968482 110.181929
v 18.350843 9.019972 111.326865
v 17.519671 8.973238 113.814470
v 17.653988 9.735870 113.110980
v 16.519404 8.338450 114.271114
v 17.137630 7.384545 114.827496
v 17.090845 7.119358 110.974889
v 17.363371 5.700042 110.039222
v 15.891600 7.244570 111.805436
v 17.351593 8.185831 111.426786
v 16.192454 7.807742 112.989362
v 15.994739 6.005301 113.197336
v 16.835338 8.872914 112.639559
v 22.187711 7.134656 111.867303
v 21.439671 7.696788 113.699338
v 22.766115 6.900040 110.528737
v 21.694354 5.222248 108.934740
v 20.249999 4.308952 107.694743
v 17.371490 4.043284 108.999440
v 14.225647 4.183251 110.589213
v 14.291513 4.205917 113.266102
v 16.621955 5.299672 116.019015
v 18.636928 7.112508 115.449857
v 18.165456 10.460155 112.272104
v 18.105202 10.628361 111.935089
v 17.889336 10.628570 112.209743
v 18.090312 9.436583 111.471386
v 17.834820 9.633476 111.599544
v 17.677769 9.380526 111.709535
v 17.510292 9.975277 111.935777
v 17.521738 9.982114 112.187558
v 17.631873 10.610610 112.280948
v 17.765616 10.507349 112.320965
v 19.941791 6.810939 115.012009
v 15.092560 -2.199960 117.859008
v 14.880760 0.150823 118.001500
v 11.646911 1.972890 110.604067
v 12.750922 3.823147 111.418856
v 13.498565 3.772586 113.888103
v 15.183712 2.510433 117.357795
v 15.395108 4.728187 116.612990
v 11.663281 -0.017031 110.082724
v 12.327352 -2.008755 110.022125
v 14.897604 5.756102 115.904971
v 14.353030 5.265091 113.861411
v 16.012160 6.546622 115.606588
v 12.888024 1.569823 116.933493
v 12.370456 -0.545006 116.899232
v 11.430977 1.488494 113.734343
v 10.779839 -0.385493 112.993326
v 11.473305 -2.476029 116.980250
v 13.429320 -2.350179 118.036319
v 11.026020 -2.289504 112.248136
v 13.475116 -0.179407 118.166202
v 11.035747 1.595285 111.662043
v 12.114698 3.318183 112.130558
v 12.707265 3.338155 114.508912
v 13.265320 3.680712 116.843797
v 13.857543 2.101606 117.643923
v 14.115599 4.216160 117.025347
v 11.029055 -0.365192 111.193280
v 11.703988 -2.157169 110.869618
v 13.942698 4.966062 116.480998
v 13.498213 4.531444 114.346276
v 14.959023 5.649953 116.316463
v 17.262093 -0.939719 117.333721
v 14.986661 -1.024569 117.930254
v 13.452217 -1.264793 118.101260
v 11.921882 -1.510518 116.939741
v 10.902927 -1.337499 112.620732
v 11.366521 -1.261180 111.031449
v 11.995316 -1.012893 110.052424
v 12.977639 -0.709394 109.295576
v 16.544600 -0.846888 108.491869
v 19.681085 -0.941947 107.114911
v 21.839401 -0.775948 107.313326
v 24.036127 -0.630642 107.952572
v 25.362480 -0.835292 109.035153
v 25.771761 -1.060267 113.493294
v 21.397653 -0.775776 117.022658
v 20.081401 -1.026954 117.410414
vt 0.106185 0.192947
vt 0.019070 0.192947
vt 0.420449 0.012011
vt 0.167807 0.012011
vt 0.337331 0.192947
vt 0.219102 0.243023
vt 0.219102 0.124298
vt 0.252503 0.192947
vt 0.252503 0.012011
vt 0.167807 0.192947
vt 0.219102 0.012011
vt 0.252503 0.322184
vt 0.937112 0.011156
vt 0.924385 0.030541
vt 0.167807 0.322184
vt 0.337331 0.322184
vt 0.971978 0.011156
vt 0.924385 0.045989
vt 0.106185 0.322184
vt 0.420449 0.322184
vt 0.971979 0.045989
vt 0.943151 0.025258
vt 0.106185 0.530708
vt 0.019070 0.530708
vt 0.337331 0.530708
vt 0.167807 0.530708
vt 0.252503 0.530708
vt 0.337331 0.012011
vt 0.106185 0.012011
vt 0.420449 0.530708
vt 0.420449 0.192947
vt 0.019070 0.322184
vt 0.019070 0.012011
vt 0.062921 0.104181
vt 0.062627 0.192947
vt 0.019070 0.102479
vt 0.062627 0.012011
vt 0.106185 0.102479
vt 0.376693 0.103980
vt 0.378890 0.012011
vt 0.420449 0.102479
vt 0.378890 0.192947
vt 0.337331 0.102479
vt 0.230065 0.182301
vt 0.219102 0.183660
vt 0.235802 0.158622
vt 0.235802 0.217985
vt 0.291440 0.102554
vt 0.252503 0.102479
vt 0.294917 0.012011
vt 0.294917 0.192947
vt 0.141411 0.101629
vt 0.136996 0.012011
vt 0.167807 0.102479
vt 0.136996 0.192947
vt 0.238226 0.089536
vt 0.235802 0.012011
vt 0.219102 0.068154
vt 0.189385 0.094913
vt 0.193454 0.012011
vt 0.193454 0.158622
vt 0.201843 0.182238
vt 0.193454 0.217985
vt 0.210548 0.395955
vt 0.252503 0.426446
vt 0.210155 0.530708
vt 0.167807 0.426446
vt 0.210155 0.322184
vt 0.301350 0.399909
vt 0.294917 0.322184
vt 0.337331 0.426446
vt 0.294917 0.530708
vt 0.130484 0.396307
vt 0.136996 0.530708
vt 0.106185 0.426446
vt 0.136996 0.322184
vt 0.379926 0.401259
vt 0.378890 0.322184
vt 0.420449 0.426446
vt 0.378890 0.530708
vt 0.062977 0.399911
vt 0.019070 0.426446
vt 0.062627 0.322184
vt 0.062627 0.530708
vt 0.224323 0.267942
vt 0.193454 0.282603
vt 0.252503 0.257565
vt 0.292176 0.256251
vt 0.337331 0.257565
vt 0.380888 0.251037
vt 0.420449 0.257565
vt 0.063828 0.251308
vt 0.106185 0.257565
vt 0.019070 0.257565
vt 0.136449 0.254907
vt 0.167807 0.257565
vt 0.934320 0.023037
vt 0.930749 0.020848
vt 0.940131 0.018207
vt 0.933768 0.027899
vt 0.953180 0.015356
vt 0.954545 0.011156
vt 0.957565 0.018207
vt 0.962045 0.026393
vt 0.971978 0.028572
vt 0.957565 0.035623
vt 0.946240 0.039227
vt 0.948182 0.045989
vt 0.933768 0.035623
vt 0.931811 0.033232
vt 0.924385 0.038265
vt 0.184459 0.251757
vt 0.136996 0.012011
vt 0.141411 0.101629
vt 0.019070 0.257565
vt 0.019070 0.192947
vt 0.063828 0.251308
vt 0.136996 0.192947
vt 0.136449 0.254907
vt 0.019070 0.102479
vt 0.019070 0.012011
vt 0.106185 0.322184
vt 0.062627 0.322184
vt 0.136996 0.322184
vt 0.136996 0.012011
vt 0.141411 0.101629
vt 0.019070 0.257565
vt 0.019070 0.192947
vt 0.063828 0.251308
vt 0.136996 0.192947
vt 0.136449 0.254907
vt 0.019070 0.102479
vt 0.019070 0.012011
vt 0.106185 0.322184
vt 0.062627 0.322184
vt 0.136996 0.322184
vt 0.139203 0.056820
vt 0.139203 0.056820
vt 0.139203 0.056820
vt 0.106185 0.057245
vt 0.062774 0.058096
vt 0.019070 0.057245
vt 0.019070 0.057245
vt 0.019070 0.057245
vt 0.420449 0.057245
vt 0.377791 0.057995
vt 0.337331 0.057245
vt 0.293178 0.057283
vt 0.252503 0.057245
vt 0.237014 0.050774
vt 0.219102 0.040082
vt 0.191420 0.053462
vt 0.167807 0.057245
vn -0.901769 0.188630 0.388884
vn -0.902487 0.251584 0.349603
vn -0.902793 0.225584 0.366165
vn -0.901770 0.188630 0.388884
vn -0.390226 -0.307661 -0.867795
vn -0.389148 -0.307768 -0.868241
vn -0.403656 -0.306285 -0.862120
vn -0.403656 -0.306285 -0.862120
vn 0.914355 0.376787 0.148280
vn 0.910340 0.385943 0.149430
vn 0.977956 0.170927 0.119941
vn 0.977956 0.170927 0.119941
vn 0.535257 0.273485 -0.799191
vn 0.516630 0.293234 -0.804430
vn 0.544038 0.263947 -0.796463
vn 0.544039 0.263947 -0.796463
vn -0.621127 0.133589 0.772240
vn -0.592248 0.126670 0.795737
vn -0.541835 0.114641 0.832630
vn -0.541835 0.114641 0.832630
vn 0.990062 0.100108 -0.098772
vn 0.993435 0.087240 -0.074004
vn 0.984214 0.117494 -0.132353
vn 0.984214 0.117494 -0.132353
vn 0.271361 0.401662 0.874660
vn 0.334091 0.366602 0.868324
vn 0.197555 0.370786 0.907463
vn 0.197555 0.370786 0.907463
vn 0.507415 0.395637 0.765507
vn 0.515306 0.486200 0.705740
vn 0.632549 0.707113 0.316027
vn 0.665537 0.692705 0.277886
vn 0.611249 0.715060 0.339209
vn 0.611249 0.715060 0.339209
vn 0.074658 0.429570 -0.899942
vn 0.076565 0.407075 -0.910180
vn 0.073459 0.443305 -0.893356
vn 0.073459 0.443305 -0.893356
vn -0.174576 0.606356 0.775793
vn -0.107953 0.600908 0.791995
vn -0.042376 0.592841 0.804204
vn -0.042376 0.592841 0.804204
vn -0.557107 0.371472 -0.742725
vn -0.545835 0.379675 -0.746935
vn -0.512109 0.403266 -0.758367
vn -0.512109 0.403266 -0.758367
vn -0.857733 0.512402 -0.041687
vn -0.856367 0.514609 -0.042575
vn -0.854464 0.517661 -0.043806
vn -0.854464 0.517661 -0.043805
vn 0.553048 0.827154 0.099770
vn 0.538238 0.823220 0.180580
vn 0.559365 0.826974 0.056787
vn 0.559365 0.826974 0.056787
vn 0.491478 0.318918 -0.810395
vn 0.491478 0.318918 -0.810395
vn -0.385300 0.464145 -0.797567
vn -0.392927 0.288095 -0.873275
vn -0.392730 0.252347 -0.884355
vn -0.385300 0.464144 -0.797567
vn -0.848616 0.490592 0.197915
vn -0.939170 0.322175 0.119011
vn -0.910238 0.386377 0.148930
vn -0.848616 0.490592 0.197915
vn -0.529318 0.217070 0.820184
vn -0.678572 0.221018 0.700493
vn -0.625996 0.220499 0.748003
vn -0.529318 0.217070 0.820185
vn 0.178649 0.705249 0.686082
vn 0.074132 0.702612 0.707701
vn 0.365102 0.683085 0.632531
vn 0.365102 0.683085 0.632531
vn 0.080090 0.363253 -0.928242
vn 0.080090 0.363253 -0.928242
vn -0.646914 0.299625 -0.701233
vn -0.646914 0.299625 -0.701233
vn -0.862911 0.503904 -0.038279
vn -0.862911 0.503904 -0.038279
vn 0.076309 0.687334 0.722322
vn -0.014939 0.657162 0.753601
vn 0.030805 0.673135 0.738878
vn 0.076309 0.687334 0.722322
vn 0.494059 0.303524 0.814726
vn 0.494059 0.303524 0.814726
vn -0.986858 0.155948 0.042329
vn -0.986858 0.155948 0.042329
vn -0.950520 -0.159852 -0.266383
vn -0.943840 -0.150103 -0.294339
vn -0.923062 -0.124829 -0.363831
vn -0.923062 -0.124829 -0.363831
vn -0.976884 0.137466 0.163711
vn -0.976884 0.137466 0.163711
vn -0.964480 0.123251 0.233639
vn -0.967426 0.126208 0.219449
vn -0.185791 -0.230935 -0.955066
vn -0.185791 -0.230935 -0.955066
vn -0.227716 -0.236225 -0.944639
vn -0.220378 -0.235328 -0.946602
vn -0.315657 0.195269 -0.928564
vn -0.327680 0.345469 -0.879362
vn -0.329311 0.379491 -0.864604
vn -0.315657 0.195269 -0.928564
vn -0.386986 0.113838 -0.915031
vn -0.386986 0.113838 -0.915031
vn 0.653684 0.756748 -0.005545
vn 0.887827 0.452186 -0.085390
vn 0.863611 0.498530 -0.075124
vn 0.653684 0.756748 -0.005545
vn 0.903502 0.388479 -0.181022
vn 0.902398 0.393416 -0.175790
vn 0.907413 0.346911 0.237179
vn 0.910330 0.329336 0.250675
vn 0.240680 0.349450 -0.905515
vn 0.234945 0.348918 -0.907225
vn 0.033381 0.323013 -0.945806
vn 0.033381 0.323013 -0.945806
vn 0.021118 -0.172683 -0.984751
vn 0.021118 -0.172683 -0.984751
vn 0.098669 -0.171187 -0.980285
vn 0.104130 -0.171042 -0.979746
vn 0.323145 0.274928 -0.905534
vn 0.367797 0.251052 -0.895376
vn 0.438618 0.210613 -0.873645
vn 0.323145 0.274928 -0.905534
vn 0.031562 0.221124 0.974735
vn 0.020703 0.266135 0.963713
vn 0.026653 0.241569 0.970017
vn 0.031562 0.221124 0.974735
vn -0.721328 0.220570 0.656533
vn -0.721328 0.220570 0.656532
vn 0.725008 0.412914 -0.551240
vn 0.725008 0.412914 -0.551240
vn 0.606967 0.457990 -0.649489
vn 0.583588 0.464997 -0.665734
vn 0.850124 0.391580 -0.352070
vn 0.850124 0.391580 -0.352070
vn 0.902591 0.420531 -0.092109
vn 0.902591 0.420531 -0.092109
vn 0.310898 -0.112084 0.943811
vn 0.299282 -0.114909 0.947220
vn 0.414293 -0.085601 0.906109
vn 0.414293 -0.085601 0.906109
vn 0.627574 -0.160075 0.761923
vn 0.627574 -0.160075 0.761923
vn 0.617414 -0.166521 0.768811
vn 0.606737 -0.173182 0.775808
vn 0.525520 0.275601 0.804906
vn 0.523342 0.293680 0.799916
vn 0.518239 0.330788 0.788674
vn 0.525520 0.275601 0.804906
vn 0.443864 0.620556 0.646448
vn 0.443864 0.620556 0.646448
vn 0.504373 0.442752 0.741335
vn 0.554256 0.311093 0.772024
vn 0.561586 0.288089 0.775645
vn 0.504373 0.442752 0.741335
vn 0.595906 0.657093 0.461655
vn 0.595906 0.657093 0.461655
vn 0.595906 0.657093 0.461655
vn 0.595906 0.657093 0.461655
vn 0.454429 0.727914 0.513454
vn 0.454429 0.727914 0.513454
vn 0.454429 0.727914 0.513454
vn 0.454429 0.727914 0.513454
vn 0.523547 0.815937 0.245245
vn 0.523547 0.815937 0.245245
vn 0.114314 0.572001 -0.812248
vn 0.155779 0.585273 -0.795731
vn 0.169634 0.589447 -0.789795
vn 0.114314 0.572001 -0.812248
vn 0.030773 0.621026 -0.783185
vn 0.095271 0.627983 -0.772373
vn -0.073411 0.604164 -0.793471
vn -0.073411 0.604164 -0.793471
vn -0.174350 0.487271 -0.855669
vn -0.166682 0.478123 -0.862332
vn -0.130007 0.433664 -0.891647
vn -0.174350 0.487271 -0.855669
vn 0.014616 0.696229 0.717670
vn 0.017580 0.697223 0.716639
vn 0.014616 0.696229 0.717671
vn -0.028504 0.652099 0.757598
vn -0.028504 0.652099 0.757598
vn 0.000585 0.504111 0.863638
vn 0.000585 0.504111 0.863638
vn 0.000585 0.504111 0.863638
vn 0.000585 0.504111 0.863638
vn -0.462988 0.407252 -0.787266
vn -0.425982 0.447281 -0.786434
vn -0.437945 0.434634 -0.786954
vn -0.462988 0.407252 -0.787266
vn -0.407389 0.507301 -0.759395
vn -0.411733 0.502276 -0.760391
vn -0.463818 0.438391 -0.769861
vn -0.463818 0.438391 -0.769861
vn -0.469696 0.415113 -0.779145
vn -0.470556 0.363720 -0.803919
vn -0.470440 0.380928 -0.795977
vn -0.469696 0.415113 -0.779145
vn -0.965539 0.154706 0.209287
vn -0.816547 0.570649 0.087242
vn -0.868864 0.480618 0.118665
vn -0.965539 0.154706 0.209287
vn -0.971231 0.235293 -0.036696
vn -0.971231 0.235293 -0.036696
vn -0.971231 0.235293 -0.036696
vn -0.971231 0.235293 -0.036696
vn -0.875750 0.482628 -0.011481
vn -0.893102 0.444276 -0.070628
vn -0.886587 0.460217 -0.046526
vn -0.875750 0.482628 -0.011481
vn 0.868646 0.469098 0.159380
vn 0.868646 0.469098 0.159380
vn 0.905027 0.359486 0.227366
vn 0.905027 0.359486 0.227366
vn 0.689447 0.680446 0.248306
vn 0.689447 0.680446 0.248306
vn 0.540048 0.146421 -0.828800
vn 0.540048 0.146421 -0.828800
vn 0.172166 0.632747 -0.754977
vn 0.172166 0.632747 -0.754977
vn 0.203228 0.599017 -0.774517
vn 0.203228 0.599017 -0.774517
vn -0.330969 0.527731 -0.782278
vn -0.330969 0.527731 -0.782278
vn -0.388057 0.529137 -0.754603
vn -0.388057 0.529137 -0.754603
vn -0.419782 0.453730 -0.786074
vn -0.419782 0.453730 -0.786074
vn -0.897157 0.322354 0.301990
vn -0.897157 0.322354 0.301990
vn -0.846786 0.522629 0.099061
vn -0.846786 0.522629 0.099061
vn -0.846786 0.522629 0.099061
vn -0.846786 0.522629 0.099061
vn -0.754374 0.654163 0.054690
vn -0.754374 0.654163 0.054690
vn 0.010802 0.306484 0.951814
vn 0.010802 0.306484 0.951814
vn -0.207758 0.608012 0.766263
vn -0.207758 0.608012 0.766262
vn -0.334997 0.501695 0.797546
vn -0.334997 0.501695 0.797546
vn -0.334997 0.501695 0.797546
vn -0.334997 0.501695 0.797546
vn 0.507970 0.751209 0.421487
vn 0.507970 0.751209 0.421487
vn 0.507970 0.751209 0.421487
vn 0.507970 0.751209 0.421487
vn 0.545655 0.720284 0.428313
vn 0.436847 0.715064 0.545755
vn 0.420436 0.712829 0.561345
vn 0.545655 0.720284 0.428313
vn -0.068466 0.356547 -0.931765
vn -0.068466 0.356547 -0.931765
vn 0.138244 0.282576 -0.949231
vn 0.138244 0.282576 -0.949231
vn 0.138244 0.282576 -0.949231
vn 0.138244 0.282576 -0.949231
vn -0.468779 0.279880 -0.837803
vn -0.468779 0.279880 -0.837803
vn -0.663846 0.098924 -0.741298
vn -0.663846 0.098924 -0.741298
vn -0.663846 0.098924 -0.741298
vn -0.663846 0.098924 -0.741298
vn -0.909789 0.385050 -0.154983
vn -0.909789 0.385050 -0.154983
vn -0.982193 0.187874 0.000154
vn -0.982193 0.187874 0.000154
vn -0.982193 0.187874 0.000154
vn -0.982193 0.187874 0.000154
vn 0.040333 0.704599 0.708458
vn 0.162982 0.640130 0.750780
vn 0.162982 0.640130 0.750780
vn 0.581935 0.216633 0.783851
vn 0.581935 0.216633 0.783851
vn 0.403588 0.450275 0.796473
vn 0.403588 0.450275 0.796473
vn 0.403588 0.450275 0.796473
vn 0.403588 0.450275 0.796473
vn 0.252206 -0.031045 0.967175
vn 0.252062 -0.037453 0.966986
vn 0.252072 -0.037035 0.966999
vn 0.252206 -0.031045 0.967175
vn -0.531516 0.616191 -0.581205
vn -0.531516 0.616191 -0.581205
vn -0.531516 0.616191 -0.581205
vn -0.531516 0.616191 -0.581205
vn -0.299671 0.952595 0.052536
vn -0.299671 0.952595 0.052536
vn -0.299671 0.952595 0.052536
vn -0.299671 0.952595 0.052536
vn 0.300143 0.282540 0.911090
vn 0.300143 0.282540 0.911090
vn 0.300143 0.282540 0.911090
vn 0.300143 0.282540 0.911090
vn -0.625383 0.207424 -0.752244
vn -0.625383 0.207424 -0.752244
vn -0.625383 0.207424 -0.752244
vn -0.625383 0.207424 -0.752244
vn -0.567831 -0.170659 -0.805260
vn -0.567964 -0.170695 -0.805158
vn -0.564000 -0.169629 -0.808165
vn -0.564000 -0.169629 -0.808165
vn 0.259423 0.251209 0.932520
vn 0.259423 0.251209 0.932520
vn 0.259423 0.251209 0.932520
vn 0.259423 0.251209 0.932520
vn -0.563480 0.811722 -0.153615
vn -0.563480 0.811722 -0.153615
vn -0.563480 0.811722 -0.153615
vn -0.563480 0.811722 -0.153615
vn -0.574534 0.426130 -0.698802
vn -0.574534 0.426130 -0.698802
vn -0.574534 0.426130 -0.698802
vn -0.574534 0.426130 -0.698802
vn -0.488833 0.836423 0.247867
vn -0.488833 0.836423 0.247867
vn -0.488833 0.836423 0.247867
vn -0.488833 0.836423 0.247867
vn 0.259918 0.415422 0.871704
vn 0.259918 0.415422 0.871704
vn 0.259918 0.415422 0.871704
vn 0.259918 0.415422 0.871704
vn 0.114819 -0.055532 0.991833
vn 0.119311 -0.055336 0.991314
vn 0.118664 -0.055364 0.991390
vn 0.114819 -0.055532 0.991833
vn -0.777975 0.570121 -0.264040
vn -0.777975 0.570121 -0.264040
vn -0.777975 0.570121 -0.264040
vn -0.777975 0.570121 -0.264040
vn -0.456219 0.880070 0.131684
vn -0.456219 0.880070 0.131684
vn -0.456219 0.880070 0.131684
vn -0.456219 0.880070 0.131684
vn 0.154465 0.281316 0.947102
vn 0.154465 0.281316 0.947102
vn 0.154465 0.281316 0.947102
vn 0.154465 0.281316 0.947102
vn -0.877534 0.114553 -0.465630
vn -0.877534 0.114553 -0.465630
vn -0.877534 0.114553 -0.465630
vn -0.877534 0.114553 -0.465630
vn -0.794271 -0.223715 -0.564877
vn -0.793480 -0.223306 -0.566148
vn -0.782349 -0.217596 -0.583594
vn -0.782349 -0.217596 -0.583594
vn 0.097912 0.228885 0.968517
vn 0.097912 0.228885 0.968517
vn 0.097912 0.228885 0.968517
vn 0.097912 0.228885 0.968517
vn -0.649073 0.760581 -0.014849
vn -0.649073 0.760581 -0.014849
vn -0.649073 0.760581 -0.014849
vn -0.649073 0.760581 -0.014849
vn -0.685558 0.376054 -0.623373
vn -0.685558 0.376054 -0.623373
vn -0.685558 0.376054 -0.623373
vn -0.685558 0.376054 -0.623373
vn -0.502595 0.816014 0.285516
vn -0.502595 0.816014 0.285516
vn -0.502595 0.816014 0.285516
vn -0.502595 0.816014 0.285516
vn 0.200964 0.384867 0.900828
vn 0.200964 0.384867 0.900828
vn 0.200964 0.384867 0.900828
vn 0.200964 0.384867 0.900828
vn 0.251958 -0.041846 0.966833
vn 0.251958 -0.041846 0.966833
vn 0.123827 -0.055137 0.990771
vn 0.123827 -0.055137 0.990771
vn -0.688627 0.149854 0.709462
vn -0.688627 0.149854 0.709462
vn -0.946346 0.107881 0.304615
vn -0.946346 0.107881 0.304615
vn -0.961621 -0.179687 -0.207360
vn -0.961621 -0.179687 -0.207360
vn -0.803007 -0.228264 -0.550523
vn -0.803007 -0.228264 -0.550523
vn -0.571115 -0.171542 -0.802746
vn -0.571115 -0.171542 -0.802746
vn -0.256679 -0.239648 -0.936314
vn -0.256679 -0.239648 -0.936315
vn -0.377504 -0.308895 -0.872968
vn -0.377504 -0.308895 -0.872968
vn 0.188034 -0.168151 -0.967661
vn 0.188034 -0.168151 -0.967661
vn 0.441365 0.360112 -0.821898
vn 0.441365 0.360112 -0.821898
vn 0.490674 0.487867 -0.721959
vn 0.490674 0.487867 -0.721959
vn 0.996776 0.069530 -0.040039
vn 0.996776 0.069530 -0.040039
vn 0.596405 -0.179521 0.782351
vn 0.596405 -0.179521 0.782351
vn 0.121095 -0.154800 0.980496
vn 0.121095 -0.154800 0.980496
s 1
g group2 Ore_Clicker55
usemtl initialShadingGroup
f 3480/3992/9872 3479/3955/9873 3481/3989/9874 3482/3988/9875
s 2
f 3506/4100/9876 3507/4101/9877 3380/3982/9878 3402/3994/9879
s 3
f 3410/4001/9880 3390/3960/9881 3408/3999/9882 3407/3998/9883
s 4
f 3414/4005/9884 3384/3962/9885 3412/4003/9886 3411/4002/9887
s 5
f 3500/4093/9888 3501/4094/9889 3483/3983/9890 3484/4079/9891
s 6
f 3510/4104/9892 3511/4105/9893 3379/3965/9894 3419/4011/9895
s 7
f 3423/4015/9896 3386/3964/9897 3416/4008/9898 3422/4013/9899
f 3425/4017/9900 3386/3964/9897 3423/4015/9896 3424/4016/9901
s 8
f 3430/4022/9902 3391/3966/9903 3427/4019/9904 3426/4018/9905
s 9
f 3434/4026/9906 3392/3981/9907 3427/4019/9908 3431/4023/9909
s 10
f 3438/4030/9910 3394/3969/9911 3429/4021/9912 3435/4027/9913
s 11
f 3442/4034/9914 3396/3979/9915 3433/4025/9916 3439/4031/9917
s 12
f 3445/4038/9918 3398/3978/9919 3441/4036/9920 3443/4035/9921
s 13
f 3430/4022/9922 3394/3969/9923 3447/4040/9924 3446/4039/9925
s 4
f 3448/4041/9926 3384/3962/9885 3414/4005/9884 3449/4042/9927
s 14
f 3450/4043/9928 3381/3959/9929 3405/3996/9930 3451/4044/9931
s 15
f 3488/4081/9932 3487/4082/9933 3481/3989/9934 3489/4083/9935
s 16
f 3490/4047/9936 3479/3955/9937 3491/4084/9938 3492/4085/9939
s 17
f 3458/4054/9940 3393/3968/9941 3428/4052/9942 3456/4051/9943
s 9
f 3457/4053/9944 3392/3967/9907 3434/4056/9906 3459/4055/9945
s 11
f 3460/4057/9946 3396/3971/9915 3442/4059/9914 3461/4058/9947
s 12
f 3462/4060/9948 3398/3975/9919 3445/4062/9918 3463/4061/9949
s 18
f 3464/4063/9950 3400/3972/9951 3436/4065/9952 3465/4064/9953
s 7
f 3455/4050/9954 3386/3964/9897 3425/4017/9900 3466/4066/9955
s 15
f 3481/3989/9934 3487/4082/9933 3493/4086/9956 3482/3988/9957
s 19
f 3502/4095/9958 3503/4096/9959 3494/4087/9960 3485/3991/9961
s 20
f 3485/3991/9962 3483/3983/9963 3501/4094/9964 3502/4095/9965
s 21
f 3402/3994/9966 3383/3957/9967 3505/4099/9968 3506/4100/9969
s 22
f 3401/3995/9970 3382/3985/9971 3405/3996/9972 3404/3993/9973
s 14
f 3405/3996/9930 3381/3959/9929 3406/3997/9974 3404/3993/9975
s 23
f 3408/3999/9976 3385/3961/9977 3409/4000/9978 3407/3998/9979
s 24
f 3409/4000/9980 3384/3962/9981 3410/4001/9982 3407/3998/9983
s 25
f 3508/4102/9984 3509/4103/9985 3387/3963/9986 3413/4004/9987
s 26
f 3413/4004/9988 3380/3982/9989 3507/4101/9990 3508/4102/9991
s 27
f 3406/3997/9992 3381/3959/9993 3414/4005/9994 3411/4002/9995
s 28
f 3416/4008/9996 3386/3964/9997 3417/4009/9998 3415/4006/9999
s 16
f 3491/4084/9938 3479/3955/9937 3480/3992/10000 3486/4080/10001
s 29
f 3419/4011/10002 3387/3963/10003 3509/4103/10004 3510/4104/10005
s 24
f 3412/4003/10006 3384/3962/9981 3409/4000/9980 3418/4010/10007
s 23
f 3409/4000/9978 3385/3961/9977 3420/4012/10008 3418/4010/10009
s 30
f 3512/4106/10010 3513/4107/10011 3389/3958/10012 3421/4014/10013
s 31
f 3421/4014/10014 3379/3965/10015 3511/4105/10016 3512/4106/10017
s 32
f 3420/4012/10018 3385/3961/10019 3423/4015/10020 3422/4013/10021
f 3423/4015/10020 3385/3961/10019 3408/3999/10022 3424/4016/10023
s 33
f 3408/3999/10024 3390/3960/10025 3425/4017/10026 3424/4016/10027
s off
f 3427/4019/10028 3392/3981/10029 3428/4020/10030 3426/4018/10031
f 3428/4020/10032 3393/3980/10033 3429/4021/10034 3426/4018/10035
s 13
f 3429/4021/10036 3394/3969/9923 3430/4022/9922 3426/4018/10037
s 34
f 3427/4019/10038 3391/3966/10039 3432/4024/10040 3431/4023/10041
s 35
f 3432/4024/10042 3395/3970/10043 3433/4025/10044 3431/4023/10045
s 36
f 3433/4025/10046 3396/3979/10047 3434/4026/10048 3431/4023/10049
s 17
f 3429/4021/10050 3393/3980/9941 3436/4028/10051 3435/4027/10052
s 18
f 3436/4028/9952 3400/3977/9951 3437/4029/10053 3435/4027/10054
s off
f 3437/4029/10055 3399/3973/10056 3438/4030/10057 3435/4027/10058
s 37
f 3433/4025/10059 3395/3970/10060 3440/4032/10061 3439/4031/10062
s 38
f 3440/4032/10063 3397/3974/10064 3441/4033/10065 3439/4031/10066
s 39
f 3441/4033/10067 3398/3984/10068 3442/4034/10069 3439/4031/10070
s 40
f 3441/4036/10071 3397/3986/10072 3444/4037/10073 3443/4035/10074
s off
f 3444/4037/10075 3399/3973/10076 3437/4029/10077 3443/4035/10078
s 41
f 3437/4029/10079 3400/3977/10080 3445/4038/10081 3443/4035/10082
s 3
f 3447/4040/10083 3390/3960/9881 3410/4001/9880 3446/4039/10084
s 24
f 3410/4001/9982 3384/3962/9981 3448/4041/10085 3446/4039/10086
s 8
f 3448/4041/10087 3391/3966/9903 3430/4022/9902 3446/4039/10088
s 27
f 3414/4005/9994 3381/3959/9993 3450/4043/10089 3449/4042/10090
s 35
f 3450/4043/10091 3395/3970/10043 3432/4024/10042 3449/4042/10092
s 34
f 3432/4024/10040 3391/3966/10039 3448/4041/10093 3449/4042/10094
s 22
f 3405/3996/9972 3382/3985/9971 3452/4045/10095 3451/4044/10096
s 38
f 3452/4045/10097 3397/3974/10064 3440/4032/10063 3451/4044/10098
s 37
f 3440/4032/10061 3395/3970/10060 3450/4043/10099 3451/4044/10100
s 1
f 3481/3989/9874 3479/3955/9873 3490/4047/10101 3489/4083/10102
s off
f 3490/4047/10103 3495/4088/10104 3496/4089/10105 3489/4083/10106
s 40
f 3444/4037/10073 3397/3986/10072 3452/4048/10107 3453/4046/10108
s 28
f 3417/4009/9998 3386/3964/9997 3455/4050/10109 3454/4049/10110
s 10
f 3455/4050/10111 3394/3969/9911 3438/4030/9910 3454/4049/10112
s off
f 3497/4090/10113 3495/4088/10114 3490/4047/10115 3492/4085/10116
f 3428/4052/10117 3392/3967/10118 3457/4053/10119 3456/4051/10120
s 42
f 3457/4053/10121 3388/3976/10122 3458/4054/10123 3456/4051/10124
s 36
f 3434/4056/10048 3396/3971/10047 3460/4057/10125 3459/4055/10126
s off
f 3460/4057/10127 3388/3976/10128 3457/4053/10129 3459/4055/10130
s 39
f 3442/4059/10069 3398/3975/10068 3462/4060/10131 3461/4058/10132
s off
f 3462/4060/10133 3388/3976/10134 3460/4057/10135 3461/4058/10136
s 41
f 3445/4062/10081 3400/3972/10080 3464/4063/10137 3463/4061/10138
s off
f 3464/4063/10139 3388/3976/10140 3462/4060/10141 3463/4061/10142
s 17
f 3436/4065/10051 3393/3968/9941 3458/4054/9940 3465/4064/10143
s 42
f 3458/4054/10123 3388/3976/10122 3464/4063/10144 3465/4064/10145
s 33
f 3425/4017/10026 3390/3960/10025 3447/4040/10146 3466/4066/10147
s off
f 3447/4040/10148 3394/3969/10149 3455/4050/10150 3466/4066/10151
s 43
f 3403/4007/10152 3498/4091/10153 3499/4092/10154 3467/4067/10155
s off
f 3452/4048/10156 3382/3956/10157 3469/4070/10158 3470/4069/10159
f 3453/4046/10160 3452/4048/10161 3470/4069/10162 3471/4071/10163
f 3417/4009/10164 3454/4049/10165 3473/4073/10166 3472/4072/10167
f 3382/3956/10168 3401/3990/10169 3474/4074/10170 3469/4070/10171
s 44
f 3504/4097/10172 3505/4098/10173 3383/3987/10174 3475/4075/10175
s off
f 3415/4006/10176 3417/4009/10177 3472/4072/10178 3468/4068/10179
f 3399/3973/10180 3444/4037/10181 3477/4077/10182 3476/4076/10183
f 3444/4037/10184 3453/4046/10185 3471/4071/10186 3477/4077/10187
f 3438/4030/10188 3399/3973/10189 3476/4076/10190 3478/4078/10191
f 3454/4049/10192 3438/4030/10193 3478/4078/10194 3473/4073/10195
s 45
f 3467/4067/10196 3499/4092/10197 3500/4093/10198 3484/4079/10199
s off
f 3470/4069/10200 3469/4070/10201 3487/4082/10202 3488/4081/10203
f 3471/4071/10204 3470/4069/10205 3488/4081/10206 3489/4083/10207
f 3472/4072/10208 3473/4073/10209 3492/4085/10210 3491/4084/10211
f 3469/4070/10212 3474/4074/10213 3493/4086/10214 3487/4082/10215
s 46
f 3503/4096/10216 3504/4097/10217 3475/4075/10218 3494/4087/10219
s off
f 3468/4068/10220 3472/4072/10221 3491/4084/10222 3486/4080/10223
f 3476/4076/10224 3477/4077/10225 3496/4089/10226 3495/4088/10227
f 3477/4077/10228 3471/4071/10229 3489/4083/10230 3496/4089/10231
f 3478/4078/10232 3476/4076/10233 3495/4088/10234 3497/4090/10235
f 3473/4073/10236 3478/4078/10237 3497/4090/10238 3492/4085/10239
s 43
f 3499/4092/10154 3498/4091/10153 3415/4006/10240 3468/4068/10241
s 45
f 3500/4093/10198 3499/4092/10197 3468/4068/10242 3486/4080/10243
s 5
f 3480/3992/10244 3501/4094/9889 3500/4093/9888 3486/4080/10245
s 20
f 3502/4095/9965 3501/4094/9964 3480/3992/10246 3482/3988/10247
s 19
f 3493/4086/10248 3503/4096/9959 3502/4095/9958 3482/3988/10249
s 46
f 3474/4074/10250 3504/4097/10217 3503/4096/10216 3493/4086/10251
s 44
f 3401/3990/10252 3505/4098/10173 3504/4097/10172 3474/4074/10253
s 21
f 3506/4100/9969 3505/4099/9968 3401/3995/10254 3404/3993/10255
s 2
f 3406/3997/10256 3507/4101/9877 3506/4100/9876 3404/3993/10257
s 26
f 3508/4102/9991 3507/4101/9990 3406/3997/10258 3411/4002/10259
s 25
f 3412/4003/10260 3509/4103/9985 3508/4102/9984 3411/4002/10261
s 29
f 3510/4104/10005 3509/4103/10004 3412/4003/10262 3418/4010/10263
s 6
f 3420/4012/10264 3511/4105/9893 3510/4104/9892 3418/4010/10265
s 31
f 3512/4106/10017 3511/4105/10016 3420/4012/10266 3422/4013/10267
s 30
f 3416/4008/10268 3513/4107/10011 3512/4106/10010 3422/4013/10269
g default
v -52.882892 1.446549 46.129684
v 50.318390 4.166127 46.129684
v -52.882902 1.263157 92.259379
v 50.318400 1.446549 92.259379
v -9.111257 1.446549 46.129684
v -9.111257 1.406475 92.259379
v 17.933525 1.446549 46.129684
v -9.111257 3.224519 69.192437
v -27.737354 1.446549 46.129684
v -52.882902 2.380152 69.192437
v -27.872260 1.152211 85.240738
v 17.933530 1.446549 92.259379
v 50.318400 3.541153 69.192437
v 17.933530 4.829192 69.192437
v -27.737359 1.446549 69.192437
v -9.111257 1.446549 80.725905
v 50.318400 3.541153 80.725905
v 34.125964 3.541153 69.192437
v 50.318400 3.541153 57.658958
v 34.125959 2.493851 46.129684
v 17.933530 2.734587 57.658958
v 2.691757 1.446549 46.129684
v -9.111257 1.446549 57.658958
v -26.278467 2.796352 80.725905
v -38.645402 2.380152 69.192437
v -52.882902 2.364578 80.725905
v -18.593868 1.446549 69.192437
v -18.589846 1.446549 46.129684
v -27.768215 3.680152 57.658958
v -38.645395 1.446549 46.129684
v -52.882902 1.446549 57.658958
v -9.111257 1.446549 103.792852
v -18.589847 1.085617 92.259379
v -27.737359 2.337629 103.792852
v -38.645402 1.074101 92.259379
v -52.882902 1.430624 103.792852
v 50.318400 1.446549 103.792852
v 34.125964 1.446549 92.259379
v 17.933530 1.446549 103.792852
v 2.691758 1.446549 92.259379
v 17.933530 1.446549 80.725905
v 2.691758 2.734587 69.192437
v -18.589847 1.406475 103.792852
v -38.645402 1.406964 103.792852
v 34.125964 1.446549 103.792852
v 2.691758 1.446549 103.792852
v 2.691758 1.446549 80.725905
v 34.125964 1.446549 80.725905
v 34.125964 3.541153 57.658958
v 2.691758 2.734587 57.658958
v -38.645402 2.341465 80.725905
v -18.593868 1.406475 80.725905
v -18.589847 1.446549 57.658958
v -38.681632 3.680152 57.658958
v -52.882892 1.446549 -46.147978
v 50.318390 4.166127 -46.147978
v -52.882882 1.263157 0.000000
v 50.318390 1.446549 0.000000
v -9.111257 1.446549 -46.147978
v -9.111257 1.406475 -0.000001
v 17.933525 1.446549 -46.147978
v -9.111257 3.224519 -23.066944
v -27.737354 1.446549 -46.147978
v -52.882882 2.380152 -23.066944
v -9.119712 1.446549 23.066944
v -27.872260 1.152212 -7.018645
v -52.882882 3.189450 23.066944
v 50.318390 1.446549 23.066944
v 17.933523 1.446549 -0.000000
v 50.318390 3.541153 -23.066944
v -27.768205 1.446549 23.066944
v 17.933523 1.446549 23.066944
v 17.933523 4.829192 -23.066944
v -27.737349 1.446549 -23.066944
v -9.111257 1.446549 -11.533472
v 50.318390 3.541153 -11.533472
v 34.125959 3.541153 -23.066944
v 50.318390 3.541153 -34.600418
v 34.125959 2.493851 -46.147978
v 17.933523 2.734587 -34.600418
v 2.691757 1.446549 -46.147978
v -9.111257 1.446549 -34.600418
v -26.278467 2.796352 -11.533472
v -38.645405 2.380152 -23.066944
v -52.882882 2.364578 -11.533472
v -18.593864 1.446549 -23.066944
v -18.589846 1.446549 -46.147978
v -27.768205 3.680152 -34.600418
v -38.645395 1.446549 -46.147978
v -52.882882 1.446549 -34.600418
v -27.737349 1.446549 34.600420
v -38.645405 3.189450 23.066944
v -52.882882 1.446549 34.600418
v -9.111257 2.572117 34.600420
v -18.593864 1.446549 23.066944
v -9.111257 1.446549 11.533472
v -18.589845 1.085617 0.000000
v -27.737349 2.337629 11.533472
v -38.645405 1.074101 0.000000
v -52.882882 1.430624 11.533472
v 17.933523 4.791101 34.600420
v 2.691754 2.439630 23.066944
v 50.318390 2.439630 34.600418
v 34.125959 1.446549 23.066944
v 50.318390 1.446549 11.533472
v 34.125959 1.446549 0.000000
v 17.933523 1.446549 11.533472
v 2.691754 1.446549 0.000000
v 17.933523 1.446549 -11.533472
v 2.691754 2.734587 -23.066944
v -38.645395 1.446549 34.600418
v -18.593864 2.572117 34.600418
v -18.589845 1.406475 11.533472
v -38.645395 1.406964 11.533472
v 2.691754 1.446549 34.600418
v 34.125959 4.791101 34.600418
v 34.125959 1.446549 11.533472
v 2.691754 1.446549 11.533472
v 2.691754 1.446549 -11.533472
v 34.125959 1.446549 -11.533472
v 34.125959 3.541153 -34.600418
v 2.691754 2.734587 -34.600418
v -38.645395 2.341465 -11.533472
v -18.593864 1.406475 -11.533472
v -18.589845 1.446549 -34.600418
v -38.681624 3.680152 -34.600418
v -52.882902 1.263157 -91.881430
v 50.318400 1.446549 -91.881430
v -9.111257 1.406475 -91.881430
v -9.119712 1.446549 -69.229003
v -27.737349 1.152211 -91.881502
v -52.882902 3.189450 -69.229003
v 50.318400 1.446549 -69.229003
v 17.933530 1.446549 -91.881430
v -27.768210 1.446549 -69.229003
v 17.933530 1.446549 -69.229003
v -27.737359 1.446549 -57.695530
v -38.645402 3.189450 -69.229003
v -52.882902 1.446549 -57.695535
v -9.111257 2.572117 -57.695530
v -18.593868 1.446549 -69.229003
v -9.111257 1.446549 -80.762472
v -18.589847 1.085617 -91.881430
v -27.737359 2.337629 -80.762472
v -38.645402 1.074101 -91.881430
v -52.882902 1.430624 -80.762472
v 17.933530 4.791101 -57.695530
v 2.691758 2.439630 -69.229003
v 50.318400 2.439630 -57.695535
v 34.125964 1.446549 -69.229003
v 50.318400 1.446549 -80.762472
v 34.125964 1.446549 -91.881430
v 17.933530 1.446549 -80.762472
v 2.691758 1.446549 -91.881430
v -38.645402 1.446549 -57.695535
v -18.593868 2.572117 -57.695535
v -18.589847 1.406475 -80.762472
v -38.645402 1.406964 -80.762472
v 2.691758 1.446549 -57.695535
v 34.125964 4.791101 -57.695535
v 34.125964 1.446549 -80.762472
v 2.691758 1.446549 -80.762472
vt 0.542450 0.549173
vt 0.542234 0.983080
vt 0.716383 0.549507
vt 0.716528 0.983316
vt 0.542183 0.766158
vt 0.716422 0.766325
vt 0.542953 0.874387
vt 0.629327 0.766536
vt 0.541804 0.657710
vt 0.629517 0.549389
vt 0.690499 0.657989
vt 0.716985 0.874785
vt 0.629145 0.983386
vt 0.629372 0.874947
vt 0.629353 0.657906
vt 0.759721 0.712238
vt 0.759771 0.603659
vt 0.760096 0.929170
vt 0.759905 0.820493
vt 0.673339 0.820525
vt 0.673601 0.929011
vt 0.586244 0.929035
vt 0.586080 0.820453
vt 0.672889 0.603703
vt 0.672952 0.712072
vt 0.585687 0.711977
vt 0.585992 0.603760
vt 0.759701 0.766333
vt 0.716410 0.712179
vt 0.760060 0.657969
vt 0.716483 0.603702
vt 0.759670 0.549474
vt 0.759825 0.983438
vt 0.716846 0.929094
vt 0.760180 0.874792
vt 0.716646 0.820517
vt 0.673935 0.874786
vt 0.629606 0.820579
vt 0.673119 0.766314
vt 0.672461 0.983602
vt 0.629545 0.929128
vt 0.585745 0.983242
vt 0.542988 0.928642
vt 0.586006 0.874624
vt 0.542346 0.820308
vt 0.585542 0.766124
vt 0.672503 0.666076
vt 0.629539 0.603599
vt 0.672880 0.549474
vt 0.629316 0.712125
vt 0.542168 0.711942
vt 0.585638 0.657393
vt 0.541980 0.603384
vt 0.585906 0.549281
vt 0.498800 0.603326
vt 0.499096 0.549067
vt 0.498534 0.657659
vt 0.455164 0.657570
vt 0.455141 0.603023
vt 0.455263 0.548932
vt 0.498605 0.712009
vt 0.498602 0.766099
vt 0.455023 0.766156
vt 0.455029 0.711890
vt 0.411656 0.711889
vt 0.411708 0.657611
vt 0.411592 0.766112
vt 0.368180 0.766086
vt 0.368219 0.711906
vt 0.342171 0.657712
vt 0.411456 0.603308
vt 0.411351 0.549038
vt 0.368132 0.603368
vt 0.368008 0.549149
vt 0.498688 0.820485
vt 0.498739 0.875557
vt 0.454219 0.874738
vt 0.454957 0.820408
vt 0.499055 0.928977
vt 0.498110 0.983455
vt 0.454520 0.983406
vt 0.454282 0.929169
vt 0.411192 0.929065
vt 0.411253 0.874674
vt 0.411212 0.983316
vt 0.367930 0.983214
vt 0.368083 0.928981
vt 0.368239 0.874628
vt 0.411472 0.820332
vt 0.368178 0.820311
vt 0.324862 0.820324
vt 0.324795 0.766086
vt 0.325293 0.874626
vt 0.280796 0.874806
vt 0.281129 0.820401
vt 0.280954 0.766339
vt 0.324942 0.928897
vt 0.323910 0.983503
vt 0.280639 0.983293
vt 0.280956 0.929019
vt 0.237698 0.928946
vt 0.237459 0.874509
vt 0.237277 0.983164
vt 0.193720 0.983027
vt 0.194393 0.928583
vt 0.194347 0.874312
vt 0.237604 0.820313
vt 0.237147 0.765964
vt 0.193800 0.820212
vt 0.193711 0.766040
vt 0.324514 0.603415
vt 0.324463 0.549173
vt 0.324176 0.665818
vt 0.280998 0.657679
vt 0.281144 0.603354
vt 0.281070 0.549136
vt 0.324674 0.711828
vt 0.280987 0.711914
vt 0.237330 0.711802
vt 0.237267 0.657202
vt 0.193733 0.711803
vt 0.193360 0.657557
vt 0.237581 0.603556
vt 0.237438 0.549070
vt 0.193494 0.603220
vt 0.193899 0.549005
vt 0.150245 0.603204
vt 0.150473 0.548942
vt 0.150027 0.657545
vt 0.106674 0.657493
vt 0.106593 0.602948
vt 0.106649 0.548852
vt 0.150112 0.711909
vt 0.150072 0.766025
vt 0.106525 0.766125
vt 0.106567 0.711825
vt 0.063253 0.711852
vt 0.063239 0.657577
vt 0.063160 0.766115
vt 0.021423 0.766116
vt 0.021501 0.711901
vt 0.021322 0.657665
vt 0.062920 0.603283
vt 0.062772 0.549003
vt 0.021195 0.603389
vt 0.021060 0.549141
vt 0.150067 0.820439
vt 0.150050 0.875531
vt 0.105475 0.874773
vt 0.106333 0.820413
vt 0.150386 0.928962
vt 0.149542 0.983442
vt 0.105957 0.983454
vt 0.105574 0.929217
vt 0.062411 0.929200
vt 0.062406 0.874777
vt 0.062657 0.983467
vt 0.020953 0.983544
vt 0.020743 0.929253
vt 0.020753 0.874793
vt 0.062846 0.820385
vt 0.021121 0.820375
vn 0.032565 0.998855 -0.035034
vn -0.009421 0.999924 -0.007932
vn -0.009421 0.999956 0.000001
vn 0.025395 0.999626 -0.010107
vn -0.000055 0.998738 -0.050218
vn 0.016657 0.997693 0.065819
vn -0.027554 0.998976 -0.035872
vn -0.015905 0.999658 0.020746
vn 0.007468 0.999737 -0.021685
vn 0.007454 0.999152 0.040488
vn 0.000000 1.000000 0.000000
vn 0.000000 1.000000 0.000000
vn -0.032289 0.998450 0.045332
vn -0.016163 0.999612 0.022693
vn 0.000000 1.000000 0.000000
vn 0.000000 1.000000 0.000000
vn -0.000741 0.999999 -0.000758
vn -0.000741 1.000000 0.000000
vn -0.015146 0.996171 0.086110
vn -0.020278 0.998095 0.058268
vn -0.006376 0.993957 0.109582
vn -0.019015 0.997756 0.064193
vn -0.041531 0.998165 0.044059
vn -0.045499 0.998837 0.015944
vn -0.022115 0.994308 0.104220
vn -0.064280 0.993843 0.090246
vn -0.032289 0.998450 0.045332
vn -0.002410 0.998216 0.059657
vn -0.023435 0.998347 -0.052477
vn -0.027518 0.994799 -0.098073
vn -0.025804 0.999625 -0.009153
vn -0.015443 0.999876 0.003151
vn -0.030188 0.998828 0.037824
vn -0.049605 0.997777 0.044495
vn -0.038452 0.995575 -0.085747
vn -0.045315 0.997521 -0.053837
vn -0.032401 0.999444 0.007849
vn -0.001908 0.999802 0.019787
vn 0.012817 0.998804 0.047186
vn 0.004125 0.998615 0.052447
vn 0.042582 0.998754 0.026022
vn 0.061470 0.997562 0.033042
vn -0.007697 0.999662 0.024818
vn -0.038808 0.999205 0.009168
vn -0.005554 0.999398 0.034261
vn 0.000378 0.999945 0.010431
vn 0.036019 0.999159 -0.019601
vn 0.066311 0.997736 -0.011173
vn 0.014866 0.999804 0.013041
vn 0.013825 0.997889 -0.063450
vn -0.034840 0.998896 -0.031506
vn -0.078235 0.996110 -0.040549
vn -0.022114 0.997349 -0.069329
vn -0.039169 0.998061 -0.048370
vn 0.017304 0.998106 0.059040
vn 0.000000 0.997157 0.075357
vn -0.006392 0.999771 0.020445
vn 0.029455 0.999538 0.007444
vn 0.025428 0.999650 0.007234
vn 0.000415 0.999999 -0.001203
vn -0.030079 0.999548 0.000008
vn 0.014733 0.999820 0.011919
vn -0.010591 0.999307 -0.035680
vn -0.003141 0.999599 -0.028128
vn 0.028547 0.999534 -0.010759
vn 0.018818 0.999367 -0.030196
vn -0.016847 0.999725 -0.016300
vn -0.009421 0.999956 0.000001
vn 0.025395 0.999626 -0.010107
vn 0.016657 0.997693 0.065819
vn -0.006892 0.997688 -0.067614
vn 0.004134 0.996175 -0.087278
vn -0.015905 0.999658 0.020746
vn 0.007454 0.999152 0.040488
vn -0.040910 0.998922 0.021944
vn -0.052806 0.998603 -0.001683
vn -0.010553 0.993964 -0.109200
vn -0.020478 0.998466 -0.051438
vn 0.014898 0.998558 -0.051584
vn 0.046861 0.995494 -0.082435
vn 0.036122 0.994959 -0.093549
vn 0.018021 0.992773 -0.118644
vn 0.000000 1.000000 0.000000
vn 0.007897 0.999914 -0.010437
vn 0.000000 1.000000 0.000000
vn -0.032289 0.998450 0.045332
vn -0.016163 0.999612 0.022693
vn 0.000000 1.000000 0.000000
vn -0.000370 0.999760 -0.021905
vn -0.000741 1.000000 0.000000
vn -0.015146 0.996171 0.086110
vn -0.020278 0.998095 0.058268
vn -0.006376 0.993957 0.109582
vn -0.019015 0.997756 0.064193
vn -0.041531 0.998165 0.044059
vn -0.045499 0.998837 0.015944
vn -0.022115 0.994308 0.104220
vn -0.064280 0.993843 0.090246
vn -0.032289 0.998450 0.045332
vn -0.002410 0.998216 0.059657
vn -0.023460 0.998349 -0.052435
vn -0.027520 0.994806 -0.097996
vn -0.025825 0.999625 -0.009145
vn -0.015443 0.999876 0.003147
vn -0.030188 0.998831 0.037764
vn -0.049605 0.997780 0.044425
vn -0.038440 0.995581 -0.085680
vn -0.045303 0.997524 -0.053795
vn -0.032401 0.999444 0.007837
vn -0.001908 0.999803 0.019756
vn 0.012817 0.998804 0.047186
vn 0.004125 0.998615 0.052447
vn 0.042582 0.998754 0.026022
vn 0.061470 0.997562 0.033042
vn -0.007697 0.999662 0.024818
vn -0.038808 0.999205 0.009168
vn -0.005554 0.999398 0.034261
vn 0.000378 0.999946 0.010431
vn 0.036037 0.999159 -0.019585
vn 0.066302 0.997737 -0.011165
vn 0.014866 0.999805 0.013020
vn 0.013825 0.997896 -0.063350
vn -0.034848 0.998897 -0.031482
vn -0.078235 0.996111 -0.040517
vn -0.022114 0.997356 -0.069219
vn -0.039169 0.998065 -0.048294
vn 0.017290 0.998109 0.058994
vn 0.000000 0.997161 0.075298
vn -0.006409 0.999771 0.020428
vn 0.029455 0.999538 0.007444
vn 0.025428 0.999650 0.007234
vn 0.000415 0.999999 -0.001203
vn -0.030079 0.999548 0.000008
vn 0.014743 0.999820 0.011909
vn -0.010591 0.999307 -0.035680
vn -0.003141 0.999599 -0.028128
vn 0.020568 0.999721 -0.011598
vn 0.021985 0.999132 -0.035387
vn -0.016983 0.999718 -0.016598
vn -0.009421 0.999922 -0.008228
vn 0.017087 0.998993 -0.041489
vn -0.000274 0.997694 -0.067871
vn 0.000608 0.997299 -0.073443
vn 0.004073 0.996036 -0.088862
vn -0.015815 0.998979 -0.042314
vn 0.007468 0.999719 -0.022493
vn -0.040910 0.998922 0.021926
vn -0.052820 0.998603 -0.001679
vn -0.010553 0.993964 -0.109200
vn -0.020478 0.998466 -0.051438
vn 0.014882 0.998560 -0.051542
vn 0.046841 0.995501 -0.082369
vn 0.036122 0.994959 -0.093549
vn 0.018021 0.992773 -0.118644
vn 0.000000 1.000000 0.000000
vn 0.008042 0.999911 -0.010628
vn 0.000000 1.000000 0.000000
vn 0.000000 1.000000 0.000000
vn 0.000000 1.000000 0.000000
vn 0.000000 1.000000 0.000000
vn -0.000364 0.999751 -0.022306
vn -0.000741 0.999999 -0.000786
s 1
g group2 pPlane5
usemtl initialShadingGroup
f 3556/4123/10270 3545/4135/10271 3519/4113/10272 3546/4136/10273
f 3547/4137/10274 3556/4123/10270 3546/4136/10273 3524/4118/10275
f 3557/4124/10276 3547/4137/10274 3524/4118/10275 3548/4138/10277
f 3549/4139/10278 3557/4124/10276 3548/4138/10277 3516/4110/10279
f 3558/4125/10280 3550/4140/10281 3517/4111/10282 3551/4141/10283
f 3552/4142/10284 3558/4125/10280 3551/4141/10283 3525/4119/10285
f 3559/4126/10286 3552/4142/10284 3525/4119/10285 3553/4143/10287
f 3545/4135/10271 3559/4126/10286 3553/4143/10287 3519/4113/10272
f 3519/4113/10272 3553/4143/10287 3560/4127/10288 3529/4146/10289
f 3553/4143/10287 3525/4119/10285 3554/4144/10290 3560/4127/10288
f 3560/4127/10288 3554/4144/10290 3527/4121/10291 3555/4145/10292
f 3529/4146/10289 3560/4127/10288 3555/4145/10292 3521/4115/10293
f 3525/4119/10285 3551/4141/10283 3561/4128/10294 3554/4144/10290
f 3551/4141/10283 3517/4111/10282 3530/4147/10295 3561/4128/10294
f 3561/4128/10294 3530/4147/10295 3526/4120/10296 3531/4148/10297
f 3554/4144/10290 3561/4128/10294 3531/4148/10297 3527/4121/10291
f 3527/4121/10291 3531/4148/10297 3562/4129/10298 3534/4151/10299
f 3531/4148/10297 3526/4120/10296 3532/4149/10300 3562/4129/10298
f 3562/4129/10298 3532/4149/10300 3515/4109/10301 3533/4150/10302
f 3534/4151/10299 3562/4129/10298 3533/4150/10302 3520/4114/10303
f 3521/4115/10293 3555/4145/10292 3563/4130/10304 3536/4153/10305
f 3555/4145/10292 3527/4121/10291 3534/4151/10299 3563/4130/10304
f 3563/4130/10304 3534/4151/10299 3520/4114/10303 3535/4152/10306
f 3536/4153/10305 3563/4130/10304 3535/4152/10306 3518/4112/10307
f 3516/4110/10279 3548/4138/10277 3564/4131/10308 3539/4156/10309
f 3548/4138/10277 3524/4118/10275 3537/4154/10310 3564/4131/10308
f 3564/4131/10308 3537/4154/10310 3528/4122/10311 3538/4155/10312
f 3539/4156/10309 3564/4131/10308 3538/4155/10312 3523/4117/10313
f 3524/4118/10275 3546/4136/10273 3565/4132/10314 3537/4154/10310
f 3546/4136/10273 3519/4113/10272 3529/4146/10289 3565/4132/10314
f 3565/4132/10314 3529/4146/10289 3521/4115/10293 3540/4157/10315
f 3537/4154/10310 3565/4132/10314 3540/4157/10315 3528/4122/10311
f 3528/4122/10311 3540/4157/10315 3566/4133/10316 3542/4159/10317
f 3540/4157/10315 3521/4115/10293 3536/4153/10305 3566/4133/10316
f 3566/4133/10316 3536/4153/10305 3518/4112/10307 3541/4158/10318
f 3542/4159/10317 3566/4133/10316 3541/4158/10318 3522/4116/10319
f 3523/4117/10313 3538/4155/10312 3567/4134/10320 3544/4161/10321
f 3538/4155/10312 3528/4122/10311 3542/4159/10317 3567/4134/10320
f 3567/4134/10320 3542/4159/10317 3522/4116/10319 3543/4160/10322
f 3544/4161/10321 3567/4134/10320 3543/4160/10322 3514/4108/10323
f 3514/4108/10323 3543/4160/10322 3624/4162/10324 3606/4163/10325
f 3543/4160/10322 3522/4116/10319 3604/4164/10326 3624/4162/10324
f 3624/4162/10324 3604/4164/10326 3584/4165/10327 3605/4166/10328
f 3606/4163/10325 3624/4162/10324 3605/4166/10328 3580/4167/10329
f 3522/4116/10319 3541/4158/10318 3625/4168/10330 3604/4164/10326
f 3541/4158/10318 3518/4112/10307 3607/4169/10331 3625/4168/10330
f 3625/4168/10330 3607/4169/10331 3578/4170/10332 3608/4171/10333
f 3604/4164/10326 3625/4168/10330 3608/4171/10333 3584/4165/10327
f 3584/4165/10327 3608/4171/10333 3626/4172/10334 3611/4173/10335
f 3608/4171/10333 3578/4170/10332 3609/4174/10336 3626/4172/10334
f 3626/4172/10334 3609/4174/10336 3573/4175/10337 3610/4176/10338
f 3611/4173/10335 3626/4172/10334 3610/4176/10338 3579/4177/10339
f 3580/4167/10329 3605/4166/10328 3627/4178/10340 3613/4179/10341
f 3605/4166/10328 3584/4165/10327 3611/4173/10335 3627/4178/10340
f 3627/4178/10340 3611/4173/10335 3579/4177/10339 3612/4180/10342
f 3613/4179/10341 3627/4178/10340 3612/4180/10342 3570/4181/10343
f 3518/4112/10307 3535/4152/10306 3628/4182/10344 3607/4169/10331
f 3535/4152/10306 3520/4114/10303 3614/4183/10345 3628/4182/10344
f 3628/4182/10344 3614/4183/10345 3585/4184/10346 3615/4185/10347
f 3607/4169/10331 3628/4182/10344 3615/4185/10347 3578/4170/10332
f 3520/4114/10303 3533/4150/10302 3629/4186/10348 3614/4183/10345
f 3533/4150/10302 3515/4109/10301 3616/4187/10349 3629/4186/10348
f 3629/4186/10348 3616/4187/10349 3581/4188/10350 3617/4189/10351
f 3614/4183/10345 3629/4186/10348 3617/4189/10351 3585/4184/10346
f 3585/4184/10346 3617/4189/10351 3630/4190/10352 3620/4191/10353
f 3617/4189/10351 3581/4188/10350 3618/4192/10354 3630/4190/10352
f 3630/4190/10352 3618/4192/10354 3571/4193/10355 3619/4194/10356
f 3620/4191/10353 3630/4190/10352 3619/4194/10356 3582/4195/10357
f 3578/4170/10332 3615/4185/10347 3631/4196/10358 3609/4174/10336
f 3615/4185/10347 3585/4184/10346 3620/4191/10353 3631/4196/10358
f 3631/4196/10358 3620/4191/10353 3582/4195/10357 3621/4197/10359
f 3609/4174/10336 3631/4196/10358 3621/4197/10359 3573/4175/10337
f 3573/4175/10337 3621/4197/10359 3632/4198/10360 3588/4199/10361
f 3621/4197/10359 3582/4195/10357 3622/4200/10362 3632/4198/10360
f 3632/4198/10360 3622/4200/10362 3586/4201/10363 3623/4202/10364
f 3588/4199/10361 3632/4198/10360 3623/4202/10364 3575/4203/10365
f 3582/4195/10357 3619/4194/10356 3633/4204/10366 3622/4200/10362
f 3619/4194/10356 3571/4193/10355 3589/4205/10367 3633/4204/10366
f 3633/4204/10366 3589/4205/10367 3583/4206/10368 3590/4207/10369
f 3622/4200/10362 3633/4204/10366 3590/4207/10369 3586/4201/10363
f 3586/4201/10363 3590/4207/10369 3634/4208/10370 3593/4209/10371
f 3590/4207/10369 3583/4206/10368 3591/4210/10372 3634/4208/10370
f 3634/4208/10370 3591/4210/10372 3569/4211/10373 3592/4212/10374
f 3593/4209/10371 3634/4208/10370 3592/4212/10374 3574/4213/10375
f 3575/4203/10365 3623/4202/10364 3635/4214/10376 3595/4215/10377
f 3623/4202/10364 3586/4201/10363 3593/4209/10371 3635/4214/10376
f 3635/4214/10376 3593/4209/10371 3574/4213/10375 3594/4216/10378
f 3595/4215/10377 3635/4214/10376 3594/4216/10378 3572/4217/10379
f 3570/4181/10343 3612/4180/10342 3636/4218/10380 3598/4219/10381
f 3612/4180/10342 3579/4177/10339 3596/4220/10382 3636/4218/10380
f 3636/4218/10380 3596/4220/10382 3587/4221/10383 3597/4222/10384
f 3598/4219/10381 3636/4218/10380 3597/4222/10384 3577/4223/10385
f 3579/4177/10339 3610/4176/10338 3637/4224/10386 3596/4220/10382
f 3610/4176/10338 3573/4175/10337 3588/4199/10361 3637/4224/10386
f 3637/4224/10386 3588/4199/10361 3575/4203/10365 3599/4225/10387
f 3596/4220/10382 3637/4224/10386 3599/4225/10387 3587/4221/10383
f 3587/4221/10383 3599/4225/10387 3638/4226/10388 3601/4227/10389
f 3599/4225/10387 3575/4203/10365 3595/4215/10377 3638/4226/10388
f 3638/4226/10388 3595/4215/10377 3572/4217/10379 3600/4228/10390
f 3601/4227/10389 3638/4226/10388 3600/4228/10390 3576/4229/10391
f 3577/4223/10385 3597/4222/10384 3639/4230/10392 3603/4231/10393
f 3597/4222/10384 3587/4221/10383 3601/4227/10389 3639/4230/10392
f 3639/4230/10392 3601/4227/10389 3576/4229/10391 3602/4232/10394
f 3603/4231/10393 3639/4230/10392 3602/4232/10394 3568/4233/10395
f 3568/4233/10395 3602/4232/10394 3668/4234/10396 3652/4235/10397
f 3602/4232/10394 3576/4229/10391 3650/4236/10398 3668/4234/10396
f 3668/4234/10396 3650/4236/10398 3648/4237/10399 3651/4238/10400
f 3652/4235/10397 3668/4234/10396 3651/4238/10400 3645/4239/10401
f 3576/4229/10391 3600/4228/10390 3669/4240/10402 3650/4236/10398
f 3600/4228/10390 3572/4217/10379 3653/4241/10403 3669/4240/10402
f 3669/4240/10402 3653/4241/10403 3643/4242/10404 3654/4243/10405
f 3650/4236/10398 3669/4240/10402 3654/4243/10405 3648/4237/10399
f 3648/4237/10399 3654/4243/10405 3670/4244/10406 3657/4245/10407
f 3654/4243/10405 3643/4242/10404 3655/4246/10408 3670/4244/10406
f 3670/4244/10406 3655/4246/10408 3642/4247/10409 3656/4248/10410
f 3657/4245/10407 3670/4244/10406 3656/4248/10410 3644/4249/10411
f 3645/4239/10401 3651/4238/10400 3671/4250/10412 3659/4251/10413
f 3651/4238/10400 3648/4237/10399 3657/4245/10407 3671/4250/10412
f 3671/4250/10412 3657/4245/10407 3644/4249/10411 3658/4252/10414
f 3659/4251/10413 3671/4250/10412 3658/4252/10414 3640/4253/10415
f 3572/4217/10379 3594/4216/10378 3672/4254/10416 3653/4241/10403
f 3594/4216/10378 3574/4213/10375 3660/4255/10417 3672/4254/10416
f 3672/4254/10416 3660/4255/10417 3649/4256/10418 3661/4257/10419
f 3653/4241/10403 3672/4254/10416 3661/4257/10419 3643/4242/10404
f 3574/4213/10375 3592/4212/10374 3673/4258/10420 3660/4255/10417
f 3592/4212/10374 3569/4211/10373 3662/4259/10421 3673/4258/10420
f 3673/4258/10420 3662/4259/10421 3646/4260/10422 3663/4261/10423
f 3660/4255/10417 3673/4258/10420 3663/4261/10423 3649/4256/10418
f 3649/4256/10418 3663/4261/10423 3674/4262/10424 3666/4263/10425
f 3663/4261/10423 3646/4260/10422 3664/4264/10426 3674/4262/10424
f 3674/4262/10424 3664/4264/10426 3641/4265/10427 3665/4266/10428
f 3666/4263/10425 3674/4262/10424 3665/4266/10428 3647/4267/10429
f 3643/4242/10404 3661/4257/10419 3675/4268/10430 3655/4246/10408
f 3661/4257/10419 3649/4256/10418 3666/4263/10425 3675/4268/10430
f 3675/4268/10430 3666/4263/10425 3647/4267/10429 3667/4269/10431
f 3655/4246/10408 3675/4268/10430 3667/4269/10431 3642/4247/10409
