# This file uses centimeters as units for non-parametric coordinates.

mtllib Clouds.mtl
g default
v -0.524316 16.546956 -11.009570
v -0.532235 16.455764 -10.999747
v -0.525459 16.366063 -11.015901
v -0.514282 16.285729 -11.059985
v -0.489352 16.247764 -11.128231
v -0.463612 16.252190 -11.194121
v -0.588830 16.552262 -11.095312
v -0.608758 16.468114 -11.100140
v -0.622257 16.379936 -11.110749
v -0.626020 16.287666 -11.136059
v -0.585316 16.251142 -11.195661
v -0.632248 16.571879 -11.201050
v -0.657424 16.489571 -11.214946
v -0.681825 16.405826 -11.228800
v -0.698644 16.317815 -11.246672
v -0.703025 16.518606 -11.331304
v -0.731925 16.436908 -11.352773
v -0.747481 16.552381 -11.446764
v 0.142588 16.457543 -13.083213
v 0.136627 16.562093 -13.085138
v 0.128644 16.667358 -13.055037
v 0.084580 16.734846 -12.985349
v 0.027775 16.562729 -13.178204
v -0.000400 16.677891 -13.113168
v -0.018777 16.741037 -13.015951
v -0.123077 16.551041 -13.133267
v -0.133503 16.643089 -13.074432
v -0.270038 16.630949 -13.016673
v -0.335992 16.951377 -11.721803
v -0.439204 16.951190 -11.774888
v -0.397524 16.964208 -11.921182
v -0.498712 16.912647 -11.971545
v -0.351233 16.960191 -12.075040
v -0.455742 16.915411 -12.124780
v -0.552331 16.864591 -12.170621
v -0.645744 16.813237 -12.213992
v -0.302675 16.952570 -12.229878
v -0.409226 16.920514 -12.278739
v -0.504424 16.872428 -12.326237
v -0.589473 16.813627 -12.370902
v -0.357947 16.923787 -12.430390
v -0.445496 16.870886 -12.476043
v -0.300074 16.913446 -12.570013
v -0.371741 16.853895 -12.608580
v -0.238419 16.879937 -12.679407
v -0.032544 16.818818 -11.522048
v 0.034738 16.829484 -11.689428
v 0.093687 16.832844 -11.861646
v 0.139864 16.825632 -12.038710
v 0.168828 16.804145 -12.215739
v 0.191790 16.783427 -12.386273
v 0.209432 16.767946 -12.547921
v 0.207623 16.746963 -12.694824
v 0.185886 16.725925 -12.819808
v 0.144426 16.717315 -12.916101
v 0.215857 16.731417 -12.003129
v 0.241527 16.714622 -12.183316
v 0.266430 16.704165 -12.359510
v 0.281330 16.690578 -12.528766
v 0.280404 16.676424 -12.689819
v 0.249632 16.661745 -12.834213
v 0.190071 16.650552 -12.950221
v 0.306626 16.592051 -12.512022
v 0.321904 16.583352 -12.682688
v 0.272304 16.567196 -12.829385
v 0.204692 16.558622 -12.957647
v 0.211091 16.463401 -12.952815
v -0.636299 16.811972 -11.409572
v -0.547792 16.859946 -11.415559
v -0.458322 16.890398 -11.428064
v -0.512021 16.817625 -11.303583
v -0.129589 16.828600 -12.828718
v -0.210243 16.818707 -12.786421
v 0.059935 16.782136 -12.921386
v -0.030194 16.794479 -12.936422
v -0.130404 16.771116 -12.904316
v -0.232872 16.762444 -12.849766
v -0.133033 16.710813 -12.984928
v -0.255049 16.700333 -12.925790
v -0.551939 16.628982 -12.743282
v -0.641328 16.646461 -12.589279
v -0.692653 16.648351 -12.427051
v -0.663922 16.555094 -12.598821
v -0.706475 16.561532 -12.438579
v -0.825140 16.448126 -11.909945
v -0.798501 16.488636 -12.026967
v -0.801355 16.430943 -12.024860
v -0.771925 16.488286 -12.150437
v -0.741551 16.486952 -12.291737
v -0.361473 16.361025 -13.068661
v -0.335794 16.303995 -13.024149
v -0.305002 16.263135 -12.968139
v -0.273392 16.247998 -12.904230
v -0.242324 16.247846 -12.840704
v -0.214479 16.247846 -12.775750
v -0.210036 16.258885 -13.013576
v -0.190020 16.247846 -12.944576
v -0.170708 16.247846 -12.876314
v -0.111390 16.247845 -12.961593
v -0.105570 16.247846 -12.894968
v -0.339305 16.851310 -11.374450
v -0.423966 16.836463 -11.338223
v -0.376824 16.900227 -11.460437
v -0.234720 16.928597 -11.655933
v -0.301838 16.915478 -11.532289
v -0.237163 16.956097 -12.020991
v -0.286531 16.959359 -11.866140
v -0.254363 16.942770 -12.382736
v -0.120009 16.944550 -11.964620
v -0.071398 16.937975 -12.129536
v -0.027717 16.930491 -12.293765
v -0.143132 16.938063 -12.336427
v 0.012090 16.921686 -12.451176
v -0.100353 16.929003 -12.485533
v 0.041884 16.906267 -12.595321
v -0.066280 16.911326 -12.623167
v -0.162988 16.906460 -12.651853
v 0.052698 16.861494 -12.727707
v -0.044780 16.889009 -12.745730
v -0.136947 16.870983 -12.747930
v 0.053914 16.819879 -12.834888
v -0.387847 16.274435 -11.283339
v -0.344341 16.270811 -11.233835
v -0.314798 16.277718 -11.181991
v -0.288013 16.292271 -11.115602
v -0.384013 16.290526 -11.388229
v -0.330217 16.288760 -11.333136
v -0.279537 16.285885 -11.280659
v -0.233239 16.290912 -11.226579
v -0.192915 16.318814 -11.167866
v -0.157298 16.377718 -11.105402
v -0.167923 16.456694 -11.093334
v -0.383192 16.297318 -11.489549
v -0.326862 16.303440 -11.446101
v -0.266527 16.306760 -11.398912
v -0.207165 16.305708 -11.349257
v -0.146776 16.304309 -11.296220
v -0.098700 16.338392 -11.247894
v -0.069690 16.401430 -11.210391
v -0.070941 16.485204 -11.196630
v -0.095661 16.571588 -11.201696
v -0.130080 16.660268 -11.212330
v 0.034370 16.454445 -13.173495
v -0.258572 16.541308 -13.080173
v -0.385060 16.528725 -13.025921
v -0.559865 16.275606 -11.587010
v -0.484205 16.285324 -11.587201
v -0.755300 16.258317 -11.701465
v -0.657631 16.261434 -11.700937
v -0.568363 16.270984 -11.695936
v -0.482473 16.282778 -11.685248
v -0.813080 16.310234 -11.855653
v -0.751195 16.257285 -11.844113
v -0.655131 16.258815 -11.832223
v -0.561528 16.267219 -11.818504
v -0.467547 16.275671 -11.800763
v -0.791156 16.302506 -12.005299
v -0.735844 16.252862 -11.989638
v -0.639889 16.253435 -11.968978
v -0.542657 16.260979 -11.948897
v -0.443721 16.267966 -11.926934
v -0.715212 16.253462 -12.132995
v -0.614216 16.247849 -12.106087
v -0.515380 16.247849 -12.080772
v -0.414542 16.248928 -12.055510
v -0.663064 16.262623 -12.265480
v -0.577158 16.247850 -12.240419
v -0.482283 16.247849 -12.212714
v -0.383196 16.247849 -12.186374
v -0.533858 16.247846 -12.370442
v -0.445171 16.247846 -12.339289
v -0.350938 16.247846 -12.312006
v -0.405789 16.247846 -12.456831
v -0.319607 16.247846 -12.428743
v -0.365602 16.247846 -12.564664
v -0.290520 16.247845 -12.535059
v -0.264592 16.247846 -12.626071
v -0.432648 16.262399 -11.241460
v -0.493079 16.265084 -11.299354
v -0.440733 16.276852 -11.341660
v -0.615126 16.257229 -11.336040
v -0.553680 16.268042 -11.376362
v -0.492694 16.279568 -11.411468
v -0.433851 16.288784 -11.446952
v -0.681058 16.255247 -11.441293
v -0.604660 16.266593 -11.470366
v -0.533952 16.277264 -11.492672
v -0.469762 16.286241 -11.510560
v -0.795613 16.297142 -11.545298
v -0.730625 16.256123 -11.563416
v -0.675628 16.257777 -11.284843
v -0.759041 16.355461 -11.373296
v -0.807718 16.382647 -11.515478
v -0.781073 16.471592 -11.479879
v -0.387698 16.256367 -11.167732
v -0.386213 16.262083 -11.100336
v -0.393661 16.308823 -11.020931
v -0.403011 16.388261 -10.998413
v -0.410875 16.475152 -10.982356
v -0.424218 16.565893 -10.993332
v -0.448420 16.638139 -11.041810
v -0.270968 16.347696 -11.038424
v -0.285111 16.422706 -11.033749
v -0.300501 16.506034 -11.031704
v -0.323229 16.594040 -11.035676
v -0.365047 16.664503 -11.081627
v -0.187938 16.542151 -11.096288
v -0.209088 16.635835 -11.095698
v -0.274289 16.701541 -11.143560
v -0.190605 16.740948 -11.237525
v -0.787279 16.594545 -11.556501
v -0.809544 16.653151 -11.666935
v -0.845248 16.569607 -11.732116
v -0.841604 16.491705 -11.806372
v -0.811720 16.313238 -11.695649
v -0.416003 16.294384 -11.577708
v -0.398224 16.292450 -11.667842
v -0.372849 16.284208 -11.778684
v -0.343226 16.275752 -11.902592
v -0.311649 16.249865 -12.030373
v -0.207152 16.253864 -12.006654
v -0.280830 16.247849 -12.162606
v -0.176691 16.247846 -12.142038
v -0.252608 16.247846 -12.290577
v -0.151854 16.247846 -12.275082
v -0.228195 16.247846 -12.410477
v -0.133524 16.247846 -12.401273
v -0.208562 16.247846 -12.521237
v -0.122329 16.247846 -12.519123
v -0.034198 16.247846 -12.525339
v -0.195259 16.247846 -12.620253
v -0.119601 16.247846 -12.626779
v -0.040931 16.247846 -12.640320
v -0.193791 16.247846 -12.705236
v -0.128048 16.247846 -12.721745
v -0.058002 16.247846 -12.740601
v -0.082891 16.247849 -12.824334
v -0.823996 16.515200 -11.609408
v -0.516317 16.454311 -12.865622
v -0.591990 16.465729 -12.737873
v -0.654128 16.476502 -12.592553
v -0.706337 16.482615 -12.442344
v -0.521197 16.385365 -12.853630
v -0.594328 16.394145 -12.727904
v -0.646743 16.404860 -12.584831
v -0.517799 16.315074 -12.838009
v -0.594665 16.321577 -12.717202
v -0.639799 16.336464 -12.575775
v -0.485364 16.258017 -12.803979
v -0.556348 16.267160 -12.687279
v -0.430980 16.248833 -12.754568
v -0.377582 16.247846 -12.704425
v 0.151850 16.354142 -13.074505
v 0.267668 16.288770 -12.784961
v 0.194478 16.284153 -12.913518
v 0.114765 16.271872 -13.023123
v 0.228671 16.247846 -12.597531
v 0.189941 16.247849 -12.741168
v 0.134930 16.247850 -12.863067
v 0.065856 16.247846 -12.956696
v 0.152057 16.247846 -12.264772
v 0.155273 16.247846 -12.419768
v 0.141689 16.247845 -12.565570
v 0.114441 16.247846 -12.697896
v 0.073808 16.247849 -12.810845
v 0.021827 16.247849 -12.897219
v -0.004114 16.265540 -11.965438
v 0.028237 16.247846 -12.112737
v 0.049973 16.247846 -12.261268
v 0.058517 16.247846 -12.405244
v 0.054148 16.247846 -12.540541
v 0.037787 16.247846 -12.663161
v 0.010575 16.247849 -12.768075
v -0.023632 16.247849 -12.849928
v -0.142323 16.290935 -11.852904
v -0.104202 16.258743 -11.984648
v -0.073196 16.247849 -12.125256
v -0.050725 16.247846 -12.265071
v -0.037620 16.247846 -12.399143
v -0.314506 16.303013 -11.643607
v -0.277911 16.292782 -11.753509
v -0.242028 16.283323 -11.877614
v -0.494638 16.681658 -11.109257
v -0.414300 16.707587 -11.151544
v -0.336533 16.740433 -11.206204
v -0.462914 16.757655 -11.222589
v -0.386917 16.780312 -11.267007
v -0.271572 16.785520 -11.279715
v -0.559802 16.630128 -11.091624
v -0.607746 16.653947 -11.184547
v -0.650102 16.686735 -11.293354
v -0.540444 16.717844 -11.193326
v -0.675912 16.601087 -11.311636
v -0.719316 16.632389 -11.422749
v -0.290208 16.831629 -12.715164
v -0.335567 16.774492 -12.769464
v -0.429335 16.783940 -12.651957
v -0.512401 16.796889 -12.515410
v -0.380355 16.708824 -12.835498
v -0.486866 16.710802 -12.700482
v -0.576918 16.723396 -12.555162
v -0.654797 16.737553 -12.406887
v -0.697324 16.723568 -11.414786
v -0.589152 16.762855 -11.291725
v -0.822076 16.382979 -11.871985
v -0.803438 16.367481 -12.014638
v -0.773756 16.423836 -12.154386
v -0.776475 16.360464 -12.153999
v -0.753083 16.302837 -12.145827
v -0.741312 16.419400 -12.295026
v -0.736814 16.357414 -12.294512
v -0.726690 16.301045 -12.290886
v -0.694305 16.413971 -12.438805
v -0.684589 16.349823 -12.433893
v -0.665564 16.291510 -12.424888
v -0.612556 16.247846 -12.401474
v -0.610191 16.282562 -12.557919
v -0.557375 16.247846 -12.529779
v -0.485744 16.247846 -12.492342
v -0.499709 16.247846 -12.649261
v -0.434478 16.247846 -12.604876
v -0.323316 16.247845 -12.658973
v -0.768308 16.558426 -12.138985
v -0.727968 16.644513 -12.268872
v -0.738568 16.561762 -12.283455
v -0.504819 16.524458 -12.887269
v -0.588992 16.541379 -12.750885
v -0.789118 16.690297 -11.804116
v -0.822681 16.608263 -11.855454
v -0.823123 16.534499 -11.903216
v -0.762167 16.710207 -11.945630
v -0.792082 16.627169 -11.982519
v -0.799313 16.550998 -12.011150
v -0.734148 16.723305 -12.092486
v -0.760631 16.638307 -12.119946
v -0.703632 16.732353 -12.246959
v -0.381499 16.930466 -11.602898
v -0.466392 16.925843 -11.645685
v -0.560084 16.897689 -11.681277
v -0.658894 16.857569 -11.713887
v -0.738194 16.779136 -11.753103
v -0.538119 16.911373 -11.823405
v -0.631308 16.856934 -11.865577
v -0.709301 16.791183 -11.905776
v -0.593622 16.859459 -12.016156
v -0.679020 16.802940 -12.057051
v -0.115149 16.776575 -11.370675
v -0.055662 16.684901 -11.346687
v 0.023933 16.713314 -11.494926
v 0.100422 16.731906 -11.654243
v 0.169970 16.739991 -11.823743
v -0.018696 16.594116 -11.332739
v 0.063215 16.617498 -11.475007
v 0.144774 16.635518 -11.628634
v 0.205298 16.636697 -11.799020
v 0.236166 16.627611 -11.979692
v 0.263834 16.615331 -12.159758
v 0.288240 16.603015 -12.337536
v 0.007415 16.509297 -11.324133
v 0.088378 16.528486 -11.461261
v 0.177182 16.539766 -11.608306
v 0.211689 16.539190 -11.783336
v 0.242304 16.530897 -11.961105
v 0.271991 16.519766 -12.139864
v 0.300059 16.508604 -12.318059
v 0.325225 16.497923 -12.494153
v 0.339400 16.485915 -12.668799
v 0.278814 16.473070 -12.817143
v 0.014428 16.429797 -11.327055
v 0.087815 16.447575 -11.461186
v 0.168101 16.450215 -11.603751
v 0.216607 16.449965 -11.769459
v 0.247802 16.440939 -11.944199
v 0.277672 16.428346 -12.121541
v 0.307228 16.416767 -12.299216
v 0.335942 16.404675 -12.474831
v 0.342991 16.387123 -12.648708
v 0.284985 16.379048 -12.804657
v 0.217433 16.368807 -12.943138
v -0.011410 16.366433 -11.350784
v 0.072291 16.383602 -11.472565
v 0.141779 16.373744 -11.606211
v 0.200568 16.370686 -11.760387
v 0.253069 16.356016 -11.928679
v 0.283070 16.336664 -12.103919
v 0.309124 16.325497 -12.281178
v 0.324317 16.313462 -12.456123
v 0.310863 16.290601 -12.628404
v -0.067126 16.333246 -11.391505
v 0.005375 16.349764 -11.506556
v 0.075295 16.338313 -11.633135
v 0.136183 16.319310 -11.773130
v 0.190244 16.282268 -11.929775
v 0.224663 16.264919 -12.098315
v 0.269380 16.263410 -12.273735
v 0.256673 16.252884 -12.438526
v -0.136412 16.327337 -11.437906
v -0.069564 16.337724 -11.545244
v -0.007859 16.325905 -11.666020
v 0.046499 16.310130 -11.801888
v 0.092989 16.272020 -11.947233
v 0.128264 16.247846 -12.104163
v -0.206232 16.320874 -11.480608
v -0.148770 16.326714 -11.580580
v -0.094242 16.313639 -11.696398
v -0.046095 16.301042 -11.827998
v -0.277670 16.312526 -11.520176
v -0.230696 16.314893 -11.613868
v -0.184685 16.305319 -11.726004
v -0.348966 16.303568 -11.554196
v -0.110529 16.455391 -13.150172
v -0.240433 16.454109 -13.101286
v -0.363775 16.451164 -13.059809
v 0.035758 16.350118 -13.168333
v -0.108322 16.363101 -13.161705
v -0.236258 16.370576 -13.108163
v 0.011762 16.263033 -13.100447
v -0.115316 16.278611 -13.121461
v -0.018353 16.247846 -13.016105
v -0.113829 16.247846 -13.035442
v -0.040067 16.247846 -12.949484
v -0.148546 16.247849 -12.803321
v -0.039093 16.850511 -12.850615
v -0.130754 16.885841 -11.580903
v -0.063463 16.898888 -11.741847
v -0.002646 16.910280 -11.908715
v 0.048976 16.908180 -12.080265
v 0.080463 16.883979 -12.252912
v 0.112925 16.865235 -12.416412
v 0.134299 16.845758 -12.569008
v 0.132774 16.808717 -12.705428
v 0.122836 16.776506 -12.817182
v -0.641210 16.264525 -11.579523
v -0.452128 16.446496 -12.977865
v -0.450107 16.375849 -12.970210
v -0.436303 16.307570 -12.944522
v -0.397973 16.264229 -12.897129
v -0.354291 16.251156 -12.840384
v -0.312502 16.247846 -12.784563
v -0.274287 16.247846 -12.732072
v -0.231559 16.299459 -13.084674
v -0.540081 16.253667 -11.252840
v -0.749704 16.281719 -11.403192
v -0.175145 16.937349 -11.804821
v -0.189235 16.947264 -12.179431
v -0.205255 16.933178 -12.526469
v -0.661186 16.838070 -11.558053
v -0.564069 16.879585 -11.545465
v -0.475960 16.907673 -11.534008
v -0.755971 16.653530 -11.513665
v -0.834352 16.414940 -11.693386
v -0.454312 16.500748 -12.973219
v -0.244766 16.247846 -12.690611
v -0.330929 16.804058 -11.304290
v -0.749901 16.743784 -11.579043
v -0.424072 16.292795 -11.523080
v -0.220497 16.857155 -11.419040
v -0.816404 16.489542 -11.943660
v -0.411875 16.916014 -11.529088
v -0.195607 16.857297 -12.743474
v -0.055175 16.247849 -12.902317
v 0.110482 16.756178 -12.888632
v -0.434596 16.620087 -12.919960
v -0.516718 16.611580 -11.030794
v -0.388819 16.261852 -11.209854
v -1.441962 16.397815 -10.477885
v -1.458234 16.401528 -10.409884
v -1.462766 16.401350 -10.338132
v -1.456505 16.358888 -10.482870
v -1.479518 16.362571 -10.409754
v -1.481797 16.356975 -10.333313
v -1.465182 16.350792 -10.261291
v -1.479976 16.323620 -10.490616
v -1.499769 16.323994 -10.409592
v -1.512925 16.318270 -10.328924
v -1.485665 16.285789 -10.488440
v -1.503428 16.291474 -10.407759
v -1.519848 16.287583 -10.325407
v -1.411412 16.267718 -10.386777
v -1.403722 16.369644 -10.623594
v -1.366105 16.339366 -10.731599
v -1.268568 16.267727 -10.703146
v -1.325274 16.267722 -10.670863
v -1.288715 16.267722 -10.628604
v -1.338034 16.433457 -10.093144
v -1.384607 16.419264 -10.146296
v -1.158981 16.370436 -10.749139
v -1.222626 16.267695 -10.759572
v -1.226236 16.374724 -10.740079
v -1.298915 16.328918 -10.775856
v -1.298475 16.391022 -10.734305
v -1.364373 16.388630 -10.687858
v -1.358165 16.435585 -10.638338
v -1.397857 16.412750 -10.589722
v -1.193382 16.378843 -10.093804
v -1.248324 16.372391 -10.048655
v -1.302336 16.369336 -10.018185
v -1.252876 16.267718 -10.074271
v -1.169444 16.320959 -10.064412
v -1.221619 16.322528 -10.027844
v -1.288500 16.267702 -10.016088
v -1.294962 16.267714 -10.058357
v -1.180058 16.267722 -10.672820
v -1.237922 16.267722 -10.654647
v -1.289403 16.267718 -10.112371
v -1.080806 16.359404 -10.415799
v -1.123157 16.416915 -10.423191
v -1.122320 16.428702 -10.335212
v -1.208394 16.267725 -10.716828
v -1.155957 16.267684 -10.763350
v -1.427734 16.434519 -10.479080
v -1.435512 16.441377 -10.413113
v -1.441743 16.446203 -10.342380
v -1.432266 16.444977 -10.275843
v -1.441870 16.396473 -10.269849
v -1.165886 16.475042 -10.430067
v -1.169473 16.482889 -10.343367
v -1.176979 16.486475 -10.265570
v -1.232343 16.515301 -10.346887
v -1.238787 16.506376 -10.269696
v -1.305341 16.526336 -10.269823
v -1.229133 16.267718 -10.346657
v -1.240022 16.267718 -10.274977
v -1.145375 16.267718 -10.243588
v -1.188651 16.267718 -10.178321
v -1.222728 16.267718 -10.118584
v -1.122146 16.302318 -10.144503
v -1.223836 16.521629 -10.433816
v -1.292700 16.527179 -10.522670
v -1.296556 16.535753 -10.433061
v -1.301337 16.536043 -10.347184
v -1.361763 16.507558 -10.508638
v -1.364505 16.520622 -10.427748
v -1.364984 16.519644 -10.347529
v -1.372506 16.523575 -10.274012
v -1.405555 16.471262 -10.491474
v -1.408342 16.482675 -10.420251
v -1.411816 16.488489 -10.347700
v -1.417029 16.489311 -10.279407
v -1.319238 16.482777 -10.130535
v -1.379955 16.465639 -10.172475
v -1.409464 16.448025 -10.220568
v -1.415230 16.403124 -10.206372
v -1.330161 16.267718 -10.127434
v -1.369792 16.267718 -10.120847
v -1.442286 16.267670 -10.168804
v -1.458541 16.329235 -10.172612
v -1.367703 16.353245 -10.053643
v -1.351705 16.387792 -10.076453
v -1.389614 16.372535 -10.131791
v -1.341397 16.267718 -10.076564
v -1.369043 16.267715 -10.044921
v -1.409098 16.267687 -10.105680
v -1.414629 16.342548 -10.110574
v -1.429093 16.357457 -10.192320
v -1.505513 16.318354 -10.250301
v -1.484700 16.267725 -10.242227
v -1.422264 16.267718 -10.312896
v -1.411737 16.267719 -10.241328
v -1.390000 16.267718 -10.176519
v -1.319643 16.267719 -10.366735
v -1.329788 16.267718 -10.297220
v -1.334431 16.267718 -10.231911
v -1.333150 16.267718 -10.174099
v -1.259336 16.267718 -10.211130
v -1.275586 16.267718 -10.155553
v -1.078358 16.370028 -10.322003
v -1.096691 16.374693 -10.232873
v -1.133021 16.435752 -10.252520
v -1.167601 16.436894 -10.183451
v -1.137471 16.267715 -10.325809
v -1.057071 16.300470 -10.308525
v -1.086957 16.306940 -10.223394
v -1.134564 16.378914 -10.155020
v -1.214629 16.267722 -10.606893
v -1.158736 16.267722 -10.620011
v -1.145443 16.267722 -10.558129
v -1.099312 16.267722 -10.641812
v -1.085119 16.267722 -10.572987
v -1.053230 16.292828 -10.500401
v -1.085187 16.314546 -10.734375
v -1.120459 16.267722 -10.700315
v -1.083093 16.329307 -10.659781
v -1.086012 16.339476 -10.584698
v -1.421395 16.398941 -10.537339
v -1.428079 16.358647 -10.553916
v -1.455757 16.318437 -10.578651
v -1.376837 16.267715 -10.624822
v -1.428712 16.267715 -10.565566
v -1.327025 16.267718 -10.584113
v -1.360651 16.267718 -10.526585
v -1.391747 16.267718 -10.459661
v -1.271904 16.267718 -10.557614
v -1.289076 16.267718 -10.501411
v -1.306339 16.267718 -10.436436
v -1.210351 16.267722 -10.552037
v -1.214547 16.267718 -10.489562
v -1.222458 16.267718 -10.420249
v -1.137207 16.267722 -10.489254
v -1.139022 16.267718 -10.411739
v -1.061929 16.278301 -10.407708
v -1.084667 16.349911 -10.503367
v -1.120591 16.370541 -10.668839
v -1.122733 16.387877 -10.594127
v -1.123944 16.403833 -10.510790
v -1.162180 16.408156 -10.681779
v -1.160641 16.439253 -10.605185
v -1.165262 16.460373 -10.519689
v -1.218561 16.446596 -10.693913
v -1.216545 16.482889 -10.613984
v -1.219751 16.522770 -10.529836
v -1.290208 16.498893 -10.607013
v -1.361513 16.480986 -10.582524
v -1.401329 16.448270 -10.549521
v -1.279734 16.419243 -10.059846
v -1.237511 16.496082 -10.199352
v -1.310225 16.511757 -10.199220
v -1.373259 16.503202 -10.213955
v -1.415178 16.320068 -10.654401
v -1.295775 16.453861 -10.678789
v -1.233058 16.448809 -10.125549
v -1.303353 16.267719 -10.087993
v -1.312656 16.398972 -10.039724
v -1.119270 16.356225 -10.722741
v -1.416933 16.426554 -10.523262
v -1.403013 16.479923 -10.235484
v -1.190763 16.476469 -10.212400
v -1.258433 16.267722 -10.598281
v -1.160149 16.267719 -10.727992
v -1.324898 16.267718 -10.096334
v -0.965249 16.616023 -10.798354
v -0.986304 16.603066 -10.701010
v -1.042441 16.601794 -10.816785
v -1.067342 16.584837 -10.733361
v -0.909451 16.267718 -10.652018
v -0.964096 16.267718 -10.701116
v -0.976450 16.267718 -10.598529
v -0.842608 16.272015 -10.589736
v -0.926343 16.269247 -10.513732
v -1.046469 16.486226 -10.540256
v -0.771302 16.439857 -10.787798
v -0.746253 16.375284 -10.775262
v -0.738801 16.301117 -10.770588
v -0.887454 16.267873 -10.840244
v -0.976173 16.267952 -10.869269
v -0.995887 16.267722 -10.793483
v -1.077706 16.267723 -10.794228
v -1.172443 16.267722 -10.777221
v -0.952958 16.529140 -11.394219
v -0.883466 16.561230 -11.400990
v -0.803125 16.562139 -11.365789
v -0.751868 16.532384 -11.308959
v -0.878150 16.607764 -10.785595
v -0.826877 16.550869 -10.790070
v -0.796102 16.496237 -10.794882
v -0.732498 16.573556 -11.138202
v -0.951193 16.610009 -11.229840
v -0.861739 16.633705 -11.199643
v -1.061120 16.371692 -10.460827
v -1.128231 16.422220 -10.569114
v -1.142976 16.508224 -10.701168
v -1.104336 16.482420 -10.601022
v -0.910205 16.598202 -11.320535
v -0.832286 16.603275 -11.288285
v -0.768853 16.577129 -11.246504
v -0.789082 16.611281 -11.166995
v -0.719660 16.541625 -11.209683
v -0.961301 16.267725 -11.348453
v -1.016525 16.267710 -11.282754
v -1.067080 16.275293 -11.352855
v -1.082474 16.356362 -11.371308
v -1.076833 16.267918 -11.204345
v -1.144093 16.301749 -11.250118
v -1.138280 16.384063 -11.264562
v -1.102490 16.470906 -11.267460
v -1.181943 16.316948 -11.137599
v -1.177343 16.399517 -11.144133
v -1.140926 16.492128 -11.146114
v -1.214141 16.315145 -11.018222
v -1.198006 16.403918 -11.014558
v -1.230923 16.313362 -10.883851
v -0.776844 16.267648 -11.445283
v -0.837066 16.281626 -11.563412
v -0.732578 16.282941 -11.512917
v -0.934098 16.406895 -11.490231
v -0.845158 16.401844 -11.527305
v -0.745159 16.396065 -11.480500
v -0.690716 16.395790 -11.385703
v -0.935546 16.471979 -11.445324
v -0.860841 16.488652 -11.461008
v -0.774759 16.489153 -11.422196
v -0.727362 16.471834 -11.348592
v -0.908584 16.267722 -11.396207
v -0.852557 16.267723 -11.407750
v -0.930094 16.268529 -11.479107
v -0.851002 16.267727 -11.479748
v -0.945081 16.335565 -11.531327
v -0.788228 16.267715 -11.349504
v -0.843657 16.267718 -11.344969
v -1.220481 16.397611 -10.877329
v -1.161187 16.498087 -11.015032
v -1.132622 16.267725 -10.547238
v -1.209850 16.358917 -10.625281
v -1.227610 16.287634 -10.612933
v -1.236722 16.299990 -10.755739
v -1.231202 16.378872 -10.744426
v -0.797334 16.446455 -10.711482
v -0.774950 16.376934 -10.681452
v -0.824767 16.384943 -10.589607
v -0.894633 16.633513 -11.098939
v -1.009010 16.608313 -11.009315
v -0.923863 16.629252 -10.994458
v -1.027298 16.607886 -10.905775
v -0.946236 16.623516 -10.894112
v -1.041070 16.267751 -10.489702
v -1.153263 16.344400 -10.528164
v -1.095849 16.573815 -11.017255
v -0.983828 16.609147 -11.120752
v -1.075218 16.570659 -11.140474
v -1.106678 16.582961 -10.903690
v -0.773508 16.505099 -10.875194
v -0.748100 16.514049 -10.964098
v -0.782727 16.577215 -10.966450
v -0.723132 16.522457 -11.051126
v -0.755003 16.582295 -11.056989
v -1.000485 16.267684 -11.416406
v -1.027015 16.343935 -11.463697
v -1.052408 16.435442 -11.364819
v -1.000198 16.415222 -11.439395
v -1.170914 16.425687 -10.640550
v -1.191612 16.455267 -10.731331
v -1.089605 16.543809 -10.654128
v -1.130755 16.557341 -10.777522
v -0.794951 16.267830 -10.798643
v -0.785071 16.275615 -10.676887
v -0.852397 16.267718 -10.722261
v -0.922771 16.267719 -10.764696
v -0.849475 16.267718 -11.279107
v -0.776264 16.267718 -11.274275
v -0.783380 16.267806 -11.190383
v -0.704760 16.268541 -11.081305
v -0.736653 16.268924 -10.983750
v -0.693004 16.460950 -11.059224
v -0.718206 16.449794 -10.964143
v -0.688086 16.382794 -10.961031
v -0.745125 16.442917 -10.872863
v -0.716373 16.378887 -10.866473
v -0.702970 16.306682 -10.865456
v -0.838071 16.526661 -10.713827
v -0.892668 16.587836 -10.690956
v -0.903863 16.529957 -10.589390
v -1.008045 16.557441 -10.606154
v -0.812503 16.627921 -11.075725
v -0.840306 16.630335 -10.975023
v -0.860192 16.620892 -10.877552
v -0.806562 16.566557 -10.874783
v -0.670313 16.285269 -11.414571
v -0.729196 16.267699 -11.374472
v -0.694427 16.468942 -11.270698
v -0.655461 16.400822 -11.283127
v -0.631325 16.315197 -11.289476
v -0.691496 16.267718 -11.281914
v -0.691246 16.267895 -11.181845
v -0.633054 16.323774 -11.176173
v -0.650958 16.322237 -11.067492
v -0.672873 16.297659 -10.953632
v -0.650861 16.400563 -11.173107
v -0.663195 16.393081 -11.063985
v -0.913035 16.267725 -11.300179
v -0.869202 16.267845 -11.206132
v -0.947770 16.267751 -11.235217
v -0.803171 16.268473 -11.102484
v -0.896641 16.268337 -11.126276
v -0.987063 16.268062 -11.158560
v -0.830760 16.268739 -11.013549
v -0.925904 16.268495 -11.041245
v -1.021956 16.268243 -11.071423
v -1.120150 16.267985 -11.108950
v -0.765715 16.268389 -10.891792
v -0.858955 16.268440 -10.925207
v -0.952737 16.268423 -10.953994
v -1.049350 16.268227 -10.977686
v -1.150219 16.267971 -11.000613
v -1.069214 16.267863 -10.883170
v -1.169799 16.267814 -10.885617
v -1.063531 16.267718 -10.716988
v -1.134023 16.267711 -10.681641
v -1.082710 16.267715 -10.612428
v -0.835770 16.474667 -10.644185
v -1.022102 16.267718 -10.656386
v -1.010467 16.494847 -11.372066
v -0.810564 16.489992 -10.738218
v -1.008105 16.267718 -10.736968
v -0.970104 16.575037 -11.341609
v -0.888634 16.267718 -11.347113
v -1.099803 16.589350 -10.831891
v -0.805815 16.267722 -11.401767
v -0.706945 16.528603 -11.116966
v -1.033135 16.267733 -10.568182
v -1.037633 16.558351 -11.275523
v -1.180827 16.505880 -10.864188
v -1.140476 16.471138 -10.647162
v -1.080679 16.428395 -10.521769
v -0.721278 16.513710 -11.264278
v -0.982551 16.459738 -11.422046
v -0.682034 16.480570 -11.168485
v -0.929135 16.414530 -10.491037
v -0.303656 16.276325 -11.117832
v -0.371162 16.300491 -11.020995
v -0.281132 16.480452 -10.016303
v -0.313605 16.357160 -10.011268
v -0.375643 16.302310 -10.060051
v -0.445105 16.292309 -10.129887
v -0.500386 16.314401 -10.197456
v -0.414242 16.380613 -9.930795
v -0.461200 16.291563 -9.964935
v -0.538400 16.282952 -10.067415
v -0.581832 16.276733 -9.920279
v -0.490412 16.589424 -11.494914
v -0.440040 16.416731 -11.514571
v -0.211610 16.333711 -11.488186
v -0.354541 16.310544 -11.418443
v -0.169424 16.334734 -11.349513
v -0.276964 16.297991 -11.292497
v -0.734116 16.936230 -10.524959
v -0.700122 16.948005 -10.733861
v -0.654460 16.959348 -10.283740
v -0.817577 16.544563 -11.030100
v -0.827518 16.674685 -10.805169
v -0.797307 16.690781 -11.012187
v -0.697606 16.679771 -11.176376
v -0.744938 16.885523 -10.350568
v -0.503294 16.344544 -10.612578
v -0.471275 16.318714 -10.754895
v -0.425491 16.316827 -10.894935
v -0.615122 16.372821 -10.631102
v -0.586132 16.344988 -10.783677
v -0.536705 16.329843 -10.938583
v -0.471013 16.304075 -11.083224
v -0.728707 16.397893 -10.645680
v -0.701438 16.386219 -10.812433
v -0.659744 16.346249 -10.982647
v -0.837724 16.438013 -10.652656
v -0.278598 16.471349 -11.584437
v -0.071263 16.379324 -11.518120
v -0.847858 16.671816 -10.230432
v -0.800438 16.573274 -10.095089
v -0.792136 16.690937 -10.135290
v -0.751967 16.450727 -9.962693
v -0.734967 16.578193 -9.983843
v -0.722139 16.718893 -10.028569
v -0.653686 16.437540 -9.873005
v -0.618630 16.572817 -9.882987
v -0.599830 16.734753 -9.926230
v -0.497538 16.543558 -9.905270
v -0.457243 16.695952 -9.935204
v -0.338672 16.647346 -9.976219
v -0.221601 16.278225 -11.184081
v 0.059493 16.543142 -10.962520
v 0.030088 16.553246 -10.823812
v 0.037718 16.451673 -10.811736
v 0.031335 16.359203 -10.804301
v -0.003948 16.563822 -10.674312
v 0.000029 16.457606 -10.661943
v -0.012055 16.365818 -10.656104
v -0.045113 16.300892 -10.654555
v -0.130006 16.281110 -10.671437
v -0.045457 16.568373 -10.522501
v -0.045586 16.459925 -10.514567
v -0.050058 16.356798 -10.508741
v -0.099516 16.303313 -10.513780
v -0.181795 16.282015 -10.535374
v -0.287377 16.296358 -10.565160
v -0.090707 16.566176 -10.376469
v -0.091368 16.461487 -10.370563
v -0.090842 16.362949 -10.364190
v -0.154184 16.302133 -10.379522
v -0.149622 16.560155 -10.251279
v -0.148044 16.462019 -10.238519
v 0.070014 16.447057 -10.960180
v 0.061322 16.345533 -10.960233
v -0.001163 16.289907 -10.961436
v -0.096900 16.280168 -10.962814
v -0.191366 16.289337 -10.964922
v -0.281847 16.296430 -10.978349
v -0.003092 16.291825 -10.807011
v -0.103817 16.282723 -10.818159
v -0.211903 16.294152 -10.836391
v -0.317828 16.305248 -10.860444
v -0.245165 16.293223 -10.699389
v -0.357658 16.305037 -10.726119
v -0.394802 16.311924 -10.590392
v -0.127649 16.292395 -11.228686
v -0.031215 16.328090 -11.255181
v 0.057905 16.374189 -11.278102
v 0.012842 16.783911 -10.888106
v -0.021353 16.807404 -10.718882
v -0.150292 16.929941 -10.565809
v -0.069114 16.814243 -10.540319
v -0.198042 16.909288 -10.374580
v -0.117149 16.797847 -10.366587
v -0.364091 16.949333 -10.193494
v -0.251149 16.855216 -10.204672
v -0.180774 16.750038 -10.225306
v -0.547946 16.881571 -10.044454
v -0.417508 16.828653 -10.049708
v -0.297522 16.767774 -10.067409
v -0.230301 16.688137 -10.120053
v -0.393371 16.836920 -11.489665
v -0.203993 16.865248 -11.453774
v -0.141767 16.706255 -11.587778
v -0.068988 16.815294 -11.345249
v -0.033280 16.679183 -11.445449
v 0.011395 16.544000 -11.500567
v 0.023066 16.747543 -11.239832
v 0.041149 16.633206 -11.322980
v 0.071776 16.670303 -11.140742
v 0.024869 16.413460 -11.391122
v -0.061648 16.364235 -11.379539
v 0.091919 16.479115 -11.245171
v -0.545589 16.851080 -11.290171
v -0.436825 16.958623 -11.326295
v -0.256420 16.995778 -11.287636
v -0.104072 16.945302 -11.203413
v 0.005433 16.849009 -11.113686
v 0.050440 16.736972 -11.032480
v -0.596549 16.915845 -11.138298
v -0.488892 17.038300 -11.131211
v -0.319101 17.052607 -11.081565
v -0.158218 17.005033 -11.017424
v -0.030065 16.923994 -10.948565
v -0.666186 16.956855 -10.948372
v -0.536048 17.055814 -10.912524
v -0.365852 17.093462 -10.865787
v -0.205136 17.052135 -10.811672
v -0.093308 16.936543 -10.760595
v -0.570557 17.034554 -10.690728
v -0.416775 17.076006 -10.641788
v -0.257218 17.036125 -10.595067
v -0.614669 17.016860 -10.478559
v -0.466270 17.052304 -10.425427
v -0.310969 17.008503 -10.389711
v -0.519041 16.998749 -10.215567
v -0.538880 16.346069 -10.360315
v -0.527291 16.352255 -10.477137
v -0.635215 16.371447 -10.485884
v -0.746676 16.390721 -10.490618
v -0.532613 16.336688 -10.269286
v -0.593248 16.314798 -10.153444
v -0.626316 16.347258 -10.246807
v -0.649359 16.278452 -10.015004
v -0.706375 16.305835 -10.118942
v -0.734843 16.354005 -10.226765
v -0.818824 16.752314 -10.307416
v -0.761280 16.795488 -10.224493
v -0.686467 16.847498 -10.134091
v -0.238780 16.288277 -10.410265
v -0.331312 16.302336 -10.442100
v -0.426709 16.325265 -10.464955
v -0.156708 16.361595 -10.228646
v -0.202780 16.297184 -10.249668
v -0.294302 16.298868 -10.297687
v -0.374634 16.316200 -10.334127
v -0.452922 16.330986 -10.356477
v -0.884914 16.611606 -10.448743
v -0.856840 16.648913 -10.608440
v -0.875664 16.534201 -10.640629
v -0.849137 16.544963 -10.829093
v -0.639249 16.362920 -10.357082
v -0.747870 16.380465 -10.349629
v -0.895349 16.508642 -10.474774
v -0.735760 16.338656 -9.973211
v -0.802777 16.353761 -10.082785
v -0.829707 16.385382 -10.207779
v -0.813452 16.459860 -10.076938
v -0.870409 16.470252 -10.194044
v -0.859063 16.571852 -10.203155
v -0.862821 16.425292 -10.491605
v -0.864943 16.402041 -10.335913
v -0.901093 16.483726 -10.328708
v -0.900488 16.582139 -10.319169
v -0.488419 16.275690 -11.310676
v -0.708204 16.392097 -11.212374
v -0.589016 16.376099 -11.389660
v -0.713110 16.539030 -11.203846
v -0.604495 16.547165 -11.359725
v -0.612959 16.691853 -11.310947
v -0.837634 16.436658 -10.837450
v -0.784111 16.412899 -11.024506
v -0.595758 16.310524 -11.155618
v -0.381092 16.274605 -11.204098
v -0.779577 16.812847 -10.769664
v -0.741165 16.823982 -10.978183
v -0.657924 16.799608 -11.143795
v -0.518821 16.743663 -11.413545
v -0.348721 16.653223 -11.604794
v -0.090794 16.519357 -11.614460
v 0.051901 16.638192 -10.979084
v 0.022524 16.662225 -10.847313
v -0.010751 16.679207 -10.692700
v -0.047587 16.685816 -10.530345
v -0.098314 16.677116 -10.378081
v -0.159136 16.653958 -10.249503
v -0.191736 16.273658 -11.078853
v -0.102002 16.270231 -11.099805
v -0.005061 16.293156 -11.113773
v 0.080762 16.344567 -11.118323
v 0.093059 16.454405 -11.105374
v 0.082023 16.545540 -11.089020
v 0.068274 16.518013 -11.379120
v 0.082278 16.582617 -11.206487
v -0.258476 16.595606 -10.052713
v -0.375824 16.510744 -9.932687
v -0.529061 16.404647 -9.885013
v -0.207348 16.562758 -10.146021
v -0.213841 16.465168 -10.122576
v -0.233054 16.354490 -10.108061
v -0.286994 16.299559 -10.142545
v -0.362950 16.300684 -10.202968
v -0.427157 16.318499 -10.252290
v -0.857549 16.701862 -10.397141
v -0.257509 16.275996 -11.058244
v -0.797280 16.818160 -10.388473
v -0.470495 16.328558 -10.288757
v 0.070680 16.615856 -11.070932
v 0.009071 16.435175 -11.485979
v -0.604164 16.780948 -11.251780
v -0.812418 16.788167 -10.542374
v -0.200641 16.633369 -10.168158
v -0.876636 16.654192 -10.311278
v -0.678859 16.327618 -9.890083
vt 0.567853 0.440726
vt 0.555892 0.440769
vt 0.556105 0.431857
vt 0.565839 0.432322
vt 0.567074 0.449309
vt 0.553428 0.449603
vt 0.542906 0.438238
vt 0.544928 0.428845
vt 0.556450 0.423886
vt 0.564912 0.425402
vt 0.573261 0.429594
vt 0.576868 0.436225
vt 0.563028 0.454505
vt 0.548675 0.451867
vt 0.538988 0.443680
vt 0.577539 0.444688
vt 0.528340 0.431645
vt 0.533614 0.422985
vt 0.546852 0.420473
vt 0.565301 0.418050
vt 0.557449 0.415958
vt 0.570352 0.425463
vt 0.576879 0.423017
vt 0.581867 0.427759
vt 0.524091 0.435293
vt 0.583795 0.434269
vt 0.515303 0.420686
vt 0.522460 0.414282
vt 0.537369 0.414680
vt 0.548988 0.412654
vt 0.571964 0.419923
vt 0.558424 0.407295
vt 0.566118 0.409000
vt 0.580029 0.412796
vt 0.584736 0.415815
vt 0.509993 0.424522
vt 0.512325 0.402228
vt 0.504175 0.406797
vt 0.528234 0.406353
vt 0.541098 0.407453
vt 0.551091 0.404948
vt 0.573485 0.410663
vt 0.558836 0.397472
vt 0.566248 0.397924
vt 0.582120 0.399725
vt 0.586423 0.401157
vt 0.495271 0.408623
vt 0.520106 0.395378
vt 0.495043 0.390901
vt 0.504502 0.387681
vt 0.533657 0.399856
vt 0.544670 0.401129
vt 0.552164 0.397110
vt 0.574032 0.398692
vt 0.557934 0.386592
vt 0.565457 0.385498
vt 0.581076 0.384572
vt 0.585627 0.384705
vt 0.507936 0.426197
vt 0.493876 0.416284
vt 0.488226 0.389904
vt 0.512919 0.382080
vt 0.527005 0.389569
vt 0.488743 0.374395
vt 0.497669 0.372051
vt 0.539134 0.394489
vt 0.547213 0.396648
vt 0.550785 0.388230
vt 0.573162 0.384831
vt 0.556193 0.373908
vt 0.563965 0.371444
vt 0.579186 0.367949
vt 0.584217 0.366617
vt 0.481216 0.405522
vt 0.482734 0.397842
vt 0.481181 0.386327
vt 0.482610 0.374329
vt 0.506652 0.367334
vt 0.520756 0.376836
vt 0.533797 0.384567
vt 0.483717 0.357658
vt 0.491038 0.356264
vt 0.544607 0.390618
vt 0.548477 0.376858
vt 0.571689 0.369379
vt 0.554154 0.359448
vt 0.562655 0.356015
vt 0.578397 0.350356
vt 0.582873 0.348348
vt 0.473208 0.391599
vt 0.475629 0.386857
vt 0.477705 0.373160
vt 0.477021 0.382340
vt 0.477264 0.358495
vt 0.501230 0.351816
vt 0.515212 0.362469
vt 0.528852 0.371967
vt 0.540993 0.380353
vt 0.477628 0.341294
vt 0.487001 0.339337
vt 0.545845 0.363287
vt 0.570591 0.352946
vt 0.551305 0.343771
vt 0.559881 0.339459
vt 0.576631 0.332061
vt 0.578990 0.328784
vt 0.467037 0.376737
vt 0.470178 0.374386
vt 0.473739 0.372748
vt 0.472985 0.358264
vt 0.472608 0.341648
vt 0.496502 0.335771
vt 0.510756 0.347361
vt 0.524060 0.357673
vt 0.537250 0.367481
vt 0.475557 0.323581
vt 0.484320 0.322175
vt 0.542280 0.348347
vt 0.568301 0.335525
vt 0.557885 0.322755
vt 0.549089 0.327909
vt 0.464806 0.359418
vt 0.460886 0.360779
vt 0.468807 0.358529
vt 0.467831 0.341914
vt 0.469364 0.324026
vt 0.492533 0.319715
vt 0.505844 0.331835
vt 0.520367 0.342759
vt 0.533115 0.353003
vt 0.473032 0.306372
vt 0.481419 0.305451
vt 0.539762 0.332985
vt 0.566401 0.317712
vt 0.544275 0.311664
vt 0.553275 0.305746
vt 0.574621 0.312583
vt 0.454519 0.343585
vt 0.458661 0.342877
vt 0.463227 0.342260
vt 0.463754 0.324222
vt 0.465776 0.306679
vt 0.489425 0.304131
vt 0.501568 0.316561
vt 0.515450 0.327464
vt 0.530148 0.338000
vt 0.471049 0.289637
vt 0.479230 0.289434
vt 0.534861 0.317301
vt 0.561933 0.299534
vt 0.538041 0.296102
vt 0.546478 0.289365
vt 0.568931 0.293306
vt 0.448002 0.325280
vt 0.452345 0.325104
vt 0.457716 0.324718
vt 0.459853 0.306265
vt 0.462350 0.289354
vt 0.487115 0.289260
vt 0.497999 0.302029
vt 0.510833 0.312628
vt 0.525175 0.322605
vt 0.470754 0.272956
vt 0.478693 0.274051
vt 0.529210 0.302248
vt 0.554607 0.281800
vt 0.531374 0.281775
vt 0.538867 0.274371
vt 0.562564 0.272612
vt 0.442963 0.305438
vt 0.447026 0.306081
vt 0.453741 0.306015
vt 0.456631 0.288261
vt 0.462111 0.271847
vt 0.486014 0.275289
vt 0.495056 0.288411
vt 0.506653 0.298746
vt 0.520094 0.307820
vt 0.472072 0.257470
vt 0.479835 0.260054
vt 0.523424 0.288340
vt 0.545925 0.266081
vt 0.524371 0.268920
vt 0.530703 0.261157
vt 0.552762 0.257040
vt 0.451188 0.287099
vt 0.455965 0.270526
vt 0.445335 0.285587
vt 0.463146 0.255442
vt 0.486700 0.262680
vt 0.493065 0.275997
vt 0.502892 0.286064
vt 0.515167 0.294111
vt 0.475639 0.243802
vt 0.482976 0.247955
vt 0.517537 0.275770
vt 0.536403 0.252468
vt 0.517186 0.257904
vt 0.522292 0.250057
vt 0.541657 0.243126
vt 0.450798 0.268983
vt 0.455711 0.253850
vt 0.445530 0.266006
vt 0.467006 0.240380
vt 0.489188 0.252109
vt 0.492848 0.265226
vt 0.499756 0.275135
vt 0.510378 0.281653
vt 0.481067 0.232549
vt 0.487462 0.238031
vt 0.511547 0.264817
vt 0.526543 0.241168
vt 0.510006 0.249087
vt 0.514017 0.241495
vt 0.543561 0.234232
vt 0.552985 0.250500
vt 0.530208 0.231507
vt 0.450112 0.253228
vt 0.458311 0.237746
vt 0.446368 0.253846
vt 0.472340 0.226964
vt 0.492977 0.243488
vt 0.495208 0.256633
vt 0.497650 0.267283
vt 0.505750 0.270816
vt 0.488437 0.223564
vt 0.492897 0.230773
vt 0.505378 0.255922
vt 0.516710 0.232751
vt 0.503143 0.242477
vt 0.506502 0.235731
vt 0.531132 0.221637
vt 0.518684 0.223212
vt 0.452264 0.238793
vt 0.465575 0.224948
vt 0.447001 0.243685
vt 0.481177 0.215072
vt 0.497217 0.237020
vt 0.498998 0.249218
vt 0.500966 0.262219
vt 0.497344 0.218749
vt 0.499416 0.226942
vt 0.507483 0.227792
vt 0.500905 0.232724
vt 0.518066 0.213961
vt 0.507644 0.218735
vt 0.459728 0.225931
vt 0.473454 0.210555
vt 0.493861 0.208191
vt 0.506104 0.208639
vt 0.467417 0.211864
vt 0.485747 0.199710
vt 0.477963 0.199292
vt 0.460609 0.214440
vt 0.453303 0.229323
vt 0.500351 0.200883
vt 0.469500 0.199287
vt 0.241723 0.207117
vt 0.240906 0.208872
vt 0.235243 0.217684
vt 0.234598 0.212106
vt 0.250458 0.203246
vt 0.250029 0.205291
vt 0.246391 0.218673
vt 0.240165 0.223519
vt 0.231026 0.225166
vt 0.230280 0.219437
vt 0.259683 0.200298
vt 0.259081 0.202567
vt 0.254308 0.215392
vt 0.251217 0.226882
vt 0.244558 0.230175
vt 0.235365 0.228875
vt 0.227176 0.231334
vt 0.227272 0.225482
vt 0.269893 0.197640
vt 0.270479 0.203999
vt 0.262735 0.212865
vt 0.258663 0.223790
vt 0.255220 0.235245
vt 0.247695 0.237293
vt 0.239033 0.233517
vt 0.231347 0.233598
vt 0.280033 0.196498
vt 0.279793 0.204790
vt 0.271367 0.211579
vt 0.266343 0.220938
vt 0.262927 0.232090
vt 0.258670 0.244507
vt 0.249363 0.244735
vt 0.241184 0.239120
vt 0.234707 0.236370
vt 0.228997 0.238331
vt 0.224027 0.237913
vt 0.290897 0.194736
vt 0.287803 0.206296
vt 0.279261 0.211020
vt 0.273836 0.218664
vt 0.270530 0.228495
vt 0.267195 0.240526
vt 0.260720 0.247577
vt 0.250645 0.249528
vt 0.241224 0.245382
vt 0.236043 0.240445
vt 0.232049 0.238530
vt 0.226757 0.245915
vt 0.230417 0.243033
vt 0.299806 0.198299
vt 0.294830 0.208981
vt 0.286210 0.211563
vt 0.280472 0.216875
vt 0.277803 0.225236
vt 0.275432 0.235586
vt 0.271037 0.245619
vt 0.239622 0.248988
vt 0.234852 0.245477
vt 0.232719 0.240706
vt 0.232490 0.246794
vt 0.303463 0.209463
vt 0.300290 0.212985
vt 0.292226 0.214130
vt 0.285345 0.215663
vt 0.284156 0.222067
vt 0.283082 0.231384
vt 0.280333 0.241196
vt 0.308406 0.214536
vt 0.304686 0.216184
vt 0.297962 0.217698
vt 0.289188 0.218653
vt 0.289204 0.226871
vt 0.289929 0.235693
vt 0.310452 0.218554
vt 0.304723 0.220881
vt 0.294299 0.222348
vt 0.294787 0.230820
vt 0.300495 0.225837
vt 0.889247 0.745373
vt 0.891538 0.735674
vt 0.898334 0.738133
vt 0.896263 0.746378
vt 0.880834 0.743929
vt 0.883001 0.730928
vt 0.894304 0.728903
vt 0.900651 0.729786
vt 0.904950 0.741144
vt 0.901708 0.746833
vt 0.896548 0.755301
vt 0.888667 0.756006
vt 0.881400 0.756220
vt 0.890572 0.720817
vt 0.900952 0.720125
vt 0.908522 0.732952
vt 0.903886 0.753098
vt 0.910351 0.747607
vt 0.897980 0.764966
vt 0.888405 0.767256
vt 0.884703 0.768376
vt 0.913409 0.719983
vt 0.916844 0.739530
vt 0.906561 0.761725
vt 0.914631 0.756736
vt 0.900498 0.775073
vt 0.891319 0.778200
vt 0.887535 0.779933
vt 0.922892 0.733095
vt 0.922661 0.750133
vt 0.918343 0.767174
vt 0.909457 0.771465
vt 0.894179 0.789017
vt 0.903208 0.785484
vt 0.889453 0.790458
vt 0.930458 0.745807
vt 0.927518 0.762521
vt 0.912199 0.781679
vt 0.921398 0.778050
vt 0.897064 0.800566
vt 0.905961 0.795911
vt 0.895725 0.802895
vt 0.927194 0.732382
vt 0.935004 0.745890
vt 0.936721 0.759868
vt 0.931172 0.774982
vt 0.914611 0.791844
vt 0.923483 0.788800
vt 0.909242 0.805708
vt 0.901541 0.811152
vt 0.941287 0.760613
vt 0.940943 0.773535
vt 0.933063 0.787099
vt 0.916856 0.801388
vt 0.924633 0.798842
vt 0.913334 0.814258
vt 0.907103 0.820756
vt 0.946558 0.774476
vt 0.943184 0.786927
vt 0.932667 0.798739
vt 0.919350 0.809746
vt 0.925510 0.807450
vt 0.918450 0.820678
vt 0.915200 0.827093
vt 0.949126 0.788711
vt 0.941043 0.802042
vt 0.931979 0.808810
vt 0.922550 0.816474
vt 0.926200 0.813622
vt 0.922868 0.830662
vt 0.922732 0.824508
vt 0.913998 0.834952
vt 0.906027 0.825574
vt 0.948787 0.802769
vt 0.938825 0.812680
vt 0.930491 0.816986
vt 0.926734 0.821905
vt 0.924187 0.840174
vt 0.930609 0.828934
vt 0.948717 0.815423
vt 0.936837 0.823495
vt 0.935104 0.837925
vt 0.945470 0.827497
vt 0.646650 0.495689
vt 0.643951 0.507930
vt 0.635246 0.499645
vt 0.639527 0.493034
vt 0.657664 0.498793
vt 0.655945 0.514753
vt 0.639918 0.518867
vt 0.628982 0.507959
vt 0.629829 0.488448
vt 0.638364 0.483469
vt 0.648255 0.481448
vt 0.660074 0.480623
vt 0.670221 0.521755
vt 0.672432 0.501815
vt 0.653098 0.527859
vt 0.636155 0.528194
vt 0.623577 0.516087
vt 0.621473 0.494820
vt 0.624507 0.474357
vt 0.635167 0.469348
vt 0.646593 0.465247
vt 0.658927 0.461800
vt 0.674673 0.479066
vt 0.664306 0.538580
vt 0.689961 0.525269
vt 0.692008 0.502589
vt 0.648192 0.538324
vt 0.633502 0.536659
vt 0.620514 0.522512
vt 0.614373 0.501353
vt 0.613981 0.480090
vt 0.619326 0.458545
vt 0.630716 0.453343
vt 0.642443 0.448264
vt 0.655147 0.443099
vt 0.672471 0.457571
vt 0.692626 0.476824
vt 0.657898 0.551304
vt 0.684754 0.543396
vt 0.704922 0.519824
vt 0.703466 0.498562
vt 0.645321 0.545491
vt 0.613154 0.505586
vt 0.605880 0.486007
vt 0.607631 0.463813
vt 0.615306 0.442384
vt 0.626464 0.437387
vt 0.638724 0.432015
vt 0.650741 0.426051
vt 0.668928 0.437901
vt 0.689496 0.453032
vt 0.702770 0.475642
vt 0.674701 0.559434
vt 0.653499 0.553734
vt 0.704219 0.540517
vt 0.711451 0.493168
vt 0.713323 0.509831
vt 0.601221 0.468063
vt 0.604121 0.446803
vt 0.612257 0.427202
vt 0.622826 0.422809
vt 0.633488 0.417003
vt 0.644002 0.410347
vt 0.662451 0.419576
vt 0.684818 0.430879
vt 0.701676 0.451252
vt 0.709764 0.474016
vt 0.690301 0.553255
vt 0.714058 0.526066
vt 0.597759 0.450407
vt 0.602025 0.430511
vt 0.610566 0.413549
vt 0.619164 0.410298
vt 0.627346 0.404689
vt 0.636408 0.397379
vt 0.654579 0.403050
vt 0.674410 0.412670
vt 0.692811 0.429254
vt 0.709212 0.450899
vt 0.594438 0.433375
vt 0.600826 0.415555
vt 0.610297 0.401830
vt 0.616557 0.402403
vt 0.621012 0.396158
vt 0.628006 0.387418
vt 0.645942 0.389080
vt 0.666384 0.395058
vt 0.683477 0.408843
vt 0.698747 0.428403
vt 0.590617 0.417199
vt 0.601087 0.401443
vt 0.612782 0.391328
vt 0.617776 0.380525
vt 0.636064 0.377885
vt 0.656081 0.379574
vt 0.673848 0.391134
vt 0.688123 0.406983
vt 0.591464 0.400782
vt 0.602955 0.388523
vt 0.606254 0.375871
vt 0.624288 0.369247
vt 0.644799 0.369407
vt 0.664268 0.376347
vt 0.678700 0.389297
vt 0.594093 0.386482
vt 0.594817 0.371153
vt 0.611884 0.362980
vt 0.633323 0.358970
vt 0.653203 0.365219
vt 0.670531 0.375449
vt 0.600946 0.358353
vt 0.620649 0.352845
vt 0.641239 0.357651
vt 0.659885 0.366907
vt 0.610577 0.348620
vt 0.629161 0.350680
vt 0.599713 0.537415
vt 0.584696 0.547865
vt 0.578137 0.538896
vt 0.591297 0.527908
vt 0.569945 0.556469
vt 0.562852 0.547486
vt 0.569304 0.528995
vt 0.580380 0.519411
vt 0.598119 0.523333
vt 0.594578 0.514884
vt 0.555712 0.564478
vt 0.541746 0.556025
vt 0.554900 0.536216
vt 0.561503 0.519948
vt 0.571703 0.512043
vt 0.584588 0.509736
vt 0.573308 0.562317
vt 0.560560 0.570127
vt 0.545641 0.569024
vt 0.533589 0.566533
vt 0.537179 0.540592
vt 0.548922 0.525724
vt 0.554072 0.511533
vt 0.562579 0.503931
vt 0.576526 0.504758
vt 0.581921 0.502163
vt 0.588498 0.505098
vt 0.516025 0.554788
vt 0.514183 0.564356
vt 0.516344 0.541346
vt 0.533774 0.528593
vt 0.544233 0.516330
vt 0.545554 0.504539
vt 0.551791 0.495696
vt 0.567536 0.497655
vt 0.576822 0.500615
vt 0.575286 0.492699
vt 0.581178 0.492863
vt 0.493872 0.560759
vt 0.494509 0.551986
vt 0.495641 0.539436
vt 0.515567 0.528795
vt 0.531573 0.517817
vt 0.541003 0.509987
vt 0.538145 0.488862
vt 0.534213 0.498665
vt 0.556834 0.488708
vt 0.570610 0.494106
vt 0.564428 0.482320
vt 0.569030 0.481088
vt 0.474844 0.546727
vt 0.475499 0.536264
vt 0.496223 0.526797
vt 0.515304 0.516756
vt 0.531658 0.508200
vt 0.542963 0.478876
vt 0.522125 0.482508
vt 0.518832 0.493042
vt 0.560236 0.484654
vt 0.456702 0.540805
vt 0.456236 0.531431
vt 0.476510 0.523594
vt 0.497009 0.513951
vt 0.516504 0.504583
vt 0.546829 0.474135
vt 0.526597 0.471962
vt 0.501154 0.488121
vt 0.504358 0.476806
vt 0.550003 0.472302
vt 0.439662 0.535365
vt 0.438797 0.525699
vt 0.457025 0.519198
vt 0.478042 0.510042
vt 0.498619 0.500554
vt 0.530216 0.465772
vt 0.508216 0.465562
vt 0.482629 0.482600
vt 0.485577 0.470912
vt 0.422287 0.520483
vt 0.423846 0.530829
vt 0.439148 0.513635
vt 0.459272 0.505566
vt 0.480006 0.496258
vt 0.511747 0.457734
vt 0.488889 0.459178
vt 0.463890 0.477138
vt 0.466525 0.465108
vt 0.422042 0.508257
vt 0.406381 0.515965
vt 0.409116 0.527361
vt 0.441079 0.500431
vt 0.461497 0.491572
vt 0.492439 0.448712
vt 0.469148 0.453218
vt 0.445406 0.471802
vt 0.447728 0.460016
vt 0.404895 0.502706
vt 0.423523 0.495044
vt 0.391362 0.512373
vt 0.395318 0.524840
vt 0.443308 0.486478
vt 0.471830 0.442929
vt 0.449456 0.449042
vt 0.429967 0.456321
vt 0.427996 0.467718
vt 0.386833 0.496174
vt 0.406565 0.488556
vt 0.425873 0.481282
vt 0.381982 0.508361
vt 0.384651 0.519914
vt 0.451041 0.439102
vt 0.473915 0.437869
vt 0.494689 0.444766
vt 0.430535 0.445959
vt 0.413293 0.464303
vt 0.415001 0.454666
vt 0.379932 0.499248
vt 0.390968 0.481194
vt 0.410256 0.475888
vt 0.373900 0.501820
vt 0.374827 0.512089
vt 0.430385 0.436254
vt 0.452727 0.433023
vt 0.413586 0.445235
vt 0.401560 0.459963
vt 0.405561 0.453914
vt 0.373494 0.492564
vt 0.374245 0.483944
vt 0.378003 0.472518
vt 0.396524 0.469712
vt 0.365576 0.493987
vt 0.365679 0.503275
vt 0.408065 0.436265
vt 0.431434 0.429639
vt 0.401216 0.448259
vt 0.392301 0.453687
vt 0.365527 0.484892
vt 0.365524 0.475760
vt 0.384796 0.462342
vt 0.369632 0.465405
vt 0.376487 0.522511
vt 0.365812 0.512346
vt 0.357244 0.485678
vt 0.356908 0.494309
vt 0.395327 0.443733
vt 0.410654 0.430622
vt 0.385808 0.449548
vt 0.357631 0.477082
vt 0.357713 0.468408
vt 0.376209 0.456009
vt 0.363296 0.458991
vt 0.357500 0.502856
vt 0.349281 0.476679
vt 0.349386 0.484554
vt 0.388963 0.442353
vt 0.390687 0.437445
vt 0.392179 0.431605
vt 0.381349 0.446412
vt 0.350198 0.468897
vt 0.351866 0.460884
vt 0.371626 0.451605
vt 0.358177 0.453013
vt 0.378855 0.441653
vt 0.377009 0.435760
vt 0.346224 0.459147
vt 0.348858 0.455220
vt 0.367993 0.447117
vt 0.354733 0.448466
vt 0.364517 0.442153
vt 0.626555 0.013630
vt 0.627088 0.009374
vt 0.636086 0.011994
vt 0.634558 0.016509
vt 0.619107 0.011945
vt 0.617914 0.007564
vt 0.627980 0.004485
vt 0.637544 0.007593
vt 0.643943 0.015851
vt 0.642103 0.020294
vt 0.632616 0.021025
vt 0.625422 0.017342
vt 0.620206 0.015096
vt 0.609166 0.006300
vt 0.612158 0.011818
vt 0.617394 0.000990
vt 0.646601 0.010793
vt 0.650010 0.020962
vt 0.647490 0.025632
vt 0.640180 0.024967
vt 0.629964 0.025783
vt 0.622596 0.021060
vt 0.616452 0.016398
vt 0.606881 0.000039
vt 0.604440 0.013881
vt 0.599897 0.007150
vt 0.653987 0.015977
vt 0.654384 0.028411
vt 0.651983 0.031984
vt 0.646202 0.029526
vt 0.637514 0.030127
vt 0.617751 0.026245
vt 0.626089 0.031651
vt 0.610296 0.020081
vt 0.595617 0.000959
vt 0.590531 0.010037
vt 0.595927 0.017958
vt 0.658464 0.025127
vt 0.655850 0.039141
vt 0.657667 0.036247
vt 0.650143 0.034829
vt 0.644759 0.033726
vt 0.634197 0.036204
vt 0.611423 0.032503
vt 0.620717 0.038004
vt 0.602756 0.025792
vt 0.586380 0.003166
vt 0.584808 0.014479
vt 0.588909 0.022908
vt 0.661583 0.033289
vt 0.652884 0.041303
vt 0.657886 0.047068
vt 0.660539 0.043664
vt 0.648183 0.036763
vt 0.642133 0.040138
vt 0.629702 0.042622
vt 0.615465 0.042931
vt 0.605510 0.037768
vt 0.596811 0.030302
vt 0.582589 0.006025
vt 0.579109 0.019175
vt 0.586117 0.025511
vt 0.663974 0.041216
vt 0.652784 0.049950
vt 0.648232 0.042116
vt 0.661457 0.049804
vt 0.657088 0.052783
vt 0.637774 0.046098
vt 0.624821 0.046834
vt 0.593718 0.032302
vt 0.602652 0.038395
vt 0.577463 0.011284
vt 0.584459 0.027004
vt 0.578940 0.022961
vt 0.662890 0.049794
vt 0.647152 0.054905
vt 0.645229 0.048762
vt 0.633050 0.050155
vt 0.611718 0.044596
vt 0.620701 0.049898
vt 0.575343 0.022120
vt 0.640040 0.053615
vt 0.629066 0.054058
vt 0.635399 0.055303
vt 0.723445 0.548700
vt 0.726779 0.538137
vt 0.734901 0.542553
vt 0.731544 0.552196
vt 0.716419 0.543977
vt 0.719238 0.533854
vt 0.739210 0.531287
vt 0.730223 0.526900
vt 0.742759 0.548184
vt 0.737769 0.554659
vt 0.730012 0.561969
vt 0.720558 0.559556
vt 0.713643 0.554124
vt 0.722465 0.523065
vt 0.748871 0.536458
vt 0.733458 0.514795
vt 0.743387 0.518786
vt 0.751681 0.557076
vt 0.739366 0.562035
vt 0.730151 0.571156
vt 0.720098 0.570218
vt 0.712814 0.564713
vt 0.726058 0.511423
vt 0.754339 0.523129
vt 0.759086 0.541143
vt 0.746843 0.506002
vt 0.736471 0.502805
vt 0.739427 0.570256
vt 0.748574 0.570665
vt 0.724324 0.579220
vt 0.732548 0.577300
vt 0.730443 0.500993
vt 0.759754 0.507496
vt 0.765214 0.527078
vt 0.768409 0.543707
vt 0.762951 0.558518
vt 0.741176 0.492216
vt 0.749478 0.494426
vt 0.757658 0.572106
vt 0.743893 0.578030
vt 0.738750 0.575309
vt 0.736770 0.582021
vt 0.729948 0.583348
vt 0.726947 0.499908
vt 0.723591 0.509303
vt 0.735622 0.491919
vt 0.756970 0.496485
vt 0.770407 0.512711
vt 0.774314 0.529760
vt 0.754388 0.484815
vt 0.746015 0.482725
vt 0.750683 0.582170
vt 0.728878 0.587905
vt 0.741783 0.587694
vt 0.732108 0.492116
vt 0.740828 0.484716
vt 0.761693 0.490223
vt 0.767343 0.496299
vt 0.779011 0.515440
vt 0.774314 0.499869
vt 0.751917 0.475329
vt 0.760917 0.477462
vt 0.764121 0.571389
vt 0.756271 0.584579
vt 0.767081 0.484089
vt 0.770331 0.489555
vt 0.782460 0.501297
vt 0.775738 0.489084
vt 0.769318 0.469977
vt 0.759202 0.467665
vt 0.773926 0.479646
vt 0.784089 0.488568
vt 0.778918 0.465931
vt 0.767756 0.463669
vt 0.781967 0.476422
vt 0.757400 0.390809
vt 0.739483 0.387048
vt 0.746792 0.363001
vt 0.765752 0.367792
vt 0.751868 0.408797
vt 0.735597 0.409078
vt 0.722003 0.381929
vt 0.728697 0.357092
vt 0.755175 0.338674
vt 0.774634 0.344225
vt 0.783648 0.369806
vt 0.775056 0.394559
vt 0.762959 0.408708
vt 0.752284 0.422396
vt 0.737457 0.426101
vt 0.718030 0.406353
vt 0.710496 0.374608
vt 0.715945 0.350561
vt 0.736147 0.331401
vt 0.782716 0.320593
vt 0.765070 0.313771
vt 0.791667 0.346518
vt 0.799195 0.369647
vt 0.792138 0.391135
vt 0.764674 0.418223
vt 0.776442 0.412063
vt 0.756990 0.433366
vt 0.743301 0.439020
vt 0.718787 0.425280
vt 0.707722 0.397708
vt 0.722981 0.325519
vt 0.747540 0.306814
vt 0.796102 0.324338
vt 0.791793 0.302026
vt 0.777566 0.290857
vt 0.807443 0.347081
vt 0.787899 0.408876
vt 0.768249 0.427858
vt 0.776414 0.421881
vt 0.763587 0.437918
vt 0.751615 0.444336
vt 0.726487 0.440587
vt 0.734225 0.301911
vt 0.758209 0.282072
vt 0.799229 0.309912
vt 0.809535 0.323891
vt 0.791883 0.271678
vt 0.804177 0.287965
vt 0.783823 0.422767
vt 0.774581 0.431336
vt 0.771526 0.440621
vt 0.760686 0.447614
vt 0.719122 0.322753
vt 0.725620 0.299760
vt 0.744640 0.279750
vt 0.772578 0.261993
vt 0.809539 0.304680
vt 0.782075 0.433029
vt 0.737414 0.280965
vt 0.758985 0.263284
vt 0.786311 0.244404
vt 0.807683 0.257183
vt 0.771330 0.250888
vt 0.813616 0.420487
vt 0.826095 0.420033
vt 0.825681 0.437088
vt 0.814315 0.437887
vt 0.813246 0.406021
vt 0.826171 0.405229
vt 0.838660 0.423103
vt 0.836654 0.437342
vt 0.826704 0.454213
vt 0.815469 0.455849
vt 0.803024 0.439228
vt 0.801273 0.421835
vt 0.800793 0.406657
vt 0.837990 0.452767
vt 0.828633 0.472695
vt 0.817002 0.474954
vt 0.804246 0.457500
vt 0.792919 0.441648
vt 0.791453 0.426142
vt 0.839742 0.470241
vt 0.829671 0.491293
vt 0.818436 0.494044
vt 0.805210 0.477358
vt 0.793470 0.459028
vt 0.841431 0.488403
vt 0.830979 0.510198
vt 0.819710 0.512860
vt 0.807305 0.496645
vt 0.793689 0.478365
vt 0.843053 0.506857
vt 0.850666 0.483386
vt 0.848162 0.466782
vt 0.832450 0.529233
vt 0.821043 0.531797
vt 0.808748 0.515266
vt 0.796418 0.498288
vt 0.844301 0.525695
vt 0.852514 0.500876
vt 0.833915 0.548397
vt 0.822371 0.550733
vt 0.810130 0.534085
vt 0.797854 0.517371
vt 0.846306 0.544951
vt 0.854987 0.519153
vt 0.859954 0.478024
vt 0.862279 0.494346
vt 0.835000 0.567501
vt 0.823361 0.569520
vt 0.811634 0.552854
vt 0.799187 0.536283
vt 0.790443 0.516627
vt 0.789187 0.497577
vt 0.847329 0.563313
vt 0.857552 0.537923
vt 0.864516 0.511454
vt 0.834859 0.584267
vt 0.823430 0.587844
vt 0.812711 0.571277
vt 0.801497 0.554810
vt 0.790623 0.534589
vt 0.858412 0.556012
vt 0.846364 0.579621
vt 0.867405 0.529631
vt 0.832708 0.598311
vt 0.822084 0.600859
vt 0.812741 0.587996
vt 0.803248 0.571660
vt 0.792694 0.552187
vt 0.858012 0.573048
vt 0.844145 0.594507
vt 0.829917 0.611062
vt 0.819793 0.613070
vt 0.812426 0.600845
vt 0.803613 0.586672
vt 0.797116 0.567664
vt 0.856738 0.589207
vt 0.840754 0.608022
vt 0.816917 0.624301
vt 0.827228 0.622747
vt 0.810304 0.613020
vt 0.804790 0.598947
vt 0.851696 0.602955
vt 0.837813 0.620181
vt 0.806918 0.622802
vt 0.813514 0.632067
vt 0.823715 0.630938
vt 0.802740 0.609321
vt 0.847444 0.614937
vt 0.834897 0.630163
vt 0.799393 0.617427
vt 0.804087 0.631131
vt 0.797056 0.622685
vt 0.834482 0.344827
vt 0.835634 0.355009
vt 0.829087 0.357448
vt 0.827498 0.347388
vt 0.844330 0.343137
vt 0.842566 0.353397
vt 0.836902 0.364374
vt 0.831024 0.366940
vt 0.822221 0.360140
vt 0.820440 0.349905
vt 0.826067 0.337282
vt 0.833192 0.333990
vt 0.841638 0.331586
vt 0.845614 0.362997
vt 0.838136 0.372852
vt 0.833129 0.375407
vt 0.824786 0.369740
vt 0.814644 0.363507
vt 0.814783 0.352679
vt 0.819487 0.340124
vt 0.825211 0.328248
vt 0.832625 0.324529
vt 0.840852 0.323049
vt 0.845614 0.371451
vt 0.839929 0.381476
vt 0.834868 0.381524
vt 0.828562 0.378571
vt 0.819052 0.331522
vt 0.825072 0.321741
vt 0.832113 0.317149
vt 0.841413 0.315442
vt 0.845614 0.379005
vt 0.820267 0.325992
vt 0.832121 0.312521
vt 0.823626 0.317761
vt 0.839150 0.308187
vt 0.817885 0.326391
vt 0.968057 0.367783
vt 0.960167 0.370248
vt 0.960607 0.360958
vt 0.968431 0.359050
vt 0.968863 0.375515
vt 0.960369 0.379886
vt 0.951105 0.371090
vt 0.951785 0.361620
vt 0.969271 0.349632
vt 0.961085 0.351217
vt 0.976028 0.357626
vt 0.974946 0.365957
vt 0.974183 0.371896
vt 0.972310 0.381702
vt 0.961347 0.388437
vt 0.947989 0.379999
vt 0.950683 0.352689
vt 0.977122 0.348419
vt 0.970634 0.339705
vt 0.962342 0.340370
vt 0.981621 0.365258
vt 0.983538 0.356327
vt 0.978663 0.373585
vt 0.979066 0.385240
vt 0.964963 0.395541
vt 0.947549 0.387696
vt 0.953686 0.340465
vt 0.978150 0.339411
vt 0.984840 0.346738
vt 0.963256 0.328302
vt 0.973032 0.327565
vt 0.988573 0.363685
vt 0.990177 0.353824
vt 0.986138 0.373996
vt 0.947211 0.393041
vt 0.953873 0.328674
vt 0.978901 0.332485
vt 0.985461 0.337437
vt 0.991331 0.343405
vt 0.971611 0.315286
vt 0.963287 0.315441
vt 0.952825 0.315692
vt 0.947125 0.336683
vt 0.947046 0.325651
vt 0.984393 0.328998
vt 0.980492 0.321287
vt 0.991036 0.332937
vt 0.977081 0.314932
vt 0.962673 0.302189
vt 0.971964 0.304971
vt 0.947024 0.314113
vt 0.949169 0.299694
vt 0.979362 0.308539
vt 0.984830 0.315042
vt 0.962706 0.289051
vt 0.974080 0.294562
vt 0.948884 0.285829
vt 0.982998 0.299904
vt 0.464871 0.776163
vt 0.453146 0.759297
vt 0.470182 0.756328
vt 0.471746 0.769436
vt 0.454129 0.736785
vt 0.474648 0.740046
vt 0.486257 0.759459
vt 0.483152 0.772052
vt 0.491544 0.745584
vt 0.497313 0.776782
vt 0.502418 0.764144
vt 0.484593 0.723652
vt 0.500260 0.731812
vt 0.506424 0.751677
vt 0.518339 0.767120
vt 0.516375 0.780350
vt 0.499291 0.707993
vt 0.513877 0.719591
vt 0.513468 0.741115
vt 0.519753 0.756143
vt 0.533902 0.768005
vt 0.533547 0.780233
vt 0.524906 0.733085
vt 0.521352 0.747674
vt 0.533214 0.756432
vt 0.549463 0.767449
vt 0.550051 0.778587
vt 0.539791 0.727432
vt 0.531203 0.710559
vt 0.531028 0.744983
vt 0.547785 0.755215
vt 0.564960 0.766734
vt 0.565138 0.777790
vt 0.548361 0.786702
vt 0.530902 0.786933
vt 0.544813 0.742088
vt 0.550009 0.709048
vt 0.557635 0.724602
vt 0.563396 0.753941
vt 0.579864 0.766455
vt 0.580346 0.778877
vt 0.563986 0.785610
vt 0.561034 0.740043
vt 0.569841 0.709843
vt 0.575995 0.723778
vt 0.578968 0.753393
vt 0.594379 0.766267
vt 0.595124 0.778136
vt 0.577789 0.785319
vt 0.577992 0.739247
vt 0.539719 0.695125
vt 0.562226 0.697053
vt 0.589640 0.712330
vt 0.593796 0.725753
vt 0.593735 0.753657
vt 0.607099 0.766203
vt 0.607872 0.778299
vt 0.590840 0.785461
vt 0.593247 0.740295
vt 0.583388 0.700380
vt 0.606803 0.718843
vt 0.607285 0.731511
vt 0.605586 0.754382
vt 0.617623 0.765823
vt 0.618500 0.779154
vt 0.603635 0.786057
vt 0.605406 0.743084
vt 0.603537 0.707507
vt 0.620528 0.729375
vt 0.617249 0.738968
vt 0.615222 0.754069
vt 0.626990 0.763983
vt 0.626258 0.778833
vt 0.612419 0.785771
vt 0.612977 0.745564
vt 0.629232 0.743881
vt 0.623765 0.750112
vt 0.632683 0.760334
vt 0.631356 0.776008
vt 0.969490 0.810642
vt 0.980050 0.809725
vt 0.977805 0.823779
vt 0.967296 0.822233
vt 0.968875 0.803170
vt 0.978620 0.800863
vt 0.990438 0.810509
vt 0.987867 0.824689
vt 0.974229 0.836561
vt 0.964037 0.833929
vt 0.958930 0.819431
vt 0.962006 0.811521
vt 0.988831 0.799299
vt 0.999741 0.811804
vt 0.997067 0.825772
vt 0.983879 0.838343
vt 0.970046 0.849596
vt 0.959197 0.847147
vt 0.955877 0.829086
vt 0.992565 0.839981
vt 0.979942 0.851914
vt 0.951588 0.839596
vt 0.989088 0.853145
vt 0.956367 0.856297
vt 0.947024 0.849287
vt 0.998984 0.838007
vt 0.995910 0.849020
vt 0.533337 0.011295
vt 0.529519 0.002510
vt 0.542499 0.000030
vt 0.546946 0.010741
vt 0.683826 0.013615
vt 0.677117 0.012826
vt 0.680378 0.006737
vt 0.686750 0.006545
vt 0.678981 0.022159
vt 0.673281 0.018548
vt 0.670520 0.012453
vt 0.672210 0.000042
vt 0.676561 0.000043
vt 0.680243 0.000043
vt 0.669260 0.016073
vt 0.662538 0.010488
vt 0.662374 0.000043
vt 0.656807 0.009182
vt 0.657482 0.000040
vt 0.445562 0.424298
vt 0.445884 0.407504
vt 0.461141 0.412456
vt 0.458824 0.424471
vt 0.459448 0.399216
vt 0.463402 0.405901
vt 0.471793 0.415611
vt 0.469407 0.424474
vt 0.442963 0.394161
vt 0.455006 0.390984
vt 0.478334 0.413933
vt 0.480387 0.422173
vt 0.946342 0.275729
vt 0.958213 0.272962
vt 0.963751 0.283466
vt 0.953660 0.282198
vt 0.971756 0.270127
vt 0.977980 0.285215
vt 0.943203 0.282523
vt 0.936841 0.276044
vt 0.953681 0.257613
vt 0.968038 0.253743
vt 0.986456 0.266248
vt 0.989425 0.279213
vt 0.949299 0.241500
vt 0.963285 0.235767
vt 0.982321 0.250291
vt 0.998048 0.264692
vt 0.996136 0.277911
vt 0.944445 0.227296
vt 0.958598 0.220115
vt 0.980103 0.231191
vt 0.996043 0.249657
vt 0.952297 0.205880
vt 0.938975 0.216982
vt 0.973983 0.213873
vt 0.994530 0.233061
vt 0.970574 0.200051
vn -0.493809 0.214832 0.842615
vn -0.491094 -0.019696 0.870884
vn 0.117782 0.000257 0.993039
vn 0.092127 0.303828 0.948262
vn -0.835350 0.201366 0.511510
vn -0.837847 0.093468 0.537844
vn -0.433149 0.509734 0.743339
vn -0.665241 0.503233 0.551553
vn -0.028371 0.689558 0.723674
vn -0.434425 -0.258966 0.862677
vn 0.085264 -0.197763 0.976535
vn -0.796817 -0.079653 0.598947
vn -0.314947 -0.643833 0.697343
vn 0.111424 -0.592674 0.797698
vn -0.672574 -0.494434 0.550618
vn -0.266715 -0.943746 0.195464
vn -0.081156 -0.956158 0.281381
vn 0.180022 -0.911964 0.368665
vn 0.035943 -0.996021 -0.081553
vn 0.062837 -0.996121 -0.061598
vn 0.186034 -0.982464 0.012514
vn 0.105522 -0.985079 -0.135958
vn 0.102513 -0.983312 -0.150293
vn 0.144169 -0.981784 -0.123759
vn -0.887519 0.202008 0.414129
vn -0.891502 0.181440 0.415095
vn -0.759133 0.438080 0.481460
vn -0.888298 0.109077 0.446126
vn -0.864029 -0.237661 0.443815
vn -0.498736 -0.840658 0.211085
vn -0.015278 -0.999050 -0.040822
vn -0.801530 0.386625 0.456147
vn -0.894976 0.191128 0.403099
vn -0.892547 0.201350 0.403506
vn -0.898259 0.175801 0.402771
vn -0.925800 -0.062063 0.372885
vn -0.716195 -0.660236 0.226169
vn -0.896338 0.197374 0.397016
vn -0.928646 0.146301 0.340900
vn -0.897330 0.206134 0.390266
vn -0.969497 -0.056256 0.238561
vn -0.902572 0.243745 0.354896
vn -0.913865 0.222118 0.339875
vn -0.965908 0.094296 0.241100
vn 0.773249 0.014709 -0.633932
vn 0.728368 0.183073 -0.660276
vn 0.879098 0.102002 -0.465600
vn 0.889409 0.023454 -0.456511
vn 0.270628 0.017082 -0.962533
vn 0.167713 0.260096 -0.950906
vn 0.744264 -0.281431 -0.605696
vn 0.307927 -0.301093 -0.902510
vn 0.874259 -0.189080 -0.447125
vn 0.608226 0.524418 -0.595858
vn 0.808342 0.399272 -0.432626
vn 0.014962 0.633617 -0.773503
vn -0.087061 0.816099 -0.571317
vn 0.404796 0.789508 -0.461322
vn 0.630908 0.698609 -0.337491
vn -0.081629 0.833517 -0.546431
vn 0.361255 0.824799 -0.434973
vn 0.582418 0.749946 -0.313640
vn -0.323419 0.293586 -0.899560
vn -0.346515 0.607930 -0.714387
vn -0.257320 0.066584 -0.964029
vn -0.339270 0.759777 -0.554648
vn -0.347321 0.759307 -0.550292
vn -0.350823 0.123338 -0.928284
vn -0.384428 0.379111 -0.841718
vn -0.374445 0.649686 -0.661588
vn -0.341448 0.765160 -0.545842
vn -0.557959 0.609147 -0.563579
vn -0.456281 0.745975 -0.485106
vn -0.507082 0.397882 -0.764564
vn 0.037017 0.991903 0.121485
vn 0.188895 0.964832 0.182805
vn 0.190506 0.974371 0.119616
vn 0.074226 0.995759 0.054353
vn -0.019617 0.985659 0.167608
vn 0.157020 0.950001 0.269893
vn -0.217309 0.974786 0.050696
vn -0.242467 0.962761 0.119588
vn -0.183300 0.982540 -0.031891
vn -0.411994 0.910298 -0.040238
vn -0.385535 0.920514 0.063382
vn -0.414676 0.904801 -0.096840
vn -0.145411 0.987157 -0.066164
vn -0.382320 0.918570 -0.100304
vn 0.079533 0.996826 -0.003488
vn -0.455418 0.884842 -0.098225
vn -0.488925 0.867447 -0.092130
vn -0.533939 0.841385 -0.083548
vn -0.095123 0.993247 -0.066418
vn -0.334217 0.936634 -0.104957
vn 0.075104 0.996703 -0.030706
vn -0.461598 0.871672 -0.164666
vn -0.586182 0.766576 -0.262205
vn -0.624883 0.767732 -0.141808
vn -0.664551 0.740698 -0.098688
vn -0.839521 0.507605 -0.193756
vn -0.861098 0.488285 -0.141730
vn -0.746718 0.591911 -0.303404
vn 0.071065 0.996751 -0.037917
vn -0.053671 0.995943 -0.072224
vn -0.301452 0.939993 -0.159815
vn -0.491690 0.822452 -0.286030
vn -0.563692 0.735280 -0.376316
vn -0.625727 0.673750 -0.393100
vn -0.285109 0.914630 -0.286645
vn -0.479845 0.777068 -0.407325
vn -0.035396 0.989310 -0.141470
vn -0.530568 0.729854 -0.431057
vn -0.276139 0.865965 -0.416954
vn -0.410574 0.764653 -0.496724
vn -0.065444 0.963592 -0.259243
vn -0.429433 0.757307 -0.492010
vn -0.182752 0.908642 -0.375461
vn -0.290534 0.825458 -0.483951
vn -0.347488 0.768498 -0.537273
vn 0.569384 0.724605 0.388266
vn 0.513679 0.715866 0.472937
vn 0.718000 0.483134 0.501057
vn 0.742558 0.492985 0.453403
vn 0.341903 0.897560 0.278367
vn 0.282745 0.871485 0.400711
vn 0.610698 0.738785 0.285035
vn 0.372517 0.906998 0.196430
vn 0.771876 0.524302 0.359603
vn 0.817557 0.521252 0.244740
vn 0.643863 0.737396 0.204175
vn 0.409083 0.901534 0.141020
vn 0.866000 0.481936 0.133348
vn 0.694734 0.712804 0.096203
vn 0.470836 0.880746 0.050985
vn 0.880599 0.466292 0.084366
vn 0.717490 0.695723 0.034307
vn 0.535774 0.844279 0.011820
vn 0.876105 0.477860 0.063951
vn 0.719616 0.693947 0.024299
vn 0.596595 0.802421 0.013983
vn 0.866988 0.498252 0.008773
vn 0.716969 0.695513 -0.047082
vn 0.632754 0.769907 -0.082857
vn 0.850835 0.506551 -0.139589
vn 0.684814 0.708974 -0.168479
vn 0.621338 0.752553 -0.218181
vn 0.821363 0.452882 -0.346787
vn 0.643341 0.711986 -0.281405
vn 0.591684 0.755804 -0.280483
vn 0.969432 0.187723 0.157995
vn 0.974920 0.179094 0.132119
vn 0.932320 0.269876 0.240719
vn 0.973438 0.200353 0.110806
vn 0.969061 0.236799 0.069617
vn 0.964853 0.226378 -0.133463
vn 0.910090 0.140770 -0.389770
vn 0.984957 0.145495 0.093225
vn 0.985526 0.087855 -0.144982
vn 0.981706 0.133589 0.135672
vn 0.915036 0.020960 -0.402827
vn 0.910730 -0.156074 -0.382377
vn -0.621045 0.700821 0.350931
vn -0.823518 0.429576 0.370517
vn -0.542908 0.664669 0.513290
vn -0.624550 0.761445 0.173608
vn -0.829642 0.525636 0.188151
vn -0.342110 0.878723 0.332877
vn -0.375953 0.913361 0.156304
vn -0.220118 0.817893 0.531601
vn 0.011684 0.853707 0.520622
vn -0.122285 0.926441 0.356024
vn -0.244227 0.955940 0.162883
vn 0.109633 0.873059 0.475131
vn 0.068810 0.929421 0.362549
vn -0.060920 0.980064 0.189115
vn -0.085153 0.816309 0.571305
vn 0.054848 0.826745 0.559897
vn -0.405433 0.732570 0.546777
vn -0.314904 0.803721 -0.504844
vn -0.344252 0.765752 -0.543244
vn 0.013039 0.891261 -0.453304
vn 0.084969 0.948782 -0.304290
vn 0.425658 0.837129 -0.343555
vn -0.690251 0.548861 -0.471492
vn -0.785577 0.477764 -0.393205
vn -0.558325 0.712157 -0.425564
vn -0.848108 0.185947 -0.496122
vn -0.918462 0.122388 -0.376095
vn -0.803010 0.246231 -0.542720
vn -0.962576 0.103649 -0.250408
vn -0.894824 0.354013 -0.271966
vn -0.971892 0.112405 -0.206859
vn -0.942325 0.264008 -0.205728
vn -0.892256 -0.062089 -0.447241
vn -0.933897 -0.095644 -0.344513
vn -0.960401 -0.066320 -0.270615
vn -0.974146 0.012649 -0.225566
vn -0.989275 -0.059609 -0.133349
vn -0.985960 -0.149794 -0.073780
vn -0.991305 -0.102877 0.082045
vn -0.998202 -0.035252 -0.048489
vn -0.981513 0.004345 -0.191345
vn -0.975560 -0.138548 -0.170550
vn -0.978807 0.039196 -0.200998
vn -0.975602 0.049552 -0.213880
vn -0.978367 0.098979 -0.181662
vn -0.970083 0.117278 -0.212569
vn -0.970789 0.116420 -0.209798
vn -0.975720 0.051885 -0.212788
vn -0.975474 0.016400 -0.219503
vn -0.963759 -0.151225 -0.219769
vn -0.962991 -0.051712 -0.264526
vn -0.946068 -0.128701 -0.297305
vn -0.515231 -0.236340 -0.823821
vn -0.488516 0.106483 -0.866033
vn -0.357195 -0.146080 -0.922536
vn -0.766977 -0.216579 -0.604020
vn -0.780124 0.002456 -0.625620
vn -0.414269 -0.692221 -0.590941
vn -0.609924 -0.594206 -0.524320
vn -0.324254 -0.657966 -0.679662
vn -0.192696 -0.935744 -0.295384
vn -0.236216 -0.917107 -0.321117
vn -0.308087 -0.898079 -0.313904
vn -0.052794 -0.996345 -0.067154
vn -0.075593 -0.993176 -0.088814
vn -0.071643 -0.993812 -0.084882
vn -0.000396 -1.000000 -0.000193
vn -0.009759 -0.999946 -0.003644
vn -0.012472 -0.999852 -0.011814
vn 0.000009 -1.000000 -0.000000
vn 0.000010 -1.000000 -0.000011
vn 0.000002 -1.000000 -0.000004
vn 0.000001 -1.000000 -0.000005
vn 0.000003 -1.000000 -0.000007
vn 0.000006 -1.000000 -0.000006
vn -0.098573 -0.968932 -0.226835
vn -0.025916 -0.999428 -0.021727
vn -0.160551 -0.697947 -0.697921
vn 0.000012 -1.000000 0.000005
vn 0.000008 -1.000000 0.000002
vn 0.052357 -0.987912 -0.145908
vn 0.000008 -1.000000 0.000030
vn 0.000017 -1.000000 0.000015
vn 0.000008 -1.000000 0.000000
vn 0.080586 0.839411 0.537490
vn 0.197855 0.840907 0.503715
vn 0.176952 0.982641 0.055713
vn 0.191831 0.981420 -0.004006
vn 0.068364 0.994658 -0.077347
vn 0.237417 0.971294 -0.014875
vn 0.291946 0.956003 -0.028729
vn 0.359010 0.923942 -0.132072
vn 0.077116 0.981083 -0.177562
vn 0.424986 0.866610 -0.261485
vn 0.111198 -0.981635 -0.155009
vn 0.116290 -0.984452 -0.131646
vn 0.124521 -0.985836 -0.112349
vn 0.116096 -0.982101 -0.148319
vn 0.154449 -0.983305 -0.096216
vn 0.131631 -0.985456 -0.107469
vn 0.253837 -0.963457 0.085540
vn 0.263686 -0.962168 0.068579
vn 0.460329 -0.814101 0.354031
vn 0.369657 -0.853822 0.366527
vn 0.423039 -0.462553 0.779155
vn 0.634225 -0.394260 0.665069
vn 0.129642 -0.988984 -0.071445
vn 0.121722 -0.986000 -0.113960
vn 0.129973 -0.989379 -0.065087
vn 0.135144 -0.990041 -0.039428
vn 0.128350 -0.988384 -0.081389
vn 0.129239 -0.983323 -0.127959
vn 0.289814 -0.956204 0.041016
vn 0.565564 -0.757103 0.327004
vn 0.770763 -0.320400 0.550699
vn 0.780571 0.117066 0.614007
vn 0.610946 0.067472 0.788792
vn 0.393200 -0.021687 0.919197
vn 0.597236 0.180052 0.781595
vn 0.407589 0.084471 0.909250
vn 0.756308 0.286687 0.588055
vn 0.122762 -0.992261 0.018659
vn 0.123104 -0.992392 -0.001661
vn 0.135206 -0.990592 -0.021149
vn 0.121609 -0.992284 0.024149
vn 0.132173 -0.990919 -0.024695
vn 0.121738 -0.991913 -0.035897
vn 0.133852 -0.988406 -0.071675
vn 0.301444 -0.952931 0.032479
vn 0.637029 -0.706159 0.309084
vn 0.839965 -0.205338 0.502290
vn 0.833357 0.162221 0.528394
vn 0.786123 0.345072 0.512772
vn 0.669632 0.491813 0.556519
vn 0.500384 0.451249 0.738912
vn 0.419530 0.743195 0.521205
vn 0.224521 0.763113 0.606011
vn -0.194766 -0.197788 -0.960701
vn -0.749840 0.227861 -0.621143
vn 0.129146 -0.991613 0.004976
vn 0.101884 -0.994737 -0.010881
vn 0.069732 -0.997480 0.013071
vn 0.110051 -0.993347 0.033911
vn 0.136152 -0.990137 -0.033043
vn 0.127282 -0.990956 -0.042491
vn 0.126487 -0.991856 0.014910
vn 0.105787 -0.992938 0.053690
vn 0.094145 -0.992890 0.072838
vn -0.330972 -0.943547 0.013272
vn -0.334140 -0.942519 0.002742
vn 0.046259 -0.998398 0.032566
vn -0.893824 -0.446885 0.037046
vn -0.883102 -0.467340 -0.041526
vn -0.246074 -0.968867 0.027304
vn -0.843905 -0.519143 0.135332
vn 0.083164 -0.995262 0.050379
vn 0.078158 -0.994491 0.069849
vn 0.070100 -0.993692 0.087534
vn -0.847174 -0.514370 -0.133112
vn -0.325066 -0.945231 -0.029490
vn 0.015884 -0.998939 0.043240
vn 0.042160 -0.995920 0.079784
vn 0.034100 -0.993103 0.112181
vn 0.031024 -0.989592 0.140516
vn -0.809742 -0.553290 -0.195416
vn -0.341182 -0.935333 -0.093523
vn -0.025116 -0.999672 0.005086
vn 0.009076 -0.998684 0.050482
vn 0.004141 -0.996912 0.078419
vn 0.004815 -0.994191 0.107525
vn -0.316937 -0.943915 -0.092601
vn -0.046866 -0.998831 -0.011814
vn -0.774247 -0.587413 -0.235559
vn 0.001043 -0.999999 0.001318
vn 0.001491 -0.999989 0.004510
vn 0.003663 -0.999923 0.011824
vn -0.721069 -0.647833 -0.245707
vn -0.286914 -0.954926 -0.076138
vn -0.025659 -0.999655 0.005647
vn -0.000005 -1.000000 0.000011
vn -0.000003 -1.000000 0.000011
vn -0.000005 -1.000000 0.000004
vn -0.228974 -0.970285 -0.078224
vn 0.000000 -1.000000 -0.000000
vn -0.000002 -1.000000 0.000003
vn -0.000001 -1.000000 -0.000003
vn 0.000001 -1.000000 -0.000005
vn -0.000005 -1.000000 0.000000
vn 0.000001 -1.000000 0.000000
vn -0.000696 -0.999999 -0.001536
vn 0.000003 -1.000000 -0.000000
vn -0.004558 -0.999953 -0.008535
vn -0.000002 -1.000000 -0.000001
vn 0.000006 -1.000000 -0.000001
vn 0.000002 -1.000000 0.000008
vn 0.122834 -0.988486 -0.088356
vn -0.121337 -0.992520 0.013455
vn 0.313355 0.381816 0.869497
vn 0.103293 0.739734 0.664925
vn -0.016392 0.846511 0.532118
vn -0.236027 0.803000 0.547250
vn 0.053822 0.846002 0.530456
vn -0.914759 0.381969 0.131590
vn -0.983612 0.169766 0.060725
vn -0.874553 0.482176 -0.051615
vn -0.948128 0.293395 -0.122361
vn -0.774252 0.632781 -0.011040
vn 0.098828 -0.991420 0.085557
vn 0.075359 -0.991313 0.107794
vn 0.034484 -0.985651 0.165238
vn 0.008859 -0.990806 0.135003
vn 0.006157 -0.999662 0.025275
vn 0.007542 -0.999032 0.043342
vn 0.015862 -0.986613 0.162304
vn 0.040429 -0.982017 0.184413
vn -0.000000 -1.000000 0.000002
vn -0.000001 -1.000000 0.000005
vn 0.000000 -1.000000 -0.000005
vn 0.000000 -1.000000 -0.000004
vn 0.000000 -1.000000 -0.000002
vn 0.000000 -1.000000 -0.000001
vn 0.000000 -1.000000 0.000003
vn 0.000003 -1.000000 -0.000002
vn -0.000004 -1.000000 0.000004
vn -0.000001 -1.000000 -0.000001
vn -0.000003 -1.000000 -0.000004
vn 0.000005 -1.000000 -0.000008
vn 0.000001 -1.000000 -0.000016
vn -0.860982 -0.035539 -0.507392
vn -0.849011 -0.116085 -0.515465
vn -0.902059 -0.079461 -0.424236
vn -0.939883 -0.116921 -0.320857
vn -0.750836 -0.445156 -0.487935
vn -0.852697 -0.363710 -0.374997
vn -0.905707 -0.315149 -0.283507
vn -0.918745 -0.240110 -0.313457
vn -0.411402 -0.866695 -0.282116
vn -0.544363 -0.811179 -0.213676
vn -0.660145 -0.721631 -0.208463
vn -0.081568 -0.994623 -0.063813
vn -0.152460 -0.986859 -0.053533
vn 0.519379 -0.750881 -0.407950
vn 0.213085 -0.782437 -0.585139
vn 0.659017 -0.670914 -0.339958
vn 0.725767 -0.628967 -0.278679
vn 0.795352 -0.597200 -0.103765
vn 0.289425 -0.956863 -0.025404
vn 0.240788 -0.967078 -0.082353
vn 0.983558 -0.114290 -0.139826
vn 0.219463 -0.969401 -0.109990
vn 0.163428 -0.980164 -0.112115
vn 0.010065 -0.999941 0.004156
vn 0.000004 -1.000000 -0.000013
vn 0.378314 -0.925373 0.023744
vn 0.038951 -0.999161 0.012674
vn 0.897562 -0.437939 0.050914
vn 0.000004 -1.000000 -0.000011
vn 0.000003 -1.000000 0.000016
vn 0.071579 -0.997264 0.018470
vn -0.000003 -1.000000 -0.000000
vn 0.075610 -0.993843 0.080987
vn 0.007814 -0.998018 0.062435
vn 0.483410 -0.871491 0.082572
vn 0.467229 -0.871724 0.147627
vn 0.019090 -0.982172 0.187011
vn 0.044879 -0.979669 0.195537
vn 0.048966 -0.978673 0.199505
vn 0.049027 -0.977809 0.203683
vn 0.073400 -0.989652 0.123298
vn 0.071759 -0.988545 0.132774
vn 0.098039 -0.991547 0.084991
vn -0.942150 -0.172896 -0.287159
vn -0.947157 0.259753 -0.188208
vn -0.940293 0.291986 -0.174909
vn -0.859462 0.496393 -0.122144
vn -0.714745 0.692666 -0.096716
vn -0.583480 0.811855 0.021022
vn 0.788239 0.377809 0.485736
vn 0.848800 0.366081 0.381475
vn 0.843303 0.175560 0.507956
vn 0.914226 0.153210 0.375123
vn 0.971465 0.113324 0.208361
vn 0.982677 0.093290 0.160136
vn 0.983031 0.106306 0.149493
vn 0.860135 -0.152221 0.486823
vn 0.916511 -0.128610 0.378770
vn 0.971039 -0.033133 0.236614
vn 0.981846 0.063977 0.178564
vn 0.984104 0.086737 0.154968
vn 0.987607 0.064789 0.142951
vn 0.996538 -0.013732 0.082000
vn 0.657892 -0.660803 0.361272
vn 0.709074 -0.611836 0.350529
vn 0.824232 -0.475142 0.308029
vn 0.907726 -0.338389 0.248044
vn 0.943941 -0.272350 0.186552
vn 0.948484 -0.286658 0.134928
vn 0.253531 -0.957831 0.135212
vn 0.252084 -0.945230 0.207348
vn 0.326771 -0.908043 0.262065
vn 0.423400 -0.871270 0.248236
vn 0.107121 -0.991945 0.067605
vn 0.078350 -0.986659 0.142709
vn 0.095475 -0.992386 0.077811
vn -0.885883 0.379207 -0.267233
vn -0.829060 0.486676 -0.275327
vn -0.863250 0.484922 -0.140179
vn -0.890881 0.433202 -0.136629
vn -0.897124 0.313732 -0.311031
vn -0.826787 0.477674 -0.297069
vn -0.879420 0.432515 -0.198877
vn -0.894771 0.343670 -0.285088
vn -0.864429 0.487438 -0.123154
vn -0.902787 0.418567 0.098886
vn -0.890509 0.454692 0.015745
vn -0.828971 0.551991 0.090070
vn -0.879856 0.367244 0.301639
vn -0.910977 0.342468 0.229863
vn -0.738418 0.627743 0.246327
vn -0.915066 0.250726 -0.315897
vn -0.914512 0.368582 -0.166779
vn -0.901497 0.007676 -0.432718
vn -0.925124 0.375670 0.054935
vn -0.896973 0.282817 0.339785
vn -0.848375 0.254676 0.464111
vn -0.735610 0.598612 0.317083
vn -0.867103 0.317286 0.384007
vn -0.418267 -0.887543 -0.193183
vn -0.545082 -0.827219 -0.136364
vn -0.526640 -0.843795 -0.103244
vn -0.564818 -0.824866 -0.024034
vn -0.535249 -0.823344 0.188715
vn -0.044278 -0.998899 0.015470
vn -0.099457 -0.995006 0.008431
vn -0.119765 -0.992560 -0.021934
vn -0.093333 -0.994614 -0.045066
vn -0.030206 -0.999183 -0.026871
vn 0.000000 -1.000000 -0.000001
vn -0.000001 -1.000000 0.000001
vn -0.000001 -1.000000 -0.000001
vn -0.818233 0.452347 -0.354790
vn -0.809960 -0.236003 -0.536905
vn -0.652755 0.530244 -0.541066
vn -0.659066 -0.188473 -0.728086
vn -0.832886 0.406892 -0.375152
vn -0.609700 0.610528 -0.505492
vn -0.325603 -0.863620 -0.384893
vn -0.364076 -0.875560 -0.317558
vn -0.208500 -0.135412 -0.968603
vn -0.277999 -0.905625 -0.320249
vn -0.170345 0.558064 -0.812125
vn -0.132848 -0.985255 -0.107816
vn -0.000017 -1.000000 -0.000012
vn -0.000006 -1.000000 -0.000034
vn -0.139032 -0.322464 -0.936315
vn 0.000036 -1.000000 -0.000045
vn 0.000033 -1.000000 -0.000011
vn 0.000027 -1.000000 -0.000039
vn 0.000024 -1.000000 -0.000030
vn 0.000007 -1.000000 -0.000019
vn -0.384199 0.657880 0.647754
vn -0.090992 0.817173 0.569165
vn -0.652810 0.585477 0.480684
vn -0.783966 0.382047 0.489324
vn 0.225690 0.673677 0.703722
vn 0.400511 0.715631 0.572244
vn -0.652064 0.535941 0.536265
vn -0.257943 0.607558 0.751225
vn -0.755097 0.521586 0.397211
vn -0.871507 0.311152 0.379026
vn 0.214829 0.430034 -0.876881
vn 0.103631 0.439095 -0.892444
vn 0.231949 0.765490 -0.600187
vn 0.562831 0.720627 -0.404867
vn 0.166290 -0.212865 -0.962827
vn 0.605866 0.557337 -0.567716
vn 0.812996 -0.000343 -0.582269
vn 0.734077 0.655474 -0.177440
vn 0.192138 -0.975431 -0.107782
vn -0.218024 0.751718 -0.622404
vn -0.791726 0.512340 -0.332683
vn -0.531971 0.745801 -0.400983
vn -0.140151 0.889743 -0.434414
vn 0.613006 0.516039 0.598269
vn 0.715361 -0.235729 0.657792
vn 0.773027 -0.425604 0.470415
vn 0.762344 0.437883 0.476540
vn 0.410663 0.448011 0.794130
vn 0.492968 -0.086798 0.865707
vn 0.636903 0.629374 0.445245
vn -0.137392 0.226701 0.964225
vn -0.034748 -0.314426 0.948646
vn -0.627639 0.194273 0.753875
vn -0.570943 -0.280095 0.771732
vn 0.349524 -0.886140 0.304284
vn 0.209907 -0.969262 0.128335
vn 0.000001 -1.000000 -0.000072
vn 0.000000 -1.000000 -0.000018
vn 0.268210 -0.929227 0.254164
vn 0.000000 -1.000000 -0.000005
vn 0.225658 -0.961776 0.155132
vn 0.000158 -1.000000 -0.000105
vn 0.000004 -1.000000 -0.000031
vn 0.502968 -0.856337 -0.117088
vn 0.659990 -0.749087 -0.057285
vn 0.000000 -1.000000 -0.000012
vn 0.000001 -1.000000 -0.000012
vn -0.000003 -1.000000 -0.000008
vn 0.898607 0.434955 -0.057616
vn 0.892921 0.440196 -0.094439
vn 0.808965 0.580105 -0.095148
vn 0.802384 0.591018 -0.082934
vn 0.816188 -0.577787 -0.000425
vn 0.911123 -0.406535 -0.067710
vn 0.909147 0.414879 0.036436
vn 0.904998 -0.406761 0.124597
vn 0.793144 0.609016 -0.004648
vn 0.751948 0.649665 -0.111844
vn 0.717043 0.695949 -0.038772
vn 0.637892 0.769933 0.017259
vn 0.573101 0.808720 0.132392
vn 0.765853 0.614736 0.188600
vn 0.871272 0.400549 0.283630
vn -0.732306 0.673322 -0.101809
vn -0.755707 0.625354 -0.194523
vn -0.723644 0.688181 -0.052401
vn -0.763329 0.638820 0.096110
vn -0.775963 0.528835 0.343823
vn 0.420036 0.889496 -0.179907
vn 0.423547 0.905874 0.000150
vn 0.366850 0.927726 0.068894
vn 0.312025 0.940322 0.135774
vn 0.328640 0.874466 0.356798
vn 0.530535 0.772154 0.349731
vn -0.021113 0.999295 -0.031028
vn 0.046167 0.997463 0.054179
vn 0.079828 0.985901 0.147063
vn 0.039147 0.931784 0.360895
vn -0.339922 0.934192 0.108346
vn -0.410382 0.838007 0.359626
vn -0.374245 0.927125 -0.019506
vn -0.000011 -1.000000 0.000001
vn 0.000000 -1.000000 -0.000010
vn 0.121840 -0.992502 0.009788
vn 0.172161 -0.983130 0.061767
vn -0.000007 -1.000000 0.000010
vn 0.248537 -0.963771 0.096824
vn 0.000000 -1.000000 0.000005
vn -0.000005 -1.000000 0.000002
vn 0.857049 -0.405331 0.318079
vn -0.083584 0.972999 -0.215143
vn -0.459261 0.860554 -0.220288
vn 0.389059 0.846283 -0.363920
vn -0.423321 0.902349 -0.081029
vn 0.000394 -1.000000 -0.000085
vn 0.000272 -1.000000 -0.000210
vn -0.730188 -0.462868 0.502573
vn -0.619067 -0.684969 0.384154
vn -0.820664 0.267095 0.505145
vn 0.062926 -0.997251 0.039128
vn 0.000023 -1.000000 -0.000030
vn 0.719228 -0.692415 -0.057200
vn 0.115800 -0.993261 0.004772
vn 0.000020 -1.000000 -0.000020
vn 0.979878 0.163586 -0.114367
vn 0.931695 0.337248 -0.134935
vn 0.790575 0.600705 -0.118927
vn 0.000006 -1.000000 -0.000006
vn 0.716243 0.664208 -0.214066
vn -0.060369 0.991408 0.116043
vn -0.092800 0.994262 0.053213
vn -0.256167 0.966323 -0.024475
vn -0.256343 0.963900 0.072003
vn 0.387109 0.895962 0.217711
vn 0.344726 0.922065 0.175954
vn -0.072303 0.946764 0.313705
vn 0.412136 0.830890 0.373852
vn -0.398962 0.884895 0.240395
vn -0.098028 0.793243 0.600962
vn 0.417942 0.643355 0.641419
vn -0.519844 0.752556 0.404255
vn -0.596187 0.798809 -0.080406
vn -0.520464 0.852811 0.042786
vn -0.693750 0.701120 0.164751
vn -0.742332 0.608501 0.280481
vn 0.030270 -0.999459 0.012846
vn 0.014309 -0.999871 0.007291
vn 0.000018 -1.000000 0.000035
vn -0.000000 -1.000000 -0.000008
vn 0.626792 -0.554338 0.547579
vn 0.424569 -0.499054 0.755438
vn 0.090812 -0.995734 0.016338
vn 0.721129 -0.600734 0.345097
vn 0.000256 -0.999999 -0.001146
vn -0.000006 -1.000000 -0.000033
vn 0.000350 -0.999999 -0.001522
vn 0.000020 -1.000000 -0.000059
vn -0.021667 -0.551268 0.834047
vn 0.004462 -0.999986 0.002880
vn -0.056294 -0.998414 0.000709
vn 0.775262 0.119664 0.620201
vn 0.409337 0.238790 0.880580
vn 0.899971 0.134107 0.414810
vn -0.138754 0.067930 0.987994
vn -0.170032 0.651209 0.739605
vn -0.613205 0.605304 0.507530
vn -0.392745 0.564222 0.726227
vn -0.674262 0.514337 0.529932
vn 0.870783 0.406057 0.277226
vn 0.919600 0.219642 0.325721
vn 0.909883 0.282758 0.303580
vn 0.867028 0.407862 0.286200
vn 0.860028 0.401121 0.315365
vn 0.856744 0.434047 0.278556
vn 0.854769 0.438401 0.277804
vn 0.855257 0.432961 0.284747
vn 0.837623 -0.464187 0.287955
vn 0.862380 -0.412634 0.293315
vn 0.199207 -0.979053 0.042105
vn 0.195940 -0.978343 0.066729
vn 0.001107 -0.999991 -0.004017
vn 0.001321 -0.999992 -0.003751
vn 0.001986 -0.999995 -0.002645
vn 0.001800 -0.999990 -0.004204
vn 0.001294 -0.999996 -0.002347
vn 0.002191 -0.999997 -0.001273
vn 0.000221 -1.000000 -0.000962
vn -0.149870 -0.988694 0.004754
vn -0.253013 -0.967330 -0.016011
vn -0.294334 -0.954727 -0.043177
vn -0.762474 -0.573815 0.298947
vn -0.879596 -0.475564 0.012201
vn -0.938681 -0.328723 -0.104009
vn -0.433169 0.607415 -0.665891
vn -0.448474 0.772448 -0.449661
vn -0.128135 0.928171 -0.349400
vn 0.013158 0.764550 -0.644430
vn -0.658501 0.485553 -0.574992
vn -0.609004 0.718317 -0.336355
vn -0.370803 0.534755 -0.759304
vn -0.565057 0.473470 -0.675675
vn 0.078153 0.622668 -0.778574
vn 0.253255 0.921162 -0.295505
vn 0.441806 0.760090 -0.476519
vn 0.544006 0.603062 -0.583416
vn 0.708070 0.631755 -0.315471
vn 0.769170 0.531764 -0.354409
vn 0.576663 0.781852 -0.236997
vn 0.801287 0.536315 -0.265152
vn 0.848503 0.484106 -0.213738
vn 0.781051 0.598532 -0.178096
vn 0.776500 0.568324 0.272132
vn 0.762966 0.590007 0.264151
vn 0.780991 0.534415 0.323193
vn 0.727132 0.686400 -0.011605
vn 0.714315 0.676408 0.179517
vn 0.866483 0.431759 0.250581
vn 0.887438 0.444559 0.121743
vn 0.440952 0.892240 -0.097314
vn 0.337150 0.940042 0.051476
vn 0.906718 0.421683 0.006707
vn -0.287823 0.942539 -0.169642
vn -0.322728 0.941938 -0.092730
vn -0.088679 0.995501 -0.033362
vn 0.047767 0.988628 -0.142595
vn -0.598585 0.779721 -0.183664
vn -0.680049 0.074818 0.729340
vn -0.445227 -0.738674 0.506096
vn -0.738536 0.536442 0.408406
vn -0.778787 0.499614 0.379312
vn -0.882826 0.274680 0.381010
vn -0.861809 0.505944 -0.036130
vn -0.864984 0.474664 0.162781
vn -0.026238 -0.999646 -0.004422
vn -0.439084 -0.818355 -0.370811
vn -0.330488 -0.850611 -0.408949
vn -0.001108 -0.999992 -0.003775
vn -0.112869 -0.993306 -0.024574
vn -0.609901 -0.710030 -0.351963
vn 0.000102 -1.000000 0.000477
vn -0.000039 -0.999996 0.002769
vn -0.000066 -1.000000 0.000008
vn 0.000809 -0.999995 0.003023
vn -0.210556 -0.976194 -0.052076
vn -0.788265 -0.526887 -0.317851
vn -0.892132 0.153225 -0.424998
vn -0.833540 0.030237 -0.551632
vn -0.722012 -0.076050 -0.687688
vn -0.742373 0.399026 -0.538201
vn -0.623321 0.440591 -0.646026
vn -0.796283 0.449243 -0.405110
vn 0.001986 -0.999997 0.001275
vn -0.272238 -0.959371 -0.074122
vn -0.885741 -0.397694 -0.239379
vn -0.939894 0.228877 -0.253406
vn -0.835729 0.495212 -0.237325
vn -0.924339 -0.338721 -0.175686
vn -0.951255 0.265022 -0.157727
vn -0.294017 -0.953617 -0.064565
vn -0.852486 0.502679 -0.143460
vn -0.597658 0.793280 -0.116238
vn -0.958817 0.273695 -0.075907
vn -0.955517 0.283013 0.083015
vn 0.103958 -0.989510 -0.100314
vn 0.638224 -0.212970 -0.739807
vn 0.873986 -0.275346 -0.400416
vn 0.224287 -0.973367 -0.047450
vn -0.081499 -0.970498 -0.226917
vn 0.118764 -0.241504 -0.963105
vn -0.000488 -1.000000 0.000369
vn -0.002713 -0.999995 -0.001662
vn -0.000148 -1.000000 0.000181
vn -0.452348 -0.066799 -0.889337
vn -0.356199 0.467342 -0.809144
vn 0.135240 0.450551 -0.882448
vn 0.612835 0.408918 -0.676180
vn 0.838004 0.372507 -0.398732
vn 0.910783 0.360364 -0.201523
vn 0.964026 -0.213837 -0.157884
vn -0.000033 -1.000000 -0.000020
vn 0.344539 -0.938769 -0.002517
vn 0.000048 -1.000000 0.000872
vn -0.000108 -1.000000 0.000813
vn 0.768909 0.430962 0.472282
vn -0.295947 0.953561 -0.056001
vn -0.118119 0.992974 0.007086
vn 0.308130 0.942999 0.125731
vn 0.872995 0.400209 0.278770
vn 0.854948 0.434233 0.283735
vn 0.740382 0.625817 0.245331
vn 0.899857 0.378535 0.216724
vn -0.000267 -0.999992 0.004063
vn -0.000256 -0.999990 0.004404
vn 0.367278 -0.929292 0.039034
vn 0.327176 -0.944033 0.041916
vn 0.000135 -0.999988 0.004933
vn 0.000722 -0.999991 0.004203
vn 0.962970 -0.260756 0.068524
vn 0.939034 -0.304634 0.159413
vn 0.229351 -0.972184 0.047489
vn 0.001360 -0.999999 0.000270
vn 0.870499 -0.435143 0.229960
vn 0.921287 0.281727 0.268069
vn 0.939928 0.280206 0.194988
vn 0.947787 0.316404 0.039861
vn 0.001832 -0.999998 0.001019
vn -0.064780 -0.997109 0.039708
vn 0.041768 -0.986177 -0.160346
vn -0.025815 -0.999421 0.022167
vn -0.079981 -0.990304 0.113580
vn -0.027235 -0.999620 0.004216
vn 0.114939 -0.979224 -0.167064
vn -0.126857 -0.985522 0.112486
vn -0.137434 -0.982349 0.126898
vn -0.103345 -0.990582 0.089821
vn -0.130215 -0.990954 0.032465
vn -0.180140 -0.980028 0.084231
vn -0.101514 -0.994820 0.005389
vn 0.736168 -0.050793 0.674890
vn 0.476187 0.024355 0.879007
vn 0.444790 -0.288576 0.847871
vn 0.630764 -0.419756 0.652643
vn 0.781594 0.106925 0.614556
vn 0.529266 0.265653 0.805795
vn 0.848687 -0.029070 0.528096
vn 0.872430 0.054700 0.485668
vn 0.742990 -0.401212 0.535719
vn 0.288922 -0.832346 0.472994
vn 0.283188 -0.921846 0.264585
vn 0.282690 -0.930303 0.233714
vn 0.021888 -0.992305 -0.121870
vn 0.008902 -0.995345 -0.095968
vn -0.050362 -0.997140 -0.056354
vn -0.086014 -0.953439 -0.289058
vn -0.120566 -0.962554 -0.242805
vn -0.144892 -0.977572 -0.152835
vn -0.122188 -0.965848 -0.228492
vn -0.150856 -0.974245 -0.167602
vn -0.154820 -0.980906 -0.117707
vn 0.221974 -0.138983 0.965096
vn 0.046942 -0.802106 0.595334
vn 0.231912 0.113032 0.966147
vn -0.223687 -0.974639 0.006585
vn -0.283343 -0.944306 -0.167339
vn -0.396368 -0.460422 0.794295
vn -0.725690 -0.540946 0.425149
vn -0.300275 0.023023 0.953575
vn -0.648862 0.058768 -0.758633
vn -0.285649 0.221107 -0.932479
vn -0.172617 -0.321409 -0.931074
vn -0.443866 -0.414438 -0.794496
vn -0.712339 0.322974 -0.623106
vn -0.310349 0.595070 -0.741334
vn -0.782493 0.065684 -0.619185
vn -0.800426 0.243229 -0.547867
vn -0.658385 -0.455429 -0.599261
vn -0.085455 -0.871013 -0.483771
vn -0.259398 -0.928471 -0.265809
vn 0.039666 -0.819814 -0.571254
vn 0.298233 -0.710989 -0.636830
vn 0.332044 -0.912568 -0.238678
vn 0.189894 -0.961812 -0.197123
vn 0.302462 -0.093481 -0.948566
vn 0.145659 -0.952913 -0.265971
vn 0.318372 -0.897509 -0.305150
vn -0.733117 0.680082 -0.005269
vn -0.430727 0.899286 0.075889
vn -0.403833 0.914832 0.001344
vn -0.726448 0.683375 -0.072608
vn -0.747460 0.639978 0.178135
vn -0.521046 0.807296 0.277099
vn -0.900745 0.430092 -0.060661
vn -0.861626 0.499236 0.091454
vn -0.891200 0.440610 -0.107823
vn -0.387680 0.915268 -0.109488
vn -0.717969 0.665504 -0.204020
vn -0.846671 0.458451 -0.270131
vn -0.606193 0.657473 0.447504
vn -0.140634 0.739742 0.658030
vn -0.098052 0.904646 0.414731
vn -0.771399 0.553393 0.314165
vn -0.032807 0.982606 0.182784
vn -0.940173 0.026477 -0.339668
vn -0.990129 0.012091 -0.139634
vn -0.951311 0.283294 -0.121459
vn -0.901765 0.296025 -0.314943
vn -0.783675 -0.590533 -0.192677
vn -0.770438 -0.633880 -0.067983
vn -0.853518 0.054533 -0.518201
vn -0.786613 -0.485228 -0.381829
vn -0.817838 0.273328 -0.506392
vn -0.955903 0.274655 -0.103985
vn -0.992339 -0.019585 -0.121981
vn -0.778678 0.435921 -0.451257
vn -0.784855 0.402140 -0.471472
vn -0.838331 0.509813 0.193112
vn -0.240480 -0.969262 0.051959
vn -0.218849 -0.975495 -0.022691
vn -0.184224 -0.981607 -0.050085
vn -0.240068 -0.970145 0.034447
vn -0.201264 -0.979194 0.025919
vn -0.229262 -0.973340 0.006937
vn -0.189819 -0.981001 0.040080
vn -0.136653 -0.990618 0.001306
vn -0.247030 -0.966352 0.071692
vn -0.291676 -0.956379 -0.016288
vn -0.339895 -0.939020 0.052075
vn -0.232130 -0.968862 -0.086155
vn -0.358082 -0.932736 0.042206
vn -0.379517 -0.924199 -0.042685
vn -0.690810 -0.718221 -0.083311
vn -0.648873 -0.749376 -0.131908
vn -0.988421 -0.102447 -0.111932
vn 0.298471 0.431608 -0.851252
vn 0.760988 -0.424339 -0.490748
vn 0.759429 -0.562467 -0.326954
vn 0.815797 0.181663 -0.549067
vn -0.860106 0.383919 0.335894
vn -0.824357 0.387177 0.412951
vn -0.907079 0.158185 0.390108
vn -0.856942 0.199649 0.475175
vn -0.923498 0.359384 0.134141
vn -0.983196 0.145435 0.110340
vn -0.919440 0.393084 -0.010731
vn -0.899059 -0.008566 0.437744
vn -0.782212 0.072644 0.618762
vn -0.730731 0.236429 0.640417
vn -0.942291 -0.117712 0.313420
vn -0.683973 0.452948 0.571856
vn -0.769864 -0.606811 0.197712
vn -0.255583 0.213807 0.942849
vn -0.239978 0.490160 0.837946
vn 0.283509 0.381026 0.880024
vn 0.332972 0.625847 0.705298
vn 0.583808 0.468845 0.662837
vn 0.803530 0.235440 0.546724
vn 0.108774 -0.991491 -0.071503
vn 0.976325 0.106271 0.188405
vn 0.984091 -0.001439 0.177661
vn 0.998113 -0.043465 0.043379
vn 0.989507 0.103247 0.101078
vn 0.972830 0.098886 0.209341
vn 0.974207 0.011207 0.225379
vn 0.974963 0.121512 0.186229
vn 0.973078 0.120075 0.196725
vn 0.985368 0.112260 0.128250
vn 0.968639 0.072394 0.237691
vn 0.965183 -0.000759 0.261574
vn 0.969316 0.116017 0.216715
vn 0.928866 -0.253959 0.269654
vn 0.933547 -0.282698 0.220392
vn 0.901696 -0.413000 0.127965
vn 0.499933 -0.857715 0.119967
vn 0.413236 -0.909660 0.041886
vn 0.522133 -0.835286 0.172260
vn 0.958740 0.045579 0.280607
vn 0.958668 -0.000891 0.284527
vn 0.957026 0.111207 0.267832
vn 0.908579 -0.311811 0.277953
vn 0.472452 -0.863989 0.174103
vn 0.024599 -0.999075 0.035282
vn 0.033012 -0.999190 0.023014
vn 0.011412 -0.999828 0.014609
vn -0.107943 -0.993928 -0.021332
vn -0.099274 -0.995042 -0.006089
vn -0.138821 -0.990308 -0.004433
vn 0.932834 0.045913 0.357369
vn 0.936057 0.013319 0.351596
vn 0.927871 0.098589 0.359633
vn 0.885294 -0.321334 0.336153
vn 0.411189 -0.894934 0.173252
vn -0.025068 -0.998987 0.037372
vn -0.180782 -0.983443 0.012570
vn 0.893363 0.062744 0.444934
vn 0.889981 0.011978 0.455840
vn 0.891027 0.082484 0.446395
vn 0.831332 -0.338462 0.440830
vn 0.369523 -0.905897 0.206888
vn -0.071178 -0.997459 0.002996
vn 0.881098 0.072483 0.467347
vn 0.843927 -0.532400 -0.065861
vn 0.372157 -0.919869 -0.123855
vn 0.033557 -0.998823 0.035036
vn -0.082567 -0.994353 0.066675
vn 0.764596 -0.579133 -0.282839
vn 0.947237 0.097817 -0.305243
vn 0.988231 -0.037205 -0.148375
vn 0.937846 0.306143 0.163467
vn 0.767798 0.639424 0.040302
vn 0.738152 0.652594 0.171036
vn 0.908946 0.358154 0.213409
vn 0.956065 0.286151 0.063701
vn 0.817077 0.560122 -0.136564
vn 0.878250 0.402945 0.257512
vn 0.710774 0.662204 0.237249
vn 0.425154 0.884687 0.191242
vn 0.406046 0.868769 0.283491
vn 0.683563 0.649744 0.332527
vn 0.439052 0.896392 0.060954
vn 0.851168 0.381090 0.360948
vn 0.640719 0.583295 0.499245
vn 0.821162 0.314920 0.475940
vn 0.374347 0.787828 0.489072
vn 0.275640 0.714133 -0.643457
vn -0.325095 0.785451 -0.526668
vn 0.210661 0.884823 -0.415585
vn -0.712533 0.497923 -0.494338
vn 0.683576 0.599978 -0.415633
vn 0.749923 0.472450 -0.463041
vn 0.572877 0.772797 -0.273124
vn 0.850505 0.445932 -0.278902
vn 0.884526 0.362473 -0.293643
vn 0.960073 0.268802 -0.077498
vn 0.972588 0.205393 -0.109029
vn -0.706408 0.589575 -0.391651
vn -0.350542 0.882166 -0.314491
vn 0.121852 0.971751 -0.202119
vn 0.476953 0.873389 -0.098526
vn 0.040545 0.998587 -0.034360
vn -0.021233 0.995426 0.093141
vn -0.176481 -0.981574 -0.073254
vn -0.154608 -0.982713 -0.101836
vn -0.199920 -0.979223 -0.033968
vn -0.203516 -0.972454 -0.113643
vn -0.628060 -0.777063 -0.041408
vn -0.236857 -0.949583 -0.205406
vn -0.685344 -0.727493 0.032510
vn -0.191489 -0.981223 -0.023112
vn -0.969685 0.229425 -0.084110
vn -0.982493 -0.171986 0.071615
s 1
g pSphere9 group3
usemtl initialShadingGroup
f 1/1193/1 2/1194/2 199/1195/3 200/1196/4
f 1/1193/1 7/1197/5 8/1198/6 2/1194/2
f 1/700/1 464/701/7 289/695/8 7/694/5
f 1/1193/1 200/1196/4 201/1203/9 464/1204/7
f 2/1194/2 3/1199/10 198/1200/11 199/1195/3
f 2/1194/2 8/1198/6 9/1205/12 3/1199/10
f 3/1199/10 4/1206/13 197/1207/14 198/1200/11
f 3/13/10 9/14/12 10/6/15 4/5/13
f 4/5/13 10/6/15 11/2/16 5/1/17
f 4/5/13 5/1/17 196/12/18 197/16/14
f 5/1/17 11/2/16 442/3/19 6/4/20
f 5/1/17 6/4/20 195/11/21 196/12/18
f 6/4/20 442/3/19 179/9/22 178/10/23
f 6/4/20 178/10/23 465/22/24 195/11/21
f 7/694/5 12/683/25 13/678/26 8/688/6
f 7/694/5 289/695/8 290/684/27 12/683/25
f 8/688/6 13/678/26 14/679/28 9/689/12
f 9/1220/12 14/1221/28 15/1222/29 10/1223/15
f 10/6/15 15/15/29 191/7/30 11/2/16
f 11/2/16 191/7/30 181/8/31 442/3/19
f 12/683/25 290/684/27 291/673/32 293/672/33
f 12/683/25 293/672/33 16/666/34 13/678/26
f 13/678/26 16/666/34 17/667/35 14/679/28
f 14/679/28 17/667/35 192/677/36 15/687/29
f 15/15/29 192/25/36 443/17/37 191/7/30
f 16/666/34 18/655/38 194/656/39 17/667/35
f 16/666/34 293/672/33 294/662/40 18/655/38
f 17/667/35 194/656/39 193/676/41 192/677/36
f 18/655/38 294/662/40 450/652/42 211/644/43
f 18/655/38 211/644/43 238/645/44 194/656/39
f 19/927/45 20/928/46 66/929/47 67/930/48
f 19/927/45 143/931/49 23/932/50 20/928/46
f 19/927/45 253/938/51 414/939/52 143/931/49
f 19/927/45 67/930/48 379/937/53 253/938/51
f 20/928/46 21/933/54 62/934/55 66/929/47
f 20/544/46 23/536/50 24/539/56 21/545/54
f 21/545/54 24/539/56 25/543/57 22/551/58
f 21/545/54 22/551/58 55/561/59 62/562/55
f 22/551/58 25/543/57 75/550/60 74/560/61
f 22/551/58 74/560/61 462/571/62 55/561/59
f 23/536/50 26/537/63 27/538/64 24/539/56
f 23/257/50 143/253/49 411/251/65 26/254/63
f 24/539/56 27/538/64 78/542/66 25/543/57
f 25/543/57 78/542/66 76/549/67 75/550/60
f 26/254/63 411/251/65 412/247/68 144/255/69
f 26/537/63 144/540/69 28/541/70 27/538/64
f 27/538/64 28/541/70 79/548/71 78/542/66
f 28/541/70 463/547/72 299/556/73 79/548/71
f 28/541/70 144/540/69 145/546/74 463/547/72
f 29/639/75 104/649/76 444/638/77 107/631/78
f 29/639/75 337/651/79 105/659/80 104/649/76
f 29/639/75 30/640/81 338/650/82 337/651/79
f 29/639/75 107/631/78 31/630/83 30/640/81
f 30/640/81 342/643/84 339/654/85 338/650/82
f 30/640/81 31/630/83 32/636/86 342/643/84
f 31/630/83 33/621/87 34/627/88 32/636/86
f 31/630/83 107/631/78 106/622/89 33/621/87
f 32/636/86 34/627/88 35/617/90 345/626/91
f 32/636/86 345/626/91 343/633/92 342/643/84
f 33/621/87 37/612/93 38/618/94 34/627/88
f 33/621/87 106/622/89 445/613/95 37/612/93
f 34/627/88 38/618/94 39/608/96 35/617/90
f 35/617/90 39/608/96 40/597/97 36/607/98
f 35/617/90 36/607/98 346/616/99 345/626/91
f 36/607/98 336/596/100 334/606/101 346/616/99
f 36/607/98 40/597/97 302/587/102 336/596/100
f 37/612/93 445/613/95 112/603/103 108/602/104
f 37/612/93 108/602/104 41/609/105 38/618/94
f 38/618/94 41/609/105 42/598/106 39/608/96
f 39/608/96 42/598/106 298/588/107 40/597/97
f 40/597/97 298/588/107 301/576/108 302/587/102
f 41/609/105 43/599/109 44/589/110 42/598/106
f 41/609/105 108/602/104 446/593/111 43/599/109
f 42/598/106 44/589/110 297/577/112 298/588/107
f 43/599/109 45/590/113 295/578/114 44/589/110
f 43/599/109 446/593/111 117/581/115 45/590/113
f 44/589/110 295/578/114 296/566/116 297/577/112
f 45/590/113 117/581/115 120/568/117 460/579/118
f 45/590/113 460/579/118 73/567/119 295/578/114
f 46/1002/120 347/1008/121 348/1003/122 349/996/123
f 46/669/120 424/657/124 457/668/125 347/681/121
f 46/669/120 47/658/126 425/646/127 424/657/124
f 46/1002/120 349/996/123 350/988/128 47/995/126
f 47/995/126 350/988/128 351/979/129 48/987/130
f 47/658/126 48/647/130 426/637/131 425/646/127
f 48/987/130 351/979/129 56/969/132 49/980/133
f 48/647/130 49/648/133 427/628/134 426/637/131
f 49/980/133 56/969/132 57/963/135 50/970/136
f 49/980/133 50/970/136 428/981/137 427/989/134
f 50/970/136 57/963/135 58/956/138 51/964/139
f 50/970/136 51/964/139 429/972/140 428/981/137
f 51/964/139 58/956/138 59/951/141 52/957/142
f 51/964/139 52/957/142 430/971/143 429/972/140
f 52/957/142 59/951/141 60/946/144 53/958/145
f 52/604/142 53/584/145 431/594/146 430/600/143
f 53/584/145 60/585/144 61/573/147 54/572/148
f 53/584/145 54/572/148 432/583/149 431/594/146
f 54/572/148 61/573/147 62/562/55 55/561/59
f 54/572/148 55/561/59 462/571/62 432/583/149
f 56/969/132 356/965/150 357/959/151 57/963/135
f 56/969/132 351/979/129 355/973/152 356/965/150
f 57/963/135 357/959/151 358/952/153 58/956/138
f 58/956/138 358/952/153 63/947/154 59/951/141
f 59/951/141 63/947/154 64/941/155 60/946/144
f 60/946/144 64/941/155 65/935/156 61/940/147
f 61/940/147 65/935/156 66/929/47 62/934/55
f 63/947/154 366/948/157 367/942/158 64/941/155
f 63/947/154 358/952/153 365/953/159 366/948/157
f 64/941/155 367/942/158 368/936/160 65/935/156
f 65/935/156 368/936/160 67/930/48 66/929/47
f 67/930/48 368/936/160 378/943/161 379/937/53
f 68/664/162 303/663/163 291/673/32 304/675/164
f 68/664/162 447/653/165 455/641/166 303/663/163
f 68/664/162 69/674/167 448/665/168 447/653/165
f 68/664/162 304/675/164 71/685/169 69/674/167
f 69/674/167 71/685/169 102/682/170 70/671/171
f 69/674/167 70/671/171 449/660/172 448/665/168
f 70/671/171 102/682/170 101/680/173 103/670/174
f 70/671/171 103/670/174 459/661/175 449/660/172
f 71/685/169 286/696/176 287/693/177 102/682/170
f 71/685/169 304/675/164 292/686/178 286/696/176
f 72/558/179 76/549/67 77/557/180 73/567/119
f 72/558/179 423/559/181 75/550/60 76/549/67
f 72/558/179 120/568/117 119/569/182 423/559/181
f 72/558/179 73/567/119 460/579/118 120/568/117
f 73/567/119 77/557/180 296/566/116 295/578/114
f 74/560/61 121/570/183 432/583/149 462/571/62
f 74/560/61 75/550/60 423/559/181 121/570/183
f 76/549/67 78/542/66 79/548/71 77/557/180
f 77/557/180 79/548/71 299/556/73 296/566/116
f 80/563/184 81/575/185 301/576/108 300/565/186
f 80/563/184 327/564/187 83/574/188 81/575/185
f 80/563/184 463/547/72 326/555/189 327/564/187
f 80/563/184 300/565/186 299/556/73 463/547/72
f 81/170/185 83/171/188 84/155/190 82/154/191
f 81/575/185 82/586/191 302/587/102 301/576/108
f 82/154/191 84/155/190 325/139/192 324/138/193
f 82/586/191 324/595/193 336/596/100 302/587/102
f 83/171/188 327/188/187 240/186/194 241/172/195
f 83/171/188 241/172/195 242/156/196 84/155/190
f 84/155/190 242/156/196 89/140/197 325/139/192
f 85/76/198 305/61/199 451/47/200 214/75/201
f 85/76/198 87/92/202 306/77/203 305/61/199
f 85/76/198 458/93/204 86/109/205 87/92/202
f 85/76/198 214/75/201 330/91/206 458/93/204
f 86/109/205 333/108/207 323/122/208 88/124/209
f 86/109/205 458/93/204 330/91/206 333/108/207
f 86/109/205 88/124/209 307/110/210 87/92/202
f 87/92/202 307/110/210 308/94/211 306/77/203
f 88/124/209 323/122/208 325/139/192 89/140/197
f 88/124/209 89/140/197 310/125/212 307/110/210
f 89/140/197 242/156/196 313/141/213 310/125/212
f 90/219/214 413/234/215 412/247/68 416/235/216
f 90/219/214 435/202/217 434/218/218 413/234/215
f 90/219/214 91/204/219 436/189/220 435/202/217
f 90/219/214 416/235/216 441/221/221 91/204/219
f 91/204/219 441/221/221 96/209/222 92/194/223
f 91/204/219 92/194/223 437/179/224 436/189/220
f 92/194/223 96/209/222 97/210/225 93/195/226
f 92/194/223 93/195/226 438/180/227 437/179/224
f 93/195/226 97/210/225 98/222/228 94/205/229
f 93/195/226 94/205/229 439/190/230 438/180/227
f 94/205/229 98/222/228 422/239/231 95/223/232
f 94/205/229 95/223/232 440/206/233 439/190/230
f 95/223/232 422/239/231 235/228/234 234/240/235
f 95/223/232 234/240/235 453/224/236 440/206/233
f 96/209/222 420/226/237 99/227/238 97/210/225
f 96/209/222 441/221/221 418/237/239 420/226/237
f 97/210/225 99/227/238 100/238/240 98/222/228
f 98/222/228 100/238/240 237/230/241 422/239/231
f 99/227/238 420/226/237 419/241/242 421/242/243
f 99/227/238 421/242/243 461/244/244 100/238/240
f 100/238/240 461/244/244 274/231/245 237/230/241
f 101/680/173 457/668/125 105/659/80 103/670/174
f 101/680/173 454/690/246 288/691/247 457/668/125
f 101/680/173 102/682/170 287/693/177 454/690/246
f 103/670/174 105/659/80 337/651/79 459/661/175
f 104/649/76 424/657/124 425/646/127 444/638/77
f 104/649/76 105/659/80 457/668/125 424/657/124
f 106/622/89 109/629/248 110/620/249 445/613/95
f 106/622/89 107/631/78 444/638/77 109/629/248
f 108/602/104 112/603/103 114/592/250 446/593/111
f 109/629/248 426/637/131 427/628/134 110/620/249
f 109/629/248 444/638/77 425/646/127 426/637/131
f 110/620/249 111/611/251 112/603/103 445/613/95
f 110/620/249 427/628/134 428/619/137 111/611/251
f 111/611/251 113/601/252 114/592/250 112/603/103
f 111/611/251 428/619/137 429/610/140 113/601/252
f 113/601/252 115/591/253 116/580/254 114/592/250
f 113/601/252 429/610/140 430/600/143 115/591/253
f 114/592/250 116/580/254 117/581/115 446/593/111
f 115/591/253 118/582/255 119/569/182 116/580/254
f 115/591/253 430/600/143 431/594/146 118/582/255
f 116/580/254 119/569/182 120/568/117 117/581/115
f 118/582/255 121/570/183 423/559/181 119/569/182
f 118/582/255 431/594/146 432/583/149 121/570/183
f 122/20/256 180/21/257 126/32/258 127/33/259
f 122/20/256 178/10/23 179/9/22 180/21/257
f 122/20/256 123/31/260 465/22/24 178/10/23
f 122/20/256 127/33/259 128/42/261 123/31/260
f 123/31/260 128/42/261 129/34/262 124/23/263
f 123/31/260 124/23/263 195/11/21 465/22/24
f 124/23/263 129/34/262 130/35/264 125/24/265
f 124/23/263 125/24/265 196/12/18 195/11/21
f 125/24/265 202/26/266 197/16/14 196/12/18
f 125/1218/265 130/1219/264 131/1215/267 202/1212/266
f 126/32/258 134/43/268 135/44/269 127/33/259
f 126/32/258 184/41/270 133/53/271 134/43/268
f 126/32/258 180/21/257 183/30/272 184/41/270
f 127/33/259 135/44/269 136/54/273 128/42/261
f 128/42/261 136/54/273 137/45/274 129/34/262
f 129/34/262 137/45/274 138/46/275 130/35/264
f 130/1018/264 138/1016/275 139/1010/276 131/1017/267
f 131/1017/267 139/1010/276 140/1004/277 132/1011/278
f 131/1215/267 132/1213/278 203/1208/279 202/1212/266
f 132/1213/278 207/1209/280 204/1201/281 203/1208/279
f 132/1011/278 140/1004/277 141/1005/282 207/1012/280
f 133/53/271 410/68/283 407/55/284 134/43/268
f 133/53/271 456/67/285 216/83/286 410/68/283
f 133/53/271 184/41/270 188/52/287 456/67/285
f 134/43/268 407/55/284 403/56/288 135/44/269
f 135/44/269 403/56/288 397/69/289 136/54/273
f 136/54/273 397/69/289 389/57/290 137/45/274
f 137/45/274 389/57/290 380/58/291 138/46/275
f 138/1016/275 380/1013/291 369/1006/292 139/1010/276
f 139/1010/276 369/1006/292 359/998/293 140/1004/277
f 140/1004/277 359/998/293 352/997/294 141/1005/282
f 141/1005/282 352/997/294 348/1003/122 142/1009/295
f 141/1005/282 142/1009/295 208/1015/296 207/1012/280
f 142/1216/295 210/1217/297 209/1214/298 208/1210/296
f 142/1009/295 348/1003/122 347/1008/121 210/1014/297
f 143/253/49 414/252/52 415/248/299 411/251/65
f 144/540/69 412/552/68 413/553/215 145/546/74
f 145/236/74 413/234/215 434/218/218 452/220/300
f 145/546/74 452/554/300 326/555/189 463/547/72
f 146/51/301 433/39/302 149/48/303 150/63/304
f 146/51/301 187/40/305 186/29/306 433/39/302
f 146/51/301 147/66/307 188/52/287 187/40/305
f 146/51/301 150/63/304 151/80/308 147/66/307
f 147/66/307 151/80/308 217/98/309 216/83/286
f 147/66/307 216/83/286 456/67/285 188/52/287
f 148/37/310 153/50/311 154/62/312 149/48/303
f 148/37/310 215/38/313 152/49/314 153/50/311
f 148/37/310 190/28/315 189/27/316 215/38/313
f 148/37/310 149/48/303 433/39/302 190/28/315
f 149/48/303 154/62/312 155/79/317 150/63/304
f 150/63/304 155/79/317 156/97/318 151/80/308
f 151/80/308 156/97/318 218/115/319 217/98/309
f 152/49/314 157/64/320 158/65/321 153/50/311
f 152/49/314 305/61/199 306/77/203 157/64/320
f 152/49/314 215/38/313 451/47/200 305/61/199
f 153/50/311 158/65/321 159/78/322 154/62/312
f 154/62/312 159/78/322 160/96/323 155/79/317
f 155/79/317 160/96/323 161/114/324 156/97/318
f 156/97/318 161/114/324 219/130/325 218/115/319
f 157/64/320 306/77/203 308/94/211 309/81/326
f 157/64/320 309/81/326 162/82/327 158/65/321
f 158/65/321 162/82/327 163/95/328 159/78/322
f 159/78/322 163/95/328 164/113/329 160/96/323
f 160/96/323 164/113/329 165/129/330 161/114/324
f 161/114/324 165/129/330 220/146/331 219/130/325
f 162/82/327 166/100/332 167/112/333 163/95/328
f 162/82/327 309/81/326 312/99/334 166/100/332
f 163/95/328 167/112/333 168/128/335 164/113/329
f 164/113/329 168/128/335 169/145/336 165/129/330
f 165/129/330 169/145/336 222/162/337 220/146/331
f 166/100/332 312/99/334 315/116/338 316/117/339
f 166/100/332 316/117/339 170/127/340 167/112/333
f 167/112/333 170/127/340 171/144/341 168/128/335
f 168/128/335 171/144/341 172/161/342 169/145/336
f 169/145/336 172/161/342 224/178/343 222/162/337
f 170/127/340 316/117/339 318/132/344 319/143/345
f 170/127/340 319/143/345 173/160/346 171/144/341
f 171/144/341 173/160/346 174/177/347 172/161/342
f 172/161/342 174/177/347 226/193/348 224/178/343
f 173/160/346 175/176/349 176/192/350 174/177/347
f 173/160/346 319/143/345 321/159/351 175/176/349
f 174/177/347 176/192/350 228/208/352 226/193/348
f 175/176/349 321/159/351 252/175/353 322/191/354
f 175/176/349 322/191/354 177/207/355 176/192/350
f 176/192/350 177/207/355 231/225/356 228/208/352
f 177/207/355 453/224/236 234/240/235 231/225/356
f 177/207/355 322/191/354 440/206/233 453/224/236
f 179/9/22 182/19/357 183/30/272 180/21/257
f 179/9/22 442/3/19 181/8/31 182/19/357
f 181/8/31 191/7/30 443/17/37 185/18/358
f 181/8/31 185/18/358 186/29/306 182/19/357
f 182/19/357 186/29/306 187/40/305 183/30/272
f 183/30/272 187/40/305 188/52/287 184/41/270
f 185/18/358 190/28/315 433/39/302 186/29/306
f 185/18/358 443/17/37 189/27/316 190/28/315
f 189/27/316 193/36/41 451/47/200 215/38/313
f 189/27/316 443/17/37 192/25/36 193/36/41
f 193/36/41 194/59/39 238/60/44 451/47/200
f 197/1207/14 202/1212/266 203/1208/279 198/1200/11
f 198/1200/11 203/1208/279 204/1201/281 199/1195/3
f 199/1195/3 204/1201/281 205/1202/359 200/1196/4
f 200/1196/4 205/1202/359 206/1211/360 201/1203/9
f 201/703/9 206/704/360 284/702/361 283/697/362
f 201/703/9 283/697/362 289/695/8 464/701/7
f 204/1201/281 207/1209/280 208/1210/296 205/1202/359
f 205/1202/359 208/1210/296 209/1214/298 206/1211/360
f 206/704/360 209/699/298 285/698/363 284/702/361
f 209/699/298 210/692/297 288/691/247 285/698/363
f 210/692/297 347/681/121 457/668/125 288/691/247
f 211/644/43 212/634/364 213/635/365 238/645/44
f 211/644/43 450/652/42 455/641/166 212/634/364
f 212/634/364 328/624/366 329/625/367 213/635/365
f 212/634/364 455/641/166 341/632/368 328/624/366
f 213/74/365 329/90/367 330/91/206 214/75/201
f 213/74/365 214/75/201 451/47/200 238/60/44
f 216/83/286 217/98/309 280/84/369 410/68/283
f 217/98/309 218/115/319 281/101/370 280/84/369
f 218/115/319 219/130/325 282/118/371 281/101/370
f 219/130/325 220/146/331 221/133/372 282/118/371
f 220/146/331 222/162/337 223/149/373 221/133/372
f 221/133/372 223/149/373 277/135/374 276/121/375
f 221/133/372 276/121/375 275/103/376 282/118/371
f 222/162/337 224/178/343 225/165/377 223/149/373
f 223/149/373 225/165/377 278/151/378 277/135/374
f 224/178/343 226/193/348 227/181/379 225/165/377
f 225/165/377 227/181/379 279/167/380 278/151/378
f 226/193/348 228/208/352 229/196/381 227/181/379
f 227/181/379 229/196/381 230/183/382 279/167/380
f 228/208/352 231/225/356 232/211/383 229/196/381
f 229/196/381 232/211/383 233/198/384 230/183/382
f 230/183/382 271/184/385 270/168/386 279/167/380
f 230/183/382 233/198/384 272/199/387 271/184/385
f 231/225/356 234/240/235 235/228/234 232/211/383
f 232/211/383 235/228/234 236/213/388 233/198/384
f 233/198/384 236/213/388 273/214/389 272/199/387
f 235/228/234 422/239/231 237/230/241 236/213/388
f 236/213/388 237/230/241 274/231/245 273/214/389
f 239/201/390 243/187/391 244/173/392 240/186/194
f 239/201/390 434/218/218 435/202/217 243/187/391
f 239/201/390 326/203/189 452/220/300 434/218/218
f 239/201/390 240/186/194 327/188/187 326/203/189
f 240/186/194 244/173/392 245/157/393 241/172/195
f 241/172/195 245/157/393 313/141/213 242/156/196
f 243/187/391 246/174/394 247/158/395 244/173/392
f 243/187/391 435/202/217 436/189/220 246/174/394
f 244/173/392 247/158/395 248/142/396 245/157/393
f 245/157/393 248/142/396 314/126/397 313/141/213
f 246/174/394 249/163/398 250/147/399 247/158/395
f 246/174/394 436/189/220 437/179/224 249/163/398
f 247/158/395 250/147/399 317/131/400 248/142/396
f 248/142/396 317/131/400 315/116/338 314/126/397
f 249/163/398 251/164/401 320/148/402 250/147/399
f 249/163/398 437/179/224 438/180/227 251/164/401
f 250/147/399 320/148/402 318/132/344 317/131/400
f 251/164/401 252/175/353 321/159/351 320/148/402
f 251/164/401 438/180/227 439/190/230 252/175/353
f 252/175/353 439/190/230 440/206/233 322/191/354
f 253/256/51 256/250/403 417/249/404 414/252/52
f 253/938/51 379/937/53 255/944/405 256/945/403
f 254/232/406 388/215/407 257/200/408 258/217/409
f 254/950/406 378/943/161 377/949/410 388/955/407
f 254/950/406 255/944/405 379/937/53 378/943/161
f 254/232/406 258/217/409 259/233/411 255/245/405
f 255/245/405 259/233/411 260/246/412 256/250/403
f 256/250/403 260/246/412 419/241/242 417/249/404
f 257/200/408 263/197/413 264/212/414 258/217/409
f 257/200/408 396/185/415 262/182/416 263/197/413
f 257/200/408 388/215/407 387/216/417 396/185/415
f 258/217/409 264/212/414 265/229/418 259/233/411
f 259/233/411 265/229/418 266/243/419 260/246/412
f 260/246/412 266/243/419 421/242/243 419/241/242
f 261/166/420 269/152/421 270/168/386 262/182/416
f 261/166/420 402/150/422 268/136/423 269/152/421
f 261/166/420 395/169/424 394/153/425 402/150/422
f 261/166/420 262/182/416 396/185/415 395/169/424
f 262/182/416 270/168/386 271/184/385 263/197/413
f 263/197/413 271/184/385 272/199/387 264/212/414
f 264/212/414 272/199/387 273/214/389 265/229/418
f 265/229/418 273/214/389 274/231/245 266/243/419
f 266/243/419 274/231/245 461/244/244 421/242/243
f 267/120/426 406/104/427 275/103/376 276/121/375
f 267/120/426 401/134/428 400/119/429 406/104/427
f 267/120/426 268/136/423 402/150/422 401/134/428
f 267/120/426 276/121/375 277/135/374 268/136/423
f 268/136/423 277/135/374 278/151/378 269/152/421
f 269/152/421 278/151/378 279/167/380 270/168/386
f 275/103/376 409/86/430 281/101/370 282/118/371
f 275/103/376 406/104/427 405/87/431 409/86/430
f 280/84/369 408/70/432 407/55/284 410/68/283
f 280/84/369 281/101/370 409/86/430 408/70/432
f 283/697/362 292/686/178 290/684/27 289/695/8
f 283/697/362 284/702/361 286/696/176 292/686/178
f 284/702/361 285/698/363 287/693/177 286/696/176
f 285/698/363 288/691/247 454/690/246 287/693/177
f 290/684/27 292/686/178 304/675/164 291/673/32
f 291/673/32 303/663/163 294/662/40 293/672/33
f 294/662/40 303/663/163 455/641/166 450/652/42
f 296/566/116 299/556/73 300/565/186 297/577/112
f 297/577/112 300/565/186 301/576/108 298/588/107
f 307/110/210 310/125/212 311/111/433 308/94/211
f 308/94/211 311/111/433 312/99/334 309/81/326
f 310/125/212 313/141/213 314/126/397 311/111/433
f 311/111/433 314/126/397 315/116/338 312/99/334
f 315/116/338 317/131/400 318/132/344 316/117/339
f 318/132/344 320/148/402 321/159/351 319/143/345
f 323/122/208 335/123/434 324/138/193 325/139/192
f 323/122/208 333/108/207 332/107/435 335/123/434
f 324/595/193 335/605/434 334/606/101 336/596/100
f 328/624/366 331/614/436 332/615/435 329/625/367
f 328/624/366 341/632/368 344/623/437 331/614/436
f 329/90/367 332/107/435 333/108/207 330/91/206
f 331/614/436 334/606/101 335/605/434 332/615/435
f 331/614/436 344/623/437 346/616/99 334/606/101
f 337/651/79 338/650/82 449/660/172 459/661/175
f 338/650/82 339/654/85 448/665/168 449/660/172
f 339/654/85 342/643/84 343/633/92 340/642/438
f 339/654/85 340/642/438 447/653/165 448/665/168
f 340/642/438 343/633/92 344/623/437 341/632/368
f 340/642/438 341/632/368 455/641/166 447/653/165
f 343/633/92 345/626/91 346/616/99 344/623/437
f 348/1003/122 352/997/294 353/990/439 349/996/123
f 349/996/123 353/990/439 354/982/440 350/988/128
f 350/988/128 354/982/440 355/973/152 351/979/129
f 352/997/294 359/998/293 360/991/441 353/990/439
f 353/990/439 360/991/441 361/983/442 354/982/440
f 354/982/440 361/983/442 362/974/443 355/973/152
f 355/973/152 362/974/443 363/966/444 356/965/150
f 356/965/150 363/966/444 364/960/445 357/959/151
f 357/959/151 364/960/445 365/953/159 358/952/153
f 359/998/293 369/1006/292 370/999/446 360/991/441
f 360/991/441 370/999/446 371/992/447 361/983/442
f 361/983/442 371/992/447 372/984/448 362/974/443
f 362/974/443 372/984/448 373/975/449 363/966/444
f 363/966/444 373/975/449 374/967/450 364/960/445
f 364/960/445 374/967/450 375/961/451 365/953/159
f 365/953/159 375/961/451 376/954/452 366/948/157
f 366/948/157 376/954/452 377/949/410 367/942/158
f 367/942/158 377/949/410 378/943/161 368/936/160
f 369/1006/292 380/1013/291 381/1007/453 370/999/446
f 370/999/446 381/1007/453 382/1000/454 371/992/447
f 371/992/447 382/1000/454 383/993/455 372/984/448
f 372/984/448 383/993/455 384/985/456 373/975/449
f 373/975/449 384/985/456 385/976/457 374/967/450
f 374/967/450 385/976/457 386/968/458 375/961/451
f 375/961/451 386/968/458 387/962/417 376/954/452
f 376/954/452 387/962/417 388/955/407 377/949/410
f 380/58/291 389/57/290 390/72/459 381/73/453
f 381/73/453 390/72/459 391/88/460 382/89/454
f 382/89/454 391/88/460 392/105/461 383/106/455
f 383/993/455 392/1001/461 393/994/462 384/985/456
f 384/985/456 393/994/462 394/986/425 385/976/457
f 385/976/457 394/986/425 395/977/424 386/968/458
f 386/968/458 395/977/424 396/978/415 387/962/417
f 389/57/290 397/69/289 398/85/463 390/72/459
f 390/72/459 398/85/463 399/102/464 391/88/460
f 391/88/460 399/102/464 400/119/429 392/105/461
f 392/105/461 400/119/429 401/134/428 393/137/462
f 393/137/462 401/134/428 402/150/422 394/153/425
f 397/69/289 403/56/288 404/71/465 398/85/463
f 398/85/463 404/71/465 405/87/431 399/102/464
f 399/102/464 405/87/431 406/104/427 400/119/429
f 403/56/288 407/55/284 408/70/432 404/71/465
f 404/71/465 408/70/432 409/86/430 405/87/431
f 411/251/65 415/248/299 416/235/216 412/247/68
f 414/252/52 417/249/404 418/237/239 415/248/299
f 415/248/299 418/237/239 441/221/221 416/235/216
f 417/249/404 419/241/242 420/226/237 418/237/239
s 13
f 466/705/466 469/706/467 470/707/468 467/708/469
f 466/705/466 585/709/470 586/710/471 469/706/467
f 466/705/466 511/716/472 625/717/473 585/709/470
f 466/705/466 467/708/469 512/715/474 511/716/472
f 467/708/469 468/714/475 513/724/476 512/715/474
f 467/708/469 470/707/468 471/713/477 468/714/475
f 468/714/475 515/723/478 514/734/479 513/724/476
f 468/714/475 471/713/477 472/722/480 515/723/478
f 469/706/467 473/711/481 474/712/482 470/707/468
f 469/706/467 586/710/471 587/720/483 473/711/481
f 470/707/468 474/712/482 475/721/484 471/713/477
f 471/713/477 475/721/484 556/731/485 472/722/480
f 472/722/480 556/731/485 547/742/486 555/732/487
f 472/722/480 555/732/487 543/733/488 515/723/478
f 473/268/481 587/276/483 589/277/489 476/269/490
f 473/268/481 476/269/490 477/263/491 474/262/482
f 474/262/482 477/263/491 478/259/492 475/258/484
f 475/258/484 478/259/492 557/260/493 556/261/485
f 476/269/490 589/277/489 591/286/494 592/278/495
f 476/269/490 592/278/495 479/270/496 477/263/491
f 477/263/491 479/270/496 558/264/497 478/259/492
f 478/259/492 558/264/497 559/265/498 557/260/493
f 479/270/496 561/279/499 562/271/500 558/264/497
f 479/270/496 592/278/495 595/287/501 561/279/499
f 480/718/502 619/728/503 587/720/483 586/710/471
f 480/718/502 492/730/504 481/739/505 619/728/503
f 480/718/502 494/719/506 493/729/507 492/730/504
f 480/718/502 586/710/471 585/709/470 494/719/506
f 481/295/505 483/296/508 588/285/509 619/284/503
f 481/295/505 490/308/510 482/309/511 483/296/508
f 481/739/505 492/730/504 491/740/512 490/751/510
f 482/309/511 509/320/513 503/328/514 504/321/515
f 482/309/511 490/308/510 488/319/516 509/320/513
f 482/309/511 504/321/515 484/310/517 483/296/508
f 483/296/508 484/310/517 590/297/518 588/285/509
f 484/310/517 628/322/519 593/311/520 590/297/518
f 484/310/517 504/321/515 575/329/521 628/322/519
f 485/756/522 540/768/523 541/755/524 486/743/525
f 485/756/522 615/771/526 621/780/527 540/768/523
f 485/756/522 549/757/528 623/770/529 615/771/526
f 485/756/522 486/743/525 550/744/530 549/757/528
f 486/743/525 541/755/524 542/745/531 543/733/488
f 486/743/525 543/733/488 555/732/487 550/744/530
f 487/765/532 489/752/533 609/753/534 606/766/535
f 487/765/532 510/776/536 488/764/516 489/752/533
f 487/765/532 624/778/537 581/785/538 510/776/536
f 487/765/532 606/766/535 603/777/539 624/778/537
f 488/764/516 490/751/510 491/740/512 489/752/533
f 488/319/516 510/326/536 629/327/540 509/320/513
f 489/752/533 491/740/512 620/741/541 609/753/534
f 491/740/512 492/730/504 493/729/507 620/741/541
f 493/729/507 494/719/506 614/727/542 613/738/543
f 493/729/507 613/738/543 612/750/544 620/741/541
f 494/719/506 585/709/470 625/717/473 614/727/542
f 495/1052/545 499/1054/546 527/1049/547 574/1048/548
f 495/1224/545 496/1225/549 500/1226/550 499/1227/546
f 495/1224/545 621/1228/527 615/1229/526 496/1225/549
f 495/1052/545 574/1048/548 570/1047/551 621/1053/527
f 496/1225/549 615/1229/526 623/1234/529 497/1230/552
f 496/1225/549 497/1230/552 501/1231/553 500/1226/550
f 497/779/552 623/770/529 549/757/528 548/767/554
f 497/1230/552 548/1235/554 552/1236/555 501/1231/553
f 498/316/556 502/307/557 622/317/558 505/304/559
f 498/316/556 500/318/550 501/306/553 502/307/557
f 498/1232/556 526/1233/560 499/1227/546 500/1226/550
f 498/316/556 505/304/559 566/291/561 526/303/560
f 499/315/546 526/303/560 525/290/562 527/302/547
f 501/306/553 552/294/555 551/293/563 502/307/557
f 502/307/557 551/293/563 630/305/564 622/317/558
f 503/328/514 582/333/565 578/336/566 576/334/567
f 503/328/514 509/320/513 629/327/540 582/333/565
f 503/328/514 576/334/567 575/329/521 504/321/515
f 505/304/559 544/292/568 564/282/569 566/291/561
f 505/304/559 622/317/558 630/305/564 544/292/568
f 506/1019/570 602/1020/571 605/1021/572 507/1022/573
f 506/1019/570 601/1023/574 580/1024/575 602/1020/571
f 506/1019/570 567/1030/576 572/1031/577 601/1023/574
f 506/1019/570 507/1022/573 508/1029/578 567/1030/576
f 507/1022/573 605/1021/572 608/1027/579 516/1028/580
f 507/1022/573 516/1028/580 517/1038/581 508/1029/578
f 508/1029/578 517/1038/581 518/1046/582 569/1039/583
f 508/1029/578 569/1039/583 568/1040/584 567/1030/576
f 510/326/536 581/332/538 582/333/565 629/327/540
f 511/716/472 512/715/474 537/725/585 536/726/586
f 511/716/472 536/726/586 614/727/542 625/717/473
f 512/715/474 513/724/476 538/735/587 537/725/585
f 513/724/476 514/734/479 539/746/588 538/735/587
f 514/734/479 515/723/478 543/733/488 542/745/531
f 514/734/479 542/745/531 626/758/589 539/746/588
f 516/1028/580 608/1027/579 611/1036/590 528/1037/591
f 516/783/580 528/761/591 519/773/592 517/784/581
f 517/784/581 519/773/592 520/782/593 518/787/582
f 518/787/582 520/782/593 616/786/594 627/788/595
f 518/1046/582 627/1051/595 570/1047/551 569/1039/583
f 519/773/592 528/761/591 530/749/596 531/760/597
f 519/773/592 531/760/597 521/772/598 520/782/593
f 520/782/593 521/772/598 617/781/599 616/786/594
f 521/772/598 535/759/600 618/769/601 617/781/599
f 521/772/598 531/760/597 534/747/602 535/759/600
f 522/288/603 598/299/604 600/313/605 571/300/606
f 522/288/603 561/279/499 595/287/501 598/299/604
f 522/288/603 523/280/607 562/271/500 561/279/499
f 522/288/603 571/300/606 524/289/608 523/280/607
f 523/280/607 565/281/609 563/272/610 562/271/500
f 523/280/607 524/289/608 525/290/562 565/281/609
f 524/289/608 571/300/606 572/314/577 573/301/611
f 524/289/608 573/301/611 527/302/547 525/290/562
f 525/290/562 526/303/560 566/291/561 565/281/609
f 527/1049/547 573/1041/611 568/1040/584 574/1048/548
f 528/761/591 611/762/590 529/748/612 530/749/596
f 529/748/612 612/750/544 613/738/543 532/736/613
f 529/748/612 611/762/590 610/763/614 612/750/544
f 529/748/612 532/736/613 533/737/615 530/749/596
f 530/749/596 533/737/615 534/747/602 531/760/597
f 532/736/613 613/738/543 614/727/542 536/726/586
f 532/736/613 536/726/586 537/725/585 533/737/615
f 533/737/615 537/725/585 538/735/587 534/747/602
f 534/747/602 538/735/587 539/746/588 535/759/600
f 535/759/600 539/746/588 626/758/589 618/769/601
f 540/768/523 617/781/599 618/769/601 541/755/524
f 540/768/523 621/780/527 616/786/594 617/781/599
f 541/755/524 618/769/601 626/758/589 542/745/531
f 544/292/568 545/283/616 560/273/617 564/282/569
f 544/292/568 630/305/564 551/293/563 545/283/616
f 545/283/616 551/293/563 552/294/555 553/274/618
f 545/283/616 553/274/618 546/266/619 560/273/617
f 546/266/619 557/260/493 559/265/498 560/273/617
f 546/266/619 547/267/486 556/261/485 557/260/493
f 546/266/619 553/274/618 554/275/620 547/267/486
f 547/742/486 554/754/620 550/744/530 555/732/487
f 548/767/554 549/757/528 550/744/530 554/754/620
f 548/1235/554 554/1237/620 553/1238/618 552/1236/555
f 558/264/497 562/271/500 563/272/610 559/265/498
f 559/265/498 563/272/610 564/282/569 560/273/617
f 563/272/610 565/281/609 566/291/561 564/282/569
f 567/1030/576 568/1040/584 573/1041/611 572/1031/577
f 568/1040/584 569/1039/583 570/1047/551 574/1048/548
f 570/1047/551 627/1051/595 616/1055/594 621/1053/527
f 571/300/606 600/313/605 601/325/574 572/314/577
f 575/329/521 576/334/567 577/330/621 596/323/622
f 575/329/521 596/323/622 593/311/520 628/322/519
f 576/334/567 578/336/566 579/335/623 577/330/621
f 577/330/621 579/335/623 580/331/575 599/324/624
f 577/330/621 599/324/624 597/312/625 596/323/622
f 578/1042/566 582/1050/565 581/1043/538 583/1033/626
f 578/1042/566 583/1033/626 584/1025/627 579/1032/623
f 579/1032/623 584/1025/627 602/1020/571 580/1024/575
f 580/331/575 601/325/574 600/313/605 599/324/624
f 581/1043/538 624/1044/537 603/1034/539 583/1033/626
f 583/1033/626 603/1034/539 604/1026/628 584/1025/627
f 584/1025/627 604/1026/628 605/1021/572 602/1020/571
f 587/276/483 619/284/503 588/285/509 589/277/489
f 588/285/509 590/297/518 591/286/494 589/277/489
f 590/297/518 593/311/520 594/298/629 591/286/494
f 591/286/494 594/298/629 595/287/501 592/278/495
f 593/311/520 596/323/622 597/312/625 594/298/629
f 594/298/629 597/312/625 598/299/604 595/287/501
f 597/312/625 599/324/624 600/313/605 598/299/604
f 603/1034/539 606/1045/535 607/1035/630 604/1026/628
f 604/1026/628 607/1035/630 608/1027/579 605/1021/572
f 606/766/535 609/753/534 610/763/614 607/774/630
f 607/774/630 610/763/614 611/762/590 608/775/579
f 609/753/534 620/741/541 612/750/544 610/763/614
s 18
f 631/789/631 714/790/632 713/791/633 633/792/634
f 631/789/631 653/793/635 755/794/636 714/790/632
f 631/789/631 632/800/637 750/801/638 653/793/635
f 631/789/631 633/792/634 634/799/639 632/800/637
f 632/800/637 752/809/640 751/810/641 750/801/638
f 632/800/637 634/799/639 732/808/642 752/809/640
f 633/792/634 713/791/633 720/797/643 796/798/644
f 633/792/634 796/798/644 733/807/645 634/799/639
f 634/799/639 733/807/645 661/816/646 732/808/642
f 635/337/647 637/338/648 790/339/649 636/340/650
f 635/337/647 638/341/651 639/342/652 637/338/648
f 635/337/647 736/348/653 735/349/654 638/341/651
f 635/337/647 636/340/650 737/347/655 736/348/653
f 636/340/650 793/346/656 646/353/657 737/347/655
f 636/340/650 790/339/649 786/345/658 793/346/656
f 637/338/648 639/342/652 715/350/659 799/343/660
f 637/338/648 799/343/660 788/344/661 790/339/649
f 638/1081/651 709/1070/662 807/1080/663 639/1090/652
f 638/1081/651 735/1071/654 708/1061/664 709/1070/662
f 639/1239/652 807/1240/663 659/1241/665 715/1242/659
f 640/818/666 752/809/640 732/808/642 662/819/667
f 640/1243/666 807/1240/663 751/1247/641 752/1248/640
f 640/1243/666 803/1244/668 659/1241/665 807/1240/663
f 640/818/666 662/819/667 660/830/669 803/831/668
f 641/1056/670 642/1057/671 747/1058/672 746/1059/673
f 641/1056/670 707/1060/674 708/1061/664 642/1057/671
f 641/1056/670 655/1067/675 792/1068/676 707/1060/674
f 641/1056/670 746/1059/673 721/1066/677 655/1067/675
f 642/1057/671 708/1061/664 735/1071/654 643/1062/678
f 642/1057/671 643/1062/678 748/1063/679 747/1058/672
f 643/357/678 735/349/654 736/348/653 734/356/680
f 643/357/678 734/356/680 779/363/681 748/364/679
f 644/355/682 645/360/683 781/368/684 780/362/685
f 644/355/682 737/347/655 646/353/657 645/360/683
f 644/355/682 734/356/680 736/348/653 737/347/655
f 644/355/682 780/362/685 779/363/681 734/356/680
f 645/360/683 784/361/686 782/367/687 781/368/684
f 645/360/683 646/353/657 647/354/688 784/361/686
f 646/353/657 793/346/656 786/345/658 647/354/688
f 647/354/688 786/345/658 787/352/689 648/359/690
f 647/354/688 648/359/690 785/366/691 784/361/686
f 648/359/690 787/352/689 704/358/692 705/365/693
f 648/359/690 705/365/693 681/372/694 785/366/691
f 649/845/695 794/835/696 663/826/697 650/838/698
f 649/845/695 791/846/699 800/821/700 794/835/696
f 649/845/695 689/853/701 805/854/702 791/846/699
f 649/845/695 650/838/698 690/850/703 689/853/701
f 650/838/698 663/826/697 664/825/704 651/839/705
f 650/838/698 651/839/705 691/849/706 690/850/703
f 651/1113/705 652/1108/707 692/1105/708 691/1111/706
f 651/839/705 664/825/704 665/834/709 652/844/707
f 652/1108/707 804/1103/710 759/1095/711 692/1105/708
f 652/1108/707 665/1109/709 667/1101/712 804/1103/710
f 653/1087/635 654/1076/713 756/1077/714 755/1088/636
f 653/1087/635 750/1089/638 749/1078/715 654/1076/713
f 654/1076/713 655/1067/675 721/1066/677 756/1077/714
f 654/1076/713 749/1078/715 792/1068/676 655/1067/675
f 656/1100/716 725/1093/717 724/1083/718 798/1092/719
f 656/832/716 666/820/720 753/811/721 725/833/717
f 656/832/716 667/843/712 665/834/709 666/820/720
f 656/1100/716 798/1092/719 806/1086/722 667/1101/712
f 657/814/723 718/805/724 710/804/725 658/815/726
f 657/814/723 800/821/700 719/812/727 718/805/724
f 657/814/723 663/826/697 794/835/696 800/821/700
f 657/814/723 658/815/726 664/825/704 663/826/697
f 658/815/726 710/804/725 753/811/721 666/820/720
f 658/815/726 666/820/720 665/834/709 664/825/704
f 659/1241/665 716/1245/728 702/1246/729 715/1242/659
f 659/841/665 803/831/668 660/830/669 716/842/728
f 660/830/669 662/819/667 802/829/730 730/828/731
f 660/830/669 730/828/731 703/840/732 716/842/728
f 661/816/646 733/807/645 801/806/733 731/817/734
f 661/816/646 802/829/730 662/819/667 732/808/642
f 661/816/646 731/817/734 730/828/731 802/829/730
f 667/1101/712 806/1086/722 759/1095/711 804/1103/710
f 668/403/735 726/411/736 695/417/737 693/412/738
f 668/403/735 669/396/739 670/402/740 726/411/736
f 668/403/735 769/398/741 771/391/742 669/396/739
f 668/403/735 693/412/738 795/405/743 769/398/741
f 669/396/739 771/391/742 774/384/744 672/389/745
f 669/396/739 672/389/745 673/395/746 670/402/740
f 670/402/740 673/395/746 674/401/747 671/410/748
f 670/402/740 671/410/748 727/416/749 726/411/736
f 671/855/748 728/848/750 729/856/751 727/860/749
f 671/855/748 674/847/747 675/836/752 728/848/750
f 672/389/745 774/384/744 777/375/753 778/382/754
f 672/389/745 778/382/754 676/388/755 673/395/746
f 673/395/746 676/388/755 677/394/756 674/401/747
f 674/847/747 677/837/756 678/822/757 675/836/752
f 675/836/752 678/822/757 719/812/727 800/821/700
f 675/836/752 800/821/700 791/846/699 728/848/750
f 676/388/755 679/381/758 680/387/759 677/394/756
f 676/388/755 778/382/754 783/373/760 679/381/758
f 677/837/756 680/823/759 701/813/761 678/822/757
f 678/822/757 701/813/761 717/803/762 719/812/727
f 679/381/758 681/372/694 700/380/763 680/387/759
f 679/381/758 783/373/760 785/366/691 681/372/694
f 680/823/759 700/824/763 801/806/733 701/813/761
f 681/372/694 705/365/693 706/379/764 700/380/763
f 682/406/765 684/414/766 757/408/767 758/400/768
f 682/406/765 696/415/769 683/418/770 684/414/766
f 682/406/765 797/407/771 694/413/772 696/415/769
f 682/406/765 758/400/768 698/399/773 797/407/771
f 683/861/770 697/863/774 685/859/775 686/857/776
f 683/418/770 696/415/769 695/417/737 697/419/774
f 683/861/770 686/857/776 687/858/777 684/862/766
f 684/1112/766 687/1110/777 688/1104/778 757/1107/767
f 685/859/775 729/856/751 805/854/702 689/853/701
f 685/859/775 697/863/774 727/860/749 729/856/751
f 685/859/775 689/853/701 690/850/703 686/857/776
f 686/857/776 690/850/703 691/849/706 687/858/777
f 687/1110/777 691/1111/706 692/1105/708 688/1104/778
f 688/1104/778 760/1096/779 761/1097/780 757/1107/767
f 688/1104/778 692/1105/708 759/1095/711 760/1096/779
f 693/412/738 694/413/772 699/404/781 795/405/743
f 693/412/738 695/417/737 696/415/769 694/413/772
f 694/413/772 797/407/771 698/399/773 699/404/781
f 695/417/737 726/411/736 727/416/749 697/419/774
f 698/399/773 758/400/768 762/393/782 739/392/783
f 698/399/773 739/392/783 738/397/784 699/404/781
f 699/404/781 738/397/784 769/398/741 795/405/743
f 700/824/763 706/827/764 731/817/734 801/806/733
f 701/813/761 801/806/733 720/797/643 717/803/762
f 702/351/729 704/358/692 787/352/689 788/344/661
f 702/1246/729 716/1245/728 703/1249/732 704/1250/692
f 702/351/729 788/344/661 799/343/660 715/350/659
f 703/840/732 706/827/764 705/851/693 704/852/692
f 703/840/732 730/828/731 731/817/734 706/827/764
f 707/1060/674 789/1069/785 709/1070/662 708/1061/664
f 707/1060/674 792/1068/676 749/1078/715 789/1069/785
f 709/1070/662 789/1069/785 751/1079/641 807/1080/663
f 710/804/725 718/805/724 711/795/786 712/796/787
f 710/804/725 712/796/787 754/802/788 753/811/721
f 711/795/786 713/791/633 714/790/632 712/796/787
f 711/795/786 717/803/762 720/797/643 713/791/633
f 711/795/786 718/805/724 719/812/727 717/803/762
f 712/796/787 714/790/632 755/794/636 754/802/788
f 720/797/643 801/806/733 733/807/645 796/798/644
f 721/1066/677 746/1059/673 744/1064/789 722/1073/790
f 721/1066/677 722/1073/790 723/1084/791 756/1077/714
f 722/1073/790 724/1083/718 725/1093/717 723/1084/791
f 722/1073/790 744/1064/789 743/1074/792 724/1083/718
f 723/1084/791 754/1094/788 755/1088/636 756/1077/714
f 723/1084/791 725/1093/717 753/1102/721 754/1094/788
f 724/1083/718 743/1074/792 806/1086/722 798/1092/719
f 728/848/750 791/846/699 805/854/702 729/856/751
f 738/397/784 770/390/793 771/391/742 769/398/741
f 738/397/784 739/392/783 740/385/794 770/390/793
f 739/392/783 762/393/782 763/386/795 740/385/794
f 740/385/794 763/386/795 741/376/796 772/377/797
f 740/385/794 772/377/797 773/383/798 770/390/793
f 741/1098/796 763/1099/795 764/1091/799 765/1082/800
f 741/376/796 742/369/801 775/370/802 772/377/797
f 741/376/796 765/378/800 766/371/803 742/369/801
f 742/369/801 779/363/681 780/362/685 775/370/802
f 742/369/801 766/371/803 748/364/679 779/363/681
f 743/1074/792 744/1064/789 745/1065/804 768/1075/805
f 743/1074/792 768/1075/805 767/1085/806 806/1086/722
f 744/1064/789 746/1059/673 747/1058/672 745/1065/804
f 745/1065/804 747/1058/672 748/1063/679 766/1072/803
f 745/1065/804 766/1072/803 765/1082/800 768/1075/805
f 749/1078/715 750/1089/638 751/1079/641 789/1069/785
f 757/408/767 761/409/780 762/393/782 758/400/768
f 759/1095/711 806/1086/722 767/1085/806 760/1096/779
f 760/1096/779 767/1085/806 764/1091/799 761/1097/780
f 761/1097/780 764/1091/799 763/1099/795 762/1106/782
f 764/1091/799 767/1085/806 768/1075/805 765/1082/800
f 770/390/793 773/383/798 774/384/744 771/391/742
f 772/377/797 775/370/802 776/374/807 773/383/798
f 773/383/798 776/374/807 777/375/753 774/384/744
f 775/370/802 780/362/685 781/368/684 776/374/807
f 776/374/807 781/368/684 782/367/687 777/375/753
f 777/375/753 782/367/687 783/373/760 778/382/754
f 782/367/687 784/361/686 785/366/691 783/373/760
f 786/345/658 790/339/649 788/344/661 787/352/689
s 26
f 808/420/808 858/421/809 1004/422/810 1022/423/811
f 808/420/808 991/424/812 824/425/813 858/421/809
f 808/420/808 809/430/814 839/431/815 991/424/812
f 808/420/808 1022/423/811 885/429/816 809/430/814
f 809/430/814 835/440/817 838/441/818 839/431/815
f 809/430/814 885/429/816 889/439/819 835/440/817
f 810/1185/820 1013/1191/821 815/1192/822 811/1186/823
f 810/1185/820 1012/1190/824 857/1189/825 1013/1191/821
f 810/1185/820 1016/1177/826 1015/1184/827 1012/1190/824
f 810/1185/820 811/1186/823 1017/1178/828 1016/1177/826
f 811/1251/823 815/1252/822 816/1253/829 812/1254/830
f 811/1251/823 812/1254/830 1018/1257/831 1017/1258/828
f 812/524/830 816/525/829 817/519/832 813/518/833
f 812/524/830 813/518/833 1019/510/834 1018/517/831
f 813/518/833 817/519/832 949/512/835 814/511/836
f 813/518/833 814/511/836 1020/501/837 1019/510/834
f 814/511/836 949/512/835 950/504/838 948/503/839
f 814/511/836 948/503/839 1024/502/840 1020/501/837
f 815/1252/822 1014/1255/841 818/1256/842 816/1253/829
f 815/1252/822 1013/1259/821 855/1260/843 1014/1255/841
f 816/525/829 818/530/842 951/526/844 817/519/832
f 817/519/832 951/526/844 952/520/845 949/512/835
f 818/530/842 1031/534/846 972/531/847 951/526/844
f 818/1256/842 1014/1255/841 852/1261/848 1031/1262/846
f 819/459/849 996/474/850 844/458/851 820/444/852
f 819/459/849 995/476/853 909/488/854 996/474/850
f 819/459/849 986/460/855 987/475/856 995/476/853
f 819/459/849 820/444/852 984/445/857 986/460/855
f 820/444/852 822/432/858 982/433/859 984/445/857
f 820/444/852 844/458/851 821/443/860 822/432/858
f 821/443/860 845/457/861 919/446/862 823/434/863
f 821/443/860 844/458/851 997/472/864 845/457/861
f 821/443/860 823/434/863 824/425/813 822/432/858
f 822/432/858 824/425/813 991/424/812 982/433/859
f 823/434/863 893/426/865 858/421/809 824/425/813
f 823/434/863 919/446/862 894/435/866 893/426/865
f 825/864/867 940/865/868 937/866/869 826/867/870
f 825/864/867 832/868/871 827/869/872 940/865/868
f 825/864/867 1028/875/873 1023/876/874 832/868/871
f 825/864/867 826/867/870 992/874/875 1028/875/873
f 826/867/870 937/866/869 933/872/876 932/873/877
f 826/867/870 932/873/877 993/885/878 992/874/875
f 827/869/872 956/878/879 905/892/880 943/879/881
f 827/869/872 832/868/871 955/877/882 956/878/879
f 827/869/872 943/879/881 941/870/883 940/865/868
f 828/485/884 968/497/885 829/508/886 830/498/887
f 828/485/884 989/470/888 988/484/889 968/497/885
f 828/485/884 985/471/890 983/456/891 989/470/888
f 828/485/884 830/498/887 831/486/892 985/471/890
f 829/886/886 966/887/893 1028/875/873 992/874/875
f 829/508/886 968/497/885 967/507/894 966/516/893
f 829/886/886 992/874/875 993/885/878 830/899/887
f 830/899/887 993/885/878 994/896/895 831/909/892
f 831/486/892 987/475/856 986/460/855 985/471/890
f 831/909/892 994/896/895 1027/908/896 987/920/856
f 832/868/871 1023/876/874 954/888/897 955/877/882
f 833/467/898 945/481/899 946/482/900 836/468/901
f 833/467/898 892/466/902 959/480/903 945/481/899
f 833/467/898 834/453/904 891/452/905 892/466/902
f 833/467/898 836/468/901 837/454/906 834/453/904
f 834/453/904 837/454/906 838/441/818 835/440/817
f 834/453/904 835/440/817 889/439/819 891/452/905
f 836/468/901 840/483/907 841/469/908 837/454/906
f 836/468/901 946/482/900 947/495/909 840/483/907
f 837/454/906 841/469/908 842/455/910 838/441/818
f 838/441/818 842/455/910 990/442/911 839/431/815
f 839/431/815 990/442/911 982/433/859 991/424/812
f 840/483/907 843/496/912 988/484/889 841/469/908
f 840/483/907 947/495/909 978/506/913 843/496/912
f 841/469/908 988/484/889 989/470/888 842/455/910
f 842/455/910 989/470/888 983/456/891 990/442/911
f 843/496/912 978/506/913 971/515/914 967/507/894
f 843/496/912 967/507/894 968/497/885 988/484/889
f 844/458/851 996/474/850 911/487/915 997/472/864
f 845/457/861 1026/473/916 918/461/917 919/446/862
f 845/1114/861 997/1115/864 914/1116/918 1026/1117/916
f 846/901/919 848/890/920 955/877/882 954/888/897
f 846/901/919 977/913/921 847/903/922 848/890/920
f 846/901/919 1030/902/923 981/912/924 977/913/921
f 846/901/919 954/888/897 1021/889/925 1030/902/923
f 847/903/922 975/914/926 849/915/927 850/904/928
f 847/903/922 977/913/921 976/921/929 975/914/926
f 847/903/922 850/904/928 851/891/930 848/890/920
f 848/890/920 851/891/930 956/878/879 955/877/882
f 849/1266/927 972/1267/847 1031/1262/846 852/1261/848
f 849/535/927 975/532/926 973/527/931 972/531/847
f 849/1266/927 852/1261/848 853/1265/932 850/1271/928
f 850/1271/928 853/1265/932 854/1270/933 851/1275/930
f 851/891/930 854/905/933 905/892/880 956/878/879
f 852/1261/848 1014/1255/841 855/1260/843 853/1265/932
f 853/1265/932 855/1260/843 856/1264/934 854/1270/933
f 854/1270/933 856/1264/934 906/1269/935 905/1274/880
f 855/1260/843 1013/1259/821 857/1263/825 856/1264/934
f 856/1264/934 857/1263/825 907/1268/936 906/1269/935
f 857/1189/825 1012/1190/824 908/1183/937 907/1182/936
f 858/421/809 893/426/865 1005/427/938 1004/422/810
f 859/1138/939 880/1134/940 1008/1128/941 1009/1133/942
f 859/1138/939 860/1144/943 861/1139/944 880/1134/940
f 859/1138/939 998/1143/945 999/1149/946 860/1144/943
f 859/1138/939 1009/1133/942 1025/1137/947 998/1143/945
f 860/1144/943 863/1152/948 864/1145/949 861/1139/944
f 860/1144/943 999/1149/946 1000/1156/950 863/1152/948
f 861/1139/944 864/1145/949 865/1146/951 862/1140/952
f 861/1139/944 862/1140/952 881/1135/953 880/1134/940
f 862/1140/952 886/1147/954 882/1148/955 881/1135/953
f 862/1140/952 865/1146/951 866/1155/956 886/1147/954
f 863/1152/948 868/1159/957 869/1153/958 864/1145/949
f 863/1152/948 1000/1156/950 1001/1163/959 868/1159/957
f 864/1145/949 869/1153/958 870/1154/960 865/1146/951
f 865/1146/951 870/1154/960 871/1162/961 866/1155/956
f 866/477/956 871/489/961 872/478/962 867/464/963
f 866/477/956 867/464/963 887/450/964 886/463/954
f 867/464/963 890/451/965 888/438/966 887/450/964
f 867/464/963 872/478/962 873/465/967 890/451/965
f 868/1159/957 874/1168/968 875/1160/969 869/1153/958
f 868/1159/957 1001/1163/959 1002/1172/970 874/1168/968
f 869/1153/958 875/1160/969 876/1161/971 870/1154/960
f 870/1154/960 876/1161/971 877/1171/972 871/1162/961
f 871/489/961 877/499/972 957/490/973 872/478/962
f 872/478/962 957/490/973 958/479/974 873/465/967
f 873/465/967 958/479/974 959/480/903 892/466/902
f 873/465/967 892/466/902 891/452/905 890/451/965
f 874/1168/968 878/1176/975 879/1169/976 875/1160/969
f 874/1168/968 1002/1172/970 1003/1180/977 878/1176/975
f 875/1160/969 879/1169/976 960/1170/978 876/1161/971
f 876/1161/971 960/1170/978 961/1179/979 877/1171/972
f 877/499/972 961/509/979 962/500/980 957/490/973
f 878/1176/975 1015/1184/827 1016/1177/826 879/1169/976
f 878/1176/975 1003/1180/977 1029/1188/981 1015/1184/827
f 879/1169/976 1016/1177/826 1017/1178/828 960/1170/978
f 880/1134/940 881/1135/953 1007/1129/982 1008/1128/941
f 881/462/953 882/449/955 1006/436/983 1007/448/982
f 882/449/955 886/463/954 887/450/964 883/437/984
f 882/449/955 883/437/984 1005/427/938 1006/436/983
f 883/437/984 887/450/964 888/438/966 884/428/985
f 883/437/984 884/428/985 1004/422/810 1005/427/938
f 884/428/985 888/438/966 889/439/819 885/429/816
f 884/428/985 885/429/816 1022/423/811 1004/422/810
f 888/438/966 890/451/965 891/452/905 889/439/819
f 893/426/865 894/435/866 1006/436/983 1005/427/938
f 894/435/866 895/447/986 1007/448/982 1006/436/983
f 894/435/866 919/446/862 918/461/917 895/447/986
f 895/1123/986 918/1121/917 1010/1120/987 920/1124/988
f 895/1123/986 920/1124/988 1008/1128/941 1007/1129/982
f 896/1141/989 931/1142/990 936/1150/991 897/1151/992
f 896/1141/989 926/1136/993 925/1131/994 931/1142/990
f 896/1141/989 999/1149/946 998/1143/945 926/1136/993
f 896/1141/989 897/1151/992 1000/1156/950 999/1149/946
f 897/1151/992 899/1158/995 1001/1163/959 1000/1156/950
f 897/1151/992 936/1150/991 898/1157/996 899/1158/995
f 898/1157/996 939/1165/997 942/1173/998 900/1166/999
f 898/1157/996 936/1150/991 935/1164/1000 939/1165/997
f 898/1157/996 900/1166/999 901/1167/1001 899/1158/995
f 899/1158/995 901/1167/1001 1002/1172/970 1001/1163/959
f 900/1166/999 903/1174/1002 904/1175/1003 901/1167/1001
f 900/1166/999 942/1173/998 902/1181/1004 903/1174/1002
f 901/1167/1001 904/1175/1003 1003/1180/977 1002/1172/970
f 902/1272/1004 943/1276/881 905/1274/880 906/1269/935
f 902/893/1004 942/880/998 941/870/883 943/879/881
f 902/1272/1004 906/1269/935 907/1268/936 903/1273/1002
f 903/1174/1002 907/1182/936 908/1183/937 904/1175/1003
f 904/1175/1003 908/1183/937 1029/1188/981 1003/1180/977
f 908/1183/937 1012/1190/824 1015/1184/827 1029/1188/981
f 909/910/854 910/919/1005 911/924/915 996/925/850
f 909/910/854 922/898/1006 923/907/1007 910/919/1005
f 909/910/854 995/911/853 921/897/1008 922/898/1006
f 910/919/1005 912/923/1009 913/926/1010 911/924/915
f 910/919/1005 923/907/1007 924/918/1011 912/923/1009
f 911/1118/915 913/1119/1010 914/1116/918 997/1115/864
f 912/1125/1009 924/1130/1011 925/1131/994 915/1126/1012
f 912/1125/1009 915/1126/1012 916/1122/1013 913/1119/1010
f 913/1119/1010 916/1122/1013 1010/1120/987 914/1116/918
f 914/1116/918 1010/1120/987 918/1121/917 1026/1117/916
f 915/1126/1012 925/1131/994 926/1136/993 917/1132/1014
f 915/1126/1012 917/1132/1014 1011/1127/1015 916/1122/1013
f 916/1122/1013 1011/1127/1015 920/1124/988 1010/1120/987
f 917/1132/1014 926/1136/993 998/1143/945 1025/1137/947
f 917/1132/1014 1025/1137/947 1009/1133/942 1011/1127/1015
f 920/1124/988 1011/1127/1015 1009/1133/942 1008/1128/941
f 921/897/1008 927/883/1016 928/884/1017 922/898/1006
f 921/897/1008 1027/908/896 994/896/895 927/883/1016
f 921/897/1008 995/911/853 987/920/856 1027/908/896
f 922/898/1006 928/884/1017 929/895/1018 923/907/1007
f 923/907/1007 929/895/1018 930/906/1019 924/918/1011
f 924/918/1011 930/906/1019 931/917/990 925/922/994
f 927/883/1016 932/873/877 933/872/876 928/884/1017
f 927/883/1016 994/896/895 993/885/878 932/873/877
f 928/884/1017 933/872/876 934/882/1020 929/895/1018
f 929/895/1018 934/882/1020 935/894/1000 930/906/1019
f 930/906/1019 935/894/1000 936/916/991 931/917/990
f 933/872/876 937/866/869 938/871/1021 934/882/1020
f 934/882/1020 938/871/1021 939/881/997 935/894/1000
f 937/866/869 940/865/868 941/870/883 938/871/1021
f 938/871/1021 941/870/883 942/880/998 939/881/997
f 944/493/1022 948/503/839 950/504/838 969/494/1023
f 944/493/1022 964/492/1024 1024/502/840 948/503/839
f 944/493/1022 945/481/899 959/480/903 964/492/1024
f 944/493/1022 969/494/1023 946/482/900 945/481/899
f 946/482/900 969/494/1023 970/505/1025 947/495/909
f 947/495/909 970/505/1025 979/514/1026 978/506/913
f 949/512/835 952/520/845 953/513/1027 950/504/838
f 950/504/838 953/513/1027 970/505/1025 969/494/1023
f 951/526/844 972/531/847 973/527/931 952/520/845
f 952/520/845 973/527/931 974/521/1028 953/513/1027
f 953/513/1027 974/521/1028 979/514/1026 970/505/1025
f 954/888/897 1023/876/874 1028/875/873 1021/889/925
f 957/490/973 962/500/980 963/491/1029 958/479/974
f 958/479/974 963/491/1029 964/492/1024 959/480/903
f 960/1170/978 1017/1178/828 1018/1187/831 961/1179/979
f 961/509/979 1018/517/831 1019/510/834 962/500/980
f 962/500/980 1019/510/834 1020/501/837 963/491/1029
f 963/491/1029 1020/501/837 1024/502/840 964/492/1024
f 965/900/1030 981/912/924 1030/902/923 1021/889/925
f 965/523/1030 971/515/914 980/522/1031 981/529/924
f 965/523/1030 966/516/893 967/507/894 971/515/914
f 965/900/1030 1021/889/925 1028/875/873 966/887/893
f 971/515/914 978/506/913 979/514/1026 980/522/1031
f 973/527/931 975/532/926 976/528/929 974/521/1028
f 974/521/1028 976/528/929 980/522/1031 979/514/1026
f 976/528/929 977/533/921 981/529/924 980/522/1031
f 982/433/859 990/442/911 983/456/891 984/445/857
f 983/456/891 985/471/890 986/460/855 984/445/857
g default
v 6.060248 20.501619 -7.311291
v 5.978906 20.439688 -7.246012
v 6.278772 19.742096 -8.194610
v 6.149806 19.721230 -8.376013
v 6.132884 19.908283 -8.380139
v 6.108407 20.092810 -8.393898
v 6.023511 19.706691 -8.542734
v 6.009277 19.884050 -8.549078
v 5.986363 20.062093 -8.552188
v 5.958065 20.239202 -8.550996
v 5.880763 19.685947 -8.686761
v 5.872273 19.863390 -8.697187
v 5.859178 20.039543 -8.696889
v 5.838266 20.218193 -8.682071
v 5.792941 20.371470 -8.621293
v 5.696027 19.677868 -8.749483
v 5.690175 19.844785 -8.758882
v 5.682368 20.020862 -8.758996
v 5.676108 20.206528 -8.750623
v 5.520467 19.659720 -8.773811
v 5.506243 19.826901 -8.783581
v 5.500539 20.005057 -8.779984
v 5.335560 19.627825 -8.726327
v 5.318782 19.810530 -8.736532
v 5.212307 19.645937 -8.562601
v 5.767168 19.554115 -7.828404
v 5.662092 19.554115 -7.783338
v 5.652620 19.554115 -7.593231
v 5.562315 19.554115 -7.726796
v 5.482584 19.554115 -7.875238
v 5.686871 19.556666 -7.399144
v 5.575303 19.554115 -7.516203
v 5.464655 19.554115 -7.658224
v 5.365235 19.554115 -7.821660
v 5.623710 19.603783 -7.319147
v 5.498270 19.601725 -7.437341
v 5.379167 19.608900 -7.590323
v 5.273975 19.626635 -7.775343
v 5.595528 19.720920 -7.286644
v 5.469999 19.728177 -7.409850
v 5.356658 19.744810 -7.570907
v 5.264878 19.766096 -7.762602
v 5.367085 19.885756 -7.558647
v 5.260885 19.919050 -7.740078
v 5.997639 20.440161 -8.381708
v 6.197957 20.319492 -8.250987
v 6.329391 20.183205 -8.049219
v 6.102228 19.574279 -8.334917
v 5.982641 19.571028 -8.490346
v 5.839841 19.567803 -8.600622
v 5.685209 19.562345 -8.669493
v 5.538128 19.567913 -8.670190
v 5.408830 19.556193 -8.623735
v 5.886029 19.554115 -8.386468
v 5.776434 19.554115 -8.489331
v 5.657822 19.554117 -8.548383
v 5.551387 19.554115 -8.562143
v 5.720787 19.554115 -8.405764
v 5.637991 19.554115 -8.468043
v 6.211011 20.439838 -7.428492
v 5.874305 19.554115 -7.597437
v 5.823697 19.554115 -7.704554
v 5.882472 19.554114 -7.468925
v 5.805777 19.554115 -7.549937
v 5.733132 19.554115 -7.657708
v 5.846049 19.554115 -7.396347
v 5.747918 19.554115 -7.480843
v 5.802958 19.554115 -7.308621
v 5.760730 19.604697 -7.225622
v 6.031762 19.631866 -7.151054
v 6.150168 19.561592 -7.226982
v 6.169005 19.642341 -7.140906
v 6.232036 19.563358 -7.291562
v 6.284972 19.658351 -7.219182
v 6.390921 19.686739 -7.354872
v 6.403637 19.702311 -7.544124
v 6.143895 19.554115 -7.357068
v 6.168094 19.554115 -7.460390
v 6.062533 19.554115 -7.604949
v 6.174057 19.558702 -7.593689
v 6.294195 19.600544 -7.574697
v 6.037922 19.554114 -7.742787
v 6.159189 19.557685 -7.750117
v 6.285371 19.612673 -7.751947
v 5.996563 19.554115 -7.892576
v 6.123965 19.555247 -7.922539
v 6.255376 19.606785 -7.948989
v 5.939467 19.554115 -8.042558
v 6.060690 19.554115 -8.091685
v 6.189892 19.583215 -8.147957
v 5.872772 19.554115 -8.183705
v 5.980874 19.554115 -8.250626
v 5.799474 19.554115 -8.307408
v 6.058667 19.554115 -7.392715
v 6.069032 19.554115 -7.488596
v 5.979832 19.554115 -7.508429
v 5.961918 19.554115 -7.609602
v 5.926213 19.554115 -7.730513
v 5.878748 19.554115 -7.863323
v 6.108090 20.496353 -8.225477
v 6.190497 20.520746 -8.037210
v 6.273159 20.351063 -8.065483
v 6.257793 20.521133 -7.842006
v 6.320541 20.349817 -7.888214
v 5.556182 19.554115 -8.411670
v 5.656142 19.554115 -8.347086
v 5.574397 19.554117 -8.322621
v 5.708466 19.554115 -8.249542
v 5.765488 19.554115 -8.130845
v 5.823562 19.554117 -7.999384
v 5.661027 20.363670 -8.669138
v 5.668259 20.490721 -8.575151
v 5.501427 20.195642 -8.769488
v 5.503942 20.371104 -8.675934
v 5.529292 20.516597 -8.574461
v 5.316871 19.982956 -8.745183
v 5.317256 20.174518 -8.711133
v 5.350579 20.337511 -8.589272
v 5.394918 20.453038 -8.475322
v 5.206262 19.805170 -8.567972
v 5.210757 19.969814 -8.554449
v 5.217907 20.139179 -8.519256
v 5.269977 20.277088 -8.447044
v 5.320099 20.387323 -8.370978
v 6.264821 19.939909 -8.197544
v 5.409096 20.393446 -7.602760
v 5.488435 20.324724 -7.474567
v 5.565622 20.273137 -7.350542
v 5.340285 20.248653 -7.652519
v 5.116353 20.118793 -8.169340
v 5.113488 19.949270 -8.165225
v 5.119498 19.796541 -8.382646
v 5.318693 19.558441 -8.509611
v 5.414460 19.554115 -8.455694
v 5.386917 19.554115 -8.336015
v 5.485148 19.554115 -8.419031
v 5.483914 19.554117 -8.319305
v 5.502886 19.554115 -8.196613
v 5.608989 19.554115 -8.214630
v 5.655082 19.554115 -8.091368
v 5.273807 19.557732 -8.363360
v 5.158449 19.640550 -8.385991
v 5.390349 19.554115 -8.190437
v 5.266393 19.554115 -8.187479
v 5.143247 19.633444 -8.176807
v 5.118055 19.786036 -8.171299
v 5.541255 19.554115 -8.060428
v 5.422744 19.554115 -8.032785
v 5.292337 19.554115 -8.000929
v 5.176988 19.629471 -7.964838
v 5.171698 19.779035 -7.960502
v 5.158436 19.945497 -7.943659
v 5.709288 19.554115 -7.959996
v 5.596130 19.554115 -7.919938
v 5.968881 19.554115 -7.423646
v 6.046608 19.554035 -7.310726
v 5.948550 19.554115 -7.342181
v 6.042024 19.562407 -7.221578
v 5.924741 19.554102 -7.255135
v 5.900111 19.601917 -7.169311
v 5.326152 20.464846 -8.201274
v 5.729846 19.720506 -7.193769
v 5.717164 19.842907 -7.191790
v 5.587088 19.843155 -7.271997
v 5.470925 19.858761 -7.397645
v 5.591109 19.971527 -7.263036
v 5.483021 19.996660 -7.382836
v 5.388411 20.033022 -7.532810
v 5.280168 20.086234 -7.704031
v 5.609369 20.101456 -7.250914
v 5.509501 20.137241 -7.359501
v 5.425957 20.182751 -7.498403
v 5.659256 20.225407 -7.254205
v 6.279296 19.581947 -7.419383
v 6.394722 19.728119 -7.740102
v 6.359840 19.749567 -7.965523
v 6.140165 20.617256 -7.590120
v 5.941852 20.722198 -7.730771
v 5.975691 20.679708 -7.551090
v 5.988044 20.624634 -7.408044
v 5.689845 20.728224 -7.839303
v 5.758309 20.711565 -7.667578
v 5.719806 19.962822 -7.205035
v 5.731807 20.076405 -7.217294
v 5.759765 20.176117 -7.223991
v 5.858157 19.855147 -7.164871
v 5.844660 19.969250 -7.182435
v 5.832564 20.072336 -7.198276
v 5.963764 19.998173 -7.164514
v 5.927558 20.106532 -7.185243
v 5.879785 20.195315 -7.204166
v 6.026307 20.164593 -7.173776
v 5.960398 20.267471 -7.197583
v 6.057140 20.347231 -7.214592
v 5.990653 19.878963 -7.143829
v 6.234809 20.117817 -7.139026
v 6.083970 20.045756 -7.148708
v 6.308604 20.329134 -7.407090
v 6.230797 20.287269 -7.279882
v 6.138534 20.237925 -7.181922
v 6.143840 20.402910 -7.299836
v 5.814083 20.655324 -7.512034
v 5.554950 20.611015 -7.766317
v 5.623337 20.600775 -7.625740
v 6.435407 19.914250 -7.701978
v 6.446174 19.870179 -7.499158
v 6.380362 19.835901 -7.327047
v 6.289001 19.800179 -7.185698
v 6.152964 19.775433 -7.124268
v 6.012893 19.754478 -7.127151
v 5.872623 19.732552 -7.146141
v 6.420525 20.089630 -7.634920
v 6.424367 20.039974 -7.454647
v 6.362312 19.995464 -7.290697
v 6.261103 19.953579 -7.142097
v 6.123171 19.912738 -7.127733
v 6.393544 20.240834 -7.572111
v 6.395730 20.200349 -7.411103
v 6.327192 20.155655 -7.265386
v 5.468059 19.554115 -8.534039
v 5.558799 19.554115 -8.486045
v 5.904046 20.522402 -7.292233
v 5.800438 20.449309 -7.259908
v 5.724706 20.335942 -7.263396
v 5.855018 20.589676 -7.386134
v 5.725797 20.523130 -7.352424
v 5.635276 20.403124 -7.346272
v 5.673604 20.571072 -7.481675
v 5.565591 20.456713 -7.464058
v 5.502399 20.511205 -7.591583
v 5.416498 20.545040 -8.356649
v 5.549388 20.632948 -8.429512
v 5.710373 20.612724 -8.468708
v 5.412767 20.607024 -8.196379
v 5.584192 20.689274 -8.246893
v 5.203481 20.240059 -8.308370
v 5.142462 20.117634 -8.350182
v 5.122207 19.957472 -8.370448
v 5.816850 20.513634 -8.485453
v 5.899575 20.580416 -8.350426
v 5.986791 20.656282 -8.183130
v 6.061573 20.668219 -7.986931
v 6.115210 20.655585 -7.788175
v 5.765105 20.671961 -8.302520
v 5.818695 20.704605 -8.114307
v 5.882803 20.725002 -7.919611
v 5.633662 20.716684 -8.040876
v 5.812131 20.266268 -7.224633
v 5.887846 20.357609 -7.222546
v 5.303304 20.420961 -8.022456
v 5.219188 20.289757 -8.110202
v 6.385034 20.153687 -7.804166
v 6.357664 20.299368 -7.723092
v 6.230502 20.132557 -8.225475
v 6.075691 20.274424 -8.406307
v 5.893754 20.393837 -8.516630
v 5.373711 20.476059 -7.753191
v 5.277467 20.340322 -7.829785
v 5.259920 20.348639 -8.251228
v 6.106865 20.553720 -7.429264
v 5.986306 20.559630 -7.325505
v 5.170838 20.215645 -8.195518
v 5.912312 19.554115 -7.522401
v 6.115567 19.554044 -7.296727
v 5.824970 20.146894 -7.208614
v 5.428144 20.596233 -7.944645
v 5.500596 19.554114 -8.483987
v 6.354253 20.348498 -7.522030
v 5.168261 20.162217 -7.934907
v 5.469356 20.536785 -7.699409
v 5.762604 20.466290 -8.572308
v 6.285648 20.460427 -7.618635
v 6.390324 19.984516 -7.954428
v 5.354271 20.466713 -8.310631
v 5.616002 19.554115 -8.411913
v 6.350412 20.226271 -7.916543
v 6.556614 19.776549 -5.252273
v 6.616092 19.771080 -5.298383
v 6.657049 19.740679 -5.338945
v 6.486339 19.777668 -5.571971
v 6.540707 19.740639 -5.572329
v 6.569285 19.760036 -5.518334
v 6.473757 19.554115 -5.195640
v 6.423559 19.554117 -5.236568
v 6.385982 19.554115 -5.296990
v 6.344120 19.554115 -5.355773
v 6.320205 19.554115 -5.419191
v 6.449508 19.578991 -5.154150
v 6.388988 19.591899 -5.201121
v 6.340101 19.586609 -5.270338
v 6.415221 19.639797 -5.208986
v 6.383354 19.554115 -5.621699
v 6.451859 19.554115 -5.644057
v 6.529371 19.554115 -5.651691
v 6.364700 19.629238 -5.662779
v 6.439937 19.637312 -5.717613
v 6.552693 19.603565 -5.691228
v 6.526909 19.673652 -5.651514
v 6.336088 19.554115 -5.490397
v 6.297204 19.592553 -5.332383
v 6.689608 19.673459 -5.294854
v 6.702015 19.615230 -5.374083
v 6.688478 19.563854 -5.437081
v 6.678678 19.616360 -5.447933
v 6.657378 19.567074 -5.527854
v 6.603810 19.554115 -5.573183
v 6.648567 19.667496 -5.448716
v 6.645820 19.615040 -5.520685
v 6.615382 19.658697 -5.512722
v 6.609756 19.609837 -5.581011
v 6.584821 19.559766 -5.635413
v 6.491508 19.662541 -5.155673
v 6.535076 19.703575 -5.162481
v 6.601463 19.728754 -5.196378
v 6.646050 19.725422 -5.251694
v 6.285671 19.642826 -5.418591
v 6.270085 19.631845 -5.505894
v 6.401070 19.709002 -5.282325
v 6.357379 19.717323 -5.355950
v 6.325223 19.715536 -5.435172
v 6.319663 19.702019 -5.515724
v 6.265966 19.581863 -5.404482
v 6.277817 19.554115 -5.487632
v 6.365846 19.651222 -5.272809
v 6.317984 19.652589 -5.341035
v 6.569917 19.649486 -5.124958
v 6.624510 19.665140 -5.165788
v 6.661442 19.667354 -5.231216
v 6.465466 19.618605 -5.153061
v 6.592157 19.554115 -5.088115
v 6.578034 19.554115 -5.152616
v 6.681377 19.554115 -5.285257
v 6.620527 19.554115 -5.275510
v 6.613133 19.554115 -5.342036
v 6.564138 19.554115 -5.260606
v 6.546108 19.554115 -5.316366
v 6.524431 19.554115 -5.374654
v 6.499382 19.554115 -5.432525
v 6.513079 19.554114 -5.236728
v 6.482894 19.554115 -5.282890
v 6.453870 19.554115 -5.337750
v 6.424592 19.554115 -5.394707
v 6.403969 19.554115 -5.453456
v 6.399545 19.554115 -5.514180
v 6.682303 19.554115 -5.362974
v 6.598705 19.554115 -5.408425
v 6.572686 19.554115 -5.471966
v 6.477317 19.554115 -5.489054
v 6.545114 19.554115 -5.528565
v 6.462948 19.554115 -5.543391
v 6.524809 19.554115 -5.579154
v 6.397619 19.554115 -5.570645
v 6.452885 19.554115 -5.592990
v 6.328960 19.554115 -5.569187
v 6.355356 19.762433 -5.531394
v 6.370197 19.781721 -5.453963
v 6.442385 19.805477 -5.480077
v 6.407290 19.774182 -5.374850
v 6.474873 19.802021 -5.402947
v 6.543022 19.794170 -5.433283
v 6.447383 19.767854 -5.297067
v 6.513879 19.795248 -5.327319
v 6.577874 19.794315 -5.363247
v 6.626103 19.761401 -5.394330
v 6.444558 19.692714 -5.210112
v 6.484512 19.752194 -5.212962
v 6.316097 19.628666 -5.591550
v 6.342604 19.690523 -5.582303
v 6.384787 19.694594 -5.634951
v 6.453681 19.694106 -5.665799
v 6.589023 19.655897 -5.570325
v 6.583242 19.604045 -5.634877
v 6.562892 19.657862 -5.615697
v 6.597466 19.588295 -5.046934
v 6.648309 19.615733 -5.133347
v 6.649253 19.554115 -5.120673
v 6.714574 19.619309 -5.292899
v 6.695489 19.613466 -5.211000
v 6.672741 19.554115 -5.207412
v 6.621931 19.554115 -5.211834
v 6.575685 19.554115 -5.207378
v 6.511106 19.590071 -5.088735
v 6.514313 19.554115 -5.118089
v 6.525407 19.554115 -5.166215
v 6.573211 19.701353 -5.570512
v 6.600790 19.710404 -5.518335
v 6.630292 19.719696 -5.459876
v 6.400246 19.745407 -5.604024
v 6.464468 19.738749 -5.622338
v 6.525106 19.711685 -5.614320
v 6.416968 19.786848 -5.553260
v 6.511977 19.788183 -5.502647
v 6.595769 19.762213 -5.453944
v 6.671175 19.716371 -5.293781
v 6.678308 19.684872 -5.374509
v 6.363221 19.734638 -5.575455
v 6.524987 19.638033 -5.119349
v 6.557867 19.692859 -5.604784
v 6.645157 19.723877 -5.411210
v 6.617357 19.554117 -5.158232
v 6.501296 19.554115 -5.608267
v 6.537827 19.554115 -5.203436
v 6.353311 19.554115 -5.544897
v 6.875618 19.699003 -5.672113
v 6.863472 19.594503 -5.686519
v 6.782613 19.811514 -5.636450
v 6.791099 19.704155 -5.624584
v 6.786152 19.597439 -5.646021
v 6.695819 19.925107 -5.662785
v 6.692825 19.814771 -5.646038
v 6.692036 19.704552 -5.631540
v 6.694067 19.596277 -5.644758
v 6.706147 19.554119 -5.720185
v 6.581605 19.619089 -6.423921
v 6.669203 19.599926 -6.376401
v 6.595230 19.710920 -6.434823
v 6.691740 19.702082 -6.374669
v 6.774458 19.696766 -6.286640
v 6.854436 19.695620 -6.189604
v 6.609308 19.818342 -6.428512
v 6.707504 19.811838 -6.365275
v 6.783145 19.809450 -6.271038
v 6.616760 19.933312 -6.406667
v 6.716240 19.929259 -6.349893
v 6.612301 20.047458 -6.375608
v 6.358219 19.929733 -6.278806
v 6.343332 19.824711 -6.283904
v 6.325825 19.714748 -6.293998
v 6.340953 19.609397 -6.289138
v 6.419682 19.554115 -6.269322
v 6.395394 19.716600 -6.391470
v 6.403636 19.616131 -6.387263
v 6.455834 19.562304 -6.353615
v 6.613652 19.935610 -5.698020
v 6.601761 19.819557 -5.681544
v 6.595318 19.706400 -5.672453
v 6.604375 19.608053 -5.689308
v 6.634627 19.554117 -5.742869
v 6.525435 19.951385 -5.757008
v 6.523106 19.824278 -5.753346
v 6.521901 19.708989 -5.749160
v 6.534306 19.612097 -5.758220
v 6.463239 19.957384 -5.851963
v 6.450833 19.828101 -5.838522
v 6.450804 19.710401 -5.833941
v 6.413351 19.954607 -5.956950
v 6.394411 19.828134 -5.938915
v 6.373096 19.946687 -6.065556
v 6.921188 19.919681 -5.763019
v 6.922933 19.804405 -5.756572
v 6.867403 19.932474 -5.684398
v 6.869984 19.809332 -5.674336
v 6.780320 19.931969 -5.641762
v 6.911223 19.590248 -5.758478
v 6.900748 19.696540 -6.075251
v 6.938312 19.582872 -5.852388
v 6.918332 19.597744 -5.964212
v 6.847527 19.554117 -5.780659
v 6.855799 19.554115 -5.863617
v 6.779982 19.554117 -5.789382
v 6.776062 19.554117 -5.867210
v 6.712842 19.554117 -5.790094
v 6.779346 19.555634 -5.715463
v 6.701520 19.554117 -5.860414
v 6.674605 19.554117 -5.936874
v 6.757390 19.554117 -5.951963
v 6.846954 19.554117 -5.961543
v 6.640068 19.554115 -6.019442
v 6.724556 19.554117 -6.042686
v 6.808633 19.560178 -6.064638
v 6.882314 19.604080 -6.083931
v 6.603297 19.554115 -6.103670
v 6.682292 19.554115 -6.133244
v 6.761196 19.554115 -6.167084
v 6.826612 19.602570 -6.191459
v 6.569225 19.554115 -6.181551
v 6.632328 19.554114 -6.215466
v 6.579375 19.554115 -6.278629
v 6.561879 19.560999 -6.385386
v 6.626608 19.562636 -6.328296
v 6.694411 19.554115 -6.256154
v 6.750088 19.599117 -6.289297
v 6.526652 20.130352 -6.305232
v 6.565471 20.165278 -6.211567
v 6.431204 20.116362 -6.252644
v 6.466024 20.150261 -6.149397
v 6.508347 20.185324 -6.036356
v 6.576631 20.192024 -5.929655
v 6.645857 20.122601 -6.262646
v 6.716194 20.147587 -6.180738
v 6.800108 20.170914 -6.080684
v 6.844595 20.139189 -5.965910
v 6.894166 20.104185 -5.863723
v 6.688783 20.217241 -6.005243
v 6.752824 20.187546 -5.893140
v 6.810716 20.140370 -5.792683
v 6.713840 20.124878 -5.731252
v 6.491784 19.554115 -6.251264
v 6.863063 19.807710 -6.177804
v 6.917615 19.806768 -6.067322
v 6.794758 19.930650 -6.260111
v 6.872020 19.933513 -6.163072
v 6.935465 19.931669 -6.056990
v 6.960298 19.918345 -5.945380
v 6.705065 20.048890 -6.323185
v 6.783647 20.057642 -6.238657
v 6.859886 20.064657 -6.137682
v 6.908087 20.049836 -6.023725
v 6.948912 20.029522 -5.922970
v 6.483919 19.617904 -6.449702
v 6.480487 19.713808 -6.469154
v 6.497682 19.828283 -6.455733
v 6.503331 19.942385 -6.426252
v 6.509871 20.053147 -6.385806
v 6.400951 19.825231 -6.382002
v 6.403727 19.937380 -6.369633
v 6.414734 20.038282 -6.333575
v 6.634713 19.554117 -5.841142
v 6.525460 19.554115 -5.871293
v 6.596731 19.554115 -5.910718
v 6.387127 19.601249 -5.925878
v 6.473748 19.554115 -5.960278
v 6.556312 19.554115 -5.992526
v 6.341293 19.711274 -6.041892
v 6.346835 19.608133 -6.041480
v 6.435207 19.554115 -6.060833
v 6.520699 19.554115 -6.080901
v 6.341751 19.823845 -6.167138
v 6.322581 19.712786 -6.164729
v 6.327786 19.610035 -6.162692
v 6.415338 19.554115 -6.165958
v 6.496311 19.554114 -6.169348
v 6.956156 19.802326 -5.955436
v 6.943947 19.691369 -5.962834
v 6.954473 19.911104 -5.847677
v 6.968970 19.802448 -5.846572
v 6.968898 19.684959 -5.849698
v 6.927299 19.689936 -5.753203
v 6.519862 19.554115 -6.320026
v 6.923227 20.029936 -5.785432
v 6.850740 20.051471 -5.718103
v 6.762200 20.038766 -5.676455
v 6.620357 20.194422 -6.113455
v 6.643359 20.173075 -5.819949
v 6.579492 19.554115 -5.798009
v 6.462574 19.602570 -5.834367
v 6.377374 19.710609 -5.924449
v 6.359316 19.825783 -6.050668
v 6.357856 19.935600 -6.176384
v 6.639173 20.043697 -5.706981
v 6.559026 20.081194 -5.771825
v 6.495320 20.088204 -5.875216
v 6.440674 20.083628 -5.983715
v 6.387599 20.067548 -6.090947
v 6.369295 20.038655 -6.198782
v 6.545273 19.554115 -6.238894
v 6.831075 19.564556 -5.725112
v 6.960533 19.993250 -5.846518
v 6.661870 19.554117 -5.791609
v 6.595381 20.102850 -6.317058
v 6.369397 20.009510 -6.275657
v 6.696552 20.008173 -5.670409
v 6.495537 19.569671 -6.406063
v 6.079651 19.630113 -6.477924
v 6.135983 19.740339 -6.350037
v 6.143477 19.688940 -6.388713
v 5.902470 19.775253 -6.196284
v 5.967787 19.787832 -6.124412
v 6.029386 19.791626 -6.057152
v 6.085567 19.835817 -6.099864
v 5.819298 19.627191 -6.384601
v 6.027823 19.554117 -6.358380
v 5.981611 19.554115 -6.414720
v 6.335069 19.627871 -6.182846
v 5.850720 19.554115 -6.299903
v 6.067662 19.554115 -6.288730
v 5.958843 19.554115 -6.241464
v 6.108922 19.554115 -6.211816
v 5.990053 19.554115 -6.163535
v 5.980482 19.607021 -5.962041
v 5.920310 19.599165 -6.037876
v 5.870675 19.590643 -6.118841
v 5.827175 19.570544 -6.198383
v 6.009711 19.654179 -6.011886
v 5.926801 19.663160 -6.058845
v 5.878380 19.647350 -6.137863
v 6.014347 19.725429 -6.030495
v 6.147329 19.797769 -6.042680
v 5.916094 19.786257 -6.336464
v 6.099659 19.800581 -6.319984
v 5.941392 19.554115 -6.315750
v 6.271063 19.554115 -6.169327
v 6.146840 19.554115 -6.131146
v 6.176525 19.554115 -6.050752
v 5.861579 19.554115 -6.383755
v 5.915455 19.554117 -6.452827
v 6.074485 19.554115 -6.016993
v 6.029877 19.554115 -6.086746
v 6.323185 19.625875 -6.076857
v 6.310745 19.617033 -5.960306
v 6.204248 19.650242 -5.962817
v 6.232529 19.623499 -6.377923
v 6.154925 19.626678 -6.433266
v 6.170395 19.554115 -6.347799
v 6.111228 19.554115 -6.416115
v 6.048176 19.554115 -6.472455
v 6.206927 19.554115 -5.970780
v 5.837601 19.630379 -6.216730
v 5.812399 19.621830 -6.296392
v 5.944866 19.724031 -6.089855
v 5.893932 19.707687 -6.166067
v 5.857201 19.683923 -6.241275
v 5.849755 19.684024 -6.341965
v 5.888853 19.716599 -6.406110
v 5.877429 19.636896 -6.457315
v 6.002119 19.793323 -6.374803
v 5.987664 19.726835 -6.438572
v 5.980786 19.658184 -6.501611
v 6.078803 19.760736 -6.369877
v 6.143187 19.823182 -6.163501
v 6.181415 19.803452 -6.222696
v 6.213357 19.790797 -6.110313
v 5.869682 19.738945 -6.281503
v 5.960975 19.822018 -6.252554
v 6.036868 19.831433 -6.298936
v 6.017930 19.838779 -6.172846
v 6.084589 19.836677 -6.226845
v 6.136020 19.814968 -6.269960
v 6.283892 19.554114 -6.077989
v 6.305153 19.618506 -6.299794
v 6.227900 19.554117 -6.265144
v 6.211898 19.689266 -6.344432
v 6.164452 19.777960 -6.295259
v 6.187734 19.739035 -6.316482
v 6.230651 19.751304 -6.266205
v 6.271956 19.698494 -6.278517
v 6.289817 19.708085 -6.182917
v 6.179878 19.729603 -5.991662
v 6.263751 19.556745 -5.863578
v 6.241162 19.775607 -6.195275
v 6.072839 19.702929 -6.421580
v 6.105707 19.609945 -5.932296
v 6.105567 19.651340 -5.980612
v 6.096569 19.720291 -6.004198
v 6.088710 19.773155 -6.023872
v 5.833006 19.662911 -6.295171
v 5.980290 19.554115 -6.506437
v 6.269309 19.663971 -5.980493
v 6.195637 19.781658 -6.263622
v 6.133266 19.772066 -6.322176
v 6.269289 19.554115 -5.997021
v 5.928283 19.554115 -6.371090
v 6.270142 19.712595 -6.062826
v 6.127450 19.554115 -5.970541
v 6.043935 19.855398 -7.038499
v 6.055847 19.771520 -7.081900
v 5.964330 19.555075 -6.903803
v 5.872853 19.554859 -6.888454
v 5.989277 19.554688 -6.823957
v 5.880867 19.554642 -6.967113
v 5.832458 19.903593 -7.067638
v 5.807861 19.821520 -7.137601
v 5.723303 19.852816 -6.795751
v 5.664836 19.787798 -6.910788
v 5.675928 19.772287 -6.793959
v 5.648737 19.689838 -7.067323
v 5.624052 19.677443 -6.913256
v 5.648371 19.675132 -6.781499
v 5.630201 19.561403 -6.898599
v 5.907216 19.837271 -6.523958
v 5.879357 19.879608 -6.598863
v 5.839124 19.885794 -6.660230
v 5.983866 19.714397 -6.427317
v 5.974636 19.628930 -6.384938
v 6.076891 19.629469 -6.380043
v 6.075515 19.669095 -7.116915
v 6.075521 19.570600 -7.093800
v 5.995150 19.555039 -7.012379
v 5.978759 19.850554 -6.511036
v 6.062424 19.873205 -6.519091
v 6.117278 19.911123 -6.747094
v 6.074266 19.927299 -6.818198
v 6.010563 19.940649 -6.771443
v 5.949027 19.925722 -6.729984
v 6.025200 19.947542 -6.897606
v 5.955240 19.944710 -6.839186
v 5.902749 19.927570 -6.791764
v 6.146047 19.657618 -7.018300
v 6.212709 19.817776 -6.714338
v 6.248182 19.746089 -6.699849
v 6.219322 19.722397 -6.801866
v 6.279654 19.687010 -6.549060
v 6.286491 19.650402 -6.684659
v 6.266520 19.605695 -6.806627
v 6.230261 19.561159 -6.530537
v 6.113011 19.554173 -6.760545
v 6.128115 19.554115 -6.652884
v 6.133376 19.554114 -6.546082
v 6.218262 19.557560 -6.791170
v 6.228057 19.554115 -6.666219
v 6.206992 19.636429 -6.919860
v 5.818301 19.929275 -6.943201
v 5.789365 19.909875 -6.868920
v 5.786422 19.895239 -6.798577
v 5.804623 19.889931 -6.730394
v 5.749611 19.893939 -6.994175
v 5.711408 19.876623 -6.892541
v 5.696877 19.810591 -7.039409
v 6.057148 19.932295 -6.700985
v 5.992873 19.919575 -6.661995
v 5.930792 19.906515 -6.628429
v 5.892100 19.910867 -6.693472
v 5.967899 19.679054 -7.199087
v 5.947721 19.554153 -7.123578
v 5.917882 19.554472 -7.039761
v 6.034440 19.554115 -6.635881
v 6.048279 19.554114 -6.539127
v 5.966501 19.554114 -6.521638
v 5.824552 19.554115 -7.100192
v 5.984691 19.787990 -6.469832
v 6.079935 19.715402 -6.426318
v 6.075563 19.798752 -6.469582
v 6.178482 19.582845 -6.379021
v 6.185805 19.710306 -6.454071
v 6.171336 19.798411 -6.506812
v 6.149236 19.875997 -6.560397
v 6.244641 19.784273 -6.588175
v 6.210831 19.857168 -6.631203
v 5.855306 19.910675 -6.755910
v 5.848971 19.831646 -6.568849
v 5.837553 19.764115 -6.542034
v 5.902296 19.778948 -6.488861
v 5.898261 19.706509 -6.453306
v 5.897961 19.634044 -6.421972
v 5.889490 19.554665 -6.801614
v 6.014019 19.554115 -6.732592
v 5.916913 19.554220 -6.709389
v 5.945250 19.554115 -6.614788
v 5.944403 19.881371 -7.070543
v 5.947394 19.796403 -7.136127
v 5.805351 19.712006 -7.207234
v 6.046737 19.555206 -6.947429
v 6.087197 19.554562 -6.861490
v 6.134883 19.573259 -7.011616
v 6.192316 19.564205 -6.911783
v 6.117553 19.743952 -6.992441
v 6.182541 19.800781 -6.794249
v 6.141359 19.805551 -6.878151
v 6.093637 19.823321 -6.961733
v 6.170190 19.724278 -6.898153
v 5.783612 19.554535 -6.787383
v 5.666709 19.579347 -6.770143
v 5.819225 19.554373 -6.686957
v 5.712921 19.581315 -6.655286
v 5.697200 19.673900 -6.668833
v 5.720054 19.761708 -6.693532
v 5.756090 19.838227 -6.710453
v 5.862848 19.554115 -6.590365
v 5.792877 19.582203 -6.568199
v 5.763379 19.669832 -6.578153
v 5.780167 19.757452 -6.611408
v 5.799638 19.832005 -6.632930
v 5.896070 19.565197 -6.498791
v 5.839165 19.606361 -6.484815
v 5.827105 19.684002 -6.506822
v 5.717007 19.554115 -7.016927
v 5.798351 19.554291 -6.977908
v 5.768112 19.554599 -6.887796
v 5.890648 19.941614 -6.898609
v 5.851763 19.923371 -6.839036
v 6.060007 19.554115 -6.450072
v 5.977486 19.554115 -6.436199
v 5.960423 19.896130 -6.560854
v 6.031279 19.905413 -6.589927
v 6.104812 19.917589 -6.628994
v 6.166440 19.904936 -6.682359
v 6.153903 19.864224 -6.779083
v 6.114620 19.874390 -6.854071
v 6.071155 19.891785 -6.932359
v 6.183143 19.863567 -6.726300
v 5.950463 19.940447 -6.979571
v 5.845049 19.554165 -7.041207
v 5.946371 19.554899 -6.962067
v 5.861600 19.940396 -7.003416
v 6.028830 19.902439 -6.990129
v 5.910011 19.878363 -6.553510
v 6.125689 19.554115 -6.462544
v 5.910164 19.585435 -6.410117
v 5.830188 19.910183 -6.798977
v 6.464268 20.229028 -6.636488
v 6.654716 20.261189 -6.617869
v 6.822907 20.218930 -6.680661
v 6.920812 20.140258 -6.771706
v 6.672978 20.097183 -6.498771
v 6.857727 20.071067 -6.543512
v 6.961075 20.017637 -6.668198
v 6.665349 19.927692 -6.442042
v 6.845604 19.904070 -6.490570
v 6.836432 19.747952 -6.455559
v 6.316466 20.184233 -6.717637
v 6.301354 20.059122 -6.647155
v 6.466655 20.088089 -6.542581
v 6.291888 19.918945 -6.593420
v 6.456743 19.936033 -6.469510
v 6.300881 19.783043 -6.574837
v 6.459502 19.780562 -6.441834
v 6.651337 19.760391 -6.412089
v 6.375162 19.687136 -6.645767
v 6.504805 19.669319 -6.539863
v 6.647006 19.612988 -6.458332
v 6.708148 19.618486 -6.629265
v 6.865818 19.593046 -6.593990
v 6.605960 19.636612 -6.797665
v 6.742689 19.613070 -6.780772
v 6.900232 19.597845 -6.766956
v 6.746640 19.598503 -6.934689
v 6.929738 19.577713 -6.946833
v 6.985219 19.698688 -6.963139
v 6.905997 19.588224 -7.131264
v 6.935616 19.703232 -7.132954
v 6.864536 19.696879 -7.294131
v 6.865271 19.833151 -7.285693
v 6.791107 19.823006 -7.424042
v 5.984900 19.812023 -7.066095
v 6.064001 19.731384 -6.886334
v 6.029870 19.857944 -6.894390
v 6.042196 19.995227 -6.941814
v 6.171751 19.758145 -6.726301
v 6.156869 19.891302 -6.741650
v 6.166576 20.027822 -6.787451
v 6.187675 20.161453 -6.843407
v 6.271276 19.983724 -7.790569
v 6.424107 19.953362 -7.773000
v 6.287683 20.188328 -7.675244
v 6.465973 20.146031 -7.671465
v 6.611954 20.069162 -7.645287
v 6.336456 20.349679 -7.470848
v 6.528942 20.314819 -7.510790
v 6.240815 20.398828 -7.158968
v 6.422343 20.444702 -7.226759
v 6.357886 20.369647 -6.945161
v 6.681454 19.978180 -7.563157
v 6.646519 19.860676 -7.635676
v 6.625377 19.719974 -7.694873
v 6.540955 19.604412 -7.657837
v 6.457842 19.567670 -7.583039
v 6.025274 19.856703 -7.615546
v 6.110829 19.952086 -7.763792
v 5.967963 19.833809 -7.254284
v 5.968239 19.925226 -7.358303
v 5.980677 20.045616 -7.490677
v 6.097551 20.152674 -7.613003
v 5.995458 19.925798 -7.114786
v 6.011778 20.045078 -7.195824
v 6.047968 20.178419 -7.290228
v 6.083135 20.121302 -7.011588
v 6.129354 20.265478 -7.079092
v 6.241294 20.285973 -6.895694
v 6.677034 20.189550 -7.494962
v 6.613365 20.379131 -7.286493
v 6.745816 20.243540 -7.303749
v 6.521280 20.414044 -6.996928
v 6.695790 20.385851 -7.056171
v 6.823002 20.260035 -7.105955
v 6.434787 20.329216 -6.769977
v 6.605446 20.376578 -6.788541
v 6.774179 20.334694 -6.850131
v 6.894376 20.232927 -6.917421
v 6.181149 19.752687 -7.807125
v 6.251184 19.631185 -7.654253
v 6.116079 19.673260 -7.679050
v 6.327448 19.577823 -7.532915
v 6.211769 19.595789 -7.540495
v 6.078249 19.611740 -7.544692
v 5.978439 19.771567 -7.481002
v 6.045833 19.589972 -7.405954
v 5.952720 19.707268 -7.348833
v 6.431496 19.657200 -7.708436
v 6.392387 19.734755 -7.838531
v 6.520225 19.746349 -7.784027
v 6.555979 19.909184 -7.722394
v 7.000202 19.979649 -6.811027
v 6.971862 19.974665 -6.967227
v 6.931782 19.979450 -7.133900
v 6.857721 19.968797 -7.290135
v 6.779267 19.943765 -7.421822
v 7.012833 19.845585 -6.791642
v 6.980444 19.838207 -6.962077
v 6.940631 19.839512 -7.132747
v 6.943491 19.721806 -6.597607
v 7.003656 19.696565 -6.772034
v 6.717284 19.825388 -7.539009
v 6.710541 19.692755 -7.574772
v 6.644700 19.570612 -7.558584
v 6.535859 19.555084 -7.495491
v 6.434330 19.555151 -7.452296
v 6.788562 19.686771 -7.441393
v 6.726736 19.569666 -7.427120
v 6.599047 19.554115 -7.376633
v 6.475637 19.554115 -7.336775
v 6.806871 19.573677 -7.284016
v 6.660755 19.554115 -7.238374
v 6.523021 19.554115 -7.199755
v 6.716749 19.570492 -7.088070
v 6.569840 19.580107 -7.056007
v 6.602969 19.618172 -6.921588
v 6.462096 19.663927 -6.745637
v 6.571477 19.651207 -6.675725
v 6.272571 19.688400 -6.785729
v 6.326996 19.561806 -7.430329
v 6.197909 19.573188 -7.417217
v 6.349394 19.554115 -7.306369
v 6.206515 19.556051 -7.279727
v 6.020339 19.568028 -7.250160
v 5.971392 19.683124 -7.211940
v 6.388324 19.560424 -7.164612
v 6.246127 19.578142 -7.128701
v 6.083505 19.599992 -7.079450
v 6.438245 19.604395 -7.024148
v 6.310504 19.631866 -6.985853
v 6.487219 19.644672 -6.898319
v 6.743859 20.057377 -7.451167
v 6.826718 20.105375 -7.303488
v 6.915264 20.128738 -7.134517
v 6.951585 20.106447 -6.961290
v 6.314819 19.673317 -7.760416
v 6.368214 19.618770 -7.616940
v 6.004867 19.700533 -7.058562
v 6.178671 19.667719 -6.934351
v 6.383186 19.662521 -6.853653
v 6.950683 19.869593 -6.628861
v 6.133365 20.318710 -7.395007
v 6.518370 19.648665 -6.812631
v 6.277459 19.821022 -7.847950
v 6.724245 19.917807 -7.510821
v 6.405843 19.561325 -7.525291
v 6.966914 20.076704 -6.842874
v 5.968401 19.774890 -7.181838
v 6.817011 19.594576 -6.481674
v 6.324012 20.278400 -6.778875
vt 0.498792 0.033111
vt 0.513093 0.042476
vt 0.505852 0.056645
vt 0.488413 0.051427
vt 0.513647 0.022855
vt 0.525879 0.031861
vt 0.521618 0.052616
vt 0.516294 0.061559
vt 0.504896 0.074922
vt 0.486469 0.077207
vt 0.473124 0.051597
vt 0.484871 0.033141
vt 0.532281 0.015877
vt 0.542542 0.027702
vt 0.531364 0.046296
vt 0.500470 0.022314
vt 0.526754 0.059897
vt 0.521993 0.064338
vt 0.516445 0.073504
vt 0.509859 0.093212
vt 0.492819 0.099269
vt 0.474073 0.077094
vt 0.459921 0.050847
vt 0.471661 0.033925
vt 0.551295 0.020305
vt 0.560832 0.028658
vt 0.544820 0.043745
vt 0.534467 0.055993
vt 0.530947 0.067730
vt 0.524551 0.072135
vt 0.521234 0.087803
vt 0.519934 0.111824
vt 0.504471 0.121869
vt 0.478415 0.102443
vt 0.463289 0.078157
vt 0.448054 0.054318
vt 0.458510 0.034939
vt 0.560118 0.046352
vt 0.545109 0.056376
vt 0.535952 0.063358
vt 0.537759 0.075557
vt 0.530364 0.082472
vt 0.530159 0.102513
vt 0.533179 0.129109
vt 0.520166 0.141199
vt 0.491596 0.124265
vt 0.467672 0.103499
vt 0.453670 0.081254
vt 0.579851 0.035940
vt 0.576135 0.053420
vt 0.557546 0.060766
vt 0.543166 0.067103
vt 0.547068 0.084141
vt 0.539235 0.093702
vt 0.542230 0.116360
vt 0.549931 0.142234
vt 0.539752 0.153624
vt 0.509112 0.142029
vt 0.479712 0.125222
vt 0.458937 0.104110
vt 0.597649 0.048782
vt 0.592261 0.063953
vt 0.571035 0.068151
vt 0.553343 0.073325
vt 0.558248 0.093458
vt 0.550534 0.104908
vt 0.556598 0.128201
vt 0.567969 0.151804
vt 0.560844 0.164993
vt 0.529611 0.155595
vt 0.496903 0.144723
vt 0.467391 0.124590
vt 0.607523 0.076737
vt 0.613235 0.064470
vt 0.585005 0.077809
vt 0.565170 0.081379
vt 0.570590 0.103019
vt 0.563473 0.115357
vt 0.572094 0.137661
vt 0.585678 0.158358
vt 0.580434 0.172059
vt 0.550231 0.168624
vt 0.519498 0.158199
vt 0.482499 0.144909
vt 0.598694 0.089073
vt 0.620531 0.091895
vt 0.627014 0.082538
vt 0.577841 0.090668
vt 0.583254 0.112335
vt 0.577111 0.124601
vt 0.587595 0.144825
vt 0.601799 0.162280
vt 0.597822 0.175090
vt 0.570505 0.176939
vt 0.590544 0.100640
vt 0.611050 0.101460
vt 0.630985 0.106889
vt 0.639151 0.100111
vt 0.595345 0.120955
vt 0.590525 0.132349
vt 0.602259 0.149449
vt 0.617095 0.163147
vt 0.614800 0.174745
vt 0.588874 0.180478
vt 0.602406 0.110838
vt 0.621293 0.113836
vt 0.638726 0.121020
vt 0.648467 0.117154
vt 0.605946 0.128285
vt 0.603014 0.138145
vt 0.615505 0.151002
vt 0.630487 0.159795
vt 0.630038 0.170404
vt 0.612575 0.120669
vt 0.628741 0.125320
vt 0.653436 0.133723
vt 0.642826 0.133396
vt 0.613587 0.133234
vt 0.614256 0.140897
vt 0.627319 0.149120
vt 0.639991 0.162714
vt 0.641715 0.154721
vt 0.620081 0.129763
vt 0.633560 0.135926
vt 0.650527 0.146308
vt 0.644034 0.141655
vt 0.624192 0.139271
vt 0.637418 0.145227
vt 0.651346 0.153784
vt 0.797835 0.989880
vt 0.803466 0.989204
vt 0.805248 0.994531
vt 0.796557 0.995460
vt 0.798633 0.983323
vt 0.802386 0.984826
vt 0.812944 0.992145
vt 0.808302 0.986957
vt 0.788404 0.995063
vt 0.791685 0.989363
vt 0.793751 0.980961
vt 0.801289 0.977615
vt 0.805111 0.981903
vt 0.813319 0.995707
vt 0.804192 0.997540
vt 0.811049 0.983776
vt 0.815592 0.985204
vt 0.781158 0.991765
vt 0.785446 0.986141
vt 0.788481 0.977693
vt 0.796824 0.973521
vt 0.804852 0.972401
vt 0.808460 0.978367
vt 0.812651 0.975369
vt 0.774016 0.988747
vt 0.778963 0.983364
vt 0.783077 0.974243
vt 0.791937 0.969433
vt 0.800622 0.966568
vt 0.809044 0.967379
vt 0.768346 0.983988
vt 0.773620 0.978938
vt 0.778246 0.970040
vt 0.786810 0.965611
vt 0.795853 0.961220
vt 0.804846 0.959920
vt 0.766565 0.975277
vt 0.770942 0.971092
vt 0.774566 0.964558
vt 0.781990 0.961716
vt 0.790339 0.956924
vt 0.800599 0.952452
vt 0.764999 0.981319
vt 0.759730 0.974059
vt 0.766059 0.964073
vt 0.769285 0.964746
vt 0.771314 0.959314
vt 0.777888 0.957512
vt 0.785087 0.953393
vt 0.792977 0.945906
vt 0.758813 0.962811
vt 0.767400 0.955415
vt 0.774380 0.953468
vt 0.780730 0.949945
vt 0.787196 0.945197
vt 0.758638 0.952761
vt 0.771495 0.948677
vt 0.777303 0.948757
vt 0.781921 0.940552
vt 0.760928 0.942479
vt 0.777098 0.942735
vt 0.773410 0.937402
vt 0.881461 0.574540
vt 0.878530 0.567025
vt 0.885678 0.566406
vt 0.889307 0.570872
vt 0.872635 0.574947
vt 0.870651 0.563671
vt 0.880228 0.558948
vt 0.888866 0.561069
vt 0.895857 0.565633
vt 0.894222 0.576677
vt 0.886405 0.580996
vt 0.872687 0.553175
vt 0.879612 0.582687
vt 0.883914 0.549863
vt 0.893356 0.553587
vt 0.901893 0.558683
vt 0.902111 0.571618
vt 0.898326 0.583004
vt 0.891264 0.584187
vt 0.875359 0.543105
vt 0.889615 0.587084
vt 0.889424 0.540025
vt 0.898951 0.545154
vt 0.908005 0.550708
vt 0.909632 0.564872
vt 0.907660 0.578679
vt 0.900728 0.587131
vt 0.879370 0.531175
vt 0.897129 0.530615
vt 0.905593 0.536734
vt 0.914125 0.542441
vt 0.916728 0.556549
vt 0.917296 0.571977
vt 0.912613 0.584305
vt 0.888527 0.520190
vt 0.906702 0.522530
vt 0.913077 0.529274
vt 0.919779 0.534791
vt 0.923105 0.547426
vt 0.925284 0.561982
vt 0.922881 0.574699
vt 0.878495 0.522297
vt 0.888158 0.512023
vt 0.899852 0.511058
vt 0.917890 0.516630
vt 0.921351 0.523914
vt 0.924026 0.529255
vt 0.928034 0.538148
vt 0.932526 0.552144
vt 0.932788 0.563871
vt 0.899679 0.502851
vt 0.914121 0.504562
vt 0.929437 0.514009
vt 0.930665 0.522151
vt 0.930737 0.529771
vt 0.936925 0.541007
vt 0.939951 0.552678
vt 0.913508 0.495138
vt 0.929094 0.503486
vt 0.937901 0.513686
vt 0.940658 0.521279
vt 0.939469 0.530177
vt 0.944547 0.540429
vt 0.928924 0.495056
vt 0.913748 0.489080
vt 0.901357 0.496095
vt 0.941624 0.506455
vt 0.946175 0.516315
vt 0.947691 0.528142
vt 0.928342 0.488034
vt 0.943414 0.497852
vt 0.914319 0.482862
vt 0.903526 0.488610
vt 0.948334 0.509998
vt 0.927248 0.480687
vt 0.943281 0.491634
vt 0.893009 0.495820
vt 0.890420 0.504527
vt 0.906730 0.480573
vt 0.914818 0.478083
vt 0.924276 0.476320
vt 0.940602 0.485427
vt 0.896756 0.486541
vt 0.967747 0.875480
vt 0.970657 0.884162
vt 0.961490 0.888122
vt 0.958424 0.880396
vt 0.979147 0.875342
vt 0.981390 0.884573
vt 0.974112 0.890348
vt 0.969498 0.894621
vt 0.949655 0.890903
vt 0.952231 0.886458
vt 0.990903 0.879725
vt 0.991351 0.886775
vt 0.982259 0.892187
vt 0.979889 0.899223
vt 0.963294 0.900343
vt 0.992755 0.894292
vt 0.975734 0.906509
vt 0.991578 0.902706
vt 0.957699 0.907402
vt 0.944769 0.897637
vt 0.988926 0.911494
vt 0.970953 0.914330
vt 0.995532 0.891167
vt 0.996390 0.900148
vt 0.952829 0.915098
vt 0.940175 0.905774
vt 0.996343 0.909920
vt 0.984720 0.920976
vt 0.965559 0.922096
vt 0.936841 0.914523
vt 0.949002 0.922780
vt 0.993661 0.920730
vt 0.978180 0.930046
vt 0.959610 0.929172
vt 0.948101 0.929797
vt 0.942730 0.926276
vt 0.984067 0.929275
vt 0.969941 0.936377
vt 0.953753 0.936282
vt 0.947041 0.946942
vt 0.960798 0.939865
vt 0.960057 0.940922
vt 0.822329 0.903601
vt 0.826397 0.893733
vt 0.834445 0.899284
vt 0.828792 0.909625
vt 0.817663 0.899188
vt 0.818698 0.890975
vt 0.828542 0.881481
vt 0.839285 0.887216
vt 0.842157 0.907293
vt 0.835896 0.916778
vt 0.822153 0.918622
vt 0.815969 0.911351
vt 0.812219 0.903185
vt 0.811096 0.893615
vt 0.819435 0.877587
vt 0.848535 0.897119
vt 0.849375 0.916684
vt 0.842918 0.924746
vt 0.829508 0.925675
vt 0.814586 0.927250
vt 0.807741 0.918587
vt 0.805115 0.907790
vt 0.805277 0.898462
vt 0.808791 0.883454
vt 0.856532 0.908549
vt 0.855762 0.926667
vt 0.849422 0.933168
vt 0.837045 0.932896
vt 0.823028 0.934537
vt 0.795767 0.926985
vt 0.804607 0.936925
vt 0.796514 0.909581
vt 0.800362 0.894154
vt 0.811397 0.875349
vt 0.797611 0.874760
vt 0.863810 0.921538
vt 0.859825 0.935283
vt 0.855329 0.940989
vt 0.843934 0.940461
vt 0.831895 0.940904
vt 0.814548 0.944883
vt 0.786515 0.925986
vt 0.795963 0.937081
vt 0.779004 0.909376
vt 0.782047 0.885102
vt 0.866702 0.939757
vt 0.855419 0.946615
vt 0.849580 0.947983
vt 0.838883 0.947497
vt 0.825679 0.947842
vt 0.806207 0.944648
vt 0.843570 0.955119
vt 0.832346 0.952747
vt 0.838613 0.954807
vt 0.780176 0.051824
vt 0.773473 0.068276
vt 0.758943 0.061376
vt 0.764135 0.048868
vt 0.792451 0.060525
vt 0.786470 0.077952
vt 0.765298 0.082976
vt 0.750909 0.072710
vt 0.747189 0.054240
vt 0.753518 0.047073
vt 0.763396 0.035081
vt 0.781591 0.033968
vt 0.778134 0.094004
vt 0.794523 0.039840
vt 0.741233 0.082359
vt 0.757562 0.094269
vt 0.738121 0.062606
vt 0.748848 0.038256
vt 0.736737 0.044316
vt 0.758407 0.019019
vt 0.779700 0.013784
vt 0.765168 0.106522
vt 0.783994 0.021141
vt 0.727665 0.071631
vt 0.729002 0.092690
vt 0.745030 0.106949
vt 0.725702 0.052045
vt 0.725334 0.032022
vt 0.740915 0.024531
vt 0.750829 0.002406
vt 0.765428 0.000029
vt 0.765822 0.116414
vt 0.779733 0.106135
vt 0.752271 0.116820
vt 0.714701 0.062270
vt 0.716308 0.082485
vt 0.727748 0.115365
vt 0.715937 0.102486
vt 0.712186 0.041283
vt 0.711254 0.016393
vt 0.731213 0.009878
vt 0.755475 0.121787
vt 0.739974 0.127891
vt 0.701179 0.053305
vt 0.704410 0.073982
vt 0.705558 0.091959
vt 0.702706 0.110026
vt 0.711675 0.122228
vt 0.694586 0.029646
vt 0.760239 0.126350
vt 0.748302 0.130123
vt 0.725025 0.137911
vt 0.686368 0.045439
vt 0.691770 0.066251
vt 0.695828 0.084039
vt 0.695327 0.098937
vt 0.688624 0.115845
vt 0.695657 0.131195
vt 0.737941 0.142498
vt 0.708355 0.147817
vt 0.677774 0.059877
vt 0.684395 0.078272
vt 0.690573 0.090976
vt 0.684106 0.103330
vt 0.678349 0.138848
vt 0.673595 0.119735
vt 0.723905 0.157551
vt 0.687601 0.156087
vt 0.670470 0.074149
vt 0.681176 0.090516
vt 0.670561 0.106147
vt 0.667519 0.138177
vt 0.660375 0.122242
vt 0.703527 0.162612
vt 0.673659 0.146824
vt 0.667896 0.090645
vt 0.656807 0.109551
vt 0.658279 0.094042
vt 0.664232 0.078321
vt 0.487937 0.642923
vt 0.477756 0.652673
vt 0.464305 0.633910
vt 0.480050 0.624186
vt 0.497081 0.658356
vt 0.486352 0.671415
vt 0.457781 0.662696
vt 0.447141 0.647141
vt 0.448049 0.616041
vt 0.466933 0.605407
vt 0.489519 0.623445
vt 0.494508 0.636606
vt 0.506562 0.673362
vt 0.495795 0.689948
vt 0.466279 0.681594
vt 0.501755 0.643865
vt 0.441602 0.667564
vt 0.437879 0.655333
vt 0.430380 0.633425
vt 0.430451 0.597654
vt 0.451468 0.587351
vt 0.481645 0.603617
vt 0.498321 0.627552
vt 0.507879 0.686841
vt 0.496810 0.704512
vt 0.476392 0.703490
vt 0.511306 0.654819
vt 0.445782 0.684313
vt 0.424904 0.668320
vt 0.424582 0.651335
vt 0.405599 0.617965
vt 0.413800 0.580121
vt 0.436100 0.568916
vt 0.470778 0.580833
vt 0.491998 0.607441
vt 0.449423 0.703009
vt 0.426677 0.684355
vt 0.407431 0.667649
vt 0.404523 0.645825
vt 0.396477 0.595644
vt 0.420967 0.552943
vt 0.401113 0.565381
vt 0.456032 0.562028
vt 0.483959 0.584794
vt 0.426539 0.700871
vt 0.412691 0.682170
vt 0.385690 0.670793
vt 0.382820 0.642418
vt 0.381941 0.619908
vt 0.383366 0.604261
vt 0.386989 0.582294
vt 0.439485 0.546636
vt 0.389167 0.555548
vt 0.404943 0.542518
vt 0.470584 0.564913
vt 0.406034 0.692238
vt 0.369152 0.633280
vt 0.370078 0.653206
vt 0.369038 0.614010
vt 0.374676 0.596941
vt 0.375824 0.571675
vt 0.420924 0.535563
vt 0.455397 0.547637
vt 0.379192 0.549406
vt 0.391124 0.536990
vt 0.360337 0.637813
vt 0.359528 0.621722
vt 0.361621 0.604730
vt 0.366153 0.588022
vt 0.366323 0.563100
vt 0.401951 0.533427
vt 0.373098 0.544604
vt 0.382506 0.536962
vt 0.351315 0.609764
vt 0.354476 0.594631
vt 0.359104 0.579070
vt 0.362234 0.556705
vt 0.309368 0.953149
vt 0.307485 0.943963
vt 0.312926 0.940021
vt 0.316140 0.948479
vt 0.305712 0.955668
vt 0.305492 0.946620
vt 0.308680 0.936720
vt 0.313118 0.933230
vt 0.323508 0.943473
vt 0.320114 0.935292
vt 0.321995 0.956529
vt 0.314931 0.962556
vt 0.311175 0.964091
vt 0.319224 0.929253
vt 0.329618 0.951379
vt 0.330657 0.937830
vt 0.327369 0.930352
vt 0.329384 0.961477
vt 0.322541 0.965797
vt 0.317495 0.968010
vt 0.325511 0.924496
vt 0.336916 0.957025
vt 0.336977 0.945869
vt 0.334494 0.925018
vt 0.338593 0.932078
vt 0.328867 0.968075
vt 0.336064 0.965063
vt 0.322790 0.970200
vt 0.332619 0.920976
vt 0.344548 0.951140
vt 0.344139 0.961481
vt 0.344318 0.938895
vt 0.342251 0.921382
vt 0.346123 0.928021
vt 0.334154 0.970827
vt 0.342866 0.967217
vt 0.327131 0.971262
vt 0.317140 0.973540
vt 0.314267 0.969328
vt 0.338605 0.917750
vt 0.350862 0.943157
vt 0.352272 0.955781
vt 0.349809 0.963913
vt 0.348347 0.933725
vt 0.353041 0.925938
vt 0.349072 0.917649
vt 0.309939 0.965433
vt 0.307410 0.971532
vt 0.332638 0.918770
vt 0.336631 0.916330
vt 0.343490 0.913742
vt 0.353763 0.934531
vt 0.359658 0.947834
vt 0.357591 0.958703
vt 0.361239 0.924519
vt 0.357542 0.913263
vt 0.348849 0.907705
vt 0.361131 0.935520
vt 0.498206 0.881692
vt 0.507380 0.891700
vt 0.505109 0.901262
vt 0.495408 0.891048
vt 0.501522 0.871722
vt 0.509979 0.882398
vt 0.518359 0.900453
vt 0.516675 0.910245
vt 0.506385 0.861371
vt 0.513740 0.873677
vt 0.494166 0.860820
vt 0.491822 0.870717
vt 0.499014 0.849711
vt 0.525760 0.864309
vt 0.516990 0.851159
vt 0.488787 0.850124
vt 0.492857 0.838446
vt 0.510825 0.838275
vt 0.534057 0.876129
vt 0.523754 0.883980
vt 0.539741 0.858408
vt 0.533483 0.845527
vt 0.504228 0.827256
vt 0.527170 0.831336
vt 0.541368 0.888305
vt 0.531874 0.890829
vt 0.546728 0.870065
vt 0.547734 0.844864
vt 0.551129 0.857778
vt 0.500127 0.819376
vt 0.491994 0.830388
vt 0.520119 0.821204
vt 0.543438 0.829797
vt 0.553979 0.882181
vt 0.553105 0.866916
vt 0.558879 0.849292
vt 0.561935 0.861865
vt 0.513838 0.813616
vt 0.534646 0.821339
vt 0.553913 0.836048
vt 0.560545 0.873158
vt 0.557759 0.893473
vt 0.544352 0.898979
vt 0.527561 0.813454
vt 0.564156 0.883184
vt 0.565905 0.893735
vt 0.560448 0.904270
vt 0.243450 0.928464
vt 0.248538 0.938739
vt 0.236922 0.944230
vt 0.232753 0.934992
vt 0.254365 0.925761
vt 0.259522 0.934589
vt 0.252941 0.949268
vt 0.242510 0.954665
vt 0.225166 0.949532
vt 0.223280 0.939872
vt 0.230030 0.929830
vt 0.239524 0.924649
vt 0.249747 0.920419
vt 0.264026 0.923267
vt 0.269547 0.931942
vt 0.261812 0.945232
vt 0.254762 0.956155
vt 0.246974 0.959853
vt 0.232446 0.960301
vt 0.213844 0.942093
vt 0.215143 0.954070
vt 0.223113 0.933701
vt 0.235412 0.920524
vt 0.225853 0.925789
vt 0.245549 0.915811
vt 0.259428 0.919343
vt 0.269771 0.924179
vt 0.275497 0.930520
vt 0.269691 0.942926
vt 0.261996 0.953596
vt 0.251574 0.962021
vt 0.255395 0.958887
vt 0.239018 0.964851
vt 0.222917 0.966423
vt 0.218212 0.932297
vt 0.231686 0.917949
vt 0.221620 0.923082
vt 0.241504 0.913122
vt 0.276542 0.942551
vt 0.267911 0.952000
vt 0.260148 0.958374
vt 0.246044 0.966648
vt 0.257962 0.962340
vt 0.230762 0.971287
vt 0.251867 0.909619
vt 0.254858 0.917039
vt 0.272639 0.953561
vt 0.265025 0.957366
vt 0.254637 0.967080
vt 0.239687 0.972189
vt 0.265618 0.960243
vt 0.264651 0.915807
vt 0.264784 0.920881
vt 0.264489 0.964612
vt 0.249481 0.972139
vt 0.274262 0.926351
vt 0.278447 0.920336
vt 0.397630 0.946893
vt 0.385408 0.952314
vt 0.381112 0.934094
vt 0.394324 0.933274
vt 0.405263 0.955356
vt 0.395414 0.962338
vt 0.373064 0.959313
vt 0.366590 0.933462
vt 0.384410 0.918492
vt 0.395896 0.920006
vt 0.405721 0.933027
vt 0.406592 0.942394
vt 0.415499 0.946416
vt 0.413659 0.959310
vt 0.405961 0.964655
vt 0.384834 0.970327
vt 0.372781 0.915772
vt 0.400925 0.910891
vt 0.391170 0.907252
vt 0.406292 0.923256
vt 0.415368 0.933704
vt 0.418698 0.953220
vt 0.398063 0.969700
vt 0.382506 0.903957
vt 0.409166 0.915786
vt 0.400094 0.900113
vt 0.407701 0.904486
vt 0.414310 0.924724
vt 0.427190 0.943412
vt 0.424571 0.932286
vt 0.424925 0.950348
vt 0.393236 0.895898
vt 0.414371 0.910081
vt 0.413917 0.919019
vt 0.409736 0.896027
vt 0.415530 0.899666
vt 0.421725 0.923567
vt 0.434574 0.938801
vt 0.432967 0.929333
vt 0.431978 0.945444
vt 0.403912 0.891372
vt 0.421153 0.905361
vt 0.418633 0.916409
vt 0.423474 0.896655
vt 0.419185 0.893057
vt 0.429166 0.920570
vt 0.441251 0.934605
vt 0.440477 0.925464
vt 0.439009 0.940575
vt 0.414559 0.888663
vt 0.425463 0.912653
vt 0.427744 0.901966
vt 0.431462 0.896273
vt 0.428884 0.892294
vt 0.436458 0.916756
vt 0.447705 0.921516
vt 0.448794 0.931513
vt 0.444567 0.937263
vt 0.425379 0.888333
vt 0.432277 0.908767
vt 0.432934 0.899524
vt 0.442951 0.912124
vt 0.452497 0.917680
vt 0.452094 0.929475
vt 0.438038 0.903958
vt 0.439225 0.900157
vt 0.447442 0.907090
vt 0.770095 0.757714
vt 0.751978 0.772772
vt 0.743394 0.766730
vt 0.763534 0.751670
vt 0.728788 0.779546
vt 0.720391 0.773878
vt 0.734537 0.756105
vt 0.758058 0.741706
vt 0.697447 0.778721
vt 0.705607 0.785225
vt 0.711844 0.766250
vt 0.723698 0.745322
vt 0.750596 0.728791
vt 0.781620 0.738748
vt 0.781102 0.727532
vt 0.690977 0.769985
vt 0.682120 0.786015
vt 0.674217 0.777396
vt 0.700904 0.756542
vt 0.708717 0.728242
vt 0.738925 0.711014
vt 0.779073 0.712338
vt 0.686952 0.762819
vt 0.669536 0.767470
vt 0.687364 0.742344
vt 0.723433 0.687395
vt 0.693486 0.707130
vt 0.768255 0.690277
vt 0.672797 0.755346
vt 0.672843 0.724337
vt 0.752701 0.669108
vt 0.685401 0.686163
vt 0.711653 0.668447
vt 0.649195 0.754980
vt 0.655349 0.740360
vt 0.663334 0.704679
vt 0.776880 0.657944
vt 0.791724 0.673037
vt 0.740017 0.655945
vt 0.685153 0.674225
vt 0.707189 0.658880
vt 0.641532 0.735421
vt 0.647535 0.720890
vt 0.664824 0.689639
vt 0.764669 0.648204
vt 0.731411 0.647653
vt 0.648899 0.704499
vt 0.753297 0.643614
vt 0.788166 0.643564
vt 0.792285 0.651297
vt 0.772662 0.639702
vt 0.622374 0.591098
vt 0.620726 0.572862
vt 0.644312 0.571836
vt 0.646939 0.588703
vt 0.594482 0.591955
vt 0.596690 0.575567
vt 0.665707 0.571463
vt 0.669812 0.587034
vt 0.648033 0.610173
vt 0.623225 0.613803
vt 0.592115 0.618923
vt 0.574219 0.576243
vt 0.568754 0.589494
vt 0.671044 0.607391
vt 0.650458 0.631352
vt 0.627561 0.635915
vt 0.604704 0.641728
vt 0.563072 0.610858
vt 0.547205 0.586532
vt 0.554700 0.574851
vt 0.690860 0.584653
vt 0.692313 0.605020
vt 0.672257 0.627827
vt 0.653053 0.652198
vt 0.631567 0.657371
vt 0.589543 0.646671
vt 0.576057 0.638340
vt 0.608615 0.660994
vt 0.556384 0.630988
vt 0.540711 0.605799
vt 0.527211 0.584744
vt 0.538463 0.572716
vt 0.704715 0.583726
vt 0.705956 0.602885
vt 0.692781 0.625238
vt 0.673210 0.648155
vt 0.653377 0.671221
vt 0.632245 0.677671
vt 0.587620 0.660851
vt 0.568331 0.655061
vt 0.608718 0.680471
vt 0.550619 0.648342
vt 0.536729 0.625288
vt 0.524604 0.601865
vt 0.526439 0.570583
vt 0.516581 0.581486
vt 0.706267 0.623094
vt 0.691978 0.645744
vt 0.671952 0.665904
vt 0.585020 0.680515
vt 0.559782 0.673547
vt 0.546703 0.660700
vt 0.533112 0.643696
vt 0.521361 0.620179
vt 0.512804 0.597765
vt 0.715666 0.600832
vt 0.715495 0.621280
vt 0.705600 0.644405
vt 0.687135 0.663337
vt 0.584650 0.695947
vt 0.562262 0.691548
vt 0.542062 0.671184
vt 0.536012 0.658477
vt 0.519966 0.638566
vt 0.509153 0.615372
vt 0.546130 0.684255
vt 0.530709 0.666946
vt 0.525223 0.653672
vt 0.509826 0.634223
vt 0.535147 0.678275
vt 0.535887 0.214910
vt 0.529633 0.209623
vt 0.533258 0.208574
vt 0.538734 0.211389
vt 0.532664 0.203605
vt 0.526803 0.202898
vt 0.541797 0.204927
vt 0.525315 0.210008
vt 0.521085 0.202642
vt 0.523282 0.196658
vt 0.531487 0.197334
vt 0.540835 0.196862
vt 0.547083 0.209444
vt 0.545976 0.213789
vt 0.516625 0.196920
vt 0.531934 0.189785
vt 0.523768 0.189785
vt 0.540383 0.189785
vt 0.549799 0.196993
vt 0.551047 0.202915
vt 0.552971 0.208959
vt 0.553656 0.213883
vt 0.515205 0.189785
vt 0.548236 0.190912
vt 0.559010 0.196840
vt 0.559316 0.201896
vt 0.560492 0.207883
vt 0.561708 0.213631
vt 0.513854 0.189785
vt 0.509153 0.193743
vt 0.559347 0.191285
vt 0.566989 0.196238
vt 0.566622 0.201571
vt 0.567253 0.206835
vt 0.568706 0.211385
vt 0.566363 0.189785
vt 0.573893 0.195567
vt 0.572585 0.201799
vt 0.571587 0.205852
vt 0.573891 0.190439
vt 0.581225 0.195511
vt 0.577884 0.203627
vt 0.573893 0.208032
vt 0.577808 0.189785
vt 0.984117 0.661553
vt 0.973708 0.662203
vt 0.974710 0.652128
vt 0.986290 0.653165
vt 0.961531 0.660997
vt 0.962269 0.650529
vt 0.975312 0.639595
vt 0.986381 0.640800
vt 0.973381 0.670208
vt 0.960405 0.668124
vt 0.948499 0.658381
vt 0.948959 0.648555
vt 0.962539 0.637600
vt 0.975442 0.626203
vt 0.985990 0.627453
vt 0.935560 0.655230
vt 0.935398 0.646123
vt 0.948801 0.635993
vt 0.962736 0.624616
vt 0.975338 0.612232
vt 0.985819 0.613856
vt 0.934406 0.634120
vt 0.948476 0.622703
vt 0.962843 0.610748
vt 0.975924 0.598586
vt 0.986537 0.599701
vt 0.933611 0.620448
vt 0.948685 0.608969
vt 0.963347 0.597334
vt 0.988223 0.586996
vt 0.976651 0.585552
vt 0.935291 0.606448
vt 0.950196 0.596103
vt 0.963333 0.585216
vt 0.987386 0.577983
vt 0.976087 0.576812
vt 0.921566 0.616615
vt 0.925162 0.602669
vt 0.937594 0.594138
vt 0.951017 0.585881
vt 0.963111 0.577337
vt 0.975059 0.570098
vt 0.986904 0.572097
vt 0.929130 0.589875
vt 0.941705 0.585529
vt 0.950044 0.578092
vt 0.962553 0.570549
vt 0.937547 0.580410
vt 0.948594 0.571722
vt 0.925029 0.585436
vt 0.935106 0.575953
vt 0.064837 0.000037
vt 0.074959 0.000748
vt 0.074959 0.008029
vt 0.061098 0.007401
vt 0.024712 0.467202
vt 0.012955 0.466958
vt 0.014690 0.458166
vt 0.025765 0.458166
vt 0.026568 0.477030
vt 0.013500 0.477582
vt 0.000000 0.465874
vt 0.005934 0.458166
vt 0.039442 0.466055
vt 0.038341 0.475855
vt 0.021305 0.487163
vt 0.029983 0.485302
vt 0.004024 0.471625
vt 0.051433 0.466667
vt 0.048407 0.474724
vt 0.038605 0.482325
vt 0.016189 0.488017
vt 0.008966 0.479666
vt 0.034365 0.200763
vt 0.030706 0.210908
vt 0.021653 0.208515
vt 0.024798 0.196548
vt 0.039731 0.205390
vt 0.038516 0.213212
vt 0.028679 0.221710
vt 0.019409 0.220656
vt 0.011806 0.206817
vt 0.013115 0.193530
vt 0.036531 0.223283
vt 0.019195 0.232878
vt 0.028136 0.232299
vt 0.009389 0.219721
vt 0.002184 0.207112
vt 0.001880 0.196017
vt 0.035372 0.232841
vt 0.005883 0.234161
vt 0.030074 0.242040
vt 0.021897 0.244946
vt 0.001151 0.220031
vt 0.035297 0.239629
vt 0.010983 0.248037
vt 0.000393 0.233988
vt 0.034567 0.250908
vt 0.026253 0.256821
vt 0.040016 0.243719
vt 0.015158 0.262359
vt 0.000000 0.247798
vt 0.027865 0.262784
vt 0.036715 0.256181
vt 0.017816 0.269006
vt 0.000804 0.262473
vt 0.003277 0.276798
vt 0.853089 0.239441
vt 0.861915 0.245410
vt 0.851519 0.261811
vt 0.840102 0.259188
vt 0.869677 0.223633
vt 0.875671 0.232956
vt 0.869045 0.251214
vt 0.865708 0.264312
vt 0.888412 0.218487
vt 0.892280 0.229184
vt 0.879933 0.246600
vt 0.880492 0.264181
vt 0.848478 0.284421
vt 0.863207 0.283992
vt 0.905926 0.215127
vt 0.908859 0.226148
vt 0.894973 0.244078
vt 0.895801 0.263316
vt 0.879955 0.283309
vt 0.850328 0.308228
vt 0.865829 0.305175
vt 0.923133 0.218615
vt 0.923305 0.228670
vt 0.911691 0.242347
vt 0.911453 0.263250
vt 0.895655 0.282856
vt 0.881151 0.302604
vt 0.856385 0.331025
vt 0.871213 0.323894
vt 0.922766 0.245677
vt 0.910943 0.283066
vt 0.925025 0.263600
vt 0.896368 0.301852
vt 0.883959 0.319466
vt 0.869891 0.349359
vt 0.880098 0.338073
vt 0.923845 0.283995
vt 0.911656 0.302772
vt 0.897506 0.319258
vt 0.886871 0.330937
vt 0.893280 0.347050
vt 0.887838 0.359607
vt 0.925478 0.303858
vt 0.912790 0.321189
vt 0.897239 0.334179
vt 0.909065 0.354102
vt 0.906106 0.367464
vt 0.925927 0.321991
vt 0.912119 0.338214
vt 0.925821 0.338964
vt 0.341713 0.681810
vt 0.336277 0.675734
vt 0.350133 0.667465
vt 0.350335 0.675045
vt 0.359928 0.679386
vt 0.351199 0.689032
vt 0.372010 0.687910
vt 0.361817 0.698604
vt 0.342075 0.699814
vt 0.331965 0.693321
vt 0.380842 0.701130
vt 0.370647 0.709255
vt 0.353357 0.709115
vt 0.332583 0.712560
vt 0.321824 0.706806
vt 0.380715 0.679301
vt 0.391271 0.693296
vt 0.388474 0.714020
vt 0.376753 0.719768
vt 0.362757 0.717529
vt 0.345671 0.721112
vt 0.321357 0.726567
vt 0.310583 0.722154
vt 0.399393 0.708454
vt 0.394292 0.728474
vt 0.380014 0.731396
vt 0.369150 0.723176
vt 0.357186 0.727883
vt 0.338946 0.734970
vt 0.405938 0.724302
vt 0.396421 0.743626
vt 0.381413 0.744641
vt 0.368264 0.731870
vt 0.352964 0.740519
vt 0.334375 0.750482
vt 0.318290 0.745719
vt 0.409026 0.740695
vt 0.381721 0.758625
vt 0.396890 0.758596
vt 0.366853 0.743892
vt 0.349829 0.754420
vt 0.315037 0.763608
vt 0.330901 0.766494
vt 0.415680 0.718994
vt 0.420059 0.736455
vt 0.410436 0.756776
vt 0.365279 0.757198
vt 0.395906 0.772851
vt 0.380242 0.772899
vt 0.347235 0.768937
vt 0.329030 0.782014
vt 0.315507 0.780147
vt 0.422546 0.753628
vt 0.410544 0.772004
vt 0.363592 0.771494
vt 0.392619 0.786510
vt 0.376641 0.786404
vt 0.345035 0.783235
vt 0.331227 0.791430
vt 0.321680 0.791224
vt 0.423761 0.770065
vt 0.432681 0.730250
vt 0.434930 0.749746
vt 0.360387 0.786728
vt 0.434464 0.767582
vt 0.445731 0.721389
vt 0.446877 0.746662
vt 0.344516 0.005180
vt 0.336041 0.008434
vt 0.336460 0.003731
vt 0.342429 0.000000
vt 0.202994 0.008342
vt 0.198788 0.011422
vt 0.193144 0.009983
vt 0.197521 0.003187
vt 0.186285 0.008016
vt 0.189180 0.000024
vt 0.189683 0.017670
vt 0.183295 0.014223
vt 0.061375 0.997239
vt 0.048579 0.996586
vt 0.048325 0.986452
vt 0.060778 0.987436
vt 0.034296 0.996287
vt 0.034355 0.986186
vt 0.047948 0.976038
vt 0.060731 0.975947
vt 0.073155 0.986863
vt 0.073496 0.995831
vt 0.020494 0.994354
vt 0.021968 0.984085
vt 0.035150 0.976385
vt 0.047393 0.965476
vt 0.060517 0.964729
vt 0.073290 0.976182
vt 0.010183 0.989712
vt 0.011980 0.978476
vt 0.025516 0.976470
vt 0.033932 0.966855
vt 0.046845 0.956353
vt 0.060217 0.956214
vt 0.071924 0.965779
vt 0.021396 0.969815
vt 0.032102 0.956623
vt 0.046402 0.947971
vt 0.060053 0.947967
vt 0.071455 0.957652
vt 0.017047 0.960519
vt 0.031407 0.949410
vt 0.046398 0.941427
vt 0.060029 0.939451
vt 0.072560 0.949332
vt 0.072713 0.940582
vt 0.485965 0.000739
vt 0.487719 0.008461
vt 0.478129 0.009060
vt 0.479045 0.002894
vt 0.488260 0.016772
vt 0.477079 0.017103
vt 0.472208 0.000023
vt 0.468411 0.007974
vt 0.465568 0.017231
vt 0.495824 0.008624
vt 0.497931 0.015724
vt 0.457979 0.015629
vt 0.457882 0.009958
vt 0.453146 0.021104
vt 0.458628 0.028137
vt 0.990296 0.521408
vt 0.983481 0.521983
vt 0.984538 0.512354
vt 0.991849 0.513047
vt 0.975938 0.512450
vt 0.975016 0.522454
vt 0.985795 0.501735
vt 0.994495 0.503270
vt 0.976055 0.501224
vt 0.966548 0.522489
vt 0.965950 0.513529
vt 0.985755 0.490543
vt 0.994822 0.493126
vt 0.966013 0.501580
vt 0.975459 0.488852
vt 0.972386 0.530769
vt 0.963313 0.529360
vt 0.960867 0.521063
vt 0.957207 0.513196
vt 0.957207 0.503553
vt 0.960565 0.489708
vt 0.960490 0.534769
vt 0.970730 0.538216
vt 0.960386 0.544113
vt 0.971205 0.545950
vt 0.044791 0.882823
vt 0.044519 0.898867
vt 0.021032 0.897832
vt 0.023111 0.879162
vt 0.045647 0.916177
vt 0.021900 0.917127
vt 0.000000 0.900805
vt 0.003964 0.883973
vt 0.045333 0.933876
vt 0.023495 0.936172
vt 0.001380 0.919816
vt 0.064414 0.918122
vt 0.063391 0.933593
vt 0.002424 0.937588
vt 0.079785 0.921269
vt 0.078090 0.936428
vt 0.023988 0.952952
vt 0.004635 0.955048
vt 0.090357 0.939474
vt 0.094242 0.925067
vn 0.467165 0.592426 0.656345
vn 0.600301 0.685056 0.412719
vn 0.210631 0.861926 0.461214
vn 0.197556 0.713401 0.672332
vn 0.535865 0.558092 0.633547
vn 0.661675 0.619667 0.422135
vn 0.118622 0.426682 0.896589
vn 0.212841 0.399547 0.891662
vn -0.085394 0.620297 0.779704
vn -0.128500 0.249673 0.959766
vn -0.098149 0.193037 0.976270
vn -0.293403 0.437941 0.849778
vn 0.873773 -0.223285 -0.432047
vn 0.605951 -0.762500 -0.226755
vn 0.561167 -0.755196 -0.338777
vn 0.810736 -0.180292 -0.556958
vn 0.918128 -0.292219 -0.267674
vn 0.636124 -0.758769 -0.140058
vn 0.863056 0.032135 -0.504086
vn 0.953865 0.020047 -0.299566
vn 0.800631 0.059652 -0.596181
vn 0.485533 -0.770331 -0.413339
vn 0.746303 -0.191799 -0.637374
vn 0.764156 0.052522 -0.642889
vn 0.757716 0.095742 -0.645523
vn 0.788142 0.079216 -0.610375
vn 0.839244 0.087048 -0.536742
vn 0.730314 0.249390 -0.635961
vn 0.793062 0.284744 -0.538492
vn 0.708163 0.256860 -0.657669
vn 0.337347 -0.807489 -0.483899
vn 0.531216 -0.262443 -0.805564
vn 0.548251 0.016404 -0.836153
vn 0.553567 0.077898 -0.829154
vn 0.526625 0.256970 -0.810329
vn 0.613154 0.461558 -0.641098
vn 0.621467 0.480066 -0.619124
vn 0.449589 0.475042 -0.756442
vn 0.154892 -0.821689 -0.548485
vn 0.235836 -0.301741 -0.923761
vn 0.231159 -0.013188 -0.972827
vn 0.227079 0.042665 -0.972941
vn 0.209102 0.252641 -0.944695
vn 0.159124 0.501016 -0.850684
vn 0.130288 0.635411 -0.761103
vn 0.382124 0.568574 -0.728495
vn 0.492596 0.617732 -0.612990
vn 0.004299 -0.857834 -0.513909
vn -0.040819 -0.343597 -0.938230
vn -0.056031 -0.033133 -0.997879
vn -0.068877 0.044325 -0.996640
vn -0.140915 0.298245 -0.944030
vn -0.248633 0.566817 -0.785430
vn -0.217717 -0.909043 -0.355302
vn -0.504484 -0.425441 -0.751330
vn -0.585210 -0.042927 -0.809745
vn -0.604184 0.059673 -0.794607
vn -0.642637 0.307746 -0.701649
vn -0.377701 -0.908446 -0.179076
vn -0.801083 -0.422122 -0.424357
vn -0.876727 -0.034360 -0.479760
vn -0.886450 0.079087 -0.456017
vn -0.381263 -0.920872 -0.081448
vn -0.853478 -0.488473 -0.181575
vn -0.973565 -0.070189 -0.217357
vn 0.000002 -1.000000 -0.000002
vn 0.000000 -1.000000 -0.000004
vn 0.000000 -1.000000 -0.000002
vn 0.000000 -1.000000 0.000000
vn -0.000003 -1.000000 -0.000004
vn -0.000003 -1.000000 -0.000001
vn 0.000005 -1.000000 0.000003
vn -0.000000 -1.000000 0.000000
vn 0.000000 -1.000000 0.000006
vn 0.000000 -1.000000 -0.000000
vn 0.000000 -1.000000 0.000002
vn -0.000651 -0.999995 0.003178
vn -0.181402 -0.970795 0.157005
vn -0.233899 -0.962777 0.135470
vn -0.004894 -0.999970 0.005974
vn -0.165178 -0.966545 0.196233
vn -0.000002 -1.000000 0.000005
vn -0.280670 -0.950732 0.131656
vn 0.000000 -1.000000 0.000000
vn 0.000000 -1.000000 0.000001
vn -0.317397 -0.944171 0.088318
vn -0.146761 -0.959090 0.242091
vn -0.372194 -0.598788 0.709172
vn -0.492771 -0.634847 0.595102
vn -0.005737 -0.999982 0.001819
vn -0.595976 -0.622450 0.507315
vn -0.711655 -0.559797 0.424470
vn -0.785596 -0.485981 0.382964
vn -0.840296 -0.471232 0.268035
vn -0.625621 -0.220412 0.748342
vn -0.763725 -0.169563 0.622875
vn -0.428210 -0.183937 0.884762
vn -0.855185 -0.111911 0.506098
vn -0.891894 -0.089660 0.443267
vn -0.943475 -0.086746 0.319890
vn -0.637331 -0.049695 0.768986
vn -0.791679 -0.022970 0.610506
vn -0.384337 0.012297 0.923111
vn -0.855068 -0.006152 0.518479
vn -0.886517 -0.024409 0.462053
vn -0.943660 -0.022885 0.330125
vn -0.798284 0.031097 0.601478
vn -0.843167 0.055048 0.534826
vn -0.869659 0.095837 0.484261
vn -0.930828 0.221570 0.290630
vn 0.479081 0.696477 -0.534230
vn 0.462530 0.805256 -0.370983
vn 0.689057 0.533944 -0.490005
vn 0.757627 0.578707 -0.301826
vn 0.865729 0.345133 -0.362486
vn 0.909074 0.147481 -0.389659
vn 0.952166 0.236767 -0.193185
vn 0.970032 0.192605 -0.148129
vn 0.916637 0.364032 -0.165101
vn 0.131488 -0.990987 -0.025598
vn 0.082747 -0.995905 -0.036418
vn 0.060645 -0.997081 -0.046387
vn 0.046023 -0.997617 -0.051411
vn 0.017322 -0.998161 -0.058083
vn 0.001053 -0.997581 -0.069507
vn -0.004129 -0.999285 -0.037594
vn -0.022963 -0.999703 -0.008227
vn -0.000002 -1.000000 0.000006
vn 0.000000 -1.000000 0.000001
vn -0.000001 -1.000000 -0.000005
vn 0.000003 -1.000000 -0.000012
vn 0.000010 -1.000000 -0.000001
vn -0.000001 -1.000000 0.000006
vn -0.000003 -1.000000 0.000002
vn -0.000007 -1.000000 -0.000000
vn -0.000005 -1.000000 -0.000000
vn -0.000002 -1.000000 0.000013
vn 0.578641 0.543266 0.608306
vn 0.708595 0.561647 0.427137
vn 0.805693 0.580557 0.117527
vn 0.603659 0.769747 0.207570
vn 0.834758 0.528107 0.155832
vn 0.000000 -1.000000 -0.000007
vn -0.000002 -1.000000 0.000003
vn 0.000004 -1.000000 -0.000014
vn -0.000001 -1.000000 0.000006
vn 0.000002 -1.000000 -0.000001
vn -0.000058 -1.000000 -0.000128
vn 0.005620 -0.999905 0.012602
vn -0.060335 -0.946515 0.316968
vn -0.177437 -0.538969 0.823425
vn -0.217164 -0.090975 0.971887
vn -0.037064 -0.431565 0.901320
vn 0.280698 -0.393867 0.875258
vn 0.190629 -0.082059 0.978226
vn -0.091922 -0.046726 0.994669
vn 0.007804 -0.882802 0.469681
vn 0.219240 -0.835656 0.503599
vn 0.482066 -0.833261 0.270718
vn 0.689916 -0.403658 0.600896
vn 0.026957 -0.997996 0.057247
vn 0.100356 -0.994952 0.000435
vn 0.006493 -0.999218 0.038990
vn 0.678055 -0.078749 0.730780
vn 0.166629 -0.985579 -0.029489
vn 0.544895 -0.837036 0.049598
vn 0.873472 -0.403578 0.272345
vn 0.908857 -0.056960 0.413200
vn 0.897026 -0.441796 -0.012689
vn 0.993515 -0.055100 0.099453
vn 0.571214 -0.818360 -0.063258
vn 0.608846 -0.787182 -0.098244
vn 0.913290 -0.380779 -0.144601
vn 0.992196 -0.030637 -0.120866
vn -0.000013 -1.000000 -0.000295
vn 0.009582 -0.999930 -0.006996
vn 0.218829 -0.975032 -0.037763
vn 0.018358 -0.999822 -0.004441
vn 0.014597 -0.999893 0.000723
vn 0.231660 -0.972354 -0.029350
vn 0.006497 -0.999978 0.001250
vn 0.198245 -0.979889 -0.022719
vn 0.001410 -0.999999 0.000456
vn 0.000002 -1.000000 0.000005
vn 0.496696 0.845975 -0.193958
vn 0.553424 0.832827 -0.011049
vn 0.805822 0.584241 -0.096505
vn 0.937579 0.336322 -0.088500
vn -0.000008 -1.000000 -0.000004
vn 0.000006 -1.000000 -0.000008
vn 0.000004 -1.000000 0.000017
vn -0.000004 -1.000000 -0.000008
vn 0.000002 -1.000000 -0.000011
vn 0.000003 -1.000000 0.000002
vn -0.309323 0.686893 -0.657645
vn -0.305883 0.853202 -0.422472
vn 0.184473 0.822557 -0.537931
vn -0.668240 0.543130 -0.508394
vn -0.691302 0.602724 -0.398530
vn -0.670179 0.682472 -0.291705
vn -0.879249 0.281043 -0.384625
vn -0.823675 0.493162 -0.279911
vn -0.811377 0.535195 -0.235019
vn -0.820146 0.526200 -0.224665
vn -0.968174 0.066713 -0.241223
vn -0.934326 0.256764 -0.247200
vn -0.838281 0.506715 -0.201307
vn -0.837192 0.534682 -0.114998
vn -0.843003 0.536625 -0.037155
vn -0.784151 0.357125 0.507512
vn -0.844086 0.214890 0.491265
vn -0.815987 0.162348 0.554806
vn -0.751519 0.310760 0.581935
vn -0.787829 0.548760 0.279622
vn -0.876254 0.396206 0.274226
vn -0.617557 0.633901 0.465610
vn -0.584965 0.737896 0.336637
vn -0.648952 0.525490 0.550202
vn -0.765980 0.153912 0.624168
vn -0.687833 0.302571 0.659800
vn -0.612194 0.419427 0.670298
vn -0.551953 0.117201 0.825598
vn -0.469757 0.239391 0.849718
vn -0.420982 0.280352 0.862657
vn -0.977407 0.201386 0.064178
vn -0.995345 0.006693 0.096143
vn -0.866761 0.498412 -0.017618
vn -0.863641 0.501447 0.051715
vn -0.991443 -0.094892 0.089647
vn -0.862552 -0.503442 0.050499
vn -0.013949 -0.999876 -0.007352
vn -0.003646 -0.999989 -0.002964
vn -0.345987 -0.938235 0.002834
vn -0.849395 0.522663 0.073152
vn -0.648554 0.759995 -0.042254
vn -0.656602 0.744357 0.121683
vn -0.199116 0.098044 0.975059
vn -0.182411 0.125432 0.975189
vn -0.313912 0.073846 0.946576
vn -0.610792 0.019575 0.791549
vn -0.250297 0.096287 0.963369
vn -0.217194 0.140497 0.965965
vn -0.221515 0.152849 0.963104
vn 0.211834 0.934710 0.285383
vn 0.186732 0.977836 0.094700
vn 0.138815 0.988271 -0.063639
vn -0.271995 0.955650 0.112926
vn -0.235006 0.939109 0.250694
vn -0.222017 0.892811 0.391915
vn -0.207211 0.817918 0.536725
vn -0.267642 0.963515 0.002537
vn -0.522613 0.814136 0.253096
vn 0.124916 0.974762 -0.185028
vn -0.508218 0.780780 0.363450
vn -0.488542 0.738701 0.464379
vn -0.179449 0.123487 0.975986
vn -0.178611 0.114473 0.977238
vn -0.178976 0.114614 0.977155
vn -0.143593 0.104366 0.984118
vn -0.173821 0.124127 0.976923
vn -0.179342 0.119914 0.976451
vn -0.102859 0.123690 0.986976
vn -0.124997 0.174500 0.976691
vn 0.025834 0.034483 0.999071
vn 0.235661 0.409460 0.881366
vn 0.427459 0.257416 0.866612
vn 0.772612 0.301105 0.558933
vn 0.547792 0.022599 0.836309
vn 0.876593 0.048802 0.478753
vn 0.907421 0.282897 0.310735
vn 0.955264 0.295559 -0.010750
vn -0.445839 0.640180 0.625617
vn 0.984734 0.159610 -0.069455
vn 0.976733 0.099273 0.190101
vn -0.268540 0.951875 -0.147719
vn 0.169844 0.928210 -0.331028
vn 0.099272 0.908250 0.406482
vn -0.325072 0.756074 0.568050
vn -0.054110 0.642005 0.764789
vn 0.379232 0.696105 0.609607
vn -0.073368 0.978233 0.194108
vn -0.453538 0.814222 0.362416
vn 0.437557 0.874558 0.209028
vn 0.290977 0.956699 0.007657
vn 0.664047 0.625943 0.408946
vn 0.844141 0.507847 0.171806
vn 0.761798 0.646472 -0.041683
vn 0.628344 0.755027 -0.187398
vn 0.901316 0.420497 0.103983
vn 0.891588 0.389670 -0.230713
vn 0.832787 0.451309 -0.320601
vn 0.202527 0.861603 -0.465428
vn 0.257895 0.939676 -0.224720
vn 0.559957 0.739750 -0.373119
vn 0.516028 0.682462 -0.517649
vn -0.194254 0.918675 -0.343951
vn -0.114684 0.991975 -0.053231
vn 0.083580 0.713298 -0.695859
vn -0.335174 0.698920 -0.631799
vn 0.445810 0.616980 -0.648528
vn 0.802895 0.383765 -0.456163
vn 0.768857 0.406206 -0.493818
vn 0.704469 0.452639 -0.546665
vn 0.567553 0.771155 -0.288449
vn 0.821253 0.403207 -0.403692
vn 0.250697 0.960696 -0.119224
vn -0.203708 -0.965415 0.162719
vn -0.621736 -0.463424 0.631413
vn -0.725785 -0.233356 0.647133
vn -0.244732 -0.948281 0.202160
vn -0.099751 -0.993644 0.052171
vn -0.359327 -0.820941 0.443779
vn -0.000011 -1.000000 0.000008
vn 0.000006 -1.000000 0.000029
vn -0.000010 -1.000000 0.000003
vn -0.779306 -0.287018 0.557048
vn -0.222830 -0.963013 0.151501
vn -0.000001 -1.000000 -0.000003
vn -0.857446 -0.217618 0.466293
vn -0.236154 -0.961840 0.138188
vn 0.000000 -1.000000 -0.000005
vn -0.930457 -0.293432 0.219426
vn -0.184577 -0.977052 0.106305
vn 0.000000 -1.000000 0.000003
vn -0.837740 -0.516596 -0.176976
vn -0.051002 -0.998199 0.031588
vn 0.000000 -1.000000 -0.000005
vn -0.494567 0.072554 0.866106
vn -0.623365 0.288924 0.726595
vn -0.664175 0.398886 0.632267
vn -0.721495 0.436062 0.537862
vn -0.793035 0.449684 0.410950
vn -0.621019 0.481301 0.618615
vn -0.677172 0.558054 0.479598
vn -0.474477 0.463150 0.748575
vn -0.437889 -0.705912 -0.556724
vn -0.674911 -0.580339 -0.455744
vn -0.838206 0.022620 -0.544885
vn -0.626900 -0.090745 -0.773797
vn 0.000000 -1.000000 0.000006
vn 0.000000 -1.000000 0.000011
vn -0.160264 -0.777816 -0.607715
vn 0.000000 -1.000000 -0.000001
vn -0.135408 -0.008169 -0.990756
vn 0.365044 -0.104859 -0.925066
vn 0.080579 -0.797915 -0.597359
vn 0.022029 -0.999756 0.001381
vn 0.838187 0.160424 -0.521255
vn 0.564883 -0.731211 -0.382411
vn 0.015203 -0.999713 -0.018539
vn -0.527818 0.544748 -0.651657
vn 0.004160 0.637182 -0.770702
vn -0.767616 0.443414 -0.462763
vn 0.451584 0.573681 -0.683346
vn 0.757107 0.447849 -0.475626
vn -0.906392 0.392981 0.154982
vn 0.766590 0.494952 0.409099
vn 0.932813 0.122574 0.338875
vn 0.997676 0.020050 0.065123
vn 0.983050 0.066796 -0.170739
vn 0.906721 0.264246 -0.328682
vn 0.842084 0.366289 -0.395888
vn 0.556914 -0.827029 -0.076617
vn 0.604028 -0.777586 -0.174674
vn 0.617399 -0.785892 0.034516
vn 0.044708 -0.998279 -0.037963
vn 0.061997 -0.997980 -0.013840
vn 0.589333 -0.746088 -0.309901
vn 0.010780 -0.999745 -0.019822
vn 0.825908 0.322736 -0.462297
vn 0.812468 0.379766 -0.442349
vn 0.039198 -0.999229 0.002175
vn 0.425646 -0.874713 -0.231740
vn 0.833595 0.246196 -0.494477
vn 0.806659 0.390994 -0.443198
vn -0.332929 0.592999 0.733151
vn 0.121431 0.689797 0.713747
vn 0.528288 0.618435 0.581764
vn -0.713320 0.589301 0.379340
vn -0.807239 0.566384 0.166056
vn -0.951370 0.187476 -0.244433
vn -0.846521 0.507579 -0.160517
vn -0.492988 0.816483 0.300531
vn -0.582304 0.804954 0.113890
vn -0.674576 0.712555 -0.192906
vn -0.685423 0.549044 -0.478274
vn 0.210562 0.215675 0.953492
vn 0.733057 0.386811 0.559469
vn 0.175358 -0.800781 0.572712
vn 0.708380 -0.561250 0.428014
vn 0.000010 -1.000000 -0.000013
vn -0.000003 -1.000000 -0.000007
vn 0.000012 -1.000000 0.000013
vn -0.000004 -1.000000 0.000004
vn 0.000000 -1.000000 0.000000
vn 0.710357 -0.669579 0.216924
vn 0.000004 -1.000000 0.000003
vn 0.000001 -1.000000 -0.000006
vn 0.000000 -1.000000 -0.000000
vn 0.000000 -1.000000 0.000001
vn 0.000000 -1.000000 -0.000004
vn 0.000000 -1.000000 -0.000009
vn -0.103818 0.989713 0.098437
vn 0.672622 -0.047408 0.738466
vn 0.657517 0.066486 0.750501
vn 0.165544 0.094315 0.981682
vn 0.210036 -0.031547 0.977184
vn 0.881981 -0.075978 0.465120
vn 0.875264 0.049495 0.481106
vn 0.605054 -0.410246 0.682355
vn 0.779217 -0.492796 0.387264
vn 0.190167 -0.440768 0.877246
vn 0.253853 -0.914008 0.316462
vn 0.241062 -0.962853 0.121665
vn 0.069675 -0.943572 0.323756
vn -0.255232 0.120211 0.959378
vn -0.235571 -0.020559 0.971640
vn 0.176385 0.178440 0.968012
vn -0.277533 0.145067 0.949700
vn 0.621965 0.167740 0.764868
vn -0.210360 -0.460396 0.862429
vn -0.092873 -0.933849 0.345399
vn -0.501666 0.154126 0.851221
vn -0.525979 0.108102 0.843599
vn -0.259049 0.281607 0.923900
vn -0.407829 0.402116 0.819743
vn 0.160696 0.470416 0.867690
vn -0.561524 -0.029770 0.826925
vn -0.527965 -0.421535 0.737266
vn -0.287439 -0.883742 0.369296
vn 0.000014 -1.000000 0.000016
vn 0.003053 -0.999990 0.003278
vn 0.015840 -0.999660 0.020724
vn 0.354670 -0.340092 -0.870946
vn 0.390052 -0.054670 -0.919168
vn 0.639007 -0.074510 -0.765584
vn 0.548211 -0.434694 -0.714497
vn -0.212163 -0.343410 -0.914908
vn -0.233407 -0.011705 -0.972309
vn 0.167819 -0.869919 -0.463765
vn -0.134628 -0.818245 -0.558884
vn 0.226690 -0.920446 -0.318420
vn 0.659559 -0.484754 -0.574452
vn 0.246251 -0.941819 -0.228773
vn 0.756198 -0.081917 -0.649195
vn 0.388383 0.086846 -0.917396
vn 0.655867 0.022790 -0.754533
vn -0.179426 0.154959 -0.971491
vn 0.764876 0.005139 -0.644157
vn 0.837424 -0.023774 -0.546036
vn 0.843342 -0.102420 -0.527527
vn 0.731501 -0.513126 -0.449007
vn 0.918027 -0.136165 -0.372404
vn 0.785147 -0.526824 -0.325577
vn 0.920898 -0.068449 -0.383747
vn -0.177921 0.265511 -0.947548
vn 0.354327 0.209034 -0.911459
vn 0.641728 0.132141 -0.755463
vn 0.761846 0.097488 -0.640381
vn 0.834122 0.096335 -0.543103
vn -0.194150 0.518320 -0.832857
vn 0.303870 0.450016 -0.839732
vn 0.554269 0.447435 -0.701847
vn 0.653017 0.449527 -0.609503
vn -0.167540 0.852159 -0.495737
vn 0.230235 0.777542 -0.585167
vn 0.306576 0.813575 -0.494072
vn -0.957661 0.144066 -0.249259
vn -0.954375 0.144060 -0.261564
vn -0.985736 0.154500 0.066740
vn -0.988132 0.137604 0.068264
vn -0.687857 0.213794 -0.693646
vn -0.728501 0.144237 -0.669687
vn -0.913236 0.307776 -0.266971
vn -0.626539 0.488155 -0.607580
vn -0.916005 0.400803 -0.017045
vn -0.953248 0.024395 -0.301202
vn -0.997379 0.048710 0.053509
vn -0.746982 0.018717 -0.664581
vn -0.847829 -0.454258 -0.273560
vn -0.880247 -0.473006 0.037827
vn -0.696372 -0.386837 -0.604503
vn -0.337922 -0.888341 -0.310899
vn -0.376596 -0.917277 -0.129533
vn -0.354859 -0.934791 0.015501
vn -0.004882 -0.996540 -0.082969
vn -0.010224 -0.999743 -0.020213
vn -0.000001 -1.000000 -0.000008
vn -0.708914 0.177498 0.682595
vn -0.721250 0.070665 0.689061
vn -0.602378 0.495386 0.625886
vn -0.731118 -0.039621 0.681099
vn -0.663404 -0.414236 0.623140
vn -0.310338 -0.903202 0.296507
vn 0.000020 -1.000000 0.000005
vn -0.841401 0.208216 0.498688
vn -0.820246 0.098394 0.563484
vn -0.741111 0.506056 0.441206
vn -0.780089 -0.011090 0.625570
vn -0.674918 -0.470041 0.568812
vn -0.259994 -0.941139 0.216013
vn -0.897133 0.211474 0.387855
vn -0.901461 0.153347 0.404786
vn -0.809020 0.485382 0.331498
vn -0.890098 0.034824 0.454437
vn -0.769646 -0.492626 0.406158
vn -0.953893 0.172678 0.245500
vn -0.960598 0.162296 0.225637
vn -0.874700 0.449999 0.180004
vn -0.971777 0.059782 0.228202
vn 0.851724 0.093890 0.515510
vn 0.792948 0.412625 0.448300
vn 0.535627 0.503295 0.678084
vn 0.980105 0.047438 0.192727
vn 0.958866 0.209374 0.191674
vn 0.987859 0.022291 0.153749
vn 0.987497 -0.131593 0.086794
vn 0.816165 -0.576941 0.031828
vn 0.241156 -0.970383 -0.014172
vn 0.952447 -0.149281 -0.265631
vn 0.796119 -0.553367 -0.244906
vn 0.975493 -0.044577 -0.215466
vn 0.275586 -0.954996 -0.109701
vn 0.289363 -0.948934 -0.125669
vn -0.000010 -1.000000 0.000001
vn 0.009036 -0.999866 -0.013632
vn 0.000005 -1.000000 0.000009
vn 0.000015 -1.000000 0.000005
vn 0.000014 -1.000000 0.000004
vn 0.000014 -1.000000 0.000009
vn 0.019058 -0.999797 -0.006580
vn 0.000004 -1.000000 0.000005
vn 0.000006 -1.000000 0.000009
vn 0.011318 -0.999930 0.003344
vn 0.000000 -1.000000 0.000001
vn 0.288437 -0.944007 -0.160172
vn 0.000001 -1.000000 -0.000003
vn 0.003908 -0.999793 -0.019992
vn -0.000001 -1.000000 -0.000011
vn 0.027427 -0.998443 -0.048583
vn -0.572078 0.772677 -0.275131
vn -0.063672 0.950987 -0.302606
vn -0.528995 0.846626 -0.058216
vn -0.016653 0.972311 -0.233096
vn 0.347396 0.818500 -0.457574
vn -0.481779 0.871581 0.090752
vn -0.366284 0.894937 0.254802
vn 0.113827 0.993093 -0.028466
vn -0.227898 0.865296 0.446458
vn 0.254572 0.948953 0.186230
vn 0.508099 0.818711 -0.267483
vn 0.766178 0.446693 -0.461992
vn 0.618056 0.784393 -0.052293
vn 0.856217 0.441967 -0.267503
vn 0.382773 0.832787 0.399938
vn 0.671961 0.729933 0.125167
vn 0.905605 0.409185 -0.111563
vn -0.023121 0.752618 0.658051
vn 0.923949 0.092605 -0.371136
vn 0.983184 0.062509 -0.171589
vn -0.266975 -0.954673 0.131621
vn -0.847976 -0.490548 0.200746
vn -0.308658 -0.948532 0.070833
vn 0.452476 0.182126 -0.872981
vn 0.594071 -0.012471 -0.804316
vn 0.301455 -0.872984 -0.383437
vn 0.291052 -0.715139 -0.635504
vn 0.369842 0.599020 -0.710206
vn 0.452699 0.566503 -0.688577
vn -0.088225 0.347129 -0.933658
vn -0.050247 0.673124 -0.737821
vn -0.107723 -0.501899 -0.858192
vn 0.443436 0.588752 -0.675822
vn 0.496374 0.597800 -0.629483
vn 0.551388 0.531504 -0.643020
vn 0.450934 0.629746 -0.632517
vn 0.477552 0.684581 -0.550721
vn 0.348163 0.651768 -0.673781
vn 0.318485 0.794964 -0.516333
vn 0.677620 -0.204436 -0.706426
vn -0.728911 0.635790 0.253891
vn -0.414857 0.909229 -0.034588
vn -0.527666 0.783711 -0.327667
vn -0.824096 0.566443 0.002914
vn -0.583948 0.685282 0.435194
vn -0.250222 0.956052 0.152816
vn -0.829238 0.399613 0.390735
vn -0.684400 0.434905 0.585196
vn -0.890743 0.383848 0.243390
vn -0.452910 0.378604 0.807175
vn -0.416657 0.670113 0.614285
vn -0.006166 0.955080 0.296283
vn -0.210437 0.342585 0.915616
vn -0.170131 0.565965 0.806684
vn 0.296061 0.792442 0.533276
vn 0.579673 0.778206 0.241607
vn 0.299575 0.953262 0.039317
vn 0.114098 0.988584 -0.098407
vn -0.924690 -0.031762 -0.379393
vn -0.835265 0.509089 -0.207754
vn -0.558903 0.624951 -0.545036
vn -0.638724 0.173473 -0.749626
vn -0.997153 -0.075407 0.000306
vn -0.890861 0.447778 0.076565
vn -0.592387 -0.750427 -0.293149
vn -0.486815 -0.873251 0.021081
vn -0.464746 -0.635941 -0.616109
vn -0.000001 -1.000000 0.000012
vn -0.016992 -0.999361 0.031450
vn 0.000005 -1.000000 -0.000005
vn -0.000002 -1.000000 0.000009
vn 0.000001 -1.000000 0.000003
vn -0.054743 -0.995213 0.080960
vn 0.273158 -0.922873 -0.271459
vn 0.990897 -0.088397 -0.101534
vn 0.992091 0.037898 0.119663
vn 0.484774 -0.874352 0.022443
vn 0.399231 -0.914627 -0.063816
vn 0.841263 0.539700 -0.031632
vn 0.721375 0.618763 0.311049
vn 0.854588 -0.260461 -0.449266
vn 0.758278 0.513823 -0.401249
vn 0.312323 -0.934934 -0.168383
vn -0.571294 -0.784083 0.242565
vn -0.946708 0.196891 0.254909
vn 0.000005 -1.000000 0.000000
vn -0.108599 -0.988521 0.105038
vn -0.571470 -0.728500 0.377768
vn -0.000000 -1.000000 -0.000003
vn -0.153122 -0.979984 0.127222
vn -0.596360 -0.632844 0.493824
vn -0.507623 -0.361475 0.782084
vn -0.373476 0.531114 0.760548
vn -0.688829 0.414974 0.594400
vn -0.285438 0.104861 0.952643
vn -0.169525 0.568915 0.804734
vn -0.163929 -0.953453 0.253090
vn -0.197075 -0.916424 0.348321
vn -0.844431 0.344627 0.410084
vn 0.247185 0.582906 0.774029
vn -0.062037 0.809026 -0.584490
vn -0.017373 0.950845 -0.309180
vn 0.345131 0.893719 -0.286621
vn -0.000003 -1.000000 0.000003
vn 0.496107 -0.866960 0.047516
vn 0.003623 -0.982731 0.185004
vn 0.862452 0.111121 0.493790
vn 0.507137 0.680935 0.528336
vn 0.223612 -0.190702 0.955840
vn 0.069391 0.663147 0.745266
vn 0.692078 0.720399 -0.045306
vn 0.430584 0.892448 -0.134666
vn 0.657748 0.634242 -0.406331
vn 0.525097 0.743990 -0.413221
vn 0.596872 0.549354 -0.584768
vn 0.820446 0.416524 -0.391632
vn 0.817892 0.384583 -0.427959
vn 0.640803 0.430730 -0.635487
vn 0.511341 0.726303 -0.459364
vn 0.704258 0.622522 -0.341301
vn 0.248249 0.671965 -0.697736
vn 0.155037 0.936197 -0.315433
vn 0.279550 0.522141 -0.805742
vn 0.845223 0.145439 -0.514243
vn 0.648641 0.046567 -0.759668
vn 0.215608 -0.077097 -0.973432
vn 0.000414 -0.999997 -0.002283
vn 0.066830 -0.996094 -0.057711
vn 0.036788 -0.998453 -0.041687
vn -0.001388 -0.999988 -0.004646
vn 0.003679 -0.999990 0.002467
vn 0.080607 -0.996015 -0.038167
vn 0.001977 -0.999998 -0.000123
vn 0.003609 -0.999987 0.003733
vn -0.000025 -0.999995 -0.003285
vn -0.053313 -0.997638 0.043320
vn -0.012177 -0.999888 0.008697
vn -0.099919 -0.993329 0.057572
vn 0.015862 -0.999721 -0.017482
vn -0.000950 -0.999996 -0.002556
vn -0.001037 -0.999996 -0.002509
vn 0.002055 -0.999994 0.002800
vn 0.035137 -0.999342 -0.009021
vn -0.205905 0.758078 -0.618806
vn -0.309613 0.558873 -0.769286
vn -0.757810 0.487442 -0.433733
vn -0.622928 0.726483 -0.290144
vn -0.087326 0.948985 -0.302989
vn -0.312205 0.949651 -0.026278
vn -0.349981 -0.048773 -0.935486
vn -0.812811 -0.086024 -0.576141
vn -0.745457 0.607980 0.273230
vn -0.741926 0.669720 0.031947
vn -0.908661 0.417174 -0.017360
vn -0.885693 0.381384 0.264752
vn -0.469340 0.852451 0.230320
vn -0.397066 0.909334 0.124302
vn -0.719511 0.561035 0.409321
vn -0.500268 0.818922 0.281245
vn -0.802276 0.378895 0.461294
vn -0.995752 0.026531 -0.088169
vn -0.951964 0.105334 0.287524
vn -0.860588 0.108423 0.497627
vn -0.550852 -0.696967 -0.459129
vn -0.758319 -0.649570 -0.054865
vn -0.320550 -0.667961 -0.671621
vn -0.688093 -0.680780 0.251130
vn -0.651971 -0.651330 0.388205
vn -0.421924 0.530243 0.735407
vn -0.123282 0.639592 0.758764
vn -0.127063 0.885449 0.447029
vn -0.380409 0.750521 0.540377
vn -0.452585 0.446166 0.772077
vn -0.142959 0.500692 0.853739
vn -0.656162 0.485284 0.577885
vn -0.686755 0.372402 0.624247
vn -0.463576 0.795668 0.389884
vn -0.184522 0.958522 0.217227
vn -0.230166 0.954579 0.189216
vn -0.482392 0.808252 0.337680
vn -0.699452 0.515161 0.495354
vn -0.259614 0.951644 0.164239
vn -0.153063 0.459547 0.874865
vn -0.497287 0.370092 0.784690
vn -0.548415 0.054408 0.834435
vn -0.114020 0.002961 0.993474
vn 0.132575 0.481030 0.866622
vn 0.149112 0.531096 0.834088
vn 0.070436 0.034641 0.996915
vn -0.077701 -0.880959 0.466770
vn -0.038007 -0.905155 0.423380
vn -0.385707 -0.679024 0.624625
vn 0.557327 -0.227128 0.798624
vn 0.637277 0.310265 0.705417
vn 0.018055 -0.966330 0.256671
vn 0.559719 -0.730865 -0.390577
vn 0.480755 -0.656344 -0.581453
vn 0.077469 -0.710752 -0.699164
vn 0.119437 0.729855 0.673087
vn 0.003578 0.933372 0.358892
vn 0.524379 0.530166 0.666296
vn 0.439697 0.733820 0.517856
vn 0.217806 0.946028 0.239981
vn 0.445231 0.883525 -0.145437
vn 0.094441 0.991198 0.092773
vn 0.537673 0.843053 -0.013053
vn 0.450405 0.886804 -0.103510
vn 0.052174 0.994003 0.096108
vn 0.743616 0.569977 -0.349515
vn 0.760224 0.569563 -0.312502
vn 0.764951 0.554611 -0.327501
vn 0.303420 0.941984 -0.143533
vn -0.046788 0.996530 0.068845
vn -0.188577 0.970067 0.153002
vn -0.142871 0.976643 0.160489
vn -0.086544 0.977478 0.192477
vn -0.125820 0.990914 0.047533
vn -0.244001 0.958121 0.149893
vn -0.284760 0.944645 0.162963
vn 0.829294 0.402732 -0.387400
vn 0.888004 0.110608 -0.446335
vn 0.475528 -0.833072 -0.282603
vn 0.869565 0.420447 -0.258998
vn 0.773476 0.612279 0.163859
vn 0.855559 0.458018 0.241327
vn 0.910858 0.360886 -0.200249
vn 0.824960 0.416153 -0.382435
vn 0.855685 0.379400 -0.351937
vn 0.993860 -0.081382 -0.074955
vn 0.954606 -0.108054 -0.277583
vn 0.950728 0.057598 0.304630
vn 0.823839 0.418626 -0.382154
vn 0.753572 -0.587273 0.295364
vn 0.560529 -0.827333 0.036431
vn 0.439976 -0.893281 -0.092038
vn 0.051193 -0.997760 0.043064
vn 0.013871 -0.999898 0.003325
vn -0.000107 -1.000000 -0.000203
vn -0.000000 -1.000000 -0.000004
vn -0.060347 -0.997000 0.048478
vn -0.010915 -0.999825 0.015188
vn -0.307244 -0.918979 0.247143
vn -0.160698 -0.977415 0.137244
vn -0.743725 0.366974 0.558751
vn -0.783365 0.112321 0.611329
vn -0.738619 0.197603 0.644512
vn -0.718960 -0.341159 0.605564
vn -0.126035 -0.989652 0.068583
vn -0.608073 -0.635790 0.475415
vn -0.306071 0.624893 0.718213
vn -0.595494 0.477729 0.645881
vn -0.630497 0.374172 0.680051
vn -0.344327 0.452294 0.822721
vn -0.274592 0.839856 0.468232
vn -0.526936 0.664168 0.530301
vn 0.108579 0.732197 0.672382
vn 0.083223 0.926815 0.366180
vn 0.077137 0.488532 0.869130
vn 0.551852 0.431539 0.713606
vn 0.537308 0.692184 0.481852
vn 0.495785 0.848286 0.186033
vn 0.798090 0.546807 0.253089
vn 0.764574 0.644510 0.005691
vn 0.865386 0.289510 0.409012
vn 0.932077 0.360647 0.034150
vn 0.925946 0.353230 -0.133616
vn 0.984741 0.164943 0.055487
vn 0.057249 0.263351 0.963000
vn 0.538247 0.181201 0.823077
vn -0.367807 0.267789 0.890509
vn 0.878832 0.070770 0.471853
vn 0.995756 0.024965 0.088585
vn -0.425554 -0.192281 0.884269
vn -0.021397 -0.082544 0.996358
vn 0.511922 -0.052427 0.857431
vn 0.872430 -0.206355 0.443040
vn 0.310958 -0.738852 0.597832
vn 0.414250 -0.883500 0.218689
vn -0.171467 -0.780594 0.601059
vn -0.747675 0.439240 0.498047
vn -0.749348 0.335042 0.571160
vn -0.629679 0.663091 0.404741
vn -0.769725 0.124400 0.626137
vn -0.670296 0.198427 0.715073
vn -0.664860 -0.467769 0.582369
vn -0.649659 -0.337557 0.681174
vn -0.287553 -0.907779 0.305370
vn -0.356501 -0.874126 0.329864
vn -0.376794 -0.836913 0.396992
vn -0.120887 -0.971489 0.203949
vn -0.156190 -0.983875 0.087153
vn -0.215025 -0.976598 0.004601
vn -0.182311 -0.982432 -0.039866
vn -0.176528 -0.981108 0.079150
vn -0.140221 -0.988969 0.047727
vn 0.378890 -0.918577 0.112508
vn 0.941060 -0.308463 0.138771
vn -0.118828 -0.970315 0.210641
vn -0.070336 -0.991124 0.112810
vn -0.156582 -0.982088 0.104809
vn -0.119946 -0.962215 0.244447
vn 0.442022 -0.896937 0.010963
vn 0.960369 -0.240230 -0.141354
vn 0.023625 -0.994304 0.103933
vn 0.542158 -0.825144 -0.158751
vn -0.052530 -0.971275 0.232087
vn 0.928692 -0.164489 -0.332378
vn 0.941824 0.024351 -0.335222
vn 0.979539 0.020765 -0.200181
vn 0.496852 -0.842066 -0.209910
vn 0.877797 -0.181051 -0.443501
vn 0.065284 -0.997182 0.036965
vn 0.890686 0.031770 -0.453508
vn 0.505051 -0.815788 -0.281805
vn 0.850529 -0.216320 -0.479381
vn 0.863954 0.060865 -0.499879
vn 0.875252 0.093448 -0.474555
vn 0.937358 0.091930 -0.336018
vn 0.847106 0.102433 -0.521458
vn 0.785983 -0.226948 -0.575087
vn 0.834847 0.094203 -0.542361
vn 0.829700 0.105960 -0.548061
vn -0.974080 0.002036 0.226196
vn -0.887280 0.056573 0.457748
vn -0.877696 0.304139 0.370338
vn -0.963790 0.216960 0.155042
vn -0.802396 -0.471050 0.366433
vn -0.707475 -0.506064 0.493333
vn -0.990718 0.003754 0.135881
vn -0.918173 -0.369445 0.143068
vn -0.993100 0.105834 0.050511
vn -0.248944 -0.889008 0.384307
vn -0.330069 -0.875580 0.352725
vn -0.863696 0.402077 0.303914
vn -0.943119 0.298736 0.145890
vn -0.771073 0.589504 0.240690
vn -0.084417 0.418108 -0.904466
vn -0.645337 0.229456 -0.728623
vn -0.623515 0.573076 -0.531801
vn -0.126550 0.670883 -0.730686
vn -0.068179 0.070927 -0.995149
vn -0.547929 -0.311844 -0.776226
vn 0.277754 0.341790 -0.897793
vn 0.223721 -0.222688 -0.948872
vn 0.259845 0.557634 -0.788368
vn 0.535606 0.225908 -0.813690
vn 0.460356 -0.146089 -0.875631
vn 0.581439 0.354674 -0.732212
vn -0.112753 0.879474 -0.462398
vn 0.310012 0.774147 -0.551896
vn -0.579260 0.778555 -0.241475
vn 0.662908 0.509072 -0.548997
vn 0.824678 0.234087 -0.514889
vn 0.803990 0.139138 -0.578135
vn 0.768294 0.117264 -0.629264
vn -0.028245 0.992114 -0.122114
vn 0.401429 0.870159 -0.285794
vn -0.456952 0.887233 0.063336
vn 0.698781 0.602063 -0.386298
vn -0.320193 0.902766 0.287209
vn -0.875745 0.481430 0.035987
vn 0.036549 0.990520 0.132420
vn 0.438732 0.895536 -0.074360
vn 0.649036 -0.217932 -0.728874
vn 0.241716 -0.751766 -0.613532
vn 0.104981 -0.808245 -0.579412
vn 0.447610 -0.787483 -0.423693
vn -0.087943 -0.924004 -0.372132
vn -0.089809 -0.898690 -0.429290
vn 0.044131 -0.991744 -0.120402
vn -0.132118 -0.966822 -0.218633
vn -0.116158 -0.953858 -0.276879
vn -0.037313 -0.998263 -0.045601
vn -0.895018 -0.040632 -0.444175
vn -0.943751 -0.174383 -0.280937
vn -0.990081 0.138632 -0.022827
vn -0.929990 0.293892 -0.220783
vn -0.662677 -0.512509 -0.546071
vn -0.623683 -0.676401 -0.391792
vn -0.959847 -0.246538 -0.133837
vn 0.826822 0.323062 -0.460431
vn 0.714492 0.657823 -0.238265
vn 0.873913 0.365236 -0.320748
vn -0.065753 -0.793639 -0.604826
vn -0.124514 -0.887446 -0.443775
vn -0.118137 -0.949637 -0.290229
vn -0.079292 -0.992145 -0.096755
vn -0.098827 -0.984542 -0.144605
vn -0.554405 -0.800685 -0.227023
vn -0.066534 -0.997252 0.032586
vn -0.486179 -0.871143 0.068853
vn 0.974998 0.105822 -0.195397
vn 0.057733 -0.997864 -0.030562
vn -0.012567 -0.999920 0.001314
vn -0.039909 -0.999096 0.014616
vn -0.015752 -0.993677 0.111167
vn -0.043803 -0.980509 0.191529
vn -0.074549 -0.949286 0.305449
vn -0.073883 -0.940396 0.331958
vn -0.049834 -0.963069 0.264604
s 1
g group3 pSphere10
usemtl initialShadingGroup
f 1032/2354/1032 1291/2355/1033 1211/2356/1034 1292/2357/1035
f 1032/2152/1032 1232/2149/1036 1091/2144/1037 1291/2148/1033
f 1032/2354/1032 1033/2359/1038 1225/2362/1039 1232/2363/1036
f 1032/2354/1032 1292/2357/1035 1253/2358/1040 1033/2359/1038
f 1033/2359/1038 1280/2361/1041 1224/2366/1042 1225/2362/1039
f 1033/2359/1038 1253/2358/1040 1254/2360/1043 1280/2361/1041
f 1034/2083/1044 1121/2084/1045 1079/2085/1046 1035/2086/1047
f 1034/2083/1044 1207/2087/1048 1118/2088/1049 1121/2084/1045
f 1034/2083/1044 1156/2092/1050 1304/2093/1051 1207/2087/1048
f 1034/2083/1044 1035/2086/1047 1036/2091/1052 1156/2092/1050
f 1035/2086/1047 1079/2085/1046 1080/2089/1053 1038/2090/1054
f 1035/2086/1047 1038/2090/1054 1039/2096/1055 1036/2091/1052
f 1036/2091/1052 1039/2096/1055 1040/2105/1056 1037/2097/1057
f 1036/2091/1052 1037/2097/1057 1285/2098/1058 1156/2092/1050
f 1037/2097/1057 1286/2106/1059 1077/2107/1060 1285/2098/1058
f 1037/2097/1057 1040/2105/1056 1041/2118/1061 1286/2106/1059
f 1038/1301/1054 1080/1302/1053 1081/1290/1062 1042/1289/1063
f 1038/2090/1054 1042/2103/1063 1043/2104/1064 1039/2096/1055
f 1039/2096/1055 1043/2104/1064 1044/2117/1065 1040/2105/1056
f 1040/2105/1056 1044/2117/1065 1045/2130/1066 1041/2118/1061
f 1041/2118/1061 1287/2131/1067 1076/2119/1068 1286/2106/1059
f 1041/2118/1061 1045/2130/1066 1046/2141/1069 1287/2131/1067
f 1042/1289/1063 1081/1290/1062 1082/1282/1070 1047/1281/1071
f 1042/2103/1063 1047/2115/1071 1048/2116/1072 1043/2104/1064
f 1043/2104/1064 1048/2116/1072 1049/2129/1073 1044/2117/1065
f 1044/2117/1065 1049/2129/1073 1050/2140/1074 1045/2130/1066
f 1045/1752/1066 1050/1738/1074 1142/1730/1075 1046/1741/1069
f 1046/1741/1069 1142/1730/1075 1143/1726/1076 1302/1737/1077
f 1046/1741/1069 1302/1737/1077 1270/1736/1078 1287/1748/1067
f 1047/1281/1071 1082/1282/1070 1083/1278/1079 1051/1277/1080
f 1047/1281/1071 1051/1277/1080 1052/1288/1081 1048/1292/1072
f 1048/2116/1072 1052/2138/1081 1053/2139/1082 1049/2129/1073
f 1049/1749/1073 1053/1750/1082 1144/1739/1083 1050/1738/1074
f 1050/1738/1074 1144/1739/1083 1145/1731/1084 1142/1730/1075
f 1051/1277/1080 1083/1278/1079 1084/1279/1085 1054/1280/1086
f 1051/1277/1080 1054/1280/1086 1055/1287/1087 1052/1288/1081
f 1052/1288/1081 1055/1287/1087 1147/1299/1088 1053/1300/1082
f 1053/1300/1082 1147/1299/1088 1148/1312/1089 1144/1313/1083
f 1054/1280/1086 1084/1279/1085 1164/1285/1090 1056/1286/1091
f 1054/1280/1086 1056/1286/1091 1151/1298/1092 1055/1287/1087
f 1055/1287/1087 1151/1298/1092 1152/1311/1093 1147/1299/1088
f 1056/1286/1091 1164/1285/1090 1172/1296/1094 1173/1297/1095
f 1056/1286/1091 1173/1297/1095 1163/1310/1096 1151/1298/1092
f 1057/1365/1097 1093/1375/1098 1096/1376/1099 1058/1366/1100
f 1057/1365/1097 1130/1371/1101 1129/1381/1102 1093/1375/1098
f 1057/1365/1097 1184/1353/1103 1141/1364/1104 1130/1371/1101
f 1057/1365/1097 1058/1366/1100 1185/1354/1105 1184/1353/1103
f 1058/1366/1100 1060/1355/1106 1061/1343/1107 1185/1354/1105
f 1058/1366/1100 1096/1376/1099 1059/1367/1108 1060/1355/1106
f 1059/1367/1108 1063/1356/1109 1064/1344/1110 1060/1355/1106
f 1059/1367/1108 1098/1377/1111 1062/1368/1112 1063/1356/1109
f 1059/1367/1108 1096/1376/1099 1095/1386/1113 1098/1377/1111
f 1060/1355/1106 1064/1344/1110 1065/1332/1114 1061/1343/1107
f 1061/1343/1107 1179/1331/1115 1178/1342/1116 1185/1354/1105
f 1061/1343/1107 1065/1332/1114 1180/1320/1117 1179/1331/1115
f 1062/1368/1112 1099/1378/1118 1100/1379/1119 1066/1369/1120
f 1062/1368/1112 1098/1377/1111 1097/1387/1121 1099/1378/1118
f 1062/1368/1112 1066/1369/1120 1067/1357/1122 1063/1356/1109
f 1063/1356/1109 1067/1357/1122 1068/1345/1123 1064/1344/1110
f 1064/1344/1110 1068/1345/1123 1069/1333/1124 1065/1332/1114
f 1065/1332/1114 1069/1333/1124 1181/1321/1125 1180/1320/1117
f 1066/1369/1120 1070/1380/1126 1071/1370/1127 1067/1357/1122
f 1066/2409/1120 1100/2410/1119 1193/2402/1128 1070/2401/1126
f 1067/1357/1122 1071/1370/1127 1072/1358/1129 1068/1345/1123
f 1068/1345/1123 1072/1358/1129 1073/1346/1130 1069/1333/1124
f 1069/1333/1124 1073/1346/1130 1182/1334/1131 1181/1321/1125
f 1070/2401/1126 1195/2392/1132 1196/2399/1133 1071/2407/1127
f 1070/2401/1126 1193/2402/1128 1194/2391/1134 1195/2392/1132
f 1071/2407/1127 1196/2399/1133 1074/2406/1135 1072/2414/1129
f 1072/2414/1129 1074/2406/1135 1075/2416/1136 1073/2418/1130
f 1073/1346/1130 1075/1359/1136 1183/1347/1137 1182/1334/1131
f 1074/2406/1135 1196/2399/1133 1198/2390/1138 1199/2398/1139
f 1074/2406/1135 1199/2398/1139 1200/2415/1140 1075/2416/1136
f 1075/2416/1136 1200/2415/1140 1300/2419/1141 1183/2420/1137
f 1076/1760/1068 1271/1747/1142 1272/1759/1143 1131/1769/1144
f 1076/1760/1068 1287/1748/1067 1270/1736/1078 1271/1747/1142
f 1076/2119/1068 1131/2120/1144 1077/2107/1060 1286/2106/1059
f 1077/2107/1060 1131/2120/1144 1132/2123/1145 1133/2110/1146
f 1077/2107/1060 1133/2110/1146 1078/2099/1147 1285/2098/1058
f 1078/2099/1147 1307/2108/1148 1283/2109/1149 1304/2093/1051
f 1078/2099/1147 1133/2110/1146 1135/2121/1150 1307/2108/1148
f 1078/2099/1147 1304/2093/1051 1156/2092/1050 1285/2098/1058
f 1079/1325/1046 1121/1337/1045 1120/1338/1151 1123/1326/1152
f 1079/1325/1046 1123/1326/1152 1085/1314/1153 1080/1302/1053
f 1080/1302/1053 1085/1314/1153 1086/1303/1154 1081/1290/1062
f 1081/1290/1062 1086/1303/1154 1087/1291/1155 1082/1282/1070
f 1082/1282/1070 1087/1291/1155 1088/1283/1156 1083/1278/1079
f 1083/1278/1079 1088/1283/1156 1251/1284/1157 1084/1279/1085
f 1084/1279/1085 1251/1284/1157 1165/1295/1158 1164/1285/1090
f 1085/1314/1153 1123/1326/1152 1122/1339/1159 1124/1327/1160
f 1085/1314/1153 1124/1327/1160 1089/1315/1161 1086/1303/1154
f 1086/1303/1154 1089/1315/1161 1090/1304/1162 1087/1291/1155
f 1087/1291/1155 1090/1304/1162 1252/1293/1163 1088/1283/1156
f 1088/1283/1156 1252/1293/1163 1298/1294/1164 1251/1284/1157
f 1089/1315/1161 1124/1327/1160 1139/1340/1165 1137/1328/1166
f 1089/1315/1161 1137/1328/1166 1306/1316/1167 1090/1304/1162
f 1090/1304/1162 1306/1316/1167 1136/1305/1168 1252/1293/1163
f 1091/2144/1037 1232/2149/1036 1230/2150/1169 1229/2145/1170
f 1091/2144/1037 1303/2133/1171 1208/2143/1172 1291/2148/1033
f 1091/2144/1037 1229/2145/1170 1299/2134/1173 1303/2133/1171
f 1092/1385/1174 1093/1375/1098 1129/1381/1102 1128/1390/1175
f 1092/1385/1174 1095/1386/1113 1096/1376/1099 1093/1375/1098
f 1092/1385/1174 1294/1394/1176 1094/1395/1177 1095/1386/1113
f 1092/1385/1174 1128/1390/1175 1127/1399/1178 1294/1394/1176
f 1094/1395/1177 1186/1403/1179 1188/1396/1180 1097/1387/1121
f 1094/1395/1177 1294/1394/1176 1127/1399/1178 1186/1403/1179
f 1094/1395/1177 1097/1387/1121 1098/1377/1111 1095/1386/1113
f 1097/1387/1121 1188/1396/1180 1190/1388/1181 1099/1378/1118
f 1099/1378/1118 1190/1388/1181 1191/1389/1182 1100/1379/1119
f 1100/2410/1119 1191/2417/1182 1242/2408/1183 1193/2402/1128
f 1101/2411/1184 1103/2404/1185 1240/2396/1186 1241/2403/1187
f 1101/1397/1184 1189/1398/1188 1102/1401/1189 1103/1405/1185
f 1101/1397/1184 1191/1389/1182 1190/1388/1181 1189/1398/1188
f 1101/2411/1184 1241/2403/1187 1242/2408/1183 1191/2417/1182
f 1102/2412/1189 1104/2413/1190 1105/2405/1191 1103/2404/1185
f 1102/1401/1189 1295/1402/1192 1108/1393/1193 1104/1392/1190
f 1102/1401/1189 1189/1398/1188 1187/1404/1194 1295/1402/1192
f 1103/2404/1185 1105/2405/1191 1239/2395/1195 1240/2396/1186
f 1104/1392/1190 1108/1393/1193 1109/1383/1196 1205/1384/1197
f 1104/2127/1190 1205/2114/1197 1106/2113/1198 1105/2128/1191
f 1105/2128/1191 1106/2113/1198 1238/2126/1199 1239/2137/1195
f 1106/2113/1198 1107/2101/1200 1237/2112/1201 1238/2126/1199
f 1106/2113/1198 1205/2114/1197 1112/2102/1202 1107/2101/1200
f 1107/2101/1200 1112/2102/1202 1115/2094/1203 1206/2095/1204
f 1107/2101/1200 1206/2095/1204 1236/2100/1205 1237/2112/1201
f 1108/1393/1193 1125/1400/1206 1126/1391/1207 1109/1383/1196
f 1108/1393/1193 1295/1402/1192 1187/1404/1194 1125/1400/1206
f 1109/1383/1196 1111/1373/1208 1112/1374/1202 1205/1384/1197
f 1109/1383/1196 1126/1391/1207 1110/1382/1209 1111/1373/1208
f 1110/1382/1209 1128/1390/1175 1129/1381/1102 1113/1372/1210
f 1110/1382/1209 1126/1391/1207 1127/1399/1178 1128/1390/1175
f 1110/1382/1209 1113/1372/1210 1114/1362/1211 1111/1373/1208
f 1111/1373/1208 1114/1362/1211 1115/1363/1203 1112/1374/1202
f 1113/1372/1210 1129/1381/1102 1130/1371/1101 1116/1361/1212
f 1113/1372/1210 1116/1361/1212 1117/1349/1213 1114/1362/1211
f 1114/1362/1211 1117/1349/1213 1118/1350/1049 1115/1363/1203
f 1115/2094/1203 1118/2088/1049 1207/2087/1048 1206/2095/1204
f 1116/1361/1212 1119/1351/1214 1120/1338/1151 1117/1349/1213
f 1116/1361/1212 1130/1371/1101 1141/1364/1104 1119/1351/1214
f 1117/1349/1213 1120/1338/1151 1121/1337/1045 1118/1350/1049
f 1119/1351/1214 1122/1339/1159 1123/1326/1152 1120/1338/1151
f 1119/1351/1214 1141/1364/1104 1140/1352/1215 1122/1339/1159
f 1122/1339/1159 1140/1352/1215 1139/1340/1165 1124/1327/1160
f 1125/1400/1206 1187/1404/1194 1188/1396/1180 1186/1403/1179
f 1125/1400/1206 1186/1403/1179 1127/1399/1178 1126/1391/1207
f 1131/1769/1144 1272/1759/1143 1273/1768/1216 1132/1780/1145
f 1132/1780/1145 1273/1768/1216 1274/1777/1217 1134/1788/1218
f 1132/2123/1145 1134/2132/1218 1135/2121/1150 1133/2110/1146
f 1134/2132/1218 1274/2142/1217 1208/2143/1172 1303/2133/1171
f 1134/2132/1218 1303/2133/1171 1284/2122/1219 1135/2121/1150
f 1135/2121/1150 1284/2122/1219 1283/2109/1149 1307/2108/1148
f 1136/1305/1168 1138/1317/1220 1168/1318/1221 1167/1306/1222
f 1136/1305/1168 1306/1316/1167 1137/1328/1166 1138/1317/1220
f 1136/1305/1168 1167/1306/1222 1298/1294/1164 1252/1293/1163
f 1137/1328/1166 1139/1340/1165 1170/1329/1223 1138/1317/1220
f 1138/1317/1220 1170/1329/1223 1169/1330/1224 1168/1318/1221
f 1139/1340/1165 1140/1352/1215 1171/1341/1225 1170/1329/1223
f 1140/1352/1215 1141/1364/1104 1184/1353/1103 1171/1341/1225
f 1142/1730/1075 1145/1731/1084 1146/1727/1226 1143/1726/1076
f 1143/1726/1076 1146/1727/1226 1263/1728/1227 1264/1729/1228
f 1143/1726/1076 1264/1729/1228 1270/1736/1078 1302/1737/1077
f 1144/1739/1083 1148/1751/1089 1149/1740/1229 1145/1731/1084
f 1145/1731/1084 1149/1740/1229 1150/1732/1230 1146/1727/1226
f 1146/1727/1226 1150/1732/1230 1262/1733/1231 1263/1728/1227
f 1147/1299/1088 1152/1311/1093 1153/1324/1232 1148/1312/1089
f 1148/1751/1089 1153/1761/1232 1154/1753/1233 1149/1740/1229
f 1149/1740/1229 1154/1753/1233 1155/1742/1234 1150/1732/1230
f 1150/1732/1230 1155/1742/1234 1305/1743/1235 1262/1733/1231
f 1151/1298/1092 1163/1310/1096 1269/1323/1236 1152/1311/1093
f 1152/1311/1093 1269/1323/1236 1268/1336/1237 1153/1324/1232
f 1153/1761/1232 1268/1770/1237 1267/1762/1238 1154/1753/1233
f 1154/1753/1233 1267/1762/1238 1290/1754/1239 1155/1742/1234
f 1155/1742/1234 1290/1754/1239 1192/1755/1240 1305/1743/1235
f 1157/1784/1241 1160/1782/1242 1203/1792/1243 1158/1793/1244
f 1157/1784/1241 1288/1774/1245 1289/1773/1246 1160/1782/1242
f 1157/1784/1241 1261/1785/1247 1301/1775/1248 1288/1774/1245
f 1157/1784/1241 1158/1793/1244 1260/1794/1249 1261/1785/1247
f 1158/1793/1244 1203/1792/1243 1202/1799/1250 1159/1800/1251
f 1158/1793/1244 1159/1800/1251 1258/1801/1252 1260/1794/1249
f 1159/2377/1251 1202/2383/1250 1201/2378/1253 1204/2371/1254
f 1159/2377/1251 1204/2371/1254 1255/2364/1255 1258/2370/1252
f 1160/1782/1242 1200/1783/1140 1199/1791/1139 1203/1792/1243
f 1160/1782/1242 1289/1773/1246 1300/1772/1141 1200/1783/1140
f 1161/1348/1256 1268/1336/1237 1269/1323/1236 1162/1335/1257
f 1161/1781/1256 1293/1771/1258 1267/1762/1238 1268/1770/1237
f 1161/1781/1256 1300/1772/1141 1282/1763/1259 1293/1771/1258
f 1161/1348/1256 1162/1335/1257 1183/1347/1137 1300/1360/1141
f 1162/1335/1257 1177/1322/1260 1182/1334/1131 1183/1347/1137
f 1162/1335/1257 1269/1323/1236 1163/1310/1096 1177/1322/1260
f 1163/1310/1096 1173/1297/1095 1176/1309/1261 1177/1322/1260
f 1164/1285/1090 1165/1295/1158 1166/1307/1262 1172/1296/1094
f 1165/1295/1158 1167/1306/1222 1168/1318/1221 1166/1307/1262
f 1165/1295/1158 1251/1284/1157 1298/1294/1164 1167/1306/1222
f 1166/1307/1262 1168/1318/1221 1169/1330/1224 1174/1319/1263
f 1166/1307/1262 1174/1319/1263 1175/1308/1264 1172/1296/1094
f 1169/1330/1224 1170/1329/1223 1171/1341/1225 1178/1342/1116
f 1169/1330/1224 1178/1342/1116 1179/1331/1115 1174/1319/1263
f 1171/1341/1225 1184/1353/1103 1185/1354/1105 1178/1342/1116
f 1172/1296/1094 1175/1308/1264 1176/1309/1261 1173/1297/1095
f 1174/1319/1263 1179/1331/1115 1180/1320/1117 1175/1308/1264
f 1175/1308/1264 1180/1320/1117 1181/1321/1125 1176/1309/1261
f 1176/1309/1261 1181/1321/1125 1182/1334/1131 1177/1322/1260
f 1187/1404/1194 1189/1398/1188 1190/1388/1181 1188/1396/1180
f 1192/1755/1240 1290/1754/1239 1282/1763/1259 1281/1764/1265
f 1192/1755/1240 1265/1744/1266 1262/1733/1231 1305/1743/1235
f 1192/1755/1240 1281/1764/1265 1297/1756/1267 1265/1744/1266
f 1193/2402/1128 1242/2408/1183 1217/2400/1268 1194/2391/1134
f 1194/2391/1134 1217/2400/1268 1218/2393/1269 1214/2385/1270
f 1194/2391/1134 1214/2385/1270 1197/2384/1271 1195/2392/1132
f 1195/2392/1132 1197/2384/1271 1198/2390/1138 1196/2399/1133
f 1197/2384/1271 1201/2378/1253 1202/2383/1250 1198/2390/1138
f 1197/2384/1271 1214/2385/1270 1215/2379/1272 1201/2378/1253
f 1198/2390/1138 1202/2383/1250 1203/2397/1243 1199/2398/1139
f 1201/2378/1253 1215/2379/1272 1216/2372/1273 1204/2371/1254
f 1204/2371/1254 1216/2372/1273 1279/2365/1274 1255/2364/1255
f 1206/2095/1204 1207/2087/1048 1304/2093/1051 1236/2100/1205
f 1208/1787/1172 1210/1779/1275 1211/1790/1034 1291/1796/1033
f 1208/1787/1172 1274/1777/1217 1209/1766/1276 1210/1779/1275
f 1209/1766/1276 1277/1758/1277 1212/1757/1278 1213/1767/1279
f 1209/1766/1276 1274/1777/1217 1273/1768/1216 1277/1758/1277
f 1209/1766/1276 1213/1767/1279 1233/1778/1280 1210/1779/1275
f 1210/1779/1275 1233/1778/1280 1256/1789/1281 1211/1790/1034
f 1211/1790/1034 1256/1789/1281 1253/1797/1040 1292/1798/1035
f 1212/1757/1278 1278/1745/1282 1297/1756/1267 1234/1765/1283
f 1212/1757/1278 1277/1758/1277 1276/1746/1284 1278/1745/1282
f 1212/1757/1278 1234/1765/1283 1235/1776/1285 1213/1767/1279
f 1213/1767/1279 1235/1776/1285 1259/1786/1286 1233/1778/1280
f 1214/2385/1270 1218/2393/1269 1219/2386/1287 1215/2379/1272
f 1215/2379/1272 1219/2386/1287 1296/2380/1288 1216/2372/1273
f 1216/2372/1273 1296/2380/1288 1222/2373/1289 1279/2365/1274
f 1217/2400/1268 1226/2394/1290 1220/2387/1291 1218/2393/1269
f 1217/2400/1268 1242/2408/1183 1241/2403/1187 1226/2394/1290
f 1218/2393/1269 1220/2387/1291 1221/2381/1292 1219/2386/1287
f 1219/2386/1287 1221/2381/1292 1222/2373/1289 1296/2380/1288
f 1220/2387/1291 1228/2382/1293 1223/2374/1294 1221/2381/1292
f 1220/2387/1291 1226/2394/1290 1247/2388/1295 1228/2382/1293
f 1221/2381/1292 1223/2374/1294 1224/2366/1042 1222/2373/1289
f 1222/2373/1289 1224/2366/1042 1280/2361/1041 1279/2365/1274
f 1223/2374/1294 1231/2367/1296 1225/2362/1039 1224/2366/1042
f 1223/2374/1294 1228/2382/1293 1227/2375/1297 1231/2367/1296
f 1225/2362/1039 1231/2367/1296 1230/2368/1169 1232/2363/1036
f 1226/2394/1290 1241/2403/1187 1240/2396/1186 1247/2388/1295
f 1227/2375/1297 1250/2376/1298 1230/2368/1169 1231/2367/1296
f 1227/2151/1297 1246/2147/1299 1245/2136/1300 1250/2146/1298
f 1227/2375/1297 1228/2382/1293 1247/2388/1295 1246/2389/1299
f 1229/2145/1170 1249/2135/1301 1248/2124/1302 1299/2134/1173
f 1229/2145/1170 1230/2150/1169 1250/2146/1298 1249/2135/1301
f 1233/1778/1280 1259/1786/1286 1257/1795/1303 1256/1789/1281
f 1234/1765/1283 1301/1775/1248 1261/1785/1247 1235/1776/1285
f 1234/1765/1283 1297/1756/1267 1288/1774/1245 1301/1775/1248
f 1235/1776/1285 1261/1785/1247 1260/1794/1249 1259/1786/1286
f 1236/2100/1205 1243/2111/1304 1244/2125/1305 1237/2112/1201
f 1236/2100/1205 1304/2093/1051 1283/2109/1149 1243/2111/1304
f 1237/2112/1201 1244/2125/1305 1245/2136/1300 1238/2126/1199
f 1238/2126/1199 1245/2136/1300 1246/2147/1299 1239/2137/1195
f 1239/2395/1195 1246/2389/1299 1247/2388/1295 1240/2396/1186
f 1243/2111/1304 1248/2124/1302 1249/2135/1301 1244/2125/1305
f 1243/2111/1304 1283/2109/1149 1284/2122/1219 1248/2124/1302
f 1244/2125/1305 1249/2135/1301 1250/2146/1298 1245/2136/1300
f 1248/2124/1302 1284/2122/1219 1303/2133/1171 1299/2134/1173
f 1253/1797/1040 1256/1789/1281 1257/1795/1303 1254/1802/1043
f 1254/2360/1043 1257/2369/1303 1258/2370/1252 1255/2364/1255
f 1254/2360/1043 1255/2364/1255 1279/2365/1274 1280/2361/1041
f 1257/1795/1303 1259/1786/1286 1260/1794/1249 1258/1801/1252
f 1262/1733/1231 1265/1744/1266 1266/1734/1306 1263/1728/1227
f 1263/1728/1227 1266/1734/1306 1275/1735/1307 1264/1729/1228
f 1264/1729/1228 1275/1735/1307 1271/1747/1142 1270/1736/1078
f 1265/1744/1266 1297/1756/1267 1278/1745/1282 1266/1734/1306
f 1266/1734/1306 1278/1745/1282 1276/1746/1284 1275/1735/1307
f 1267/1762/1238 1293/1771/1258 1282/1763/1259 1290/1754/1239
f 1271/1747/1142 1275/1735/1307 1276/1746/1284 1272/1759/1143
f 1272/1759/1143 1276/1746/1284 1277/1758/1277 1273/1768/1216
f 1281/1764/1265 1289/1773/1246 1288/1774/1245 1297/1756/1267
f 1281/1764/1265 1282/1763/1259 1300/1772/1141 1289/1773/1246
s 6
f 1308/1803/1308 1397/1814/1309 1344/1815/1310 1345/1807/1311
f 1308/1803/1308 1393/1806/1312 1392/1813/1313 1397/1814/1309
f 1308/1803/1308 1309/1804/1314 1394/1805/1315 1393/1806/1312
f 1308/1803/1308 1345/1807/1311 1346/1808/1316 1309/1804/1314
f 1309/2153/1314 1346/2154/1316 1425/2155/1317 1310/2156/1318
f 1309/1804/1314 1310/1809/1318 1395/1810/1319 1394/1805/1315
f 1310/2156/1318 1425/2155/1317 1332/2157/1320 1426/2159/1321
f 1310/2156/1318 1426/2159/1321 1430/2165/1322 1395/2166/1319
f 1311/1826/1323 1423/1819/1324 1313/1823/1325 1312/1831/1326
f 1311/1826/1323 1422/1827/1327 1388/1818/1328 1423/1819/1324
f 1311/1826/1323 1420/1835/1329 1419/1836/1330 1422/1827/1327
f 1311/1826/1323 1312/1831/1326 1421/1842/1331 1420/1835/1329
f 1312/2187/1326 1313/2180/1325 1417/2179/1332 1416/2186/1333
f 1312/1831/1326 1416/1851/1333 1429/1852/1334 1421/1842/1331
f 1313/2180/1325 1424/2174/1335 1418/2173/1336 1417/2179/1332
f 1313/1823/1325 1423/1819/1324 1391/1812/1337 1424/1816/1335
f 1314/1406/1338 1319/1409/1339 1320/1414/1340 1315/1415/1341
f 1314/1406/1338 1415/1407/1342 1414/1408/1343 1319/1409/1339
f 1314/1406/1338 1370/1410/1344 1433/1411/1345 1415/1407/1342
f 1314/1406/1338 1315/1415/1341 1371/1416/1346 1370/1410/1344
f 1315/1415/1341 1320/1414/1340 1321/1423/1347 1316/1424/1348
f 1315/1415/1341 1316/1424/1348 1372/1425/1349 1371/1416/1346
f 1316/1424/1348 1321/1423/1347 1331/1430/1350 1317/1431/1351
f 1316/1424/1348 1317/1431/1351 1373/1432/1352 1372/1425/1349
f 1317/1431/1351 1331/1430/1350 1353/1436/1353 1318/1437/1354
f 1317/1431/1351 1318/1437/1354 1374/1438/1355 1373/1432/1352
f 1318/1437/1354 1353/1436/1353 1354/1442/1356 1330/1443/1357
f 1318/1437/1354 1330/1443/1357 1375/1444/1358 1374/1438/1355
f 1319/2421/1339 1414/2422/1343 1413/2423/1359 1360/2424/1360
f 1319/1839/1339 1360/1830/1360 1322/1828/1361 1320/1837/1340
f 1320/1837/1340 1322/1828/1361 1355/1829/1362 1321/1838/1347
f 1321/1838/1347 1355/1829/1362 1356/1833/1363 1331/1845/1350
f 1322/1828/1361 1396/1821/1364 1349/1820/1365 1355/1829/1362
f 1322/1828/1361 1360/1830/1360 1343/1822/1366 1396/1821/1364
f 1323/1457/1367 1385/1450/1368 1398/1456/1369 1326/1461/1370
f 1323/1457/1367 1383/1452/1371 1434/1451/1372 1385/1450/1368
f 1323/1457/1367 1324/1462/1373 1384/1458/1374 1383/1452/1371
f 1323/1457/1367 1326/1461/1370 1327/1465/1375 1324/1462/1373
f 1324/1462/1373 1327/1465/1375 1328/1467/1376 1325/1466/1377
f 1324/1462/1373 1325/1466/1377 1432/1463/1378 1384/1458/1374
f 1325/2196/1377 1328/2193/1376 1403/2189/1379 1342/2192/1380
f 1325/1466/1377 1342/1464/1380 1382/1459/1381 1432/1463/1378
f 1326/1857/1370 1400/1847/1382 1401/1848/1383 1327/1858/1375
f 1326/1857/1370 1398/1860/1369 1399/1854/1384 1400/1847/1382
f 1327/1858/1375 1401/1848/1383 1329/1853/1385 1328/1859/1376
f 1328/2193/1376 1329/2194/1385 1404/2190/1386 1403/2189/1379
f 1329/2194/1385 1421/2195/1331 1429/2191/1334 1404/2190/1386
f 1329/1853/1385 1401/1848/1383 1420/1835/1329 1421/1842/1331
f 1330/1443/1357 1354/1442/1356 1385/1450/1368 1434/1451/1372
f 1330/1443/1357 1434/1451/1372 1383/1452/1371 1375/1444/1358
f 1331/1845/1350 1356/1833/1363 1347/1844/1387 1353/1856/1353
f 1332/2157/1320 1359/2158/1388 1409/2162/1389 1408/2163/1390
f 1332/2157/1320 1425/2155/1317 1346/2154/1316 1359/2158/1388
f 1332/2157/1320 1408/2163/1390 1333/2164/1391 1426/2159/1321
f 1333/2164/1391 1335/2171/1392 1338/2172/1393 1426/2159/1321
f 1333/2164/1391 1376/2170/1394 1334/2176/1395 1335/2171/1392
f 1333/2164/1391 1408/2163/1390 1363/2168/1396 1376/2170/1394
f 1334/1447/1395 1377/1440/1397 1378/1446/1398 1336/1455/1399
f 1334/1447/1395 1376/1441/1394 1365/1434/1400 1377/1440/1397
f 1334/2176/1395 1336/2183/1399 1339/2177/1401 1335/2171/1392
f 1335/2171/1392 1339/2177/1401 1340/2178/1402 1338/2172/1393
f 1336/1455/1399 1378/1446/1398 1380/1454/1403 1337/1460/1404
f 1336/2183/1399 1337/2188/1404 1341/2184/1405 1339/2177/1401
f 1337/2188/1404 1342/2192/1380 1403/2189/1379 1341/2184/1405
f 1337/1460/1404 1380/1454/1403 1382/1459/1381 1342/1464/1380
f 1338/2172/1393 1418/2173/1336 1430/2165/1322 1426/2159/1321
f 1338/2172/1393 1340/2178/1402 1417/2179/1332 1418/2173/1336
f 1339/2177/1401 1341/2184/1405 1402/2185/1406 1340/2178/1402
f 1340/2178/1402 1402/2185/1406 1416/2186/1333 1417/2179/1332
f 1341/2184/1405 1403/2189/1379 1404/2190/1386 1402/2185/1406
f 1343/1822/1366 1360/1830/1360 1413/1840/1359 1428/1841/1407
f 1343/1822/1366 1344/1815/1310 1397/1814/1309 1396/1821/1364
f 1343/2425/1366 1428/2426/1407 1357/2427/1408 1344/2428/1310
f 1344/2428/1310 1357/2427/1408 1358/2429/1409 1345/2430/1311
f 1345/2160/1311 1358/2161/1409 1359/2158/1388 1346/2154/1316
f 1347/1844/1387 1356/1833/1363 1350/1824/1410 1351/1832/1411
f 1347/1448/1387 1348/1449/1412 1354/1442/1356 1353/1436/1353
f 1347/1844/1387 1351/1832/1411 1352/1843/1413 1348/1855/1412
f 1348/1449/1412 1398/1456/1369 1385/1450/1368 1354/1442/1356
f 1348/1855/1412 1352/1843/1413 1399/1854/1384 1398/1860/1369
f 1349/1820/1365 1396/1821/1364 1397/1814/1309 1392/1813/1313
f 1349/1820/1365 1350/1824/1410 1356/1833/1363 1355/1829/1362
f 1349/1820/1365 1392/1813/1313 1389/1817/1414 1350/1824/1410
f 1350/1824/1410 1389/1817/1414 1387/1825/1415 1351/1832/1411
f 1351/1832/1411 1387/1825/1415 1386/1834/1416 1352/1843/1413
f 1352/1843/1413 1386/1834/1416 1427/1846/1417 1399/1854/1384
f 1357/2427/1408 1405/2431/1418 1406/2432/1419 1358/2429/1409
f 1357/1849/1408 1428/1841/1407 1413/1840/1359 1405/1850/1418
f 1358/2161/1409 1406/2167/1419 1409/2162/1389 1359/2158/1388
f 1361/1412/1420 1405/1419/1418 1413/1420/1359 1414/1408/1343
f 1361/2181/1420 1407/2175/1421 1406/2167/1419 1405/2182/1418
f 1361/1412/1420 1362/1413/1422 1431/1421/1423 1407/1422/1421
f 1361/1412/1420 1414/1408/1343 1415/1407/1342 1362/1413/1422
f 1362/1413/1422 1415/1407/1342 1433/1411/1345 1412/1418/1424
f 1362/1413/1422 1412/1418/1424 1411/1428/1425 1431/1421/1423
f 1363/1435/1396 1364/1427/1426 1365/1434/1400 1376/1441/1394
f 1363/1435/1396 1410/1429/1427 1411/1428/1425 1364/1427/1426
f 1363/2168/1396 1408/2163/1390 1409/2162/1389 1410/2169/1427
f 1364/1427/1426 1366/1417/1428 1367/1426/1429 1365/1434/1400
f 1364/1427/1426 1411/1428/1425 1412/1418/1424 1366/1417/1428
f 1365/1434/1400 1367/1426/1429 1368/1433/1430 1377/1440/1397
f 1366/1417/1428 1370/1410/1344 1371/1416/1346 1367/1426/1429
f 1366/1417/1428 1412/1418/1424 1433/1411/1345 1370/1410/1344
f 1367/1426/1429 1371/1416/1346 1372/1425/1349 1368/1433/1430
f 1368/1433/1430 1372/1425/1349 1373/1432/1352 1369/1439/1431
f 1368/1433/1430 1369/1439/1431 1378/1446/1398 1377/1440/1397
f 1369/1439/1431 1379/1445/1432 1380/1454/1403 1378/1446/1398
f 1369/1439/1431 1373/1432/1352 1374/1438/1355 1379/1445/1432
f 1374/1438/1355 1375/1444/1358 1381/1453/1433 1379/1445/1432
f 1375/1444/1358 1383/1452/1371 1384/1458/1374 1381/1453/1433
f 1379/1445/1432 1381/1453/1433 1382/1459/1381 1380/1454/1403
f 1381/1453/1433 1384/1458/1374 1432/1463/1378 1382/1459/1381
f 1386/1834/1416 1387/1825/1415 1388/1818/1328 1422/1827/1327
f 1386/1834/1416 1422/1827/1327 1419/1836/1330 1427/1846/1417
f 1387/1825/1415 1389/1817/1414 1390/1811/1434 1388/1818/1328
f 1388/1818/1328 1390/1811/1434 1391/1812/1337 1423/1819/1324
f 1389/1817/1414 1392/1813/1313 1393/1806/1312 1390/1811/1434
f 1390/1811/1434 1393/1806/1312 1394/1805/1315 1391/1812/1337
f 1391/1812/1337 1394/1805/1315 1395/1810/1319 1424/1816/1335
f 1395/2166/1319 1430/2165/1322 1418/2173/1336 1424/2174/1335
f 1399/1854/1384 1427/1846/1417 1419/1836/1330 1400/1847/1382
f 1400/1847/1382 1419/1836/1330 1420/1835/1329 1401/1848/1383
f 1402/2185/1406 1404/2190/1386 1429/2191/1334 1416/2186/1333
f 1406/2167/1419 1407/2175/1421 1410/2169/1427 1409/2162/1389
f 1407/1422/1421 1431/1421/1423 1411/1428/1425 1410/1429/1427
s 10
f 1435/2433/1435 1483/2434/1436 1437/2435/1437 1438/2436/1438
f 1435/2238/1435 1569/2232/1439 1481/2237/1440 1483/2243/1436
f 1435/2238/1435 1436/2239/1441 1485/2231/1442 1569/2232/1439
f 1435/2433/1435 1438/2436/1438 1439/2441/1443 1436/2442/1441
f 1436/1488/1441 1588/1486/1444 1489/1485/1445 1485/1494/1442
f 1436/1488/1441 1439/1480/1443 1494/1478/1446 1588/1486/1444
f 1437/2435/1437 1441/2439/1447 1442/2440/1448 1438/2436/1438
f 1437/2435/1437 1484/2438/1449 1440/2445/1450 1441/2439/1447
f 1437/2435/1437 1483/2434/1436 1482/2437/1451 1484/2438/1449
f 1438/2436/1438 1442/2440/1448 1443/2448/1452 1439/2441/1443
f 1439/1480/1443 1443/1472/1452 1444/1468/1453 1494/1478/1446
f 1440/2445/1450 1465/2452/1454 1466/2446/1455 1441/2439/1447
f 1440/2445/1450 1593/2451/1456 1581/2456/1457 1465/2452/1454
f 1440/2445/1450 1484/2438/1449 1573/2444/1458 1593/2451/1456
f 1441/2439/1447 1466/2446/1455 1467/2447/1459 1442/2440/1448
f 1442/2440/1448 1467/2447/1459 1468/2455/1460 1443/2448/1452
f 1443/1472/1452 1468/1473/1460 1469/1469/1461 1444/1468/1453
f 1444/1468/1453 1469/1469/1461 1590/1470/1462 1493/1471/1463
f 1444/1468/1453 1493/1471/1463 1491/1477/1464 1494/1478/1446
f 1445/2197/1465 1447/2198/1466 1448/2199/1467 1446/2200/1468
f 1445/1535/1465 1541/1534/1469 1542/1538/1470 1447/1541/1466
f 1445/1535/1465 1510/1528/1471 1594/1527/1472 1541/1534/1469
f 1445/1535/1465 1446/1536/1468 1511/1529/1473 1510/1528/1471
f 1446/1536/1468 1513/1530/1474 1512/1523/1475 1511/1529/1473
f 1446/2200/1468 1448/2199/1467 1449/2203/1476 1513/2204/1474
f 1447/2198/1466 1451/2201/1477 1452/2202/1478 1448/2199/1467
f 1447/2198/1466 1542/2205/1470 1543/2206/1479 1451/2201/1477
f 1448/2199/1467 1452/2202/1478 1453/2209/1480 1449/2203/1476
f 1449/2203/1476 1453/2209/1480 1530/2215/1481 1450/2210/1482
f 1449/2203/1476 1450/2210/1482 1506/2211/1483 1513/2204/1474
f 1450/2210/1482 1486/2216/1484 1502/2217/1485 1506/2211/1483
f 1450/2210/1482 1530/2215/1481 1531/2220/1486 1486/2216/1484
f 1451/1906/1477 1543/1907/1479 1544/1902/1487 1454/1905/1488
f 1451/2201/1477 1454/2207/1488 1455/2208/1489 1452/2202/1478
f 1452/2202/1478 1455/2208/1489 1532/2214/1490 1453/2209/1480
f 1453/2209/1480 1532/2214/1490 1533/2219/1491 1530/2215/1481
f 1454/1905/1488 1544/1902/1487 1545/1894/1492 1456/1901/1493
f 1454/2207/1488 1456/2212/1493 1536/2213/1494 1455/2208/1489
f 1455/2208/1489 1536/2213/1494 1537/2218/1495 1532/2214/1490
f 1456/1901/1493 1545/1894/1492 1514/1887/1496 1591/1895/1497
f 1456/1901/1493 1591/1895/1497 1520/1889/1498 1536/1897/1494
f 1457/1539/1499 1458/1532/1500 1559/1533/1501 1580/1540/1502
f 1457/1539/1499 1547/1542/1503 1546/1537/1504 1458/1532/1500
f 1457/1539/1499 1592/1547/1505 1548/1548/1506 1547/1542/1503
f 1457/1539/1499 1580/1540/1502 1586/1546/1507 1592/1547/1505
f 1458/1532/1500 1459/1525/1508 1560/1518/1509 1559/1533/1501
f 1458/1532/1500 1546/1537/1504 1462/1531/1510 1459/1525/1508
f 1459/1525/1508 1460/1519/1511 1561/1511/1512 1560/1518/1509
f 1459/1525/1508 1462/1531/1510 1463/1526/1513 1460/1519/1511
f 1460/1519/1511 1463/1526/1513 1464/1520/1514 1461/1512/1515
f 1460/1519/1511 1461/1512/1515 1562/1503/1516 1561/1511/1512
f 1461/1512/1515 1464/1520/1514 1570/1521/1517 1529/1513/1518
f 1461/1512/1515 1529/1513/1518 1563/1504/1519 1562/1503/1516
f 1462/1531/1510 1546/1537/1504 1543/1543/1479 1542/1538/1470
f 1462/1531/1510 1542/1538/1470 1541/1534/1469 1463/1526/1513
f 1463/1526/1513 1541/1534/1469 1594/1527/1472 1464/1520/1514
f 1464/1520/1514 1594/1527/1472 1510/1528/1471 1570/1521/1517
f 1465/2452/1454 1470/2457/1520 1471/2453/1521 1466/2446/1455
f 1465/2452/1454 1581/2456/1457 1582/2461/1522 1470/2457/1520
f 1466/2446/1455 1471/2453/1521 1472/2454/1523 1467/2447/1459
f 1467/2447/1459 1472/2454/1523 1473/2460/1524 1468/2455/1460
f 1468/1473/1460 1473/1479/1524 1576/1474/1525 1469/1469/1461
f 1469/1469/1461 1576/1474/1525 1549/1475/1526 1590/1470/1462
f 1470/2457/1520 1474/2462/1527 1475/2458/1528 1471/2453/1521
f 1470/1876/1520 1582/1877/1522 1583/1873/1529 1474/1871/1527
f 1471/2453/1521 1475/2458/1528 1476/2459/1530 1472/2454/1523
f 1472/2454/1523 1476/2459/1530 1577/2465/1531 1473/2460/1524
f 1473/1479/1524 1577/1487/1531 1550/1481/1532 1576/1474/1525
f 1474/1871/1527 1477/1865/1533 1478/1861/1534 1475/1872/1528
f 1474/1871/1527 1583/1873/1529 1584/1869/1535 1477/1865/1533
f 1475/2458/1528 1478/2463/1534 1578/2464/1536 1476/2459/1530
f 1476/2459/1530 1578/2464/1536 1552/2466/1537 1577/2465/1531
f 1477/1865/1533 1479/1866/1538 1579/1862/1539 1478/1861/1534
f 1477/1865/1533 1584/1869/1535 1585/1870/1540 1479/1866/1538
f 1478/1861/1534 1579/1862/1539 1555/1863/1541 1578/1864/1536
f 1479/1544/1538 1580/1540/1502 1559/1533/1501 1579/1545/1539
f 1479/1544/1538 1585/1550/1540 1586/1546/1507 1580/1540/1502
f 1480/2242/1542 1482/2245/1451 1483/2243/1436 1481/2237/1440
f 1480/2242/1542 1571/2244/1543 1572/2247/1544 1482/2245/1451
f 1480/2242/1542 1566/2236/1545 1589/2241/1546 1571/2244/1543
f 1480/2242/1542 1481/2237/1440 1567/2230/1547 1566/2236/1545
f 1481/2237/1440 1569/2232/1439 1568/2227/1548 1567/2230/1547
f 1482/2437/1451 1572/2443/1544 1573/2444/1458 1484/2438/1449
f 1485/2231/1442 1487/2226/1549 1568/2227/1548 1569/2232/1439
f 1485/1494/1442 1489/1485/1445 1490/1493/1550 1487/1501/1549
f 1486/2216/1484 1565/2221/1551 1488/2222/1552 1502/2217/1485
f 1486/2216/1484 1531/2220/1486 1564/2225/1553 1565/2221/1551
f 1487/1501/1549 1490/1493/1550 1498/1500/1554 1488/1508/1552
f 1487/2226/1549 1488/2222/1552 1565/2221/1551 1568/2227/1548
f 1488/1508/1552 1498/1500/1554 1501/1507/1555 1502/1517/1485
f 1489/1485/1445 1491/1477/1464 1492/1484/1556 1490/1493/1550
f 1489/1485/1445 1588/1486/1444 1494/1478/1446 1491/1477/1464
f 1490/1493/1550 1492/1484/1556 1497/1492/1557 1498/1500/1554
f 1491/1477/1464 1493/1471/1463 1495/1476/1558 1492/1484/1556
f 1492/1484/1556 1495/1476/1558 1496/1483/1559 1497/1492/1557
f 1493/1471/1463 1590/1470/1462 1549/1475/1526 1495/1476/1558
f 1495/1476/1558 1549/1475/1526 1551/1482/1560 1496/1483/1559
f 1496/1483/1559 1499/1491/1561 1500/1499/1562 1497/1492/1557
f 1496/1483/1559 1551/1482/1560 1554/1490/1563 1499/1491/1561
f 1497/1492/1557 1500/1499/1562 1501/1507/1555 1498/1500/1554
f 1499/1491/1561 1503/1498/1564 1504/1506/1565 1500/1499/1562
f 1499/1491/1561 1554/1490/1563 1558/1497/1566 1503/1498/1564
f 1500/1499/1562 1504/1506/1565 1505/1516/1567 1501/1507/1555
f 1501/1507/1555 1505/1516/1567 1506/1524/1483 1502/1517/1485
f 1503/1498/1564 1507/1505/1568 1508/1515/1569 1504/1506/1565
f 1503/1498/1564 1558/1497/1566 1563/1504/1519 1507/1505/1568
f 1504/1506/1565 1508/1515/1569 1512/1523/1475 1505/1516/1567
f 1505/1516/1567 1512/1523/1475 1513/1530/1474 1506/1524/1483
f 1507/1505/1568 1587/1514/1570 1509/1522/1571 1508/1515/1569
f 1507/1505/1568 1563/1504/1519 1529/1513/1518 1587/1514/1570
f 1508/1515/1569 1509/1522/1571 1511/1529/1473 1512/1523/1475
f 1509/1522/1571 1570/1521/1517 1510/1528/1471 1511/1529/1473
f 1509/1522/1571 1587/1514/1570 1529/1513/1518 1570/1521/1517
f 1514/1887/1496 1545/1894/1492 1548/1885/1506 1516/1879/1572
f 1514/1887/1496 1515/1881/1573 1520/1889/1498 1591/1895/1497
f 1514/1887/1496 1516/1879/1572 1517/1874/1574 1515/1881/1573
f 1515/1881/1573 1574/1882/1575 1521/1888/1576 1520/1889/1498
f 1515/1881/1573 1517/1874/1574 1518/1875/1577 1574/1882/1575
f 1516/1879/1572 1586/1880/1507 1585/1870/1540 1517/1874/1574
f 1516/1879/1572 1548/1885/1506 1592/1886/1505 1586/1880/1507
f 1517/1874/1574 1585/1870/1540 1584/1869/1535 1518/1875/1577
f 1518/1875/1577 1584/1869/1535 1583/1873/1529 1519/1878/1578
f 1518/1875/1577 1519/1878/1578 1525/1884/1579 1574/1882/1575
f 1519/1878/1578 1575/1883/1580 1526/1892/1581 1525/1884/1579
f 1519/1878/1578 1583/1873/1529 1582/1877/1522 1575/1883/1580
f 1520/1889/1498 1521/1888/1576 1537/1896/1495 1536/1897/1494
f 1521/1888/1576 1522/1893/1582 1538/1900/1583 1537/1896/1495
f 1521/1888/1576 1574/1882/1575 1525/1884/1579 1522/1893/1582
f 1522/1893/1582 1525/1884/1579 1526/1892/1581 1523/1899/1584
f 1522/2233/1582 1523/2234/1584 1539/2228/1585 1538/2223/1583
f 1523/1899/1584 1526/1892/1581 1527/1898/1586 1524/1904/1587
f 1523/2234/1584 1524/2240/1587 1540/2235/1588 1539/2228/1585
f 1524/2240/1587 1527/2246/1586 1572/2247/1544 1571/2244/1543
f 1524/2240/1587 1571/2244/1543 1589/2241/1546 1540/2235/1588
f 1526/1892/1581 1575/1883/1580 1528/1890/1589 1527/1898/1586
f 1527/2449/1586 1528/2450/1589 1573/2444/1458 1572/2443/1544
f 1528/2450/1589 1581/2456/1457 1593/2451/1456 1573/2444/1458
f 1528/1890/1589 1575/1883/1580 1582/1877/1522 1581/1891/1457
f 1530/2215/1481 1533/2219/1491 1534/2224/1590 1531/2220/1486
f 1531/2220/1486 1534/2224/1590 1535/2229/1591 1564/2225/1553
f 1532/2214/1490 1537/2218/1495 1538/2223/1583 1533/2219/1491
f 1533/2219/1491 1538/2223/1583 1539/2228/1585 1534/2224/1590
f 1534/2224/1590 1539/2228/1585 1540/2235/1588 1535/2229/1591
f 1535/2229/1591 1566/2236/1545 1567/2230/1547 1564/2225/1553
f 1535/2229/1591 1540/2235/1588 1589/2241/1546 1566/2236/1545
f 1543/1543/1479 1546/1537/1504 1547/1542/1503 1544/1549/1487
f 1544/1902/1487 1547/1903/1503 1548/1885/1506 1545/1894/1492
f 1549/1475/1526 1576/1474/1525 1550/1481/1532 1551/1482/1560
f 1550/1481/1532 1553/1489/1592 1554/1490/1563 1551/1482/1560
f 1550/1481/1532 1577/1487/1531 1552/1495/1537 1553/1489/1592
f 1552/1495/1537 1556/1502/1593 1557/1496/1594 1553/1489/1592
f 1552/1495/1537 1578/1509/1536 1555/1510/1541 1556/1502/1593
f 1553/1489/1592 1557/1496/1594 1558/1497/1566 1554/1490/1563
f 1555/1510/1541 1560/1518/1509 1561/1511/1512 1556/1502/1593
f 1555/1863/1541 1579/1862/1539 1559/1867/1501 1560/1868/1509
f 1556/1502/1593 1561/1511/1512 1562/1503/1516 1557/1496/1594
f 1557/1496/1594 1562/1503/1516 1563/1504/1519 1558/1497/1566
f 1564/2225/1553 1567/2230/1547 1568/2227/1548 1565/2221/1551
s 13
f 1595/1573/1595 1634/1574/1596 1636/1568/1597 1637/1566/1598
f 1595/1951/1595 1672/1940/1599 1597/1949/1600 1634/1957/1596
f 1595/1951/1595 1649/1941/1601 1648/1926/1602 1672/1940/1599
f 1595/2248/1595 1637/2249/1598 1678/2250/1603 1649/2251/1601
f 1596/1938/1604 1665/1950/1605 1663/1956/1606 1597/1949/1600
f 1596/1938/1604 1681/1939/1607 1664/1948/1608 1665/1950/1605
f 1596/1938/1604 1650/1925/1609 1621/1924/1610 1681/1939/1607
f 1596/1938/1604 1597/1949/1600 1672/1940/1599 1650/1925/1609
f 1597/1949/1600 1663/1956/1606 1633/1962/1611 1634/1957/1596
f 1598/1908/1612 1655/1909/1613 1620/1910/1614 1654/1911/1615
f 1598/1908/1612 1599/1912/1616 1657/1913/1617 1655/1909/1613
f 1598/1908/1612 1642/1919/1618 1641/1920/1619 1599/1912/1616
f 1598/1908/1612 1654/1911/1615 1643/1918/1620 1642/1919/1618
f 1599/1912/1616 1641/1920/1619 1618/1933/1621 1600/1921/1622
f 1599/1912/1616 1600/1921/1622 1601/1922/1623 1657/1913/1617
f 1600/2467/1622 1618/2468/1621 1675/2469/1624 1676/2470/1625
f 1600/1921/1622 1676/1934/1625 1619/1935/1626 1601/1922/1623
f 1601/1922/1623 1619/1935/1626 1653/1946/1627 1651/1936/1628
f 1601/1922/1623 1651/1936/1628 1658/1923/1629 1657/1913/1617
f 1602/1927/1630 1644/1917/1631 1645/1916/1632 1646/1928/1633
f 1602/1927/1630 1640/1942/1634 1677/1929/1635 1644/1917/1631
f 1602/1551/1630 1626/1552/1636 1606/1553/1637 1640/1554/1634
f 1602/1551/1630 1646/1555/1633 1627/1556/1638 1626/1552/1636
f 1603/1564/1639 1622/1558/1640 1683/1557/1641 1604/1563/1642
f 1603/1564/1639 1607/1567/1643 1608/1565/1644 1622/1558/1640
f 1603/1564/1639 1636/1568/1597 1635/1571/1645 1607/1567/1643
f 1603/1564/1639 1604/1563/1642 1637/1566/1598 1636/1568/1597
f 1604/1563/1642 1683/1557/1641 1626/1552/1636 1627/1556/1638
f 1604/1563/1642 1627/1556/1638 1678/1562/1603 1637/1566/1598
f 1605/2252/1646 1630/2253/1647 1660/2254/1648 1623/2255/1649
f 1605/2252/1646 1668/2256/1650 1684/2257/1651 1630/2253/1647
f 1605/2252/1646 1661/2260/1652 1667/2261/1653 1668/2256/1650
f 1605/1587/1646 1623/1583/1649 1662/1578/1654 1661/1582/1652
f 1606/1553/1637 1622/1558/1640 1608/1565/1644 1614/1559/1655
f 1606/1553/1637 1626/1552/1636 1683/1557/1641 1622/1558/1640
f 1606/1553/1637 1614/1559/1655 1639/1560/1656 1640/1554/1634
f 1607/1567/1643 1635/1571/1645 1662/1578/1654 1609/1572/1657
f 1607/1567/1643 1609/1572/1657 1610/1569/1658 1608/1565/1644
f 1608/1565/1644 1610/1569/1658 1613/1570/1659 1614/1559/1655
f 1609/1572/1657 1662/1578/1654 1623/1583/1649 1624/1579/1660
f 1609/1572/1657 1624/1579/1660 1629/1575/1661 1610/1569/1658
f 1610/1569/1658 1629/1575/1661 1612/1576/1662 1613/1570/1659
f 1611/1952/1663 1615/1953/1664 1616/1932/1665 1612/1945/1662
f 1611/1952/1663 1673/1959/1666 1674/1960/1667 1615/1953/1664
f 1611/1580/1663 1628/1581/1668 1685/1585/1669 1673/1586/1666
f 1611/1580/1663 1612/1576/1662 1629/1575/1661 1628/1581/1668
f 1612/1945/1662 1616/1932/1665 1617/1930/1670 1613/1943/1659
f 1613/1943/1659 1617/1930/1670 1639/1931/1656 1614/1944/1655
f 1615/2471/1664 1618/2468/1621 1641/2476/1619 1616/2477/1665
f 1615/2471/1664 1674/2472/1667 1675/2469/1624 1618/2468/1621
f 1616/1932/1665 1641/1920/1619 1642/1919/1618 1617/1930/1670
f 1617/1930/1670 1642/1919/1618 1643/1918/1620 1639/1931/1656
f 1619/2268/1626 1669/2269/1671 1684/2257/1651 1653/2262/1627
f 1619/2473/1626 1676/2470/1625 1675/2469/1624 1669/2474/1671
f 1620/1910/1614 1645/1916/1632 1644/1917/1631 1654/1911/1615
f 1620/1910/1614 1647/1915/1672 1648/1926/1602 1645/1916/1632
f 1620/1910/1614 1655/1909/1613 1656/1914/1673 1647/1915/1672
f 1621/1924/1610 1659/1937/1674 1664/1948/1608 1681/1939/1607
f 1621/1924/1610 1656/1914/1673 1658/1923/1629 1659/1937/1674
f 1621/1924/1610 1650/1925/1609 1647/1915/1672 1656/1914/1673
f 1623/1583/1649 1660/1588/1648 1625/1584/1675 1624/1579/1660
f 1624/1579/1660 1625/1584/1675 1628/1581/1668 1629/1575/1661
f 1625/1584/1675 1660/1588/1648 1682/1591/1676 1638/1589/1677
f 1625/1584/1675 1638/1589/1677 1685/1585/1669 1628/1581/1668
f 1627/1556/1638 1646/1555/1633 1649/1561/1601 1678/1562/1603
f 1630/2253/1647 1631/2258/1678 1682/2259/1676 1660/2254/1648
f 1630/2253/1647 1684/2257/1651 1679/2264/1679 1631/2258/1678
f 1631/1592/1678 1670/1590/1680 1638/1589/1677 1682/1591/1676
f 1631/2480/1678 1679/2478/1679 1632/2475/1681 1670/2481/1680
f 1632/2475/1681 1669/2474/1671 1675/2469/1624 1674/2472/1667
f 1632/2475/1681 1679/2478/1679 1684/2479/1651 1669/2474/1671
f 1632/1963/1681 1674/1960/1667 1673/1959/1666 1670/1964/1680
f 1633/1577/1611 1635/1571/1645 1636/1568/1597 1634/1574/1596
f 1633/1577/1611 1661/1582/1652 1662/1578/1654 1635/1571/1645
f 1633/2265/1611 1663/2266/1606 1667/2261/1653 1661/2260/1652
f 1638/1589/1677 1670/1590/1680 1673/1586/1666 1685/1585/1669
f 1639/1931/1656 1643/1918/1620 1677/1929/1635 1640/1942/1634
f 1643/1918/1620 1654/1911/1615 1644/1917/1631 1677/1929/1635
f 1645/1916/1632 1648/1926/1602 1649/1941/1601 1646/1928/1633
f 1647/1915/1672 1650/1925/1609 1672/1940/1599 1648/1926/1602
f 1651/1936/1628 1653/1946/1627 1671/1954/1682 1652/1947/1683
f 1651/1936/1628 1652/1947/1683 1659/1937/1674 1658/1923/1629
f 1652/1947/1683 1671/1954/1682 1666/1958/1684 1680/1955/1685
f 1652/1947/1683 1680/1955/1685 1664/1948/1608 1659/1937/1674
f 1653/2262/1627 1684/2257/1651 1668/2256/1650 1671/2263/1682
f 1655/1909/1613 1657/1913/1617 1658/1923/1629 1656/1914/1673
f 1663/1956/1606 1665/1950/1605 1666/1958/1684 1667/1961/1653
f 1664/1948/1608 1680/1955/1685 1666/1958/1684 1665/1950/1605
f 1666/2267/1684 1671/2263/1682 1668/2256/1650 1667/2261/1653
s 20
f 1686/2270/1686 1780/2271/1687 1777/2272/1688 1687/2273/1689
f 1686/2270/1686 1816/2274/1690 1810/2275/1691 1780/2271/1687
f 1686/1978/1686 1770/1969/1692 1812/1977/1693 1816/1986/1690
f 1686/1978/1686 1687/1979/1689 1771/1970/1694 1770/1969/1692
f 1687/2273/1689 1777/2272/1688 1719/2278/1695 1707/2279/1696
f 1687/1979/1689 1707/1987/1696 1744/1980/1697 1771/1970/1694
f 1688/1593/1698 1773/1594/1699 1774/1595/1700 1690/1596/1701
f 1688/1593/1698 1814/1597/1702 1709/1598/1703 1773/1594/1699
f 1688/1593/1698 1689/1604/1704 1691/1605/1705 1814/1597/1702
f 1688/1593/1698 1690/1596/1701 1766/1603/1706 1689/1604/1704
f 1689/1604/1704 1799/1613/1707 1798/1614/1708 1691/1605/1705
f 1689/1604/1704 1766/1603/1706 1782/1612/1709 1799/1613/1707
f 1690/1596/1701 1774/1595/1700 1727/1601/1710 1767/1602/1711
f 1690/1596/1701 1767/1602/1711 1768/1611/1712 1766/1603/1706
f 1691/1605/1705 1798/1614/1708 1813/1615/1713 1746/1606/1714
f 1691/1605/1705 1746/1606/1714 1709/1598/1703 1814/1597/1702
f 1692/1965/1715 1693/1966/1716 1739/1967/1717 1737/1968/1718
f 1692/1965/1715 1770/1969/1692 1771/1970/1694 1693/1966/1716
f 1692/1965/1715 1815/1976/1719 1812/1977/1693 1770/1969/1692
f 1692/1965/1715 1737/1968/1718 1733/1975/1720 1815/1976/1719
f 1693/1966/1716 1771/1970/1694 1744/1980/1697 1772/1971/1721
f 1693/1966/1716 1772/1971/1721 1697/1972/1722 1739/1967/1717
f 1694/1982/1723 1738/1974/1724 1695/1973/1725 1696/1983/1726
f 1694/1982/1723 1735/1989/1727 1734/1984/1728 1738/1974/1724
f 1694/1982/1723 1788/1991/1729 1736/1997/1730 1735/1989/1727
f 1694/1982/1723 1696/1983/1726 1787/1990/1731 1788/1991/1729
f 1695/1973/1725 1739/1967/1717 1697/1972/1722 1698/1981/1732
f 1695/1973/1725 1738/1974/1724 1737/1968/1718 1739/1967/1717
f 1695/1973/1725 1698/1981/1732 1699/1988/1733 1696/1983/1726
f 1696/1983/1726 1699/1988/1733 1786/1996/1734 1787/1990/1731
f 1697/1636/1722 1797/1624/1735 1700/1622/1736 1698/1634/1732
f 1697/1636/1722 1772/1637/1721 1750/1625/1737 1797/1624/1735
f 1698/1634/1732 1700/1622/1736 1783/1623/1738 1699/1635/1733
f 1699/1635/1733 1783/1623/1738 1785/1633/1739 1786/1643/1734
f 1700/1622/1736 1799/1613/1707 1782/1612/1709 1783/1623/1738
f 1700/1622/1736 1797/1624/1735 1798/1614/1708 1799/1613/1707
f 1701/2017/1740 1710/2030/1741 1804/2029/1742 1817/2025/1743
f 1701/2482/1740 1763/2483/1744 1751/2484/1745 1710/2485/1741
f 1701/2017/1740 1761/2008/1746 1762/2009/1747 1763/2018/1744
f 1701/2017/1740 1817/2025/1743 1702/2016/1748 1761/2008/1746
f 1702/2016/1748 1742/2024/1749 1743/2015/1750 1703/2006/1751
f 1702/2016/1748 1817/2025/1743 1804/2029/1742 1742/2024/1749
f 1702/2016/1748 1703/2006/1751 1793/2000/1752 1761/2008/1746
f 1703/2006/1751 1736/1997/1730 1788/1991/1729 1793/2000/1752
f 1703/2006/1751 1743/2015/1750 1760/2007/1753 1736/1997/1730
f 1704/2486/1754 1764/2487/1755 1765/2491/1756 1705/2492/1757
f 1704/2486/1754 1751/2484/1745 1763/2483/1744 1764/2487/1755
f 1704/2486/1754 1752/2490/1758 1753/2488/1759 1751/2484/1745
f 1704/2486/1754 1705/2492/1757 1706/2495/1760 1752/2490/1758
f 1705/2492/1757 1803/2500/1761 1802/2501/1762 1706/2495/1760
f 1705/2492/1757 1765/2491/1756 1819/2499/1763 1803/2500/1761
f 1706/2495/1760 1754/2502/1764 1755/2496/1765 1752/2490/1758
f 1706/1639/1760 1802/1630/1762 1818/1629/1766 1754/1638/1764
f 1707/2279/1696 1719/2278/1695 1775/2284/1767 1708/2285/1768
f 1707/1626/1696 1708/1607/1768 1745/1616/1769 1744/1627/1697
f 1708/1607/1768 1775/1599/1767 1773/1594/1699 1709/1598/1703
f 1708/1607/1768 1709/1598/1703 1746/1606/1714 1745/1616/1769
f 1710/2030/1741 1711/2031/1770 1805/2026/1771 1804/2029/1742
f 1710/2485/1741 1751/2484/1745 1753/2488/1759 1711/2489/1770
f 1711/2489/1770 1753/2488/1759 1756/2493/1772 1757/2494/1773
f 1711/2031/1770 1757/2027/1773 1806/2020/1774 1805/2026/1771
f 1712/2011/1775 1740/2012/1776 1806/2020/1774 1807/2021/1777
f 1712/2011/1775 1713/2002/1778 1714/2003/1779 1740/2012/1776
f 1712/2011/1775 1808/2013/1780 1809/2004/1781 1713/2002/1778
f 1712/2011/1775 1807/2021/1777 1811/2022/1782 1808/2013/1780
f 1713/2002/1778 1716/1993/1783 1717/1994/1784 1714/2003/1779
f 1713/2002/1778 1809/2004/1781 1810/1995/1691 1716/1993/1783
f 1714/2003/1779 1717/1994/1784 1718/2001/1785 1715/2010/1786
f 1714/2003/1779 1715/2010/1786 1741/2019/1787 1740/2012/1776
f 1715/2010/1786 1743/2015/1750 1742/2024/1749 1741/2019/1787
f 1715/2010/1786 1718/2001/1785 1760/2007/1753 1743/2015/1750
f 1716/1993/1783 1812/1977/1693 1800/1985/1788 1717/1994/1784
f 1716/1993/1783 1810/1995/1691 1816/1986/1690 1812/1977/1693
f 1717/1994/1784 1800/1985/1788 1801/1992/1789 1718/2001/1785
f 1718/2001/1785 1801/1992/1789 1820/1998/1790 1760/2007/1753
f 1719/2278/1695 1777/2272/1688 1781/2277/1791 1732/2283/1792
f 1719/2278/1695 1732/2283/1792 1776/2290/1793 1775/2284/1767
f 1720/2288/1794 1759/2294/1795 1758/2295/1796 1721/2289/1797
f 1720/2288/1794 1811/2291/1782 1807/2296/1777 1759/2294/1795
f 1720/2288/1794 1778/2282/1798 1808/2286/1780 1811/2291/1782
f 1720/2288/1794 1721/2289/1797 1722/2281/1799 1778/2282/1798
f 1721/2289/1797 1724/2292/1800 1725/2287/1801 1722/2281/1799
f 1721/2289/1797 1758/2295/1796 1723/2297/1802 1724/2292/1800
f 1722/2281/1799 1725/2287/1801 1732/2283/1792 1781/2277/1791
f 1722/2281/1799 1781/2277/1791 1779/2276/1803 1778/2282/1798
f 1723/2297/1802 1755/2301/1765 1754/2303/1764 1726/2302/1804
f 1723/2297/1802 1758/2295/1796 1756/2299/1772 1755/2301/1765
f 1723/2297/1802 1726/2302/1804 1731/2298/1805 1724/2292/1800
f 1724/2292/1800 1731/2298/1805 1730/2293/1806 1725/2287/1801
f 1725/2287/1801 1730/2293/1806 1776/2290/1793 1732/2283/1792
f 1726/1628/1804 1729/1618/1807 1728/1609/1808 1731/1617/1805
f 1726/1628/1804 1754/1638/1764 1818/1629/1766 1729/1618/1807
f 1727/1601/1710 1774/1595/1700 1776/1600/1793 1730/1608/1806
f 1727/1601/1710 1728/1609/1808 1747/1610/1809 1767/1602/1711
f 1727/1601/1710 1730/1608/1806 1731/1617/1805 1728/1609/1808
f 1728/1609/1808 1729/1618/1807 1748/1619/1810 1747/1610/1809
f 1729/1618/1807 1818/1629/1766 1802/1630/1762 1748/1619/1810
f 1733/1975/1720 1737/1968/1718 1738/1974/1724 1734/1984/1728
f 1733/1975/1720 1800/1985/1788 1812/1977/1693 1815/1976/1719
f 1733/1975/1720 1734/1984/1728 1801/1992/1789 1800/1985/1788
f 1734/1984/1728 1735/1989/1727 1820/1998/1790 1801/1992/1789
f 1735/1989/1727 1736/1997/1730 1760/2007/1753 1820/1998/1790
f 1740/2012/1776 1741/2019/1787 1805/2026/1771 1806/2020/1774
f 1741/2019/1787 1742/2024/1749 1804/2029/1742 1805/2026/1771
f 1744/1627/1697 1745/1616/1769 1750/1625/1737 1772/1637/1721
f 1745/1616/1769 1746/1606/1714 1813/1615/1713 1750/1625/1737
f 1747/1610/1809 1748/1619/1810 1749/1631/1811 1769/1620/1812
f 1747/1610/1809 1769/1620/1812 1768/1611/1712 1767/1602/1711
f 1748/1619/1810 1802/1630/1762 1803/1640/1761 1749/1631/1811
f 1749/1631/1811 1794/1641/1813 1789/1632/1814 1769/1620/1812
f 1749/1631/1811 1803/1640/1761 1819/1644/1763 1794/1641/1813
f 1750/1625/1737 1813/1615/1713 1798/1614/1708 1797/1624/1735
f 1752/2490/1758 1755/2496/1765 1756/2493/1772 1753/2488/1759
f 1756/2299/1772 1758/2295/1796 1759/2294/1795 1757/2300/1773
f 1757/2027/1773 1759/2028/1795 1807/2021/1777 1806/2020/1774
f 1761/2008/1746 1793/2000/1752 1792/1999/1815 1762/2009/1747
f 1762/2009/1747 1792/1999/1815 1791/2005/1816 1796/2014/1817
f 1762/2009/1747 1796/2014/1817 1764/2023/1755 1763/2018/1744
f 1764/2487/1755 1796/2497/1817 1795/2498/1818 1765/2491/1756
f 1765/1646/1756 1795/1645/1818 1794/1641/1813 1819/1644/1763
f 1766/1603/1706 1768/1611/1712 1784/1621/1819 1782/1612/1709
f 1768/1611/1712 1769/1620/1812 1789/1632/1814 1784/1621/1819
f 1773/1594/1699 1775/1599/1767 1776/1600/1793 1774/1595/1700
f 1777/2272/1688 1780/2271/1687 1779/2276/1803 1781/2277/1791
f 1778/2282/1798 1779/2276/1803 1809/2280/1781 1808/2286/1780
f 1779/2276/1803 1780/2271/1687 1810/2275/1691 1809/2280/1781
f 1782/1612/1709 1784/1621/1819 1785/1633/1739 1783/1623/1738
f 1784/1621/1819 1789/1632/1814 1790/1642/1820 1785/1633/1739
f 1785/2505/1739 1790/2503/1820 1791/2504/1816 1786/2506/1734
f 1786/1996/1734 1791/2005/1816 1792/1999/1815 1787/1990/1731
f 1787/1990/1731 1792/1999/1815 1793/2000/1752 1788/1991/1729
f 1789/1632/1814 1794/1641/1813 1795/1645/1818 1790/1642/1820
f 1790/2503/1820 1795/2498/1818 1796/2497/1817 1791/2504/1816
s 25
f 1821/2055/1821 1831/2047/1822 1832/2040/1823 1833/2049/1824
f 1821/2055/1821 1896/2060/1825 1971/2054/1826 1831/2047/1822
f 1821/2055/1821 1822/2065/1827 1897/2066/1828 1896/2060/1825
f 1821/2507/1821 1833/2508/1824 1825/2509/1829 1822/2510/1827
f 1822/2510/1827 1825/2509/1829 1826/2513/1830 1823/2514/1831
f 1822/2065/1827 1823/2073/1831 1898/2074/1832 1897/2066/1828
f 1823/2304/1831 1824/2305/1833 1899/2306/1834 1898/2307/1832
f 1823/2304/1831 1826/2308/1830 1827/2309/1835 1824/2305/1833
f 1824/2305/1833 1968/2310/1836 1956/2311/1837 1899/2306/1834
f 1824/2305/1833 1827/2309/1835 1913/2314/1838 1968/2310/1836
f 1825/2509/1829 1828/2512/1839 1829/2517/1840 1826/2513/1830
f 1825/2509/1829 1833/2508/1824 1835/2511/1841 1828/2512/1839
f 1826/2308/1830 1829/2312/1840 1962/2313/1842 1827/2309/1835
f 1827/2309/1835 1962/2313/1842 1918/2320/1843 1913/2314/1838
f 1828/2512/1839 1835/2511/1841 1837/2515/1844 1838/2516/1845
f 1828/2512/1839 1838/2516/1845 1830/2520/1846 1829/2517/1840
f 1829/2312/1840 1830/2318/1846 1921/2319/1847 1962/2313/1842
f 1830/2318/1846 1970/2325/1848 1843/2326/1849 1921/2319/1847
f 1830/2520/1846 1838/2516/1845 1841/2523/1850 1970/2524/1848
f 1831/2047/1822 1862/2042/1851 1861/2037/1852 1832/2040/1823
f 1831/2047/1822 1971/2054/1826 1889/2050/1853 1862/2042/1851
f 1832/2040/1823 1861/2037/1852 1860/2036/1854 1834/2041/1855
f 1832/2040/1823 1834/2041/1855 1835/2048/1841 1833/2049/1824
f 1834/2518/1855 1860/2521/1854 1859/2522/1856 1836/2519/1857
f 1834/2518/1855 1836/2519/1857 1837/2515/1844 1835/2511/1841
f 1836/1651/1857 1859/1652/1856 1940/1648/1858 1839/1647/1859
f 1836/1651/1857 1839/1647/1859 1840/1658/1860 1837/1660/1844
f 1837/1660/1844 1840/1658/1860 1841/1667/1850 1838/1669/1845
f 1839/1647/1859 1940/1648/1858 1961/1649/1861 1938/1650/1862
f 1839/1647/1859 1938/1650/1862 1939/1657/1863 1840/1658/1860
f 1840/1658/1860 1939/1657/1863 1842/1666/1864 1841/1667/1850
f 1841/1667/1850 1842/1666/1864 1843/1676/1849 1970/1677/1848
f 1842/1666/1864 1939/1657/1863 1844/1664/1865 1845/1675/1866
f 1842/1666/1864 1845/1675/1866 1846/1687/1867 1843/1676/1849
f 1843/2326/1849 1846/2333/1867 1922/2327/1868 1921/2319/1847
f 1844/1664/1865 1937/1665/1869 1847/1674/1870 1845/1675/1866
f 1844/1664/1865 1964/1656/1871 1952/1655/1872 1937/1665/1869
f 1844/1664/1865 1939/1657/1863 1938/1650/1862 1964/1656/1871
f 1845/1675/1866 1847/1674/1870 1848/1686/1873 1846/1687/1867
f 1846/2333/1867 1848/2335/1873 1849/2328/1874 1922/2327/1868
f 1847/1674/1870 1935/1685/1875 1850/1695/1876 1848/1686/1873
f 1847/1674/1870 1937/1665/1869 1936/1673/1877 1935/1685/1875
f 1848/2335/1873 1850/2340/1876 1851/2334/1878 1849/2328/1874
f 1849/2328/1874 1851/2334/1878 1920/2329/1879 1919/2321/1880
f 1849/2328/1874 1919/2321/1880 1918/2320/1843 1922/2327/1868
f 1850/2340/1876 1932/2346/1881 1852/2341/1882 1851/2334/1878
f 1850/1695/1876 1935/1685/1875 1933/1690/1883 1932/1699/1881
f 1851/2334/1878 1852/2341/1882 1853/2336/1884 1920/2329/1879
f 1852/2341/1882 1932/2346/1881 1929/2351/1885 1928/2347/1886
f 1852/2341/1882 1928/2347/1886 1854/2342/1887 1853/2336/1884
f 1853/2336/1884 1916/2330/1888 1915/2322/1889 1920/2329/1879
f 1853/2336/1884 1854/2342/1887 1917/2337/1890 1916/2330/1888
f 1854/2342/1887 1928/2347/1886 1924/2352/1891 1923/2348/1892
f 1854/2342/1887 1923/2348/1892 1966/2343/1893 1917/2337/1890
f 1855/2032/1894 1857/2033/1895 1858/2034/1896 1884/2035/1897
f 1855/1678/1894 1959/1668/1898 1856/1659/1899 1857/1679/1895
f 1855/1678/1894 1969/1688/1900 1946/1680/1901 1959/1668/1898
f 1855/1678/1894 1884/1696/1897 1880/1697/1902 1969/1688/1900
f 1856/1659/1899 1960/1653/1903 1940/1648/1858 1859/1652/1856
f 1856/1659/1899 1959/1668/1898 1949/1662/1904 1960/1653/1903
f 1856/2525/1899 1859/2522/1856 1860/2521/1854 1857/2526/1895
f 1857/2033/1895 1860/2036/1854 1861/2037/1852 1858/2034/1896
f 1858/2034/1896 1861/2037/1852 1862/2042/1851 1887/2038/1905
f 1858/2034/1896 1887/2038/1905 1885/2039/1906 1884/2035/1897
f 1862/2042/1851 1889/2050/1853 1888/2043/1907 1887/2038/1905
f 1863/2068/1908 1879/2069/1909 1883/2059/1910 1865/2062/1911
f 1863/1721/1908 1965/1718/1912 1900/1711/1913 1879/1714/1909
f 1863/2068/1908 1864/2076/1914 1910/2080/1915 1965/2081/1912
f 1863/2068/1908 1865/2062/1911 1866/2070/1916 1864/2076/1914
f 1864/2076/1914 1912/2079/1917 1911/2082/1918 1910/2080/1915
f 1864/2076/1914 1866/2070/1916 1867/2077/1919 1912/2079/1917
f 1865/2062/1911 1868/2057/1920 1869/2064/1921 1866/2070/1916
f 1865/2062/1911 1883/2059/1910 1963/2052/1922 1868/2057/1920
f 1866/2070/1916 1869/2064/1921 1890/2072/1923 1867/2077/1919
f 1867/2338/1919 1890/2331/1923 1953/2332/1924 1873/2339/1925
f 1867/2338/1919 1873/2339/1925 1874/2344/1926 1912/2345/1917
f 1868/2057/1920 1871/2058/1927 1891/2063/1928 1869/2064/1921
f 1868/2057/1920 1963/2052/1922 1870/2051/1929 1871/2058/1927
f 1869/2064/1921 1891/2063/1928 1892/2071/1930 1890/2072/1923
f 1870/2051/1929 1888/2043/1907 1889/2050/1853 1872/2056/1931
f 1870/2051/1929 1963/2052/1922 1886/2044/1932 1888/2043/1907
f 1870/2051/1929 1872/2056/1931 1893/2061/1933 1871/2058/1927
f 1871/2058/1927 1893/2061/1933 1894/2067/1934 1891/2063/1928
f 1872/2056/1931 1896/2060/1825 1897/2066/1828 1893/2061/1933
f 1872/2056/1931 1889/2050/1853 1971/2054/1826 1896/2060/1825
f 1873/2339/1925 1953/2332/1924 1917/2337/1890 1966/2343/1893
f 1873/2339/1925 1966/2343/1893 1923/2348/1892 1874/2344/1926
f 1874/2344/1926 1875/2349/1935 1911/2350/1918 1912/2345/1917
f 1874/2344/1926 1923/2348/1892 1924/2352/1891 1875/2349/1935
f 1875/1724/1935 1876/1722/1936 1909/1717/1937 1911/1723/1918
f 1875/1724/1935 1924/1725/1891 1925/1715/1938 1876/1722/1936
f 1876/1722/1936 1877/1716/1939 1958/1710/1940 1909/1717/1937
f 1876/1722/1936 1925/1715/1938 1926/1708/1941 1877/1716/1939
f 1877/1716/1939 1967/1709/1942 1903/1702/1943 1958/1710/1940
f 1877/1716/1939 1926/1708/1941 1927/1701/1944 1967/1709/1942
f 1878/1706/1945 1906/1698/1946 1881/1705/1947 1882/1713/1948
f 1878/1706/1945 1902/1704/1949 1905/1694/1950 1906/1698/1946
f 1878/1706/1945 1879/1714/1909 1900/1711/1913 1902/1704/1949
f 1878/1706/1945 1882/1713/1948 1883/1720/1910 1879/1714/1909
f 1880/2045/1902 1884/2035/1897 1885/2039/1906 1881/2046/1947
f 1880/1697/1902 1908/1689/1951 1946/1680/1901 1969/1688/1900
f 1880/1697/1902 1881/1705/1947 1906/1698/1946 1908/1689/1951
f 1881/2046/1947 1885/2039/1906 1886/2044/1932 1882/2053/1948
f 1882/2053/1948 1886/2044/1932 1963/2052/1922 1883/2059/1910
f 1885/2039/1906 1887/2038/1905 1888/2043/1907 1886/2044/1932
f 1890/2331/1923 1892/2323/1930 1954/2324/1952 1953/2332/1924
f 1891/2063/1928 1894/2067/1934 1895/2075/1953 1892/2071/1930
f 1892/2323/1930 1895/2316/1953 1955/2317/1954 1954/2324/1952
f 1893/2061/1933 1897/2066/1828 1898/2074/1832 1894/2067/1934
f 1894/2067/1934 1898/2074/1832 1899/2078/1834 1895/2075/1953
f 1895/2316/1953 1899/2306/1834 1956/2311/1837 1955/2317/1954
f 1900/1711/1913 1957/1712/1955 1901/1703/1956 1902/1704/1949
f 1900/1711/1913 1965/1718/1912 1910/1719/1915 1957/1712/1955
f 1901/1703/1956 1904/1693/1957 1905/1694/1950 1902/1704/1949
f 1901/1703/1956 1958/1710/1940 1903/1702/1943 1904/1693/1957
f 1901/1703/1956 1957/1712/1955 1909/1717/1937 1958/1710/1940
f 1903/1702/1943 1941/1692/1958 1942/1684/1959 1904/1693/1957
f 1903/1702/1943 1967/1709/1942 1927/1701/1944 1941/1692/1958
f 1904/1693/1957 1942/1684/1959 1907/1683/1960 1905/1694/1950
f 1905/1694/1950 1907/1683/1960 1908/1689/1951 1906/1698/1946
f 1907/1683/1960 1942/1684/1959 1944/1671/1961 1945/1672/1962
f 1907/1683/1960 1945/1672/1962 1946/1680/1901 1908/1689/1951
f 1909/1717/1937 1957/1712/1955 1910/1719/1915 1911/1723/1918
f 1913/2314/1838 1914/2315/1963 1956/2311/1837 1968/2310/1836
f 1913/2314/1838 1918/2320/1843 1919/2321/1880 1914/2315/1963
f 1914/2315/1963 1919/2321/1880 1920/2329/1879 1915/2322/1889
f 1914/2315/1963 1915/2322/1889 1955/2317/1954 1956/2311/1837
f 1915/2322/1889 1916/2330/1888 1954/2324/1952 1955/2317/1954
f 1916/2330/1888 1917/2337/1890 1953/2332/1924 1954/2324/1952
f 1918/2320/1843 1962/2313/1842 1921/2319/1847 1922/2327/1868
f 1924/2352/1891 1928/2347/1886 1929/2351/1885 1925/2353/1938
f 1925/1715/1938 1929/1707/1885 1930/1700/1964 1926/1708/1941
f 1926/1708/1941 1930/1700/1964 1931/1691/1965 1927/1701/1944
f 1927/1701/1944 1931/1691/1965 1943/1682/1966 1941/1692/1958
f 1929/1707/1885 1932/1699/1881 1933/1690/1883 1930/1700/1964
f 1930/1700/1964 1933/1690/1883 1934/1681/1967 1931/1691/1965
f 1931/1691/1965 1934/1681/1967 1947/1670/1968 1943/1682/1966
f 1933/1690/1883 1935/1685/1875 1936/1673/1877 1934/1681/1967
f 1934/1681/1967 1936/1673/1877 1950/1663/1969 1947/1670/1968
f 1936/1673/1877 1937/1665/1869 1952/1655/1872 1950/1663/1969
f 1938/1650/1862 1961/1649/1861 1952/1655/1872 1964/1656/1871
f 1940/1648/1858 1960/1653/1903 1951/1654/1970 1961/1649/1861
f 1941/1692/1958 1943/1682/1966 1944/1671/1961 1942/1684/1959
f 1943/1682/1966 1947/1670/1968 1948/1661/1971 1944/1671/1961
f 1944/1671/1961 1948/1661/1971 1949/1662/1904 1945/1672/1962
f 1945/1672/1962 1949/1662/1904 1959/1668/1898 1946/1680/1901
f 1947/1670/1968 1950/1663/1969 1951/1654/1970 1948/1661/1971
f 1948/1661/1971 1951/1654/1970 1960/1653/1903 1949/1662/1904
f 1950/1663/1969 1952/1655/1872 1961/1649/1861 1951/1654/1970
g default
v -0.555513 24.290522 1.765567
v -0.469895 24.290522 1.592073
v -0.423897 24.290522 1.712440
v -0.300288 24.300182 1.418275
v -0.286507 24.290522 1.551884
v -0.270220 24.290522 1.679696
v -0.033971 24.371336 1.290170
v -0.066893 24.290522 1.431633
v -0.092980 24.290522 1.561211
v -0.110655 24.290522 1.679417
v 0.230885 24.794837 1.368061
v 0.208794 25.003233 1.375915
v 0.180893 25.215320 1.384651
v 0.370148 25.942533 2.545942
v 0.420101 25.904564 2.280779
v 0.404832 25.852238 2.036615
v 0.290951 25.588260 3.039037
v 0.426488 25.665222 2.841319
v 0.546009 25.709231 2.602448
v 0.601585 25.695088 2.315854
v 0.554976 25.649180 2.031291
v 0.429441 25.583785 1.767881
v 0.134141 25.188820 3.219583
v 0.278518 25.280205 3.209143
v 0.441513 25.360347 3.073504
v 0.584060 25.430326 2.887515
v 0.671281 25.456777 2.632320
v 0.672784 25.435684 2.339221
v 0.645181 25.400411 2.045873
v 0.511516 25.335260 1.787357
v 0.678364 25.170935 2.897976
v 0.736789 25.189262 2.635435
v 0.740401 25.182038 2.351221
v 0.701516 25.152218 2.060531
v 0.549356 25.098812 1.812839
v 0.382149 25.046885 1.585966
v 0.739647 24.918573 2.066870
v 0.575646 24.877617 1.826531
v 0.404344 24.835438 1.593470
v 0.242835 24.592881 1.362400
v 0.419988 24.635394 1.594641
v 0.593967 24.671781 1.831930
v 0.597464 24.478656 1.844235
v 0.739894 24.701041 2.083607
v 0.677546 24.519360 2.109415
v 0.778374 24.940696 2.357816
v 0.776870 24.720290 2.364260
v 0.715499 24.535895 2.369389
v 0.600728 24.415626 2.373245
v 0.776892 24.941932 2.636680
v 0.784731 24.717453 2.628452
v 0.720861 24.528645 2.616088
v 0.600796 24.413937 2.596718
v 0.482875 24.338078 2.582244
v 0.696244 24.921441 2.879720
v 0.709827 24.706219 2.869289
v 0.677996 24.513174 2.845360
v 0.576254 24.385800 2.798935
v 0.458654 24.320439 2.759394
v 0.543947 25.125217 3.092407
v 0.575397 24.890316 3.078167
v 0.586633 24.682547 3.061277
v 0.586939 24.494970 3.048915
v 0.500898 24.358982 2.976073
v 0.400079 24.290838 2.910190
v 0.298083 24.290522 2.860397
v 0.381240 25.072374 3.249731
v 0.421928 24.855867 3.235116
v 0.429794 24.660401 3.204266
v 0.422888 24.479365 3.177036
v 0.371245 24.346011 3.110568
v 0.298916 24.290522 3.028078
v 0.231343 24.290522 2.954636
v 0.203595 25.022105 3.243894
v 0.232349 24.837730 3.261917
v 0.244286 24.653439 3.263967
v -0.918236 24.585965 2.538088
v -1.006762 24.596983 2.338467
v -0.845847 24.731588 2.726039
v -0.934652 24.737417 2.542869
v -1.016208 24.749080 2.349965
v -0.636641 24.911346 3.051454
v -0.743162 24.910927 2.882177
v -0.848279 24.904705 2.713694
v -0.946776 24.900208 2.544180
v -1.024427 24.910516 2.365091
v -0.268393 25.073305 3.189158
v -0.456958 25.110814 3.153761
v -0.637425 25.123264 3.041874
v -0.750971 25.109254 2.860135
v -0.856406 25.087175 2.691742
v -0.954290 25.065440 2.534927
v -1.026260 25.065314 2.379143
v -0.283880 25.955892 1.650446
v -0.524067 25.889509 1.739262
v -0.676776 25.766789 1.901200
v -0.953699 25.366471 2.402798
v -0.889792 25.500177 2.253423
v -0.870942 25.459115 2.565095
v -0.822023 25.638437 2.430727
v -0.719956 25.787124 2.265920
v -0.626699 25.941811 2.095710
v -0.463555 26.026579 1.927526
v -0.733342 25.527345 2.740847
v -0.687622 25.735684 2.628605
v -0.572920 25.885859 2.463944
v -0.456338 26.030462 2.292228
v -0.568686 25.561374 2.921776
v -0.503885 25.784302 2.820582
v -0.377723 25.934132 2.661093
v -0.378982 25.550082 3.096224
v -0.293922 25.780781 3.021997
v -0.165172 25.459357 3.162434
v -0.044771 25.969927 1.737461
v 0.149977 26.003906 1.910335
v 0.032779 24.290522 2.228923
v 0.071049 24.290522 2.391813
v 0.094940 24.290522 2.550130
v -0.038240 24.290522 2.557011
v 0.105028 24.290522 2.695149
v -0.016631 24.290522 2.696217
v 0.105594 24.290522 2.819117
v -0.005082 24.290522 2.821435
v -0.116950 24.290522 2.827414
v -0.013297 25.455492 1.329262
v -0.308392 25.205862 1.235066
v -0.288766 25.476769 1.317559
v -0.609857 25.191418 1.264574
v -0.797574 24.902541 1.452703
v -0.947244 24.866746 1.667902
v -1.063513 24.648833 1.871579
v -0.500420 24.290522 2.709811
v -0.577674 24.290524 2.575094
v -0.648386 24.290522 2.421735
v -0.707339 24.290522 2.253795
v -0.750081 24.290522 2.083067
v -0.763639 24.290642 1.918562
v -0.683531 24.290524 2.643824
v -0.769763 24.290522 2.478467
v -0.836308 24.290522 2.291262
v -0.887882 24.290650 2.095359
v -0.884896 24.331850 2.549049
v -0.937329 24.347587 2.321614
v 0.221781 24.409943 1.407934
v 0.159514 24.290522 1.517935
v 0.092579 24.290522 1.630357
v 0.038502 24.290522 1.726971
v 0.431795 24.446738 1.593924
v 0.355349 24.314043 1.673231
v 0.250279 24.290522 1.765652
v 0.156463 24.290522 1.842487
v 0.510139 24.335387 1.892031
v 0.376186 24.290522 1.950949
v 0.247846 24.290522 2.000443
v 0.576850 24.387178 2.135899
v 0.453006 24.314952 2.162138
v 0.315040 24.291110 2.185451
v 0.495231 24.314829 2.378313
v 0.353895 24.290522 2.379833
v 0.360362 24.290522 2.566039
v 0.339419 24.290522 2.728124
v -0.947032 24.681177 1.651016
v -0.799115 24.703313 1.437283
v -0.600265 24.719948 1.253120
v -0.315229 24.735317 1.226342
v -0.030078 24.759087 1.245349
v -0.601617 24.926283 1.255760
v -0.313782 24.952858 1.229663
v -0.032116 24.973009 1.246972
v -0.029760 25.210981 1.249285
v 0.109351 24.290522 2.920919
v 0.001681 24.290522 2.932893
v -0.113872 24.290522 2.937612
v 0.133609 24.290522 3.007471
v 0.012962 24.290522 3.035091
v -0.117942 24.290522 3.041211
v 0.170498 24.290522 3.099200
v 0.026853 24.291203 3.141703
v 0.212304 24.340311 3.193549
v 0.041488 24.348162 3.223785
v 0.054428 24.477512 3.272002
v 0.060803 24.659270 3.264847
v 0.060269 24.836620 3.249430
v 0.053455 25.002811 3.230404
v -0.570933 25.460585 1.366360
v -0.804481 25.134186 1.483329
v -0.766555 25.366918 1.582788
v -0.956083 25.073952 1.703189
v -0.920352 25.283616 1.790523
v -1.056402 24.820478 1.892941
v -1.077564 25.011303 1.929235
v -1.027703 25.200388 2.002494
v -1.057803 24.616212 2.115196
v -1.058513 24.776882 2.131696
v -1.061568 24.948460 2.159359
v -1.054406 25.117419 2.206842
v 0.274007 25.797180 1.811264
v 0.263880 25.480110 1.548054
v 0.341450 25.264533 1.573401
v -0.227770 24.290522 2.929724
v -0.249908 24.290522 3.025958
v -0.124263 24.303757 3.147481
v -0.129378 24.372727 3.223086
v -0.127572 24.501940 3.266782
v -0.332431 24.290522 2.897700
v -0.419958 24.290522 2.820172
v -0.376718 24.294441 2.982229
v -0.488365 24.290522 2.901123
v -0.589324 24.290522 2.786477
v -0.433722 24.315047 3.082259
v -0.548615 24.332074 2.972923
v -0.664123 24.332634 2.848771
v -0.770539 24.336194 2.697781
v -0.295321 24.397589 3.195552
v -0.456475 24.407749 3.136658
v -0.593437 24.409260 3.025775
v -0.721317 24.408561 2.894285
v -0.831629 24.429013 2.728985
v -0.905976 24.450385 2.538244
v -0.995388 24.454796 2.336064
v -0.299555 24.535099 3.221274
v -0.461833 24.551550 3.147177
v -0.608378 24.558453 3.038910
v -0.741041 24.563387 2.902693
v -0.845315 24.571244 2.732347
v -0.295551 24.698460 3.227649
v -0.469083 24.712495 3.159217
v -0.619183 24.721873 3.045568
v -0.740116 24.727697 2.895434
v -0.110171 24.854436 3.229739
v -0.286739 24.880727 3.208476
v -0.474564 24.902362 3.170208
v -0.098959 25.030066 3.211547
v -0.159278 26.046938 1.943972
v -0.100854 26.100868 2.278061
v 0.026573 26.062454 2.087690
v -0.001860 26.069848 2.669124
v 0.129973 26.067527 2.429493
v 0.226556 26.040205 2.212702
v 0.106015 25.822731 3.004087
v 0.253703 25.911148 2.796337
v 0.141157 25.472390 3.168931
v -0.341700 24.290522 2.468127
v -0.291611 24.290522 2.603785
v -0.247983 24.290522 2.725127
v -0.220666 24.290522 2.832117
v -0.111115 24.290522 1.798558
v -0.247249 24.290522 1.811591
v -0.387397 24.290522 1.842913
v -0.519396 24.290522 1.885976
v -0.070386 24.290522 1.927479
v -0.208261 24.290522 1.950881
v -0.348621 24.290522 1.983632
v -0.485387 24.290522 2.024148
v -0.016810 24.290522 2.071430
v -0.160042 24.290522 2.098485
v -0.303335 24.290522 2.131655
v -0.442693 24.290522 2.171906
v -0.112191 24.290522 2.252337
v -0.255391 24.290522 2.283030
v -0.393479 24.290522 2.322201
v -0.070529 24.290522 2.407265
v -0.209198 24.290522 2.432584
v -0.168344 24.290522 2.575183
v -0.136075 24.290522 2.707143
v -0.726285 24.290709 1.776876
v -0.622359 24.290522 1.670092
v -0.907237 24.291904 1.896162
v -0.842314 24.297494 1.718435
v -0.706470 24.292498 1.563755
v -0.521399 24.290522 1.463890
v -1.002808 24.342979 2.104803
v -1.019289 24.362809 1.875023
v -0.965574 24.374233 1.645545
v -0.805488 24.375176 1.439299
v -0.574900 24.364186 1.320998
v -0.313088 24.362519 1.272200
v -1.053917 24.462596 2.109202
v -1.056312 24.490799 1.867286
v -0.960585 24.517617 1.639665
v -0.803882 24.530583 1.430969
v -0.595714 24.528191 1.255853
v -0.314043 24.537129 1.224358
v -0.026543 24.561041 1.249610
v 0.243639 24.471686 3.268266
v -0.068643 25.191387 3.198127
v -0.231763 25.265199 3.173882
v -0.427170 25.323592 3.139413
v -0.611585 25.341732 2.992549
v -0.746154 25.316695 2.812585
v -0.861718 25.273246 2.644760
v -0.960697 25.221465 2.499319
v -0.801374 25.638154 2.079517
v 0.054941 24.290522 1.900665
v 0.120120 24.290522 2.040832
v 0.175621 24.290522 2.207664
v 0.212583 24.290522 2.383858
v 0.227928 24.290522 2.553957
v 0.223955 24.290522 2.706284
v 0.206177 24.290522 2.829934
v -0.345582 24.290522 2.756671
v -0.403545 24.290522 2.646748
v -0.465036 24.290524 2.515117
v -0.524529 24.290524 2.368618
v -0.576915 24.290522 2.214336
v -0.617817 24.290522 2.061562
v -0.641508 24.290522 1.922089
v -0.274924 24.313765 3.131119
v -0.117514 24.676525 3.248585
v -0.269519 25.736887 1.465914
v -0.546167 25.696818 1.532317
v -0.710849 25.573433 1.728367
v -0.862791 25.470061 1.919222
v -0.959573 25.360524 2.110933
v -1.024235 25.263957 2.279739
v -0.298464 26.071197 2.110364
v -0.259891 26.088889 2.487025
v -0.155910 25.944507 2.864369
v -0.052646 25.658396 3.132423
v 0.012037 25.330179 3.193213
v 0.279957 25.994412 2.049514
v -0.004100 24.290522 1.802175
v 0.184966 24.290522 2.906476
v -0.300140 24.290522 2.832872
v 0.159973 25.384577 1.396717
v -0.646335 24.290522 1.817920
v -1.024587 25.181994 2.393375
v 0.041227 25.127376 3.215952
v -0.301698 26.027730 1.837171
v 0.054133 25.705625 1.550500
v 0.353606 24.659100 5.434920
v 0.243744 24.624343 5.359408
v 0.277977 24.617486 5.455230
v 0.321408 24.610892 5.537319
v 0.331822 24.290522 5.416238
v 0.386714 24.290522 5.463222
v 0.283064 24.290522 5.131465
v 0.642731 24.290524 5.489518
v 0.602558 24.290522 5.569095
v 0.677249 24.290522 5.619846
v 0.599123 24.290522 5.692399
v 0.611469 24.390588 5.734919
v 0.225398 24.290522 5.602235
v 0.317581 24.290522 5.676993
v 0.449928 24.290522 5.706387
v 0.429503 24.408003 5.773453
v 0.455260 24.290524 5.390207
v 0.508881 24.290524 5.434402
v 0.450554 24.290524 5.507094
v 0.568824 24.290524 5.470319
v 0.523926 24.290522 5.540879
v 0.297672 24.604538 5.203852
v 0.378990 24.616106 5.168423
v 0.723338 24.290522 5.517619
v 0.780152 24.335950 5.547924
v 0.705948 24.370437 5.646513
v 0.706684 24.454685 5.522681
v 0.650920 24.463056 5.609849
v 0.666340 24.547250 5.505623
v 0.324971 24.668147 5.352051
v 0.219067 24.290522 5.340978
v 0.283109 24.290522 5.371136
v 0.328902 24.290522 5.249055
v 0.358373 24.290522 5.304122
v 0.342176 24.559709 5.629140
v 0.247379 24.471717 5.583293
v 0.323321 24.483228 5.667290
v 0.439451 24.498185 5.713835
v 0.208464 24.389632 5.615129
v 0.306556 24.385153 5.693565
v 0.139515 24.318419 5.526069
v 0.193830 24.538373 5.364615
v 0.228778 24.545333 5.469952
v 0.282173 24.547106 5.556479
v 0.144292 24.443801 5.382937
v 0.182254 24.466703 5.493481
v 0.099993 24.355731 5.420032
v 0.146369 24.383115 5.517952
v 0.146230 24.290522 5.432214
v 0.411144 24.666911 5.244155
v 0.398115 24.672680 5.336235
v 0.384929 24.654323 5.519760
v 0.466954 24.661246 5.491621
v 0.430878 24.670396 5.409674
v 0.546198 24.657168 5.458881
v 0.590918 24.290522 5.241481
v 0.641211 24.290524 5.317206
v 0.667384 24.290524 5.400913
v 0.725974 24.325343 5.274611
v 0.773032 24.303166 5.386959
v 0.786021 24.349738 5.403314
v 0.714601 24.459907 5.415769
v 0.455704 24.634379 5.196684
v 0.520955 24.632421 5.262971
v 0.576551 24.630175 5.342721
v 0.614152 24.621182 5.426335
v 0.460961 24.663546 5.303306
v 0.504878 24.659820 5.378315
v 0.434825 24.577214 5.660755
v 0.577237 24.489797 5.697402
v 0.542552 24.579763 5.645198
v 0.623839 24.559825 5.584038
v 0.599140 24.323678 5.066937
v 0.658229 24.336983 5.171101
v 0.553001 24.412632 5.072499
v 0.627122 24.401043 5.183645
v 0.695221 24.381673 5.291144
v 0.659592 24.471855 5.306731
v 0.670507 24.555857 5.412976
v 0.297047 24.471832 5.139569
v 0.470698 24.290522 5.271513
v 0.404414 24.290522 5.346360
v 0.521458 24.290522 5.316482
v 0.567386 24.290524 5.368250
v 0.171546 24.401655 5.241563
v 0.169062 24.290522 5.308617
v 0.437278 24.290522 5.174674
v 0.528293 24.290522 5.179165
v 0.455183 24.290522 5.060857
v 0.308521 24.290522 5.183264
v 0.401659 24.403968 5.008863
v 0.516219 24.503732 5.111576
v 0.600918 24.488604 5.200769
v 0.489104 24.576299 5.155030
v 0.577963 24.580275 5.221755
v 0.634481 24.568101 5.316098
v 0.380745 24.497913 5.071679
v 0.320061 24.552495 5.156945
v 0.389028 24.570159 5.127560
v 0.254116 24.613014 5.260719
v 0.317831 24.665947 5.273488
v 0.348786 24.643775 5.215676
v 0.417750 24.632323 5.597271
v 0.504959 24.634366 5.572415
v 0.584375 24.626489 5.531586
v 0.248749 24.290522 5.480531
v 0.310177 24.290524 5.534913
v 0.387523 24.290524 5.585965
v 0.477470 24.290522 5.617183
v 0.624804 24.599748 5.489421
v 0.422047 24.290522 5.248845
v 0.281985 24.555153 5.196638
v 0.601052 24.290524 5.412638
v 0.222291 24.290522 5.428794
v 0.375456 24.672729 5.282985
v 0.558142 24.290522 5.627239
v 0.355380 24.607232 5.594135
v 0.329098 24.593251 5.169084
v 0.224684 24.509265 5.237188
v 1.202182 24.977376 4.599852
v 1.148206 25.096137 4.658735
v 1.055834 25.200827 4.736833
v 0.905179 25.253770 4.814836
v 1.153826 24.993580 4.480383
v 1.085286 25.132117 4.521602
v 0.979091 25.257293 4.577238
v 1.081820 24.991578 4.361185
v 1.144494 24.323971 4.820252
v 1.071619 24.317165 4.916609
v 1.203641 24.423986 4.846509
v 1.113460 24.425135 4.968862
v 0.996469 24.423565 5.091413
v 1.192117 24.567702 4.845525
v 1.107098 24.580092 4.967459
v 1.005049 24.592467 5.084733
v 0.831905 24.600956 5.097219
v 1.192931 24.721349 4.839643
v 1.106504 24.747463 4.958138
v 0.988802 24.770383 5.066692
v 1.197213 24.877152 4.820586
v 0.833090 24.779267 5.081539
v 1.115154 24.922948 4.936620
v 1.011119 24.969236 5.052288
v 0.833489 24.961984 5.062875
v 1.074996 24.290524 4.719894
v 1.158678 24.324662 4.707251
v 1.043268 24.290524 4.618353
v 1.122994 24.335878 4.594663
v 1.173771 24.430434 4.584647
v 1.008652 24.293819 4.514343
v 1.076615 24.344855 4.486543
v 1.134138 24.427021 4.465975
v 1.147866 24.549519 4.462527
v 0.960947 24.290522 4.413361
v 1.035449 24.327772 4.373982
v 1.088332 24.420241 4.346251
v 1.097299 24.546813 4.343745
v 1.093412 24.688250 4.353184
v 0.719599 24.290522 4.706476
v 0.684222 24.290522 4.576298
v 0.670269 24.290522 4.444588
v 0.782654 24.290522 4.453954
v 0.685246 24.290522 4.322075
v 0.785839 24.290522 4.353228
v 0.725984 24.290522 4.216303
v 1.011628 24.832231 4.263279
v 1.004388 24.688584 4.258709
v 1.000498 24.550822 4.248477
v 0.900271 24.550678 4.161643
v 0.991983 24.425788 4.245114
v 0.892319 24.423292 4.153035
v 0.779319 24.429041 4.096271
v 0.966599 24.321226 4.258875
v 0.861686 24.326381 4.188582
v 0.761178 24.339072 4.142841
v 0.903531 24.290522 4.327494
v 0.821600 24.290522 4.267256
v 0.818878 24.323418 5.043594
v 0.826489 24.439105 5.112391
v 0.957028 24.303978 5.005757
v 0.663565 24.435497 5.071111
v 0.690808 24.307882 5.022448
v 0.528295 24.438548 4.950709
v 0.571233 24.309021 4.920431
v 0.400999 24.431987 4.804182
v 0.478194 24.307882 4.772486
v 0.413606 24.311110 4.595049
v 0.408840 24.320347 4.403818
v 0.675252 24.782475 5.042212
v 0.533387 24.784191 4.944624
v 0.684433 24.952747 5.021372
v 0.549085 24.964572 4.942370
v 0.466233 24.967124 4.783432
v 0.765940 24.290524 4.826798
v 0.874983 24.290524 4.792367
v 0.980834 24.290524 4.753620
v 0.834725 24.290524 4.681431
v 0.943914 24.290522 4.650994
v 0.802301 24.290522 4.565977
v 0.911115 24.290522 4.543705
v 0.880893 24.290522 4.446080
v 1.212527 24.423102 4.707070
v 1.188467 24.552804 4.584423
v 1.223252 24.557820 4.710086
v 1.164240 24.688417 4.461345
v 1.204752 24.690902 4.583267
v 1.226125 24.700025 4.710595
v 1.091740 24.838057 4.361659
v 1.174106 24.839468 4.465077
v 1.220064 24.837137 4.584411
v 1.227188 24.841912 4.702347
v 0.738773 25.234335 4.877872
v 0.644722 25.264728 4.717579
v 0.561805 25.240519 4.551948
v 0.813295 25.301662 4.649590
v 0.716546 25.283855 4.477783
v 0.879649 25.227669 4.421349
v 1.013223 25.134412 4.378101
v 0.491281 25.159668 4.406475
v 0.631040 25.198550 4.315038
v 0.792384 25.151945 4.278685
v 0.929418 25.082652 4.253246
v 1.007476 24.968095 4.254070
v 0.863169 24.988489 4.158218
v 0.730650 25.036042 4.154862
v 0.562680 25.056181 4.187210
v 0.428247 25.022326 4.307514
v 0.822808 24.846869 4.126483
v 0.690827 24.859974 4.110711
v 0.547973 24.858702 4.107362
v 0.800954 24.693230 4.103517
v 0.664333 24.692631 4.074054
v 0.524085 24.677260 4.120412
v 0.654750 24.542536 4.051541
v 0.659313 24.414341 4.061386
v 0.928482 24.832850 4.177112
v 0.915475 24.689894 4.166019
v 0.784800 24.550496 4.097091
v 0.665659 24.605299 5.058338
v 0.529198 24.605975 4.945588
v 0.434289 24.788095 4.790931
v 0.405659 24.610743 4.799491
v 0.403342 24.965446 4.620804
v 0.374522 24.794824 4.617258
v 0.351192 24.618723 4.612122
v 0.327388 24.441629 4.609454
v 0.396084 24.972063 4.460897
v 0.374554 24.808365 4.437626
v 0.345934 24.635155 4.422003
v 0.323969 24.459265 4.406838
v 0.417355 24.656224 4.250123
v 0.416776 24.485194 4.235837
v 0.464269 24.348224 4.236627
v 0.548607 24.378702 4.113768
v 0.666309 24.290522 4.863474
v 0.603962 24.290522 4.734127
v 0.560003 24.290522 4.583058
v 0.547587 24.290522 4.425207
v 0.569537 24.290522 4.276934
v 0.627568 24.310660 4.169066
v 0.803472 24.290529 4.932107
v 0.915772 24.290524 4.896269
v 1.020804 24.290524 4.842953
v 0.422795 24.835011 4.266047
v 0.525828 24.518224 4.118805
v 0.607660 25.124857 4.908501
v 0.522058 25.137671 4.764575
v 0.453231 25.126543 4.611562
v 1.195784 25.014667 4.774302
v 1.113725 25.092819 4.875307
v 0.972749 25.138648 4.957461
v 0.813261 25.124371 4.994852
v 0.858875 24.290522 4.374688
v 0.684348 24.339175 4.104943
v 0.719563 24.290524 4.944226
v 1.225831 24.948620 4.692750
v 0.694852 25.081845 4.994112
v 0.940911 24.935620 4.186592
v 1.086677 24.290524 4.796199
v 0.430186 25.092287 4.489387
v 0.131620 24.290522 4.294658
v 0.251152 24.290522 4.410408
v 0.124597 24.290522 4.387068
v 0.003701 24.290522 4.362715
v -0.011573 24.728686 4.433697
v 0.010076 24.718178 4.558853
v 0.061428 24.706618 4.484148
v 0.067089 24.677404 4.601782
v 0.129172 24.680848 4.541748
v 0.022174 24.709301 4.345611
v 0.111175 24.683672 4.403972
v 0.179891 24.656697 4.470398
v 0.360676 24.367602 4.445387
v 0.340887 24.367905 4.578146
v 0.264906 24.290522 4.675736
v -0.295439 24.604261 4.377203
v -0.350567 24.498376 4.333769
v -0.392827 24.364564 4.315969
v -0.248523 24.290522 4.311637
v -0.233071 24.648951 4.272083
v -0.276664 24.521074 4.199326
v 0.023898 24.290522 4.273774
v -0.084029 24.290522 4.236183
v -0.117972 24.290522 4.336020
v 0.041248 24.638280 4.263171
v 0.056663 24.534374 4.192954
v 0.083866 24.416001 4.118136
v 0.099617 24.310658 4.083829
v 0.193211 24.526433 4.261880
v 0.241200 24.406009 4.195685
v -0.030637 24.290522 4.533549
v -0.146527 24.290522 4.526532
v -0.138305 24.290522 4.437775
v 0.171553 24.290522 4.737391
v -0.214861 24.631868 4.546013
v -0.184745 24.559352 4.638978
v -0.150433 24.633819 4.611360
v -0.094773 24.469553 4.686786
v -0.082338 24.549864 4.671815
v -0.067270 24.627006 4.654368
v 0.133433 24.475582 4.703231
v 0.241860 24.559576 4.509921
v 0.154149 24.621614 4.327341
v 0.233593 24.600110 4.413036
v 0.292643 24.514425 4.362882
v -0.192140 24.290522 4.166273
v -0.069758 24.290522 4.078768
v -0.339055 24.301061 4.144178
v -0.096972 24.422863 4.051333
v -0.099423 24.552742 4.141625
v -0.094491 24.656777 4.228059
v -0.074661 24.290522 4.663352
v 0.042795 24.290522 4.721558
v -0.290819 24.469463 4.570870
v -0.250674 24.559483 4.562447
v -0.196894 24.290522 4.628262
v -0.283800 24.374644 4.700403
v -0.208029 24.465654 4.646300
v -0.108868 24.401372 4.710489
v -0.344069 24.370031 4.592827
v -0.274748 24.290522 4.561283
v -0.292039 24.566944 4.475272
v -0.327596 24.472236 4.461677
v -0.391289 24.356723 4.472517
v -0.269071 24.290522 4.445641
v -0.178898 24.690496 4.502611
v -0.125236 24.726055 4.442797
v -0.112067 24.696142 4.567325
v -0.064580 24.739005 4.508314
v -0.033980 24.698106 4.625337
v 0.104218 24.625081 4.647323
v 0.191315 24.633439 4.591688
v -0.240111 24.670097 4.435260
v -0.176886 24.705592 4.361216
v -0.081016 24.720794 4.322050
v 0.339991 24.395178 4.308640
v 0.213129 24.293377 4.189390
v 0.302612 24.475474 4.479487
v 0.257060 24.416109 4.693810
v 0.281461 24.443015 4.592383
v 0.029185 24.413678 4.736879
v 0.163185 24.413922 4.742996
v 0.123119 24.551724 4.679989
v 0.019915 24.618057 4.663524
v 0.020662 24.547653 4.684728
v 0.023919 24.469380 4.696954
v 0.183699 24.290522 4.604776
v 0.228441 24.290522 4.519401
v 0.079490 24.290522 4.561203
v 0.106216 24.290522 4.478719
v -0.014492 24.290522 4.451757
v 0.254948 24.290522 4.296625
v 0.051317 24.290524 4.190641
v -0.044454 24.290522 4.604878
v 0.053914 24.290522 4.635679
v 0.225426 24.537705 4.619060
v 0.128525 24.290524 4.224624
v -0.261580 24.629177 4.492193
v 0.208503 24.474798 4.676870
v -0.131160 24.290522 4.586837
v 0.018614 24.667193 4.638662
v 0.137388 24.290522 4.661200
v -0.035867 24.290524 4.167532
v 0.201545 24.612698 4.525765
v -0.072598 24.735672 4.398897
v 0.095832 24.290845 3.663902
v 0.046405 24.291837 3.553651
v -0.019751 24.291894 3.458604
v -0.120971 24.291737 3.499056
v -0.059357 24.860372 3.419291
v -0.027736 24.778712 3.352776
v -0.268182 24.290522 3.432092
v -0.340334 24.290524 3.325773
v -0.173698 24.878946 3.584057
v -0.211894 24.876954 3.435190
v -0.157368 24.795297 3.320770
v 0.114389 24.771118 4.016466
v -0.029802 24.754258 4.050607
v -0.010314 24.624999 4.113136
v -0.165903 24.743449 4.045276
v -0.172718 24.626327 4.107832
v -0.196253 24.470969 4.176400
v -0.279298 24.735785 3.991012
v -0.306191 24.625662 4.023797
v -0.341072 24.484641 4.059032
v -0.395603 24.635122 3.902963
v -0.442399 24.508951 3.920103
v -0.463506 24.373595 3.920560
v -0.543100 24.381434 3.761377
v -0.448729 24.290797 3.568637
v -0.116710 24.861213 3.747134
v -0.044188 24.874654 3.710876
v -0.179592 24.834559 3.856389
v -0.170546 24.290524 4.029886
v -0.290698 24.290524 3.970325
v -0.377006 24.290689 3.860758
v -0.440181 24.290938 3.723717
v -0.199542 24.301352 4.144122
v -0.356415 24.349699 4.053281
v -0.423537 24.290524 3.427557
v -0.568326 24.394893 3.568798
v -0.529886 24.409699 3.376057
v -0.427359 24.376006 3.210741
v -0.534063 24.547188 3.585756
v -0.479028 24.557335 3.407544
v -0.372374 24.559977 3.256637
v -0.191522 24.546145 3.187635
v -0.468800 24.660730 3.765772
v -0.484833 24.681262 3.603121
v -0.435863 24.694384 3.440742
v -0.332849 24.700015 3.306195
v -0.343827 24.742806 3.888717
v -0.389055 24.764366 3.765686
v -0.020975 24.290524 4.027578
v 0.128106 24.290524 3.774709
v 0.220707 24.764374 3.909472
v 0.279380 24.644716 3.955336
v 0.333951 24.495479 3.981338
v 0.344633 24.348707 3.969788
v 0.253731 24.290522 3.915489
v 0.153464 24.641339 4.077344
v 0.208866 24.474017 4.132889
v 0.205455 24.299195 4.100847
v 0.127841 24.290522 3.987910
v 0.004877 24.459165 4.184481
v -0.002558 24.290522 4.145729
v 0.004786 24.535148 3.210197
v 0.152635 24.364379 3.318527
v 0.009370 24.317833 3.180315
v 0.169152 24.291884 3.492445
v 0.066432 24.291912 3.390017
v -0.048611 24.290612 3.307452
v 0.036055 24.885309 3.654326
v 0.097488 24.870930 3.749470
v 0.006955 24.864510 3.803192
v -0.086477 24.849437 3.838843
v -0.011424 24.673580 3.283210
v 0.096096 24.771588 3.428379
v 0.158163 24.742416 3.547800
v 0.050526 24.865525 3.488112
v 0.114159 24.839332 3.593206
v 0.166378 24.818352 3.696088
v 0.249750 24.739221 3.782370
v 0.304382 24.627468 3.791415
v 0.358826 24.488841 3.796355
v 0.376307 24.340383 3.791290
v 0.255089 24.290522 3.780756
v 0.121528 24.654636 3.374704
v 0.156120 24.521318 3.321297
v 0.196787 24.624526 3.508758
v 0.240935 24.495955 3.472023
v 0.261891 24.366129 3.447911
v 0.212248 24.728782 3.667017
v 0.258540 24.612673 3.647611
v 0.323350 24.473043 3.624302
v 0.335368 24.331437 3.612649
v 0.226945 24.290632 3.632018
v -0.118711 24.890059 3.499328
v -0.099135 24.880817 3.637767
v -0.033722 24.892896 3.569732
v 0.015571 24.290524 3.800248
v -0.025459 24.291082 3.699938
v -0.070836 24.291760 3.598179
v -0.094395 24.290524 3.836670
v -0.142806 24.291236 3.740863
v -0.186807 24.291619 3.638783
v -0.224993 24.291285 3.534304
v -0.174260 24.686905 3.257832
v -0.404359 24.789915 3.625864
v -0.368426 24.806325 3.484003
v -0.282187 24.810424 3.367958
v -0.268222 24.807491 3.869613
v -0.288908 24.819296 3.762020
v -0.293348 24.840370 3.648788
v -0.270948 24.864042 3.534787
v -0.197098 24.847702 3.758579
v -0.199055 24.861673 3.669198
v -0.168887 24.290833 3.400217
v -0.197621 24.290524 3.287409
v -0.218369 24.313418 3.132686
v -0.199778 24.290524 3.885513
v -0.259563 24.291048 3.791317
v -0.306512 24.291300 3.680180
v -0.329491 24.290982 3.561896
v 0.059898 24.290524 3.895573
v -0.047306 24.290524 3.927501
v 0.150944 24.831806 3.839810
v 0.058646 24.844448 3.911742
v -0.056293 24.828496 3.945813
v -0.163948 24.816530 3.956157
v -0.521149 24.529185 3.768035
v -0.080076 24.291156 3.388344
v 0.145954 24.290524 3.861932
v -0.338483 24.290522 3.474235
v -0.143112 24.848363 3.386944
v -0.138388 24.868286 3.683267
v 0.201010 24.807355 3.773006
v -0.243056 24.797322 3.944641
v -0.139925 24.290524 3.948628
v 0.506943 24.441537 2.459203
v 0.685067 24.445348 2.473775
v 0.853703 24.403048 2.487329
v 0.999028 24.348463 2.554383
v 0.716551 24.613248 2.344212
v 0.924055 24.594413 2.401434
v 1.090900 24.532046 2.537181
v 0.956676 24.855898 2.467737
v 1.123902 24.790216 2.638246
v 1.157884 25.056389 2.744311
v 0.500864 24.630845 2.355999
v 0.479580 24.886795 2.388379
v 0.717971 24.886047 2.407029
v 0.706071 25.160904 2.517282
v 0.967726 25.142739 2.555845
v 0.683640 25.423664 2.680608
v 0.952068 25.409092 2.728327
v 1.158951 25.311233 2.895751
v 0.664606 25.564844 2.919519
v 0.895661 25.566604 2.971320
v 0.514725 25.627288 3.215666
v 0.218296 25.427260 3.095129
v 0.074437 25.089062 2.978366
v 0.033451 24.775924 2.915250
v 1.297844 24.856553 3.866262
v 1.290095 24.606700 3.900108
v 1.111015 24.312082 2.744216
v 1.136343 24.295094 2.974678
v 1.133527 24.290522 3.219509
v 1.086084 24.290522 3.467625
v 0.977171 24.296006 3.691702
v 1.306663 24.367168 2.984856
v 1.352089 24.324888 3.249706
v 1.326675 24.313678 3.558310
v 1.219784 24.311766 3.879211
v 1.448036 24.599789 3.321252
v 1.451044 24.582439 3.619416
v 1.450843 24.814867 3.652512
v 0.403564 25.399026 2.698657
v 0.420957 25.554101 2.968269
v 0.336689 24.624523 2.472930
v 0.272741 24.829283 2.491139
v 0.214087 25.060282 2.608421
v 0.183316 25.276227 2.815998
v 0.231464 24.582829 2.620205
v 0.161067 24.742148 2.664269
v 0.086229 24.924477 2.769827
v 0.081995 24.658409 2.802213
v 0.325383 24.623464 3.903612
v 0.642551 24.779563 4.091628
v 0.352063 24.831858 3.912994
v 1.053215 24.947111 4.062864
v 0.707251 25.038383 4.033042
v 0.403210 25.072953 3.860186
v 1.089304 25.190611 3.926216
v 0.771281 25.279930 3.909442
v 1.135537 25.374705 3.747904
v 0.855389 25.501853 3.759139
v 0.939946 25.578876 3.511081
v 1.227338 25.391801 3.240002
v 1.314532 25.325474 3.427687
v 0.531206 24.321182 2.857699
v 1.230651 24.458263 2.748940
v 1.262437 24.713937 2.840549
v 1.370886 24.644639 3.066618
v 1.297749 24.970496 2.944969
v 1.396853 24.892999 3.166020
v 1.444057 24.834294 3.401221
v 0.360502 24.385623 3.138055
v 0.346964 24.433567 3.263600
v 1.085369 25.477864 3.103210
v 0.824159 25.640041 3.191870
v 0.374858 24.353788 3.064537
v 0.824439 24.357237 2.979458
v 0.814429 24.381234 3.162151
v 0.776080 24.387679 3.346260
v 0.637257 24.423770 3.290976
v 0.717531 24.402161 3.516173
v 0.399895 24.308923 2.927817
v 0.312671 24.341884 2.828571
v 0.219639 24.324438 2.955487
v 1.019380 25.582374 3.297610
v 0.242014 24.510468 3.600607
v 0.102869 24.471419 3.441098
v 0.136583 24.625266 3.690669
v 0.021793 24.577921 3.471773
v -0.000252 24.547664 3.254239
v 0.142367 24.830470 3.680005
v 0.021278 24.787561 3.432649
v 0.012329 24.717273 3.195875
v 0.013965 24.646317 3.006200
v 0.173754 25.059943 3.615456
v 0.061207 24.994831 3.347656
v 0.035123 24.895821 3.106965
v 0.467703 25.318311 3.758991
v 0.234401 25.298640 3.521997
v 0.137799 25.202608 3.233540
v 0.579553 25.512074 3.588949
v 0.342395 25.518493 3.377419
v 0.707805 25.613140 3.390017
v 1.155927 25.476330 3.532258
v 1.317379 25.213156 3.628367
v 0.553936 24.365875 2.992267
v 0.545026 24.401976 3.115207
v 0.675798 24.358538 2.818803
v 0.686441 24.381444 2.979012
v 0.672927 24.402182 3.136615
v 0.816665 24.346276 2.806848
v 0.181660 24.408622 2.752554
v 0.106444 24.383313 2.904560
v 0.048863 24.502665 2.890153
v 0.300553 24.430622 2.602968
v 0.135074 24.536034 2.759300
v 0.284159 24.340013 3.103533
v 0.167132 24.319697 3.101601
v 0.291348 24.387253 3.183451
v 0.174850 24.377435 3.235490
v 0.238196 24.453025 3.351094
v 0.061409 24.434883 3.259044
v 0.035010 24.375965 3.079157
v -0.003706 24.510848 3.056000
v 1.309537 25.217717 3.072814
v 1.402782 25.129177 3.282154
v 1.442590 25.041041 3.490512
v 0.318980 24.317271 3.015795
v 0.580845 24.446145 3.440540
v 0.656051 24.422850 3.670228
v 0.501310 24.466854 3.589762
v 0.358529 24.481729 3.475824
v 0.794169 24.342182 3.841447
v 0.596113 24.442380 3.855603
v 0.389814 24.504909 3.767850
v 0.868040 24.394343 4.097758
v 0.577883 24.532151 4.056567
v 1.001374 24.689753 4.107828
v 1.300646 25.064490 3.788010
v 0.414712 24.419224 3.181105
v 0.449001 24.451133 3.353820
v 0.446008 24.353999 3.022666
v 0.447988 24.394886 3.101644
v 0.510438 24.428478 3.234713
v 0.448767 25.154734 2.493678
v 0.817137 24.347332 2.646318
v 0.669729 24.356636 2.645193
v 0.950038 24.321395 2.789948
v 0.968727 24.321079 2.979629
v 0.958304 24.315371 3.190166
v 0.913122 24.318126 3.401468
v 0.838424 24.335518 3.585477
v 0.921291 24.332542 2.660837
v 0.339590 24.359895 3.102397
v 1.149904 25.500755 3.360446
v 0.462795 24.365898 2.670261
v 0.765271 24.365107 3.704381
v 0.664648 25.648347 3.101630
v 1.422623 24.978198 3.653397
v 0.362818 24.476625 2.489643
v 0.394854 24.379375 3.100588
v 0.032397 24.599496 2.890577
vt 0.100691 0.094148
vt 0.108657 0.078983
vt 0.119563 0.089840
vt 0.110962 0.103990
vt 0.089311 0.089147
vt 0.097552 0.069871
vt 0.119713 0.064313
vt 0.129558 0.076311
vt 0.131275 0.101593
vt 0.122118 0.115829
vt 0.102782 0.116693
vt 0.096134 0.106241
vt 0.086891 0.107848
vt 0.075673 0.084286
vt 0.085513 0.060351
vt 0.110678 0.052249
vt 0.133211 0.052580
vt 0.140308 0.064973
vt 0.141202 0.087900
vt 0.143977 0.113627
vt 0.134584 0.128025
vt 0.113142 0.129424
vt 0.092217 0.125286
vt 0.073065 0.110297
vt 0.053768 0.078639
vt 0.067019 0.049453
vt 0.100800 0.039400
vt 0.127629 0.039021
vt 0.148693 0.046572
vt 0.149589 0.057498
vt 0.151479 0.075359
vt 0.154127 0.099675
vt 0.157104 0.125813
vt 0.147754 0.140006
vt 0.125756 0.142272
vt 0.103227 0.141356
vt 0.078620 0.133496
vt 0.052630 0.111777
vt 0.042006 0.077657
vt 0.049325 0.044222
vt 0.086395 0.025186
vt 0.122077 0.023666
vt 0.147487 0.032583
vt 0.165603 0.049903
vt 0.160488 0.063384
vt 0.164638 0.086362
vt 0.167394 0.112125
vt 0.160879 0.151345
vt 0.169973 0.137939
vt 0.139433 0.154434
vt 0.117073 0.155932
vt 0.092282 0.152740
vt 0.062663 0.139522
vt 0.042183 0.110801
vt 0.030117 0.077962
vt 0.034710 0.044272
vt 0.070640 0.020293
vt 0.110465 0.006576
vt 0.146423 0.016011
vt 0.168947 0.035050
vt 0.182803 0.059585
vt 0.174404 0.073144
vt 0.178271 0.099062
vt 0.180202 0.125141
vt 0.153246 0.165267
vt 0.181974 0.149735
vt 0.173246 0.161744
vt 0.132124 0.169029
vt 0.108393 0.169279
vt 0.079275 0.162149
vt 0.049675 0.141435
vt 0.032013 0.110984
vt 0.016557 0.079449
vt 0.019618 0.044645
vt 0.056121 0.020586
vt 0.094750 0.001824
vt 0.136349 0.000033
vt 0.170586 0.017756
vt 0.190709 0.045037
vt 0.199532 0.073848
vt 0.189096 0.086379
vt 0.191268 0.113153
vt 0.191905 0.138306
vt 0.166339 0.174411
vt 0.147298 0.179751
vt 0.192611 0.161057
vt 0.184209 0.171131
vt 0.125241 0.183817
vt 0.097468 0.179837
vt 0.066435 0.166355
vt 0.037730 0.142409
vt 0.019395 0.112751
vt 0.000000 0.046164
vt 0.000815 0.083133
vt 0.040486 0.020824
vt 0.162578 0.003921
vt 0.195235 0.029099
vt 0.208072 0.061310
vt 0.214508 0.091162
vt 0.202780 0.101946
vt 0.202774 0.127823
vt 0.202073 0.151162
vt 0.177832 0.181562
vt 0.161910 0.188059
vt 0.142448 0.194646
vt 0.201434 0.172130
vt 0.192931 0.180226
vt 0.116685 0.199585
vt 0.085552 0.185595
vt 0.055197 0.167262
vt 0.027021 0.144103
vt 0.005560 0.117060
vt 0.022707 0.020989
vt 0.211692 0.049504
vt 0.224605 0.080637
vt 0.226208 0.110004
vt 0.214267 0.118465
vt 0.212314 0.142127
vt 0.210551 0.163304
vt 0.186244 0.186134
vt 0.175335 0.193605
vt 0.158972 0.202533
vt 0.134961 0.206625
vt 0.208294 0.183336
vt 0.198175 0.190873
vt 0.105558 0.200010
vt 0.074303 0.186679
vt 0.044340 0.169025
vt 0.013405 0.149420
vt 0.225843 0.072373
vt 0.234067 0.102699
vt 0.234142 0.128355
vt 0.223054 0.134559
vt 0.219786 0.154945
vt 0.217799 0.174370
vt 0.187392 0.195228
vt 0.174389 0.207021
vt 0.153278 0.214482
vt 0.124847 0.214343
vt 0.214155 0.194382
vt 0.202063 0.202479
vt 0.094565 0.200893
vt 0.063035 0.188565
vt 0.033152 0.172119
vt 0.239357 0.095550
vt 0.243919 0.122852
vt 0.238562 0.145108
vt 0.228953 0.148690
vt 0.226202 0.165231
vt 0.224876 0.184145
vt 0.188416 0.207245
vt 0.170539 0.218889
vt 0.145590 0.223399
vt 0.113456 0.215696
vt 0.219013 0.205869
vt 0.204538 0.215223
vt 0.082352 0.202593
vt 0.051403 0.190736
vt 0.024209 0.176519
vt 0.008146 0.153362
vt 0.251454 0.118328
vt 0.250161 0.142792
vt 0.238554 0.159780
vt 0.231741 0.158186
vt 0.233440 0.172430
vt 0.232387 0.194185
vt 0.188067 0.221803
vt 0.164246 0.227659
vt 0.133067 0.225718
vt 0.101271 0.215080
vt 0.218049 0.214087
vt 0.200520 0.223403
vt 0.069462 0.203619
vt 0.040734 0.192329
vt 0.257647 0.142231
vt 0.248676 0.162442
vt 0.242058 0.179239
vt 0.234365 0.201626
vt 0.182598 0.229115
vt 0.056151 0.203210
vt 0.033170 0.193682
vt 0.020381 0.181868
vt 0.255672 0.165693
vt 0.247598 0.185960
vt 0.492087 0.956848
vt 0.499135 0.957648
vt 0.497068 0.969973
vt 0.489079 0.968901
vt 0.493941 0.944974
vt 0.500488 0.945747
vt 0.506723 0.957524
vt 0.506142 0.969617
vt 0.494094 0.982441
vt 0.480984 0.980929
vt 0.484036 0.965665
vt 0.485640 0.955804
vt 0.487869 0.944025
vt 0.495010 0.933050
vt 0.501613 0.933939
vt 0.507277 0.946362
vt 0.514503 0.955751
vt 0.515103 0.966444
vt 0.505696 0.983379
vt 0.478145 0.971269
vt 0.478811 0.957286
vt 0.482398 0.940672
vt 0.489836 0.934199
vt 0.502927 0.921780
vt 0.494393 0.920013
vt 0.508215 0.935829
vt 0.514103 0.945729
vt 0.522388 0.953068
vt 0.522124 0.961841
vt 0.517945 0.977091
vt 0.476592 0.979659
vt 0.469241 0.973279
vt 0.472981 0.957580
vt 0.477046 0.935639
vt 0.486859 0.925878
vt 0.511233 0.925714
vt 0.491416 0.904111
vt 0.501112 0.910222
vt 0.513418 0.937845
vt 0.521101 0.942490
vt 0.531233 0.952866
vt 0.529088 0.965386
vt 0.464585 0.966576
vt 0.461689 0.950839
vt 0.472080 0.932328
vt 0.481854 0.913488
vt 0.513192 0.915670
vt 0.518061 0.932102
vt 0.529138 0.939659
vt 0.466773 0.912102
vt 0.458237 0.946729
vt 0.461097 0.932153
vt 0.524847 0.923416
vt 0.462146 0.919704
vt 0.163028 0.788457
vt 0.162929 0.772923
vt 0.169775 0.776885
vt 0.166961 0.786689
vt 0.166371 0.755048
vt 0.175550 0.763484
vt 0.172590 0.793836
vt 0.178621 0.783300
vt 0.168715 0.801380
vt 0.177369 0.740812
vt 0.183008 0.751378
vt 0.185349 0.771368
vt 0.188011 0.791338
vt 0.181469 0.802146
vt 0.179437 0.810556
vt 0.188481 0.733521
vt 0.189469 0.743873
vt 0.192613 0.759652
vt 0.195529 0.780031
vt 0.197330 0.800171
vt 0.190990 0.810500
vt 0.190638 0.818468
vt 0.205007 0.735356
vt 0.198934 0.748400
vt 0.203884 0.768849
vt 0.205312 0.789750
vt 0.205842 0.808181
vt 0.200961 0.817564
vt 0.199726 0.827233
vt 0.197345 0.726386
vt 0.216474 0.728986
vt 0.221874 0.743985
vt 0.212125 0.757356
vt 0.214813 0.779895
vt 0.213790 0.800057
vt 0.212060 0.814044
vt 0.211093 0.822319
vt 0.212125 0.834211
vt 0.235790 0.734922
vt 0.238414 0.757826
vt 0.225056 0.769959
vt 0.223997 0.792694
vt 0.219625 0.810874
vt 0.221772 0.822561
vt 0.225769 0.833802
vt 0.254629 0.749909
vt 0.251106 0.777559
vt 0.235694 0.785617
vt 0.230142 0.806675
vt 0.233063 0.820811
vt 0.238106 0.831141
vt 0.268520 0.770938
vt 0.258562 0.799237
vt 0.242803 0.802822
vt 0.245864 0.818463
vt 0.247001 0.829416
vt 0.232495 0.839811
vt 0.246056 0.837380
vt 0.265579 0.751397
vt 0.278780 0.770976
vt 0.272856 0.795793
vt 0.261043 0.818407
vt 0.257372 0.832131
vt 0.276347 0.752590
vt 0.288243 0.771461
vt 0.284643 0.794335
vt 0.273054 0.816186
vt 0.267882 0.832826
vt 0.286333 0.754358
vt 0.297144 0.770616
vt 0.296490 0.793067
vt 0.284919 0.815887
vt 0.276843 0.831174
vt 0.307421 0.789116
vt 0.297138 0.819032
vt 0.284777 0.829291
vt 0.305701 0.811737
vt 0.570963 0.957798
vt 0.566436 0.948541
vt 0.577157 0.942729
vt 0.580471 0.952542
vt 0.561283 0.965901
vt 0.555332 0.954829
vt 0.562833 0.938592
vt 0.573682 0.933041
vt 0.588066 0.937088
vt 0.590911 0.948861
vt 0.582905 0.962288
vt 0.575047 0.964247
vt 0.570606 0.973284
vt 0.551113 0.942941
vt 0.570446 0.924181
vt 0.560380 0.928955
vt 0.584059 0.926048
vt 0.599538 0.930630
vt 0.603140 0.948239
vt 0.590941 0.958624
vt 0.586372 0.975689
vt 0.550093 0.958866
vt 0.544362 0.944915
vt 0.549900 0.931817
vt 0.579826 0.917058
vt 0.558278 0.920155
vt 0.567603 0.916471
vt 0.593778 0.916510
vt 0.615478 0.920518
vt 0.616464 0.940464
vt 0.598443 0.964784
vt 0.539702 0.930530
vt 0.550398 0.923340
vt 0.575324 0.912358
vt 0.587871 0.905135
vt 0.566739 0.908882
vt 0.554427 0.911244
vt 0.606239 0.905739
vt 0.610957 0.965563
vt 0.543564 0.918394
vt 0.578152 0.904001
vt 0.596865 0.897476
vt 0.586593 0.891301
vt 0.917290 0.407548
vt 0.925868 0.415882
vt 0.918561 0.425839
vt 0.909864 0.419085
vt 0.925701 0.395746
vt 0.936020 0.407950
vt 0.932018 0.422949
vt 0.927202 0.431899
vt 0.912048 0.436654
vt 0.903016 0.430822
vt 0.900744 0.412486
vt 0.907372 0.400415
vt 0.913515 0.386396
vt 0.942631 0.400828
vt 0.930295 0.386649
vt 0.943283 0.420803
vt 0.937507 0.436095
vt 0.920657 0.442104
vt 0.906568 0.448340
vt 0.896758 0.443421
vt 0.894005 0.424099
vt 0.891447 0.406454
vt 0.897053 0.395843
vt 0.899967 0.383574
vt 0.913279 0.375966
vt 0.949386 0.419858
vt 0.949105 0.441594
vt 0.928167 0.449820
vt 0.914649 0.450309
vt 0.904175 0.462463
vt 0.891497 0.457865
vt 0.887032 0.436039
vt 0.885360 0.416761
vt 0.882397 0.400301
vt 0.888594 0.393228
vt 0.886641 0.383458
vt 0.897870 0.371028
vt 0.936053 0.459778
vt 0.916725 0.460057
vt 0.882524 0.469324
vt 0.899665 0.474723
vt 0.879099 0.449116
vt 0.878807 0.426373
vt 0.876481 0.409972
vt 0.874026 0.391540
vt 0.882349 0.367532
vt 0.920004 0.472820
vt 0.867137 0.459576
vt 0.869966 0.434999
vt 0.873349 0.418672
vt 0.865086 0.404733
vt 0.862426 0.378274
vt 0.853753 0.443024
vt 0.864217 0.419948
vt 0.846339 0.399666
vt 0.845194 0.422193
vt 0.297725 0.274905
vt 0.312681 0.263885
vt 0.327440 0.281918
vt 0.311507 0.298876
vt 0.278094 0.265119
vt 0.296077 0.248863
vt 0.330038 0.253428
vt 0.340064 0.271716
vt 0.330869 0.312635
vt 0.337715 0.298671
vt 0.290028 0.303569
vt 0.285366 0.288000
vt 0.271953 0.288175
vt 0.317426 0.240007
vt 0.349427 0.249895
vt 0.350342 0.265866
vt 0.349270 0.287633
vt 0.325124 0.328760
vt 0.310103 0.325043
vt 0.346124 0.313778
vt 0.337266 0.324360
vt 0.290507 0.326687
vt 0.274782 0.310108
vt 0.253502 0.294450
vt 0.260318 0.269812
vt 0.343023 0.241765
vt 0.371864 0.260842
vt 0.360820 0.276629
vt 0.358991 0.304167
vt 0.331114 0.334918
vt 0.323029 0.343125
vt 0.311058 0.344109
vt 0.352584 0.330317
vt 0.341043 0.337147
vt 0.294885 0.346989
vt 0.278215 0.330614
vt 0.260466 0.319393
vt 0.388263 0.281873
vt 0.373187 0.294089
vt 0.366940 0.322943
vt 0.332925 0.342594
vt 0.327773 0.344039
vt 0.323637 0.354243
vt 0.315494 0.362239
vt 0.357010 0.348085
vt 0.343222 0.351391
vt 0.299602 0.369262
vt 0.281060 0.349592
vt 0.267817 0.338573
vt 0.247694 0.335073
vt 0.239302 0.310158
vt 0.371571 0.252940
vt 0.397562 0.270964
vt 0.402341 0.306294
vt 0.384771 0.315649
vt 0.373908 0.343842
vt 0.333073 0.352784
vt 0.329658 0.346207
vt 0.326659 0.350252
vt 0.325478 0.361647
vt 0.319726 0.374946
vt 0.359431 0.366830
vt 0.343477 0.367474
vt 0.307888 0.385213
vt 0.285715 0.369679
vt 0.272979 0.350786
vt 0.262131 0.353154
vt 0.419319 0.293990
vt 0.412682 0.334162
vt 0.392999 0.339717
vt 0.377871 0.364750
vt 0.331309 0.365686
vt 0.328586 0.352317
vt 0.326159 0.381952
vt 0.360081 0.387159
vt 0.340997 0.385875
vt 0.319081 0.400325
vt 0.294742 0.389052
vt 0.274819 0.363516
vt 0.247139 0.356531
vt 0.264829 0.372005
vt 0.435679 0.326302
vt 0.416300 0.363952
vt 0.396259 0.363149
vt 0.380257 0.384294
vt 0.336702 0.406373
vt 0.358585 0.412579
vt 0.306832 0.409033
vt 0.280558 0.382397
vt 0.445508 0.365531
vt 0.406840 0.391572
vt 0.395071 0.380032
vt 0.384638 0.406829
vt 0.352840 0.430520
vt 0.325298 0.422660
vt 0.289889 0.405198
vt 0.273758 0.393995
vt 0.423800 0.411763
vt 0.388365 0.427988
vt 0.227981 0.349370
vt 0.209823 0.343830
vt 0.213181 0.309283
vt 0.230814 0.314836
vt 0.213538 0.380557
vt 0.203012 0.373418
vt 0.183635 0.342606
vt 0.181800 0.309246
vt 0.202627 0.277713
vt 0.224259 0.282435
vt 0.193773 0.404778
vt 0.194398 0.394274
vt 0.180207 0.371716
vt 0.149192 0.315047
vt 0.154662 0.345509
vt 0.170888 0.282532
vt 0.188361 0.251225
vt 0.206443 0.257471
vt 0.165142 0.418565
vt 0.175740 0.399180
vt 0.154706 0.372993
vt 0.138990 0.288669
vt 0.116473 0.322940
vt 0.126441 0.352369
vt 0.158757 0.256720
vt 0.146384 0.402830
vt 0.124165 0.429493
vt 0.134828 0.373626
vt 0.128115 0.263161
vt 0.107417 0.298430
vt 0.099972 0.367468
vt 0.087729 0.339453
vt 0.142969 0.241461
vt 0.168670 0.237278
vt 0.160054 0.434475
vt 0.125242 0.445141
vt 0.119877 0.394313
vt 0.093963 0.414520
vt 0.115676 0.248156
vt 0.097731 0.273835
vt 0.078415 0.311802
vt 0.071558 0.387325
vt 0.060295 0.354891
vt 0.086836 0.447507
vt 0.100357 0.453222
vt 0.064352 0.428505
vt 0.103430 0.239770
vt 0.127455 0.230968
vt 0.088477 0.256298
vt 0.071217 0.287263
vt 0.051269 0.323931
vt 0.042177 0.402732
vt 0.031694 0.365912
vt 0.062704 0.454599
vt 0.037864 0.435626
vt 0.080392 0.248707
vt 0.112188 0.223952
vt 0.090647 0.234481
vt 0.064940 0.267070
vt 0.046516 0.296931
vt 0.024996 0.333064
vt 0.013025 0.410439
vt 0.005440 0.373451
vt 0.044901 0.454666
vt 0.018516 0.435791
vt 0.059488 0.256538
vt 0.070001 0.244221
vt 0.044065 0.274665
vt 0.022492 0.303186
vt 0.001347 0.339506
vt 0.002229 0.436030
vt 0.029277 0.454984
vt 0.044829 0.262845
vt 0.050715 0.253313
vt 0.026385 0.280017
vt 0.000000 0.307130
vt 0.656750 0.933822
vt 0.650201 0.926387
vt 0.659199 0.920576
vt 0.665094 0.927920
vt 0.649043 0.942121
vt 0.643676 0.933953
vt 0.644529 0.920538
vt 0.653567 0.914448
vt 0.668472 0.916094
vt 0.673836 0.924281
vt 0.670346 0.934974
vt 0.663291 0.940593
vt 0.656523 0.950313
vt 0.643871 0.950759
vt 0.638776 0.940855
vt 0.640250 0.927900
vt 0.639159 0.919324
vt 0.648741 0.910886
vt 0.663698 0.910719
vt 0.676891 0.914919
vt 0.682848 0.922504
vt 0.678427 0.932275
vt 0.674235 0.940114
vt 0.670970 0.946103
vt 0.667598 0.956217
vt 0.652292 0.960606
vt 0.633406 0.947774
vt 0.637977 0.959115
vt 0.635618 0.930425
vt 0.671088 0.911789
vt 0.682449 0.915743
vt 0.689908 0.923754
vt 0.687072 0.931889
vt 0.680926 0.939842
vt 0.679295 0.948587
vt 0.676755 0.956558
vt 0.667882 0.967809
vt 0.646720 0.970711
vt 0.630241 0.935381
vt 0.632770 0.966874
vt 0.627206 0.955236
vt 0.633956 0.921565
vt 0.695588 0.933365
vt 0.689176 0.941308
vt 0.686462 0.950904
vt 0.676350 0.961978
vt 0.682708 0.956808
vt 0.663500 0.980026
vt 0.639573 0.978757
vt 0.626258 0.942470
vt 0.626994 0.925479
vt 0.695994 0.945261
vt 0.691472 0.955906
vt 0.683308 0.961321
vt 0.683424 0.970289
vt 0.702536 0.950929
vt 0.696697 0.965319
vt 0.709334 0.956877
vt 0.704804 0.974262
vt 0.615029 0.901585
vt 0.603829 0.889370
vt 0.623989 0.882753
vt 0.634651 0.897275
vt 0.594729 0.868938
vt 0.612994 0.862467
vt 0.643893 0.869514
vt 0.653866 0.885236
vt 0.589927 0.885763
vt 0.580087 0.870869
vt 0.586120 0.846910
vt 0.602117 0.838637
vt 0.632515 0.850326
vt 0.658114 0.852196
vt 0.666982 0.867501
vt 0.660705 0.890616
vt 0.644737 0.903242
vt 0.573112 0.852035
vt 0.577595 0.825233
vt 0.593665 0.814149
vt 0.622349 0.829193
vt 0.647018 0.835990
vt 0.674988 0.852443
vt 0.664316 0.835683
vt 0.669529 0.877093
vt 0.567988 0.833369
vt 0.575895 0.805826
vt 0.586280 0.793122
vt 0.616566 0.807318
vt 0.635759 0.823913
vt 0.651752 0.820113
vt 0.676408 0.837655
vt 0.667516 0.819909
vt 0.567330 0.850250
vt 0.565160 0.837886
vt 0.567648 0.817268
vt 0.635294 0.810163
vt 0.653542 0.804564
vt 0.566849 0.802409
vt 0.573989 0.788693
vt 0.654750 0.788981
vt 0.670579 0.804613
vt 0.671428 0.791056
vt 0.656256 0.773435
vt 0.302502 0.849771
vt 0.290802 0.849031
vt 0.291037 0.841161
vt 0.302623 0.842139
vt 0.301630 0.856553
vt 0.293164 0.859103
vt 0.281139 0.852685
vt 0.280847 0.842390
vt 0.290764 0.836724
vt 0.301612 0.834797
vt 0.314663 0.844425
vt 0.314185 0.853634
vt 0.309029 0.862999
vt 0.297866 0.869930
vt 0.282961 0.862696
vt 0.273712 0.857900
vt 0.275360 0.848725
vt 0.283338 0.839387
vt 0.288751 0.834678
vt 0.300985 0.829992
vt 0.312801 0.836557
vt 0.325832 0.849960
vt 0.324197 0.862217
vt 0.317844 0.874535
vt 0.303022 0.884269
vt 0.285472 0.873476
vt 0.275777 0.867472
vt 0.322751 0.839613
vt 0.335546 0.857600
vt 0.332663 0.872803
vt 0.326501 0.887841
vt 0.287449 0.886548
vt 0.307399 0.901805
vt 0.277946 0.874895
vt 0.271419 0.874875
vt 0.268297 0.864655
vt 0.332343 0.843927
vt 0.345996 0.866386
vt 0.342479 0.883729
vt 0.336105 0.902658
vt 0.277464 0.883103
vt 0.287913 0.901677
vt 0.308550 0.926681
vt 0.267577 0.884432
vt 0.265815 0.873113
vt 0.341498 0.851961
vt 0.276259 0.893941
vt 0.286652 0.916225
vt 0.261356 0.894985
vt 0.254576 0.883026
vt 0.270427 0.907240
vt 0.089072 0.805543
vt 0.076346 0.803588
vt 0.075270 0.791901
vt 0.089998 0.791660
vt 0.086269 0.815510
vt 0.076163 0.816354
vt 0.063452 0.803989
vt 0.063349 0.794265
vt 0.071593 0.781423
vt 0.083729 0.781843
vt 0.099590 0.798305
vt 0.098343 0.812879
vt 0.092120 0.824624
vt 0.077991 0.831297
vt 0.061418 0.816338
vt 0.052700 0.802295
vt 0.055707 0.795793
vt 0.059776 0.785637
vt 0.066200 0.771521
vt 0.076849 0.772747
vt 0.107065 0.807997
vt 0.106803 0.823434
vt 0.097439 0.837848
vt 0.080697 0.847475
vt 0.059525 0.831956
vt 0.047874 0.813126
vt 0.050644 0.790622
vt 0.043521 0.797776
vt 0.053918 0.776470
vt 0.060719 0.764413
vt 0.071380 0.765976
vt 0.115614 0.836661
vt 0.115187 0.818101
vt 0.103488 0.853928
vt 0.082951 0.864155
vt 0.059064 0.848561
vt 0.042077 0.827683
vt 0.036390 0.807483
vt 0.034610 0.791364
vt 0.043308 0.783392
vt 0.046408 0.767010
vt 0.119069 0.854099
vt 0.107240 0.876689
vt 0.059343 0.864345
vt 0.083683 0.885172
vt 0.038514 0.843921
vt 0.028621 0.819843
vt 0.026693 0.800112
vt 0.025357 0.785353
vt 0.034376 0.775924
vt 0.039596 0.761364
vt 0.058598 0.759250
vt 0.036694 0.859048
vt 0.058876 0.881463
vt 0.022730 0.834274
vt 0.019124 0.810172
vt 0.020723 0.794200
vt 0.025399 0.772832
vt 0.015916 0.785542
vt 0.018633 0.848299
vt 0.035936 0.874221
vt 0.013819 0.821666
vt 0.013213 0.799033
vt 0.017708 0.861467
vt 0.008579 0.833926
vt 0.007809 0.807472
vt 0.006975 0.845680
vt 0.001561 0.818722
vt 0.008888 0.790994
vt 0.000000 0.800328
vt 0.322702 0.567664
vt 0.296493 0.583475
vt 0.279784 0.564197
vt 0.309326 0.543973
vt 0.284388 0.517221
vt 0.255646 0.538157
vt 0.325991 0.519967
vt 0.338481 0.546100
vt 0.307132 0.492415
vt 0.230454 0.551576
vt 0.253280 0.575484
vt 0.228871 0.506948
vt 0.257306 0.487801
vt 0.349857 0.524141
vt 0.341406 0.496490
vt 0.344987 0.570342
vt 0.327694 0.586851
vt 0.280570 0.469026
vt 0.322087 0.467532
vt 0.208312 0.522174
vt 0.238246 0.459263
vt 0.208396 0.472340
vt 0.354407 0.550434
vt 0.261406 0.451741
vt 0.292314 0.445891
vt 0.213993 0.561522
vt 0.190601 0.537285
vt 0.185142 0.489197
vt 0.203782 0.439583
vt 0.234265 0.433129
vt 0.263779 0.433168
vt 0.292551 0.428178
vt 0.319862 0.446862
vt 0.170792 0.506495
vt 0.177561 0.453283
vt 0.206398 0.406298
vt 0.238799 0.408372
vt 0.267179 0.414258
vt 0.162111 0.470936
vt 0.161662 0.522347
vt 0.178684 0.550978
vt 0.184319 0.420909
vt 0.228430 0.392368
vt 0.252645 0.396157
vt 0.270280 0.405297
vt 0.288719 0.414070
vt 0.152746 0.490066
vt 0.160109 0.537468
vt 0.174605 0.564158
vt 0.444558 0.233729
vt 0.422234 0.237937
vt 0.418487 0.214858
vt 0.440015 0.210632
vt 0.394722 0.214698
vt 0.398929 0.238549
vt 0.413485 0.182143
vt 0.435685 0.181759
vt 0.389945 0.182887
vt 0.401726 0.251843
vt 0.425048 0.252016
vt 0.373756 0.238449
vt 0.370200 0.214693
vt 0.409203 0.148993
vt 0.431929 0.147491
vt 0.365063 0.184590
vt 0.384981 0.150311
vt 0.345753 0.238100
vt 0.345242 0.214819
vt 0.405760 0.115347
vt 0.427139 0.114929
vt 0.448788 0.145613
vt 0.451300 0.175959
vt 0.339451 0.187580
vt 0.358952 0.152861
vt 0.380162 0.117213
vt 0.316980 0.228581
vt 0.325325 0.214301
vt 0.403495 0.082759
vt 0.425193 0.084597
vt 0.442693 0.115941
vt 0.314083 0.193435
vt 0.331128 0.157172
vt 0.352668 0.119412
vt 0.377558 0.083415
vt 0.403829 0.053140
vt 0.426046 0.057017
vt 0.439346 0.088672
vt 0.301883 0.162552
vt 0.323462 0.123248
vt 0.349159 0.085636
vt 0.377413 0.052535
vt 0.405150 0.029359
vt 0.427867 0.033262
vt 0.439545 0.063876
vt 0.294188 0.128404
vt 0.319311 0.089620
vt 0.348309 0.054246
vt 0.379824 0.028734
vt 0.407936 0.012891
vt 0.430009 0.014250
vt 0.442856 0.042403
vt 0.288786 0.095005
vt 0.270293 0.133703
vt 0.276772 0.163836
vt 0.316829 0.057161
vt 0.350465 0.027410
vt 0.383487 0.011458
vt 0.410542 0.003179
vt 0.431845 0.006471
vt 0.446011 0.025707
vt 0.287122 0.065389
vt 0.264136 0.106015
vt 0.319942 0.032270
vt 0.355845 0.011112
vt 0.387541 0.000065
vt 0.447538 0.015871
vt 0.292300 0.043576
vt 0.259668 0.078556
vt 0.328176 0.017227
vt 0.362063 0.000040
vt 0.301357 0.026957
vt 0.263361 0.055344
vt 0.273766 0.038088
vt 0.998738 0.413509
vt 0.997175 0.426689
vt 0.991418 0.424248
vt 0.993123 0.407636
vt 0.994434 0.441722
vt 0.987471 0.441063
vt 0.977800 0.425739
vt 0.978445 0.413605
vt 0.998738 0.403494
vt 0.988860 0.399203
vt 0.992995 0.456578
vt 0.985076 0.456397
vt 0.976323 0.440714
vt 0.965938 0.427882
vt 0.967002 0.417256
vt 0.977410 0.405744
vt 0.986369 0.392793
vt 0.998738 0.398257
vt 0.994640 0.471152
vt 0.983643 0.472405
vt 0.974252 0.455481
vt 0.964425 0.440657
vt 0.957863 0.428647
vt 0.960513 0.420855
vt 0.965448 0.409868
vt 0.974105 0.398576
vt 0.998738 0.477793
vt 0.984714 0.486058
vt 0.972382 0.469367
vt 0.962920 0.453981
vt 0.957207 0.417607
vt 0.962983 0.406089
vt 0.963411 0.465420
vt 0.434799 0.808416
vt 0.433773 0.825155
vt 0.418515 0.824877
vt 0.419431 0.806482
vt 0.446194 0.811848
vt 0.447328 0.824585
vt 0.417703 0.842906
vt 0.433035 0.842609
vt 0.403600 0.825045
vt 0.403152 0.806721
vt 0.421342 0.789946
vt 0.439278 0.794241
vt 0.454176 0.803965
vt 0.459441 0.820379
vt 0.448214 0.841521
vt 0.402713 0.842926
vt 0.417184 0.859485
vt 0.432517 0.859093
vt 0.389342 0.825740
vt 0.388140 0.809524
vt 0.402327 0.789672
vt 0.423378 0.775005
vt 0.444391 0.781745
vt 0.462278 0.794637
vt 0.461415 0.838975
vt 0.469234 0.814912
vt 0.448042 0.858494
vt 0.388540 0.842886
vt 0.401805 0.859808
vt 0.431958 0.873699
vt 0.417026 0.874106
vt 0.376337 0.825667
vt 0.377898 0.813400
vt 0.384942 0.795850
vt 0.447175 0.775426
vt 0.465914 0.789167
vt 0.462045 0.857314
vt 0.471311 0.835858
vt 0.478111 0.809388
vt 0.447276 0.874574
vt 0.387233 0.859329
vt 0.374571 0.842730
vt 0.401731 0.874915
vt 0.431064 0.884985
vt 0.417052 0.883913
vt 0.371612 0.807090
vt 0.366435 0.823993
vt 0.462614 0.874468
vt 0.472384 0.855836
vt 0.478845 0.833123
vt 0.445154 0.886324
vt 0.386516 0.874253
vt 0.373474 0.859347
vt 0.362981 0.842331
vt 0.402747 0.885952
vt 0.457306 0.886406
vt 0.472795 0.874331
vt 0.481521 0.854358
vt 0.387055 0.886734
vt 0.372189 0.874551
vt 0.361615 0.859368
vt 0.465250 0.887218
vt 0.481931 0.874519
vt 0.374970 0.886118
vt 0.361305 0.873865
vt 0.351315 0.860318
vt 0.354230 0.842403
vt 0.470723 0.888792
vt 0.352605 0.875620
vt 0.242089 0.000040
vt 0.255219 0.000040
vt 0.250305 0.013002
vt 0.233483 0.009586
vt 0.267573 0.014343
vt 0.269467 0.000393
vt 0.245926 0.027771
vt 0.231898 0.022947
vt 0.283124 0.015581
vt 0.286480 0.002533
vt 0.230853 0.033363
vt 0.242507 0.038383
vt 0.219589 0.018926
vt 0.218798 0.009624
vt 0.294063 0.000040
vt 0.298391 0.016431
vt 0.218787 0.030654
vt 0.238026 0.045391
vt 0.230667 0.039942
vt 0.208753 0.015594
vt 0.210539 0.000040
vt 0.223392 0.042511
vt 0.212735 0.022863
vt 0.231789 0.048383
vt 0.882382 0.867235
vt 0.896259 0.859953
vt 0.898259 0.876909
vt 0.885299 0.880010
vt 0.881600 0.859647
vt 0.896650 0.851480
vt 0.913566 0.855000
vt 0.914336 0.874264
vt 0.899975 0.894405
vt 0.886509 0.894072
vt 0.877397 0.882918
vt 0.874562 0.877549
vt 0.916055 0.843265
vt 0.930587 0.855850
vt 0.931553 0.874142
vt 0.916168 0.894448
vt 0.884928 0.909198
vt 0.898600 0.911974
vt 0.876122 0.892667
vt 0.936329 0.846900
vt 0.932590 0.895257
vt 0.913511 0.914284
vt 0.873689 0.905934
vt 0.881545 0.924655
vt 0.895108 0.929540
vt 0.928567 0.916110
vt 0.910569 0.934043
vt 0.870651 0.919885
vt 0.928770 0.934480
vt 0.908966 0.952040
vt 0.934168 0.955130
vt 0.709030 0.340266
vt 0.687731 0.338594
vt 0.696291 0.310027
vt 0.713251 0.315170
vt 0.657778 0.326263
vt 0.666628 0.298777
vt 0.680495 0.359895
vt 0.650158 0.351381
vt 0.626898 0.313347
vt 0.636863 0.285989
vt 0.706860 0.281282
vt 0.674668 0.269855
vt 0.616879 0.341316
vt 0.597331 0.296741
vt 0.608180 0.271549
vt 0.645854 0.257977
vt 0.679871 0.239018
vt 0.711765 0.250555
vt 0.585977 0.323055
vt 0.577999 0.276894
vt 0.587983 0.256441
vt 0.618453 0.245045
vt 0.652664 0.230425
vt 0.681884 0.206287
vt 0.713066 0.217781
vt 0.595679 0.232539
vt 0.628678 0.220715
vt 0.654918 0.202675
vt 0.679070 0.181809
vt 0.713288 0.186814
vt 0.575343 0.246261
vt 0.578177 0.227234
vt 0.608710 0.210478
vt 0.635969 0.203670
vt 0.650082 0.185211
vt 0.589967 0.204435
vt 0.625958 0.193663
vt 0.639576 0.173167
vt 0.669434 0.170253
vt 0.611325 0.186718
vt 0.028447 0.508605
vt 0.045290 0.521633
vt 0.029845 0.543243
vt 0.011518 0.534232
vt 0.049242 0.482240
vt 0.067082 0.500719
vt 0.046079 0.553518
vt 0.059809 0.537624
vt 0.018295 0.566612
vt 0.000000 0.560670
vt 0.079734 0.523099
vt 0.038270 0.572264
vt 0.068881 0.553230
vt 0.056527 0.560427
vt 0.087222 0.544930
vt 0.103776 0.512897
vt 0.094211 0.486957
vt 0.055152 0.574433
vt 0.035037 0.592996
vt 0.013720 0.590956
vt 0.072290 0.571369
vt 0.109194 0.538364
vt 0.091341 0.566507
vt 0.054386 0.593120
vt 0.033694 0.613718
vt 0.012835 0.612935
vt 0.073550 0.591117
vt 0.125106 0.511628
vt 0.129930 0.536325
vt 0.112544 0.562289
vt 0.093404 0.588161
vt 0.054326 0.613062
vt 0.033767 0.634154
vt 0.013612 0.633291
vt 0.074376 0.611122
vt 0.132836 0.560890
vt 0.114523 0.585728
vt 0.094395 0.608655
vt 0.055042 0.633499
vt 0.037290 0.648926
vt 0.019419 0.648285
vt 0.075507 0.630752
vt 0.132747 0.584718
vt 0.113907 0.607077
vt 0.094845 0.627024
vt 0.056497 0.648044
vt 0.075710 0.645281
vt 0.130785 0.606023
vt 0.145603 0.562465
vt 0.144725 0.584765
vt 0.113092 0.625174
vt 0.094369 0.642486
vt 0.144382 0.605368
vt 0.129570 0.624398
vt 0.157458 0.564948
vt 0.156544 0.585465
vt 0.112489 0.641343
vt 0.156271 0.604930
vt 0.144486 0.623843
vt 0.127889 0.641174
vt 0.168464 0.567391
vt 0.167620 0.585970
vt 0.156211 0.622960
vt 0.166256 0.604275
vt 0.142268 0.641252
vt 0.305511 0.000039
vt 0.329448 0.001022
vt 0.323392 0.010824
vt 0.305492 0.011080
vt 0.790601 0.241151
vt 0.789187 0.229691
vt 0.810027 0.227697
vt 0.807687 0.241151
vt 0.793107 0.218329
vt 0.808887 0.217368
vt 0.822845 0.241151
vt 0.824107 0.230314
vt 0.797080 0.208026
vt 0.809417 0.208318
vt 0.833402 0.241151
vt 0.835341 0.229801
vt 0.842453 0.230547
vt 0.843238 0.237956
vt 0.509744 0.003046
vt 0.522030 0.000032
vt 0.516065 0.010109
vt 0.504061 0.011300
vt 0.998361 0.013413
vt 0.979347 0.015152
vt 0.978495 0.002210
vt 0.993949 0.000036
vt 0.999321 0.032307
vt 0.979952 0.033257
vt 0.961121 0.014748
vt 0.964169 0.000472
vt 0.997504 0.052210
vt 0.980085 0.053204
vt 0.961355 0.033743
vt 1.000000 0.074454
vt 0.980130 0.073643
vt 0.962429 0.053562
vt 0.946090 0.033818
vt 0.945989 0.015089
vt 0.995708 0.093405
vt 0.977867 0.091808
vt 0.963456 0.072610
vt 0.946559 0.053754
vt 0.932271 0.034352
vt 0.931750 0.014355
vt 0.964621 0.087051
vt 0.948315 0.073932
vt 0.935473 0.054191
vt 0.954867 0.091862
vt 0.104128 0.486444
vt 0.105261 0.481064
vt 0.110713 0.481209
vt 0.109934 0.490564
vt 0.109720 0.471534
vt 0.101831 0.475228
vt 0.118526 0.481292
vt 0.118074 0.492661
vt 0.118281 0.469862
vt 0.126524 0.493806
vt 0.127212 0.481653
vt 0.119630 0.504014
vt 0.109007 0.500229
vt 0.127193 0.468482
vt 0.117228 0.458498
vt 0.108964 0.462305
vt 0.126611 0.502136
vt 0.133393 0.482238
vt 0.133366 0.497107
vt 0.134759 0.466918
vt 0.127625 0.455914
vt 0.133123 0.507525
vt 0.147060 0.498036
vt 0.147060 0.483748
vt 0.137725 0.447506
vt 0.147060 0.470714
vt 0.147060 0.508395
vt 0.147060 0.457150
vt 0.112313 0.918415
vt 0.128311 0.920285
vt 0.126149 0.934627
vt 0.107977 0.932814
vt 0.143412 0.921485
vt 0.144168 0.934480
vt 0.124464 0.953027
vt 0.101831 0.951379
vt 0.155994 0.922335
vt 0.158978 0.934554
vt 0.146780 0.951717
vt 0.125289 0.971738
vt 0.102209 0.970776
vt 0.147145 0.970537
vt 0.162848 0.950200
vt 0.164550 0.965172
vt 0.174090 0.947503
vt 0.176432 0.962521
vt 0.833414 0.226631
vt 0.824115 0.194302
vt 0.857193 0.179372
vt 0.866440 0.218758
vt 0.814058 0.154123
vt 0.841762 0.146882
vt 0.831537 0.118608
vt 0.808202 0.121596
vt 0.795297 0.200107
vt 0.785077 0.161368
vt 0.781206 0.127323
vt 0.808358 0.098115
vt 0.831335 0.097467
vt 0.768031 0.204148
vt 0.758030 0.168537
vt 0.753732 0.134544
vt 0.747417 0.209325
vt 0.733180 0.177955
vn -0.000205 -1.000000 -0.000026
vn 0.000000 -1.000000 0.000008
vn 0.000000 -1.000000 0.000002
vn 0.000000 -1.000000 0.000003
vn -0.013282 -0.999900 -0.004884
vn 0.002656 -0.999896 -0.014199
vn -0.000849 -1.000000 -0.000208
vn -0.021021 -0.999693 -0.013081
vn -0.000434 -1.000000 -0.000198
vn -0.001795 -0.999720 -0.023594
vn 0.000000 -1.000000 -0.000000
vn -0.096348 -0.957751 -0.270981
vn -0.013146 -0.956496 -0.291448
vn -0.212935 -0.947709 -0.237710
vn 0.000000 -1.000000 -0.000003
vn -0.022229 -0.595704 -0.802897
vn 0.232058 -0.538341 -0.810147
vn 0.103272 -0.937374 -0.332664
vn -0.276800 -0.610309 -0.742229
vn -0.006364 -0.999912 -0.011626
vn 0.000000 -1.000000 -0.000009
vn 0.000000 -1.000000 -0.000000
vn 0.254394 -0.112996 -0.960477
vn 0.601966 -0.060942 -0.796193
vn 0.538806 -0.442820 -0.716658
vn -0.014880 -0.136782 -0.990489
vn 0.296948 -0.884578 -0.359644
vn 0.031544 -0.999436 -0.011551
vn 0.000000 -1.000000 -0.000008
vn 0.000000 -1.000000 0.000002
vn 0.619932 0.053313 -0.782842
vn 0.248891 0.017885 -0.968366
vn 0.259688 0.030163 -0.965222
vn 0.628047 0.073265 -0.774719
vn 0.789566 0.065093 -0.610204
vn 0.790720 0.013245 -0.612034
vn 0.776123 0.083723 -0.624999
vn 0.239984 0.147944 -0.959437
vn 0.627042 0.124454 -0.768980
vn 0.754265 0.137894 -0.641926
vn 0.268695 0.437198 -0.858289
vn 0.579861 0.326344 -0.746499
vn 0.628284 0.387549 -0.674585
vn 0.605479 0.765286 0.218478
vn 0.462237 0.744947 0.481031
vn 0.664883 0.540385 0.515670
vn 0.805098 0.538165 0.249389
vn 0.288103 0.953309 0.090542
vn 0.079861 0.934859 0.345920
vn 0.696976 0.716268 -0.034437
vn 0.398205 0.915340 -0.059875
vn 0.876268 0.479664 -0.045585
vn 0.836356 0.428384 -0.342046
vn 0.704305 0.619629 -0.346432
vn 0.537012 0.791613 -0.291489
vn 0.705825 0.400711 -0.584159
vn 0.567672 0.572223 -0.591869
vn 0.385396 0.796986 -0.465062
vn 0.488949 0.484578 0.725336
vn 0.259347 0.658419 0.706558
vn 0.581997 0.408948 0.702881
vn 0.770425 0.416974 0.482263
vn 0.217545 0.340562 0.914709
vn 0.298460 0.319259 0.899442
vn 0.020438 0.458103 0.888664
vn 0.912990 0.360947 0.190173
vn 0.956744 0.285486 -0.056030
vn 0.917319 0.231607 -0.323859
vn 0.809125 0.168800 -0.562870
vn 0.383468 0.576104 -0.721843
vn -0.058152 0.143194 0.987985
vn -0.031969 0.088003 0.995607
vn 0.408292 0.172572 0.896391
vn -0.103269 0.100513 0.989562
vn -0.097785 0.102737 0.989891
vn -0.055068 0.147128 0.987583
vn -0.103466 0.097781 0.989815
vn 0.713575 0.206249 0.669531
vn 0.878916 0.202893 0.431673
vn 0.968875 0.206008 0.137266
vn 0.977280 0.200480 -0.068790
vn 0.929038 0.155861 -0.335553
vn 0.817112 0.091458 -0.569178
vn 0.910367 0.053890 0.410278
vn 0.986528 0.083041 0.140949
vn 0.778102 0.023670 0.627691
vn 0.993803 0.085450 -0.071091
vn 0.935796 0.066683 -0.346178
vn 0.819300 0.055087 -0.570712
vn 0.987104 -0.142715 -0.072508
vn 0.947414 -0.116824 -0.297924
vn 0.850011 -0.021888 -0.526310
vn 0.747743 -0.325224 -0.578887
vn 0.855132 -0.325708 -0.403315
vn 0.889413 -0.420009 -0.180379
vn 0.608192 -0.770209 -0.192043
vn 0.472113 -0.816438 -0.332474
vn 0.684101 -0.727339 -0.054625
vn 0.874798 -0.481413 -0.054494
vn 0.685307 -0.728136 -0.013131
vn 0.985540 -0.117818 0.121781
vn 0.879939 -0.471133 0.061160
vn 0.663182 -0.748370 0.011501
vn 0.453083 -0.891225 0.020841
vn 0.444272 -0.895840 0.009629
vn 0.350742 -0.936451 -0.006298
vn 0.920820 -0.074210 0.382862
vn 0.873375 -0.407183 0.267241
vn 0.658154 -0.747057 0.093483
vn 0.407707 -0.913095 -0.005727
vn 0.156144 -0.987580 0.017488
vn 0.115951 -0.993247 0.003957
vn 0.137754 -0.990351 -0.015134
vn 0.785319 -0.059019 0.616271
vn 0.763934 -0.342844 0.546684
vn 0.597141 -0.733234 0.325255
vn 0.321571 -0.941586 0.100038
vn 0.054953 -0.998335 -0.017519
vn 0.485825 -0.002808 0.874052
vn 0.520151 -0.069401 0.851250
vn 0.534037 -0.309781 0.786664
vn 0.438853 -0.703230 0.559353
vn 0.205377 -0.951581 0.228724
vn 0.000696 -1.000000 -0.000002
vn 0.000000 -1.000000 -0.000008
vn 0.000000 -1.000000 -0.000001
vn 0.000000 -1.000000 0.000001
vn 0.054734 0.018067 0.998337
vn 0.162235 -0.016449 0.986615
vn 0.237595 -0.234510 0.942631
vn 0.226147 -0.662977 0.713666
vn 0.100729 -0.955808 0.276197
vn -0.000526 -0.999999 0.001290
vn 0.000000 -1.000000 -0.000005
vn -0.076938 0.086117 0.993310
vn -0.038648 0.061097 0.997383
vn -0.006749 -0.148434 0.988899
vn -0.919739 -0.078788 0.384541
vn -0.890144 -0.054955 0.452354
vn -0.876695 -0.004988 0.481021
vn -0.909345 -0.061665 0.411448
vn -0.909918 -0.199238 0.363804
vn -0.850954 -0.271737 0.449484
vn -0.950735 -0.070907 0.301788
vn -0.931013 -0.216474 0.293859
vn -0.955876 -0.069853 0.285346
vn -0.995028 -0.038248 0.091954
vn -0.993878 -0.029514 0.106472
vn -0.971652 -0.204592 0.118471
vn -0.859336 0.009581 0.511322
vn -0.893651 -0.031412 0.447661
vn -0.819043 -0.002427 0.573727
vn -0.840887 0.011248 0.541094
vn -0.794898 -0.058807 0.603886
vn -0.958827 -0.047147 0.280051
vn -0.996447 0.005144 0.084063
vn -0.714815 0.003834 0.699303
vn -0.706644 0.126034 0.696254
vn -0.839804 0.095829 0.534365
vn -0.417086 0.035732 0.908164
vn -0.386344 0.122418 0.914195
vn -0.696863 -0.051880 0.715326
vn -0.473056 -0.044087 0.879929
vn -0.848254 0.066939 0.525342
vn -0.875314 0.025660 0.482874
vn -0.958517 0.002890 0.285021
vn -0.986262 0.158405 0.046857
vn -0.138597 0.102011 0.985081
vn -0.102984 0.105526 0.989070
vn -0.140293 0.121128 0.982673
vn -0.170542 0.084996 0.981678
vn -0.100329 0.106189 0.989272
vn -0.405387 0.209978 0.889703
vn -0.692164 0.253397 0.675795
vn -0.807473 0.211008 0.550874
vn -0.845200 0.168493 0.507195
vn -0.880177 0.169276 0.443435
vn -0.940803 0.151028 0.303448
vn -0.932287 0.357913 0.052345
vn -0.046450 0.756017 -0.652901
vn -0.107989 0.940930 -0.320920
vn 0.042656 0.972021 -0.230988
vn 0.292084 0.755451 -0.586499
vn -0.586874 0.653970 -0.477390
vn -0.447712 0.865893 -0.223122
vn -0.008259 0.610475 -0.791992
vn -0.542650 0.561532 -0.624670
vn -0.801565 0.526722 -0.282944
vn -0.687718 0.724140 -0.051630
vn -0.792839 0.477330 -0.378895
vn -0.852765 0.498842 -0.154752
vn -0.784533 0.617781 0.053425
vn -0.833385 0.484815 -0.265373
vn -0.902325 0.387279 0.189275
vn -0.862674 0.348335 0.366684
vn -0.825732 0.541829 0.156805
vn -0.875846 0.482165 -0.020258
vn -0.885234 0.451509 -0.111808
vn -0.772222 0.367879 0.518014
vn -0.695535 0.619622 0.363731
vn -0.612426 0.747494 0.257269
vn -0.459000 0.878442 0.132886
vn -0.174130 0.981897 -0.074542
vn -0.666623 0.389843 0.635324
vn -0.569364 0.652402 0.500197
vn -0.445148 0.811213 0.379180
vn -0.255415 0.943265 0.212167
vn 0.008749 0.999389 -0.033849
vn -0.429190 0.342973 0.835563
vn -0.328128 0.617783 0.714617
vn -0.148660 0.818265 0.555285
vn -0.136653 0.212877 0.967476
vn 0.122573 0.978463 -0.166092
vn 0.000000 -1.000000 -0.000001
vn 0.000000 -1.000000 -0.000003
vn 0.000000 -1.000000 -0.000005
vn 0.000000 -1.000000 -0.000002
vn 0.001156 -0.999999 -0.000270
vn 0.000574 -1.000000 -0.000590
vn 0.000000 -1.000000 0.000002
vn 0.000664 -1.000000 0.000232
vn 0.000000 -1.000000 -0.000003
vn 0.000000 -1.000000 -0.000000
vn 0.000000 -1.000000 -0.000003
vn 0.000000 -1.000000 -0.000000
vn 0.000000 -1.000000 0.000002
vn 0.000000 -1.000000 0.000001
vn 0.000000 -1.000000 0.000001
vn 0.000000 -1.000000 -0.000006
vn 0.000000 -1.000000 -0.000004
vn 0.000000 -1.000000 -0.000003
vn 0.000000 -1.000000 -0.000004
vn 0.000000 -1.000000 0.000004
vn 0.000000 -1.000000 0.000000
vn 0.000000 -1.000000 0.000000
vn 0.000000 -1.000000 0.000006
vn 0.000000 -1.000000 0.000001
vn -0.005986 -0.999975 0.003846
vn -0.028990 0.449791 -0.892663
vn -0.040296 0.179094 -0.983006
vn -0.020676 0.017569 -0.999632
vn -0.417755 0.027889 -0.908132
vn -0.463054 0.208375 -0.861488
vn -0.486524 0.444109 -0.752370
vn -0.789068 0.201500 -0.580318
vn -0.784852 0.403282 -0.470501
vn -0.768617 0.041524 -0.638360
vn -0.748985 0.039752 -0.661393
vn -0.858802 0.057938 -0.509020
vn -0.858278 0.045352 -0.511177
vn -0.395807 0.013662 -0.918232
vn -0.862003 0.193323 -0.468591
vn -0.968892 0.008457 -0.247338
vn -0.966399 0.120254 -0.227182
vn -0.972736 0.024903 -0.230573
vn -0.975866 -0.099324 -0.194474
vn -0.865804 0.003817 -0.500368
vn -0.000005 -1.000000 -0.000010
vn -0.172140 -0.976451 0.130046
vn -0.162466 -0.980732 0.108489
vn 0.000001 -1.000000 -0.000003
vn 0.000128 -0.999983 0.005811
vn -0.150468 -0.978695 0.139697
vn -0.000006 -1.000000 -0.000004
vn 0.000000 -1.000000 -0.000002
vn -0.000006 -1.000000 0.000002
vn -0.187611 -0.979833 0.068776
vn 0.000007 -1.000000 0.000001
vn 0.000000 -1.000000 0.000004
vn -0.219019 -0.974157 0.055215
vn -0.000139 -1.000000 -0.000062
vn 0.000002 -1.000000 -0.000000
vn -0.251255 -0.967269 0.035531
vn -0.001575 -0.999998 -0.001047
vn -0.000117 -1.000000 -0.000081
vn -0.305098 -0.950254 -0.062711
vn -0.008815 -0.999923 -0.008703
vn -0.291535 -0.941353 -0.169890
vn -0.481333 -0.797499 0.363750
vn -0.553469 -0.764086 0.331429
vn -0.668524 -0.690047 0.277328
vn -0.699889 -0.686498 0.197170
vn -0.744947 -0.659732 0.099034
vn -0.807314 -0.572665 -0.142475
vn 0.100108 -0.994038 -0.043218
vn 0.000000 -1.000000 -0.000001
vn 0.000000 -1.000000 0.000006
vn 0.212183 -0.977044 -0.019087
vn 0.028563 -0.999558 0.008221
vn 0.073055 -0.997327 -0.001289
vn -0.710681 -0.036732 -0.702555
vn -0.362212 -0.130399 -0.922929
vn -0.013323 0.004623 -0.999901
vn -0.012842 -0.999698 0.020970
vn -0.027177 -0.997472 0.065658
vn -0.043542 -0.993364 0.106453
vn -0.005214 -0.937647 0.347550
vn -0.094164 -0.895038 0.435936
vn -0.163105 -0.842570 0.513296
vn 0.007921 -0.583362 0.812174
vn -0.145461 -0.479627 0.865332
vn -0.132691 -0.094422 0.986650
vn -0.106767 0.080329 0.991034
vn -0.837634 0.405495 -0.365981
vn -0.924900 0.334847 -0.180106
vn -0.094056 -0.987793 0.124172
vn -0.006552 -0.999897 0.012777
vn 0.000000 -1.000000 -0.000004
vn -0.322231 -0.803932 0.499861
vn -0.290416 -0.374216 0.880694
vn -0.300694 -0.082130 0.950178
vn -0.239225 0.031972 0.970438
vn -0.428154 -0.802141 0.416239
vn -0.485278 -0.313830 0.816098
vn -0.642418 -0.332098 0.690659
vn -0.737662 -0.357676 0.572645
vn -0.503304 -0.090579 0.859349
vn -0.672284 -0.082985 0.735628
vn -0.000008 -1.000000 -0.000003
vn -0.000003 -1.000000 -0.000003
vn -0.000006 -1.000000 -0.000001
vn 0.000000 -1.000000 -0.000002
vn 0.000000 -1.000000 0.000004
vn 0.000000 -1.000000 0.000000
vn 0.000000 -1.000000 0.000005
vn 0.000000 -1.000000 0.000005
vn 0.000000 -1.000000 0.000002
vn -0.000002 -1.000000 0.000005
vn -0.754503 -0.504454 -0.419823
vn -0.571974 -0.534139 -0.622529
vn -0.279015 0.942204 0.185481
vn -0.212945 0.944013 0.251979
vn 0.066122 0.982545 0.173877
vn 0.019262 0.998311 0.054811
vn -0.630701 0.713535 0.305097
vn -0.585766 0.716562 0.378704
vn -0.346253 0.934290 0.084918
vn -0.753075 0.656903 0.036829
vn 0.019323 0.999631 0.019082
vn -0.765311 0.561085 -0.315407
vn -0.799437 0.308228 -0.515651
vn -0.881717 0.468048 -0.059211
vn -0.404373 0.888153 -0.218326
vn -0.776420 0.535879 0.331671
vn -0.706248 0.525941 0.473919
vn -0.526588 0.536466 0.659477
vn -0.486681 0.698086 0.525183
vn -0.090890 0.858488 0.504715
vn 0.000006 -1.000000 0.000003
vn 0.000011 -1.000000 0.000019
vn -0.038598 -0.999227 -0.007408
vn -0.086978 -0.995782 0.029208
vn 0.000008 -1.000000 0.000001
vn 0.000014 -1.000000 0.000015
vn 0.000000 -1.000000 -0.000001
vn 0.000000 -1.000000 -0.000003
vn -0.033979 -0.996819 0.072099
vn 0.000005 -1.000000 -0.000004
vn -0.000003 -1.000000 0.000000
vn -0.000001 -1.000000 0.000001
vn -0.629845 -0.335167 -0.700684
vn -0.839474 0.046389 -0.541416
vn -0.692447 0.204119 -0.691992
vn -0.316631 -0.888293 -0.332685
vn -0.748755 -0.578443 -0.323683
vn -0.250176 0.049943 -0.966911
vn 0.063759 -0.750975 -0.657246
vn -0.327196 0.419951 -0.846513
vn 0.024355 -0.999635 -0.011697
vn 0.093909 -0.992623 -0.076691
vn 0.627470 -0.752655 -0.199479
vn 0.394766 -0.907348 0.144500
vn 0.000001 -1.000000 -0.000026
vn 0.000000 -1.000000 -0.000010
vn -0.000000 -1.000000 -0.000009
vn -0.000007 -1.000000 -0.000015
vn 0.424277 -0.805116 0.414460
vn 0.000000 -1.000000 -0.000000
vn -0.000009 -1.000000 -0.000005
vn 0.253373 -0.678103 0.689912
vn 0.942548 0.096155 0.319935
vn 0.788404 0.130266 0.601207
vn 0.419879 0.023266 0.907282
vn -0.118115 0.018087 0.992835
vn -0.051728 -0.719286 0.692785
vn 0.411570 0.515844 0.751342
vn -0.101049 0.501042 0.859504
vn 0.727475 0.494482 0.475676
vn -0.478183 -0.762665 0.435526
vn -0.720599 0.172344 0.671591
vn -0.867933 0.250915 0.428643
vn -0.697176 -0.596894 0.397069
vn -0.332628 -0.727386 0.600224
vn -0.537705 0.014764 0.843004
vn -0.543222 0.448292 0.709890
vn 0.000008 -1.000000 0.000019
vn 0.000008 -1.000000 0.000015
vn 0.000001 -1.000000 -0.000008
vn -0.582120 0.550112 -0.598759
vn -0.247354 0.819341 -0.517201
vn -0.060379 0.711413 -0.700175
vn -0.448659 0.536784 -0.714540
vn -0.697341 0.326045 -0.638287
vn -0.595958 0.402469 -0.694876
vn -0.071672 0.584265 -0.808392
vn 0.265971 0.800519 -0.537055
vn 0.382584 0.601308 -0.701469
vn 0.115071 0.936937 -0.330012
vn 0.956820 0.258871 -0.132213
vn 0.867917 0.474221 -0.147763
vn 0.828887 0.505871 0.238831
vn 0.859505 0.491587 -0.139978
vn 0.841055 0.486028 0.237493
vn 0.681527 0.551753 0.480717
vn 0.347087 0.649563 0.676460
vn 0.611239 0.788764 -0.065110
vn 0.691483 0.703018 0.166186
vn 0.455716 0.828761 0.324773
vn -0.032443 0.991383 -0.126917
vn -0.123018 -0.992144 -0.022721
vn -0.495168 -0.862690 0.102833
vn -0.997966 -0.002671 -0.063690
vn 0.000000 -1.000000 0.000005
vn 0.046080 -0.998532 -0.028470
vn 0.000000 -1.000000 -0.000006
vn -0.081874 0.631129 0.771345
vn -0.695148 0.473767 0.540660
vn -0.794612 0.505972 0.335537
vn -0.932948 0.336643 -0.127589
vn 0.248226 0.958026 -0.143420
vn 0.437002 0.835867 -0.332198
vn 0.243168 0.966880 -0.077538
vn 0.201717 0.879899 0.430220
vn 0.291793 0.953708 0.072783
vn 0.516165 0.829856 -0.211926
vn 0.197610 -0.971144 -0.133524
vn 0.164995 -0.982207 -0.089697
vn 0.543444 -0.448610 -0.709520
vn 0.783510 -0.402387 -0.473495
vn 0.163706 -0.975560 -0.146571
vn 0.715728 -0.527119 -0.458125
vn 0.775530 0.424658 -0.467139
vn 0.797081 0.427838 -0.426165
vn 0.832436 0.371793 -0.410879
vn 0.792294 0.499540 -0.350328
vn 0.664494 0.551557 -0.504216
vn 0.480054 0.292631 -0.826991
vn 0.449132 0.512005 -0.732210
vn 0.766637 0.384273 -0.514395
vn 0.916298 0.328040 -0.229755
vn 0.968330 0.022900 -0.248621
vn 0.882080 0.049371 -0.468506
vn 0.850915 0.327674 -0.410577
vn 0.975981 0.216262 0.026314
vn 0.997022 0.014503 0.075739
vn 0.799125 0.597389 -0.067270
vn 0.886025 0.378769 0.267383
vn 0.714302 0.634333 -0.295626
vn 0.441228 0.884990 -0.148696
vn 0.579646 0.800169 0.154079
vn 0.705624 0.540704 0.457967
vn 0.062687 0.997490 0.032915
vn 0.229069 0.905843 0.356337
vn 0.357623 0.645059 0.675281
vn -0.375225 0.897205 0.232872
vn -0.186858 0.847280 0.497193
vn -0.023357 0.592438 0.805277
vn 0.796929 0.037821 -0.602888
vn 0.783331 0.284781 -0.552532
vn 0.574999 0.650250 -0.496539
vn 0.280033 0.861353 -0.423854
vn -0.083805 0.960337 -0.265950
vn 0.751824 0.002042 -0.659360
vn 0.713641 0.231594 -0.661120
vn 0.419605 0.616257 -0.666453
vn 0.698830 -0.661582 0.271931
vn 0.735273 -0.668762 -0.110138
vn 0.966375 -0.244919 -0.078321
vn 0.904568 -0.205499 0.373534
vn 0.246573 -0.965304 0.085971
vn 0.215602 -0.974976 -0.054203
vn 0.512800 -0.729647 0.452385
vn 0.109673 -0.989320 0.096012
vn 0.743006 -0.232450 0.627622
vn 0.258517 -0.782645 0.566248
vn 0.036243 -0.994428 0.098989
vn 0.410746 -0.243182 0.878721
vn 0.999144 -0.039025 -0.013721
vn 0.909910 0.021144 0.414267
vn 0.770367 0.045030 0.636009
vn 0.437339 0.070389 0.896538
vn -0.050398 -0.167421 0.984597
vn -0.016318 -0.702007 0.711983
vn -0.068968 0.086255 0.993883
vn 0.998020 -0.031129 0.054659
vn 0.898826 0.018093 0.437933
vn 0.763601 0.041865 0.644330
vn 0.398583 0.073665 0.914169
vn -0.076527 0.097329 0.992306
vn -0.414799 0.091482 0.905303
vn -0.447899 0.073203 0.891082
vn -0.455869 -0.141632 0.878706
vn 0.892695 0.080817 0.443355
vn 0.758922 0.158004 0.631722
vn 0.419061 0.255570 0.871247
vn -0.047365 0.241091 0.969346
vn -0.389142 0.183204 0.902776
vn -0.349723 0.426348 0.834219
vn 0.000002 -1.000000 0.000010
vn 0.002516 -0.999987 -0.004445
vn 0.220858 -0.969550 -0.105804
vn 0.674321 -0.686975 -0.270844
vn 0.908889 -0.281479 -0.307719
vn 0.007396 -0.999968 -0.002942
vn 0.261716 -0.960353 -0.096053
vn 0.672369 -0.701398 -0.236561
vn 0.894676 -0.310333 -0.321323
vn 0.955326 -0.096354 -0.279407
vn 0.924996 -0.084920 -0.370365
vn 0.244649 -0.965832 -0.085530
vn 0.642913 -0.697403 -0.316690
vn 0.006338 -0.999977 0.002433
vn 0.823311 -0.266215 -0.501287
vn 0.817897 -0.027280 -0.574717
vn 0.899476 -0.052310 -0.433827
vn 0.965672 -0.078592 -0.247590
vn 0.794203 0.010050 -0.607569
vn 0.174899 -0.971675 -0.158929
vn 0.538540 -0.655109 -0.529912
vn 0.000000 -1.000000 0.000000
vn 0.689150 -0.186192 -0.700289
vn 0.696411 -0.003581 -0.717634
vn 0.719498 0.011342 -0.694402
vn 0.000009 -1.000000 0.000006
vn 0.000003 -1.000000 0.000010
vn -0.000002 -1.000000 0.000024
vn 0.000013 -1.000000 0.000022
vn 0.000002 -1.000000 0.000002
vn 0.000002 -1.000000 -0.000001
vn -0.077127 -0.996518 0.031658
vn -0.093413 -0.995612 0.005532
vn -0.076463 -0.995568 0.054754
vn 0.000000 -1.000000 0.000006
vn 0.000000 -1.000000 0.000007
vn -0.140324 -0.988961 -0.047597
vn -0.011211 -0.999519 -0.028920
vn 0.000000 -1.000000 0.000013
vn -0.209424 -0.960596 -0.182748
vn 0.043113 -0.972645 -0.228259
vn 0.095694 -0.974459 -0.203155
vn -0.185719 -0.893725 -0.408368
vn 0.262619 -0.685669 -0.678888
vn 0.366584 -0.672030 -0.643422
vn 0.061334 -0.693511 -0.717830
vn 0.585960 0.019821 -0.810097
vn 0.574825 0.155813 -0.803305
vn 0.591026 0.002702 -0.806648
vn 0.581302 -0.008362 -0.813645
vn 0.541493 -0.180219 -0.821162
vn 0.380565 -0.182221 -0.906623
vn 0.377172 0.012027 -0.926065
vn 0.334982 0.070705 -0.939568
vn -0.082748 -0.236132 -0.968191
vn -0.099555 0.024701 -0.994725
vn 0.007783 -0.991736 0.128057
vn -0.337691 -0.644105 0.686363
vn -0.036253 -0.990197 0.134892
vn -0.710273 -0.166506 0.683950
vn -0.528372 -0.700677 0.479453
vn -0.710585 0.057296 0.701275
vn -0.858162 -0.213095 0.467064
vn -0.547797 -0.786801 0.284363
vn -0.878576 0.086007 0.469794
vn -0.977013 0.122995 0.174121
vn -0.964190 -0.209400 0.162757
vn -0.600652 -0.794916 0.085595
vn -0.650560 -0.738920 -0.175409
vn -0.964518 -0.166476 -0.204917
vn -0.839622 -0.104976 -0.532930
vn -0.658592 -0.598078 -0.456684
vn -0.723770 0.216424 0.655223
vn -0.719237 0.095143 0.688220
vn -0.888618 0.131397 0.439423
vn -0.875365 0.237633 0.421031
vn -0.603061 0.543327 0.584049
vn -0.741409 0.553666 0.379166
vn -0.950280 0.221380 0.218995
vn -0.971834 0.151038 0.180902
vn -0.826083 0.528076 0.196781
vn -0.494297 0.868988 -0.023024
vn -0.225034 0.819224 -0.527476
vn -0.627411 0.720409 -0.295578
vn -0.884723 0.464738 -0.035828
vn 0.147968 0.759759 -0.633145
vn -0.413863 0.514569 -0.750957
vn -0.812812 0.373120 -0.447346
vn -0.974026 0.212298 -0.078763
vn 0.047471 0.504271 -0.862240
vn 0.281460 0.388296 -0.877500
vn 0.264288 0.132565 -0.955290
vn 0.005560 0.211661 -0.977327
vn -0.487981 0.200991 -0.849398
vn -0.867769 0.143810 -0.475705
vn -0.983262 0.132499 -0.125063
vn -0.040946 0.100796 -0.994064
vn -0.598346 0.069241 -0.798240
vn -0.861792 0.080809 -0.500784
vn -0.623453 -0.027165 -0.781389
vn -0.549417 -0.409330 -0.728416
vn -0.977583 0.123807 -0.170304
vn 0.002591 -0.999986 -0.004562
vn 0.000000 -1.000000 0.000005
vn 0.000000 -1.000000 0.000002
vn 0.000004 -1.000000 -0.000015
vn 0.539671 -0.804898 -0.246768
vn 0.392859 -0.919477 -0.014985
vn 0.010565 -0.997461 -0.070432
vn 0.570127 -0.527144 -0.630139
vn 0.035215 -0.996637 -0.073989
vn 0.960173 -0.275273 0.047892
vn 0.923878 -0.277773 0.263233
vn 0.310308 -0.950592 0.009142
vn 0.928373 0.028736 -0.370537
vn 0.000000 -1.000000 -0.000002
vn 0.000000 -1.000000 0.000004
vn 0.000000 -1.000000 0.000003
vn 0.000000 -1.000000 -0.000002
vn 0.000005 -1.000000 -0.000004
vn 0.212937 0.975347 -0.057923
vn 0.326501 0.944871 0.024830
vn 0.446121 0.857841 -0.255118
vn 0.321876 0.860426 -0.395047
vn -0.083160 0.980628 0.177350
vn 0.169296 0.952117 0.254582
vn -0.028058 0.992430 -0.119567
vn -0.307000 0.949749 0.061058
vn -0.011206 0.897375 -0.441127
vn -0.131897 0.763672 0.631988
vn 0.161066 0.638389 0.752673
vn 0.305983 0.831713 0.463279
vn -0.382171 0.796148 0.469142
vn 0.427429 0.881342 0.201349
vn 0.599682 0.796991 -0.072023
vn 0.322364 0.555233 0.766680
vn 0.628056 0.617544 0.473482
vn 0.029441 0.387545 0.921381
vn 0.805191 0.579073 0.127834
vn 0.512142 0.684060 -0.519396
vn 0.353783 0.665607 -0.657118
vn -0.033623 0.702084 -0.711300
vn 0.722647 0.664347 -0.190851
vn 0.843766 0.505446 0.180506
vn 0.869248 0.475854 0.134054
vn 0.840887 0.405918 0.357966
vn 0.788180 0.552199 -0.271751
vn 0.679922 0.215407 0.700933
vn 0.657460 -0.591483 0.466791
vn 0.168357 -0.984944 -0.039267
vn 0.182044 0.135646 0.973889
vn 0.184921 -0.472434 0.861748
vn 0.000000 -1.000000 0.000000
vn -0.836209 0.539946 -0.095979
vn -0.530337 0.675829 -0.511857
vn -0.605284 0.454477 -0.653515
vn -0.896829 0.401143 -0.186500
vn -0.651728 0.755998 0.060973
vn -0.422492 0.878812 -0.221785
vn -0.879868 0.382869 0.281502
vn -0.770477 0.539525 0.339526
vn -0.888542 0.402139 0.220858
vn -0.722739 -0.239329 -0.648359
vn -0.952790 -0.242316 -0.182960
vn -0.937014 -0.317632 0.145311
vn -0.194305 -0.908203 -0.370692
vn -0.227000 -0.973639 0.022304
vn -0.305706 -0.952106 0.006200
vn -0.118166 0.542627 -0.831620
vn -0.146422 0.257099 -0.955228
vn 0.034851 -0.998681 -0.037713
vn 0.010606 -0.596423 -0.802601
vn 0.353860 0.567518 -0.743442
vn 0.518220 0.577611 -0.630725
vn 0.644244 0.272558 -0.714606
vn 0.370826 0.361306 -0.855538
vn 0.355702 -0.340841 -0.870232
vn 0.000000 -1.000000 -0.000001
vn 0.000000 -1.000000 0.000003
vn 0.000000 -1.000000 0.000004
vn 0.000000 -1.000000 -0.000006
vn 0.000000 -1.000000 -0.000010
vn 0.000000 -1.000000 0.000007
vn -0.393278 -0.896801 0.202683
vn -0.185362 -0.803111 0.566263
vn -0.155435 -0.555374 0.816945
vn -0.168957 0.054873 0.984095
vn -0.635948 0.579035 0.510185
vn -0.485411 0.538844 0.688494
vn -0.486506 0.822027 0.295947
vn -0.754740 0.368530 0.542727
vn -0.505398 0.328332 0.797979
vn -0.217402 0.242105 0.945580
vn -0.254345 0.425629 0.868417
vn -0.460424 0.458148 0.760336
vn -0.200324 0.353720 0.913648
vn -0.763030 0.474805 0.438572
vn -0.084473 0.359235 0.929416
vn -0.037202 0.248171 0.968001
vn -0.198326 -0.075779 0.977202
vn -0.517220 -0.126352 0.846474
vn 0.147532 0.463118 0.873931
vn 0.271868 0.374704 0.886389
vn 0.535371 0.508773 0.674187
vn 0.724659 0.477849 0.496517
vn -0.145959 -0.708569 0.690382
vn -0.881283 -0.131548 0.453911
vn -0.002359 -0.999985 -0.004894
vn -0.000840 -0.999999 -0.001387
vn -0.001229 -0.999996 -0.002442
vn -0.002273 -0.999985 -0.005078
vn 0.223994 -0.969294 -0.101471
vn 0.243425 -0.969920 0.000349
vn -0.001583 -0.999990 -0.004113
vn 0.257728 -0.943346 -0.208983
vn -0.000347 -0.999996 -0.002963
vn 0.002053 -0.999995 0.002378
vn 0.249204 -0.950923 -0.183419
vn 0.003296 -0.999991 0.002741
vn 0.003628 -0.999974 0.006229
vn 0.135145 -0.980758 -0.140891
vn 0.003071 -0.999987 0.003956
vn 0.003921 -0.999987 0.003153
vn 0.002512 -0.999994 0.002497
vn 0.001356 -0.999998 -0.001405
vn 0.240591 0.826567 -0.508826
vn -0.011409 0.992018 -0.125581
vn 0.118221 0.991424 -0.055690
vn 0.479654 0.797224 -0.366560
vn 0.051340 0.816887 -0.574509
vn -0.236074 0.926490 -0.293062
vn 0.361970 0.569896 -0.737697
vn 0.006099 0.608459 -0.793562
vn 0.668863 0.519011 -0.532212
vn 0.697880 0.432796 -0.570658
vn 0.359642 0.474926 -0.803183
vn -0.040732 0.481346 -0.875584
vn -0.311100 -0.924452 -0.220465
vn -0.076684 -0.983808 -0.161993
vn 0.001142 -0.999996 0.002651
vn -0.493118 -0.851289 -0.179279
vn 0.002447 -0.999994 0.002576
vn -0.907634 -0.135012 -0.397456
vn -0.594876 -0.150018 -0.789694
vn -0.105581 -0.287162 -0.952046
vn -0.162788 0.982569 0.089766
vn -0.087724 0.988998 0.119115
vn -0.217263 0.963472 0.156584
vn -0.131259 0.978972 0.156156
vn -0.371073 0.927969 -0.034335
vn -0.387116 0.912943 0.129138
vn -0.436063 0.687925 -0.580180
vn -0.650877 0.718922 -0.243946
vn -0.506260 0.487160 -0.711601
vn 0.338970 0.651791 0.678430
vn 0.035268 0.614291 0.788291
vn 0.076957 0.415898 0.906149
vn 0.409882 0.439401 0.799327
vn 0.160378 0.910424 0.381322
vn -0.036296 0.893825 0.446945
vn 0.691774 0.622228 0.366445
vn 0.441496 0.869762 0.220444
vn 0.795512 0.440149 0.416448
vn -0.213601 0.570123 0.793306
vn -0.251374 0.415150 0.874335
vn -0.161149 0.871118 0.463879
vn -0.283673 0.115036 0.951996
vn 0.103600 0.071827 0.992022
vn 0.480820 0.116843 0.868999
vn -0.568968 0.509835 0.645247
vn -0.621234 0.375549 0.687773
vn -0.403820 0.804775 0.435047
vn -0.663245 0.177805 0.726974
vn -0.655253 -0.392218 0.645607
vn -0.279390 -0.540645 0.793501
vn 0.083591 -0.613511 0.785249
vn -0.692531 0.579587 0.429511
vn -0.765919 0.386372 0.513892
vn -0.434488 0.862804 0.258436
vn -0.811966 0.224483 0.538813
vn -0.807209 -0.334629 0.486247
vn -0.678402 0.681422 0.274654
vn -0.848940 0.440039 0.292689
vn -0.925569 0.246273 0.287526
vn -0.917781 -0.312917 0.244462
vn -0.411460 -0.907184 0.087850
vn -0.326864 -0.929847 0.168950
vn -0.252696 -0.952910 0.167649
vn -0.966134 -0.247756 -0.072130
vn -0.474947 -0.878718 -0.047760
vn -0.953644 0.294318 -0.062769
vn 0.002034 -0.999998 -0.000753
vn -0.119462 0.979871 0.159943
vn -0.097927 0.976778 0.190563
vn 0.007577 0.983224 0.182243
vn -0.057851 0.988105 0.142483
vn -0.218913 0.961530 0.165942
vn -0.187296 0.964294 0.187234
vn 0.289411 0.955668 0.054213
vn 0.229597 0.973286 -0.000136
vn -0.404159 0.891017 0.206748
vn -0.102886 -0.991114 0.084303
vn 0.000682 -0.999736 0.022979
vn 0.000000 -1.000000 0.000010
vn -0.000004 -1.000000 0.000004
vn -0.000639 -0.999996 -0.002627
vn 0.000278 -0.999994 -0.003479
vn -0.845534 0.355912 -0.397994
vn -0.511890 0.366278 -0.777052
vn -0.056345 0.307675 -0.949822
vn -0.885445 0.462632 -0.044257
vn -0.800603 0.469948 -0.371730
vn 0.369776 0.257922 -0.892604
vn 0.376887 -0.327526 -0.866420
vn -0.688551 0.723921 0.042858
vn 0.085492 -0.995481 0.041349
vn 0.438880 -0.550509 0.710158
vn -0.000007 -1.000000 -0.000011
vn -0.000013 -1.000000 -0.000021
vn 0.266011 -0.961367 0.070798
vn 0.910964 0.405128 -0.077563
vn 0.862631 0.497981 -0.088782
vn 0.706758 0.704579 -0.063731
vn 0.868663 0.203490 0.451682
vn 0.969283 0.241501 -0.046552
vn 0.842126 -0.368274 0.393952
vn 0.926265 -0.376112 -0.023948
vn 0.721042 0.237120 -0.651055
vn 0.693525 -0.326991 -0.641950
vn 0.804769 -0.319474 -0.500284
vn 0.857027 0.268551 -0.439756
vn 0.854659 -0.423441 -0.300427
vn 0.648213 0.728360 -0.222063
vn 0.685049 0.698280 -0.207636
vn 0.829098 0.445962 -0.337216
vn 0.840560 0.395858 -0.369804
vn 0.839000 0.439464 -0.320859
vn 0.857566 0.402834 -0.319852
vn 0.912642 0.259752 -0.315615
vn -0.001194 -0.999994 -0.003120
vn -0.001153 -0.999989 -0.004638
vn -0.150216 -0.725364 -0.671776
vn -0.011871 -0.728558 -0.684881
vn -0.037391 -0.963321 -0.265734
vn -0.098426 -0.945661 -0.309901
vn -0.205206 -0.110200 -0.972495
vn 0.114288 -0.098383 -0.988564
vn -0.500503 -0.556067 -0.663540
vn -0.620161 -0.154881 -0.769033
vn -0.498572 -0.699145 -0.512468
vn 0.425751 -0.056351 -0.903084
vn 0.118891 -0.662302 -0.739744
vn -0.128649 -0.966609 -0.221624
vn 0.724221 -0.102710 -0.681875
vn 0.408121 -0.662897 -0.627698
vn -0.114425 -0.980237 -0.161376
vn 0.848909 -0.220417 -0.480385
vn 0.437426 -0.826991 -0.353192
vn -0.131018 -0.990843 -0.032622
vn 0.149090 0.281844 -0.947806
vn 0.504027 0.222747 -0.834470
vn -0.218130 0.243399 -0.945080
vn 0.783168 0.128568 -0.608374
vn 0.882697 0.051166 -0.467149
vn 0.479343 0.381435 -0.790404
vn 0.777698 0.240409 -0.580852
vn 0.107380 0.468880 -0.876711
vn 0.877048 0.143658 -0.458420
vn 0.729121 0.505720 -0.461118
vn 0.850073 0.387302 -0.356895
vn 0.433190 0.649725 -0.624663
vn -0.648972 0.082276 -0.756351
vn -0.706168 0.318810 -0.632208
vn -0.262676 0.468807 -0.843340
vn 0.037665 0.717883 -0.695145
vn -0.366561 0.697792 -0.615402
vn -0.017896 0.893791 -0.448127
vn 0.362236 0.851893 -0.378237
vn -0.426132 0.851765 -0.304808
vn 0.603635 0.745396 -0.282860
vn 0.746192 0.636309 -0.195724
vn -0.327707 0.942757 0.061791
vn -0.039199 0.982420 -0.182522
vn 0.203292 0.976846 -0.066664
vn 0.395910 0.917737 -0.031839
vn -0.601891 0.749818 0.274773
vn -0.323574 0.806143 0.495413
vn -0.088336 0.962196 0.257634
vn -0.774833 0.629668 -0.056150
vn -0.909324 0.401306 0.109923
vn -0.753103 0.514018 0.410635
vn -0.772443 0.514393 -0.372466
vn -0.943710 0.308489 -0.119358
vn -0.912576 0.149275 -0.380687
vn -0.973024 0.085488 -0.214282
vn -0.979398 0.200380 -0.025061
vn -0.939929 0.294667 0.172349
vn -0.870657 -0.077562 -0.485737
vn -0.928773 -0.039338 -0.368555
vn -0.991351 0.070013 -0.111005
vn -0.828848 -0.064953 -0.555691
vn -0.994027 0.109029 0.004790
vn 0.718793 0.114444 0.685740
vn 0.728294 0.336664 0.596862
vn 0.370098 0.470071 0.801287
vn 0.317170 0.260679 0.911839
vn 0.948898 0.041430 0.312851
vn 0.904377 0.234428 0.356574
vn 0.708845 -0.163662 0.686114
vn 0.943988 -0.221584 0.244515
vn 0.289773 -0.023991 0.956795
vn 0.494606 -0.675966 0.546292
vn 0.655201 -0.740909 0.147530
vn 0.059859 -0.543194 0.837471
vn 0.201960 -0.969720 -0.137316
vn -0.191264 -0.981535 -0.002502
vn 0.823137 -0.478213 -0.306198
vn 0.742789 -0.660531 -0.109376
vn 0.063333 -0.997121 -0.041707
vn -0.242004 -0.969964 -0.024568
vn 0.007670 -0.999970 0.001367
vn -0.272699 -0.960968 -0.046649
vn -0.070176 -0.993341 0.091371
vn -0.320354 -0.946080 -0.048024
vn -0.256303 -0.946119 0.197909
vn -0.398673 -0.915967 -0.045434
vn 0.944324 -0.049707 -0.325241
vn 0.978560 -0.168165 -0.118913
vn 0.992982 0.044391 -0.109618
vn 0.949934 0.079805 -0.302088
vn 0.965390 0.253235 0.062405
vn -0.773964 -0.209515 -0.597564
vn -0.549888 -0.673750 -0.493643
vn -0.782596 -0.233527 -0.577069
vn -0.872717 -0.262372 -0.411736
vn -0.635779 -0.297687 0.712157
vn -0.601543 0.184756 0.777182
vn -0.815816 0.188912 0.546586
vn -0.774885 -0.266406 0.573221
vn -0.391446 -0.362962 0.845594
vn -0.254412 0.122898 0.959255
vn -0.396829 -0.874861 0.277748
vn -0.422736 -0.874016 0.239561
vn -0.327318 -0.884709 0.331891
vn -0.191511 0.367265 0.910187
vn -0.549617 0.377911 0.745053
vn -0.802096 0.353202 0.481551
vn -0.121394 0.560156 0.819444
vn -0.477935 0.567686 0.670306
vn 0.491011 0.641453 0.589446
vn 0.008595 0.785704 0.618543
vn 0.797762 0.481126 0.363446
vn 0.576465 0.765403 0.286089
vn 0.171050 0.940138 0.294757
vn 0.829959 0.552350 0.077961
vn 0.612679 0.789875 -0.026875
vn 0.940550 0.297409 -0.164052
vn 0.077171 -0.996372 -0.035869
vn 0.158180 -0.956624 0.244640
vn 0.198813 -0.920646 0.335983
vn 0.020313 -0.999176 -0.035147
vn 0.016317 -0.999745 0.015584
vn -0.019396 -0.988256 0.151569
vn -0.183524 -0.942779 -0.278364
vn 0.261536 -0.879724 0.397096
vn 0.073283 -0.962725 0.260367
vn 0.083974 -0.954552 0.285969
vn 0.223403 -0.883294 0.412167
vn 0.265124 -0.869860 0.415996
vn 0.101978 -0.938407 0.330140
vn 0.296565 -0.860648 0.413926
vn 0.262546 -0.888788 0.375667
vn 0.155005 -0.944949 0.288175
vn -0.054572 -0.985186 0.162576
vn -0.076227 -0.985768 0.149838
vn 0.006663 -0.955056 0.296352
vn -0.094874 -0.911726 0.399694
vn -0.085621 -0.984509 0.153010
vn 0.041545 -0.996178 0.076840
vn -0.221827 -0.972630 0.069167
vn -0.144137 -0.988881 0.036604
vn -0.299689 -0.953839 0.019457
vn -0.115908 -0.986197 0.118237
vn -0.350235 -0.936084 -0.032886
vn -0.180213 -0.981133 0.070009
vn -0.363969 -0.930739 -0.035370
vn -0.214422 -0.975460 0.050006
vn 0.014688 -0.974904 0.222140
vn -0.356407 -0.934166 -0.017513
vn -0.225794 -0.972898 0.049873
vn -0.237280 -0.955056 -0.177670
vn -0.623486 -0.695724 -0.356697
vn -0.230416 -0.962048 0.146189
vn -0.735804 -0.677193 0.001064
vn -0.907329 -0.230874 0.351357
vn -0.422385 -0.829676 0.365006
vn -0.641656 -0.706895 0.297619
vn -0.984483 -0.146293 0.096911
vn -0.957512 0.153984 0.243845
vn -0.982842 -0.166323 -0.079733
s 1
g group3 pSphere7
usemtl initialShadingGroup
f 1972/2527/1972 1974/2528/1973 2220/2529/1974 2221/2530/1975
f 1972/2527/1972 2238/2531/1976 1973/2532/1977 1974/2528/1973
f 1972/2527/1972 2297/2538/1978 2237/2539/1979 2238/2531/1976
f 1972/2527/1972 2221/2530/1975 2278/2537/1980 2297/2538/1978
f 1973/2532/1977 1976/2542/1981 1977/2533/1982 1974/2528/1973
f 1973/2532/1977 2242/2541/1983 1975/2553/1984 1976/2542/1981
f 1973/2532/1977 2238/2531/1976 2241/2540/1985 2242/2541/1983
f 1974/2528/1973 1977/2533/1982 2219/2534/1986 2220/2529/1974
f 1975/2553/1984 2248/2567/1987 1978/2584/1988 1979/2568/1989
f 1975/2553/1984 2242/2541/1983 2247/2552/1990 2248/2567/1987
f 1975/2553/1984 1979/2568/1989 1980/2554/1991 1976/2542/1981
f 1976/2542/1981 1980/2554/1991 1981/2543/1992 1977/2533/1982
f 1977/2533/1982 1981/2543/1992 2218/2544/1993 2219/2534/1986
f 1978/3389/1988 2255/3390/1994 2011/3391/1995 2115/3392/1996
f 1978/2584/1988 2248/2567/1987 2254/2583/1997 2255/2602/1994
f 1978/2584/1988 2115/2603/1996 2116/2585/1998 1979/2568/1989
f 1979/2568/1989 2116/2585/1998 2117/2569/1999 1980/2554/1991
f 1980/2554/1991 2117/2569/1999 2118/2555/2000 1981/2543/1992
f 1981/2543/1992 2118/2555/2000 2293/2556/2001 2218/2544/1993
f 1982/3393/2002 2137/3394/2003 2140/3400/2004 1983/3401/2005
f 1982/3393/2002 2011/3391/1995 2255/3390/1994 2137/3394/2003
f 1982/3393/2002 2010/3397/2006 2012/3395/2007 2011/3391/1995
f 1982/3393/2002 1983/3401/2005 2007/3404/2008 2010/3397/2006
f 1983/3401/2005 2140/3400/2004 2141/3406/2009 1984/3407/2010
f 1983/3401/2005 1984/3407/2010 2170/3412/2011 2007/3404/2008
f 1984/3407/2010 2141/3406/2009 2096/3415/2012 2296/3416/2013
f 1984/3407/2010 2296/3416/2013 2169/3420/2014 2170/3412/2011
f 1985/3457/2015 2212/3461/2016 1989/3456/2017 1990/3450/2018
f 1985/3040/2015 2209/3041/2019 2208/3042/2020 2212/3043/2016
f 1985/3040/2015 1986/3044/2021 2210/3045/2022 2209/3041/2019
f 1985/3457/2015 1990/3450/2018 1991/3441/2023 1986/3451/2021
f 1986/3451/2021 1991/3441/2023 1992/3434/2024 1987/3442/2025
f 1986/3044/2021 1987/3050/2025 2292/3051/2026 2210/3045/2022
f 1987/3442/2025 1992/3434/2024 1993/3427/2027 2168/3443/2028
f 1987/3050/2025 2168/3058/2028 2086/3059/2029 2292/3051/2026
f 1988/3460/2030 1989/3456/2017 2212/3461/2016 2211/3462/2031
f 1988/3460/2030 1996/3458/2032 1997/3452/2033 1989/3456/2017
f 1988/3660/2030 2213/3661/2034 1995/3662/2035 1996/3663/2032
f 1988/3660/2030 2211/3664/2031 2290/3665/2036 2213/3661/2034
f 1989/3456/2017 1997/3452/2033 1998/3444/2037 1990/3450/2018
f 1990/3450/2018 1998/3444/2037 1999/3435/2038 1991/3441/2023
f 1991/3441/2023 1999/3435/2038 2000/3428/2039 1992/3434/2024
f 1992/3434/2024 2000/3428/2039 2001/3421/2040 1993/3427/2027
f 1993/3074/2027 2169/3075/2014 2301/3066/2041 2168/3058/2028
f 1993/3427/2027 2001/3421/2040 2170/3412/2011 2169/3420/2014
f 1994/3666/2042 2045/3671/2043 2038/3668/2044 1995/3662/2035
f 1994/3666/2042 2299/3673/2045 2155/3677/2046 2045/3671/2043
f 1994/3666/2042 2291/3667/2047 2257/3672/2048 2299/3673/2045
f 1994/3666/2042 1995/3662/2035 2213/3661/2034 2291/3667/2047
f 1995/3662/2035 2038/3668/2044 2031/3669/2049 1996/3663/2032
f 1996/3458/2032 2031/3453/2049 2002/3445/2050 1997/3452/2033
f 1997/3452/2033 2002/3445/2050 2003/3436/2051 1998/3444/2037
f 1998/3444/2037 2003/3436/2051 2004/3429/2052 1999/3435/2038
f 1999/3435/2038 2004/3429/2052 2005/3422/2053 2000/3428/2039
f 2000/3428/2039 2005/3422/2053 2006/3413/2054 2001/3421/2040
f 2001/3421/2040 2006/3413/2054 2007/3404/2008 2170/3412/2011
f 2002/3445/2050 2026/3437/2055 2021/3430/2056 2003/3436/2051
f 2002/3445/2050 2031/3453/2049 2032/3446/2057 2026/3437/2055
f 2003/3436/2051 2021/3430/2056 2017/3423/2058 2004/3429/2052
f 2004/3429/2052 2017/3423/2058 2008/3414/2059 2005/3422/2053
f 2005/3422/2053 2008/3414/2059 2009/3405/2060 2006/3413/2054
f 2006/3413/2054 2009/3405/2060 2010/3397/2006 2007/3404/2008
f 2008/3414/2059 2017/3423/2058 2018/3417/2061 2015/3408/2062
f 2008/3414/2059 2015/3408/2062 2013/3402/2063 2009/3405/2060
f 2009/3405/2060 2013/3402/2063 2012/3395/2007 2010/3397/2006
f 2011/3391/1995 2012/3395/2007 2119/3396/2064 2115/3392/1996
f 2012/3395/2007 2013/3402/2063 2014/3403/2065 2119/3396/2064
f 2013/3402/2063 2015/3408/2062 2016/3409/2066 2014/3403/2065
f 2014/3403/2065 2123/3410/2067 2120/3411/2068 2119/3396/2064
f 2014/3403/2065 2016/3409/2066 2126/3419/2069 2123/3410/2067
f 2015/3408/2062 2018/3417/2061 2019/3418/2070 2016/3409/2066
f 2016/3409/2066 2019/3418/2070 2020/3426/2071 2126/3419/2069
f 2017/3423/2058 2021/3430/2056 2022/3424/2072 2018/3417/2061
f 2018/3417/2061 2022/3424/2072 2023/3425/2073 2019/3418/2070
f 2019/3418/2070 2023/3425/2073 2024/3433/2074 2020/3426/2071
f 2020/2656/2071 2024/2671/2074 2025/2657/2075 2129/2641/2076
f 2020/2656/2071 2129/2641/2076 2127/2624/2077 2126/2640/2069
f 2021/3430/2056 2026/3437/2055 2027/3431/2078 2022/3424/2072
f 2022/3424/2072 2027/3431/2078 2028/3432/2079 2023/3425/2073
f 2023/3425/2073 2028/3432/2079 2029/3440/2080 2024/3433/2074
f 2024/2671/2074 2029/2687/2080 2030/2672/2081 2025/2657/2075
f 2025/2657/2075 2131/2642/2082 2130/2625/2083 2129/2641/2076
f 2025/2657/2075 2030/2672/2081 2132/2658/2084 2131/2642/2082
f 2026/3437/2055 2032/3446/2057 2033/3438/2085 2027/3431/2078
f 2027/3431/2078 2033/3438/2085 2034/3439/2086 2028/3432/2079
f 2028/3432/2079 2034/3439/2086 2035/3449/2087 2029/3440/2080
f 2029/2687/2080 2035/2701/2087 2036/2688/2088 2030/2672/2081
f 2030/2672/2081 2036/2688/2088 2037/2673/2089 2132/2658/2084
f 2031/3453/2049 2038/3459/2044 2039/3454/2090 2032/3446/2057
f 2032/3446/2057 2039/3454/2090 2040/3447/2091 2033/3438/2085
f 2033/3438/2085 2040/3447/2091 2041/3448/2092 2034/3439/2086
f 2034/3439/2086 2041/3448/2092 2042/3455/2093 2035/3449/2087
f 2035/2701/2087 2042/2709/2093 2043/2702/2094 2036/2688/2088
f 2036/2688/2088 2043/2702/2094 2044/2689/2095 2037/2673/2089
f 2037/2673/2089 2044/2689/2095 2294/2690/2096 2271/2674/2097
f 2037/2673/2089 2271/2674/2097 2270/2659/2098 2132/2658/2084
f 2038/3668/2044 2045/3671/2043 2046/3678/2099 2039/3679/2090
f 2039/3679/2090 2046/3678/2099 2047/3684/2100 2040/3685/2091
f 2040/3685/2091 2047/3684/2100 2256/3692/2101 2041/3693/2092
f 2041/3693/2092 2256/3692/2101 2150/3699/2102 2042/3700/2093
f 2042/2709/2093 2150/2710/2102 2148/2703/2103 2043/2702/2094
f 2043/2702/2094 2148/2703/2103 2145/2691/2104 2044/2689/2095
f 2044/2689/2095 2145/2691/2104 2142/2675/2105 2294/2690/2096
f 2045/3671/2043 2155/3677/2046 2154/3683/2106 2046/3678/2099
f 2046/3678/2099 2154/3683/2106 2153/3691/2107 2047/3684/2100
f 2047/3684/2100 2153/3691/2107 2152/3698/2108 2256/3692/2101
f 2048/2668/2109 2196/2680/2110 2050/2696/2111 2051/2683/2112
f 2048/2668/2109 2190/2652/2113 2189/2665/2114 2196/2680/2110
f 2048/2668/2109 2049/2653/2115 2191/2635/2116 2190/2652/2113
f 2048/2668/2109 2051/2683/2112 2052/2669/2117 2049/2653/2115
f 2049/2653/2115 2052/2669/2117 2165/2654/2118 2164/2636/2119
f 2049/2653/2115 2164/2636/2119 2249/2616/2120 2191/2635/2116
f 2050/3717/2111 2055/3715/2121 2056/3721/2122 2051/3723/2112
f 2050/3717/2111 2200/3712/2123 2054/3709/2124 2055/3715/2121
f 2050/3717/2111 2196/3722/2110 2195/3718/2125 2200/3712/2123
f 2051/2683/2112 2056/2699/2122 2057/2684/2126 2052/2669/2117
f 2052/2669/2117 2057/2684/2126 2166/2670/2127 2165/2654/2118
f 2053/3702/2128 2060/3695/2129 2061/3708/2130 2054/3709/2124
f 2053/3702/2128 2203/3696/2131 2059/3689/2132 2060/3695/2129
f 2053/3702/2128 2199/3707/2133 2198/3703/2134 2203/3696/2131
f 2053/3702/2128 2054/3709/2124 2200/3712/2123 2199/3707/2133
f 2054/3709/2124 2061/3708/2130 2062/3714/2135 2055/3715/2121
f 2055/3715/2121 2062/3714/2135 2063/3720/2136 2056/3721/2122
f 2056/2699/2122 2063/2706/2136 2064/2700/2137 2057/2684/2126
f 2057/2684/2126 2064/2700/2137 2167/2685/2138 2166/2670/2127
f 2058/3682/2139 2204/3680/2140 2257/3672/2048 2258/3674/2141
f 2058/3682/2139 2202/3690/2142 2201/3686/2143 2204/3680/2140
f 2058/3682/2139 2059/3689/2132 2203/3696/2131 2202/3690/2142
f 2058/3682/2139 2258/3674/2141 2259/3681/2144 2059/3689/2132
f 2059/3689/2132 2259/3681/2144 2260/3688/2145 2060/3695/2129
f 2060/3096/2129 2260/3087/2145 2261/3086/2146 2061/3097/2130
f 2061/3097/2130 2261/3086/2146 2262/3095/2147 2062/3106/2135
f 2062/3106/2135 2262/3095/2147 2263/3105/2148 2063/3113/2136
f 2063/3725/2136 2263/3726/2148 2298/3727/2149 2064/3728/2137
f 2064/2700/2137 2298/2707/2149 2286/2708/2150 2167/2685/2138
f 2065/3076/2151 2300/3067/2152 2205/3060/2153 2085/3065/2154
f 2065/3076/2151 2066/3070/2155 2074/3063/2156 2300/3067/2152
f 2065/3076/2151 2281/3077/2157 2282/3081/2158 2066/3070/2155
f 2065/3076/2151 2085/3065/2154 2301/3066/2041 2281/3077/2157
f 2066/3070/2155 2067/3071/2159 2073/3062/2160 2074/3063/2156
f 2066/3070/2155 2282/3081/2158 2283/3082/2161 2067/3071/2159
f 2067/3071/2159 2264/3080/2162 2072/3069/2163 2073/3062/2160
f 2067/3071/2159 2283/3082/2161 2284/3090/2164 2264/3080/2162
f 2068/3098/2165 2070/3088/2166 2071/3079/2167 2069/3089/2168
f 2068/3098/2165 2263/3105/2148 2262/3095/2147 2070/3088/2166
f 2068/3098/2165 2286/3107/2150 2298/3112/2149 2263/3105/2148
f 2068/3098/2165 2069/3089/2168 2285/3099/2169 2286/3107/2150
f 2069/3089/2168 2071/3079/2167 2072/3069/2163 2264/3080/2162
f 2069/3089/2168 2264/3080/2162 2284/3090/2164 2285/3099/2169
f 2070/3088/2166 2075/3078/2170 2076/3068/2171 2071/3079/2167
f 2070/3088/2166 2262/3095/2147 2261/3086/2146 2075/3078/2170
f 2071/3079/2167 2076/3068/2171 2077/3061/2172 2072/3069/2163
f 2072/3069/2163 2077/3061/2172 2078/3053/2173 2073/3062/2160
f 2073/3062/2160 2078/3053/2173 2287/3054/2174 2074/3063/2156
f 2074/3063/2156 2287/3054/2174 2205/3060/2153 2300/3067/2152
f 2075/3078/2170 2079/3072/2175 2080/3064/2176 2076/3068/2171
f 2075/3078/2170 2261/3086/2146 2260/3087/2145 2079/3072/2175
f 2076/3068/2171 2080/3064/2176 2081/3055/2177 2077/3061/2172
f 2077/3061/2172 2081/3055/2177 2288/3047/2178 2078/3053/2173
f 2078/3053/2173 2288/3047/2178 2206/3046/2179 2287/3054/2174
f 2079/3072/2175 2082/3073/2180 2083/3056/2181 2080/3064/2176
f 2079/3687/2175 2260/3688/2145 2259/3681/2144 2082/3675/2180
f 2080/3064/2176 2083/3056/2181 2289/3048/2182 2081/3055/2177
f 2081/3055/2177 2289/3048/2182 2208/3042/2020 2288/3047/2178
f 2082/3675/2180 2084/3670/2183 2290/3665/2036 2083/3676/2181
f 2082/3675/2180 2259/3681/2144 2258/3674/2141 2084/3670/2183
f 2083/3056/2181 2290/3057/2036 2211/3049/2031 2289/3048/2182
f 2084/3670/2183 2291/3667/2047 2213/3661/2034 2290/3665/2036
f 2084/3670/2183 2258/3674/2141 2257/3672/2048 2291/3667/2047
f 2085/3065/2154 2086/3059/2029 2168/3058/2028 2301/3066/2041
f 2085/3065/2154 2205/3060/2153 2207/3052/2184 2086/3059/2029
f 2086/3059/2029 2207/3052/2184 2210/3045/2022 2292/3051/2026
f 2087/2589/2185 2088/2608/2186 2233/2590/2187 2230/2573/2188
f 2087/2589/2185 2267/2607/2189 2268/2626/2190 2088/2608/2186
f 2087/2589/2185 2226/2572/2191 2266/2588/2192 2267/2607/2189
f 2087/2589/2185 2230/2573/2188 2227/2558/2193 2226/2572/2191
f 2088/2608/2186 2089/2627/2194 2090/2609/2195 2233/2590/2187
f 2088/2608/2186 2268/2626/2190 2269/2643/2196 2089/2627/2194
f 2089/2627/2194 2091/2644/2197 2092/2628/2198 2090/2609/2195
f 2089/2627/2194 2269/2643/2196 2270/2659/2098 2091/2644/2197
f 2090/2609/2195 2092/2628/2198 2236/2612/2199 2235/2592/2200
f 2090/2609/2195 2235/2592/2200 2234/2575/2201 2233/2590/2187
f 2091/2644/2197 2093/2660/2202 2094/2645/2203 2092/2628/2198
f 2091/2644/2197 2270/2659/2098 2271/2674/2097 2093/2660/2202
f 2092/2628/2198 2094/2645/2203 2095/2632/2204 2236/2612/2199
f 2093/2660/2202 2142/2675/2105 2143/2661/2205 2094/2645/2203
f 2093/2660/2202 2271/2674/2097 2294/2690/2096 2142/2675/2105
f 2094/2645/2203 2143/2661/2205 2144/2650/2206 2095/2632/2204
f 2095/2632/2204 2217/2633/2207 2216/2613/2208 2236/2612/2199
f 2095/2632/2204 2144/2650/2206 2171/2651/2209 2217/2633/2207
f 2096/3083/2012 2098/3085/2210 2281/3077/2157 2301/3066/2041
f 2096/3083/2012 2141/3093/2009 2097/3094/2211 2098/3085/2210
f 2096/3083/2012 2301/3066/2041 2169/3075/2014 2296/3084/2013
f 2097/2639/2211 2139/2621/2212 2138/2600/2213 2099/2619/2214
f 2097/3094/2211 2141/3093/2009 2140/3103/2004 2139/3104/2212
f 2097/3094/2211 2099/3101/2214 2156/3091/2215 2098/3085/2210
f 2098/3085/2210 2156/3091/2215 2282/3081/2158 2281/3077/2157
f 2099/3101/2214 2157/3102/2216 2158/3092/2217 2156/3091/2215
f 2099/2619/2214 2138/2600/2213 2100/2599/2218 2157/2620/2216
f 2100/2599/2218 2134/2581/2219 2133/2598/2220 2101/2618/2221
f 2100/2599/2218 2138/2600/2213 2135/2582/2222 2134/2581/2219
f 2100/2599/2218 2101/2618/2221 2159/2638/2223 2157/2620/2216
f 2101/2618/2221 2161/2637/2224 2162/2655/2225 2159/2638/2223
f 2101/2618/2221 2133/2598/2220 2102/2617/2226 2161/2637/2224
f 2102/2617/2226 2250/2597/2227 2249/2616/2120 2164/2636/2119
f 2102/2617/2226 2133/2598/2220 2251/2580/2228 2250/2597/2227
f 2102/2617/2226 2164/2636/2119 2165/2654/2118 2161/2637/2224
f 2103/2630/2229 2180/2648/2230 2109/2631/2231 2104/2611/2232
f 2103/2630/2229 2177/2647/2233 2179/2663/2234 2180/2648/2230
f 2103/2630/2229 2273/2610/2235 2272/2629/2236 2177/2647/2233
f 2103/2630/2229 2104/2611/2232 2274/2591/2237 2273/2610/2235
f 2104/2611/2232 2109/2631/2231 2110/2614/2238 2105/2594/2239
f 2104/2611/2232 2105/2594/2239 2275/2576/2240 2274/2591/2237
f 2105/2594/2239 2110/2614/2238 2111/2595/2241 2106/2577/2242
f 2105/2594/2239 2106/2577/2242 2276/2561/2243 2275/2576/2240
f 2106/2577/2242 2111/2595/2241 2112/2578/2244 2107/2562/2245
f 2106/2577/2242 2107/2562/2245 2277/2548/2246 2276/2561/2243
f 2107/2562/2245 2112/2578/2244 2239/2563/2247 2108/2549/2248
f 2107/2562/2245 2108/2549/2248 2278/2537/1980 2277/2548/2246
f 2108/2549/2248 2239/2563/2247 2240/2550/2249 2237/2539/1979
f 2108/2549/2248 2237/2539/1979 2297/2538/1978 2278/2537/1980
f 2109/2631/2231 2180/2648/2230 2183/2664/2250 2184/2649/2251
f 2109/2631/2231 2184/2649/2251 2113/2634/2252 2110/2614/2238
f 2110/2614/2238 2113/2634/2252 2114/2615/2253 2111/2595/2241
f 2111/2595/2241 2114/2615/2253 2243/2596/2254 2112/2578/2244
f 2112/2578/2244 2243/2596/2254 2244/2579/2255 2239/2563/2247
f 2113/2634/2252 2184/2649/2251 2189/2665/2114 2190/2652/2113
f 2113/2634/2252 2190/2652/2113 2191/2635/2116 2114/2615/2253
f 2114/2615/2253 2191/2635/2116 2249/2616/2120 2243/2596/2254
f 2115/2603/1996 2119/2622/2064 2120/2604/2068 2116/2585/1998
f 2116/2585/1998 2120/2604/2068 2121/2586/2256 2117/2569/1999
f 2117/2569/1999 2121/2586/2256 2122/2570/2257 2118/2555/2000
f 2118/2555/2000 2122/2570/2257 2265/2571/2258 2293/2556/2001
f 2120/2604/2068 2123/2623/2067 2124/2605/2259 2121/2586/2256
f 2121/2586/2256 2124/2605/2259 2125/2587/2260 2122/2570/2257
f 2122/2570/2257 2125/2587/2260 2266/2588/2192 2265/2571/2258
f 2123/2623/2067 2126/2640/2069 2127/2624/2077 2124/2605/2259
f 2124/2605/2259 2127/2624/2077 2128/2606/2261 2125/2587/2260
f 2125/2587/2260 2128/2606/2261 2267/2607/2189 2266/2588/2192
f 2127/2624/2077 2129/2641/2076 2130/2625/2083 2128/2606/2261
f 2128/2606/2261 2130/2625/2083 2268/2626/2190 2267/2607/2189
f 2130/2625/2083 2131/2642/2082 2269/2643/2196 2268/2626/2190
f 2131/2642/2082 2132/2658/2084 2270/2659/2098 2269/2643/2196
f 2133/2598/2220 2134/2581/2219 2252/2565/2262 2251/2580/2228
f 2134/2581/2219 2135/2582/2222 2253/2566/2263 2252/2565/2262
f 2135/2582/2222 2138/2600/2213 2139/2621/2212 2136/2601/2264
f 2135/2582/2222 2136/2601/2264 2254/2583/1997 2253/2566/2263
f 2136/3110/2264 2139/3104/2212 2140/3103/2004 2137/3111/2003
f 2136/3398/2264 2137/3394/2003 2255/3390/1994 2254/3399/1997
f 2142/2675/2105 2145/2691/2104 2146/2676/2265 2143/2661/2205
f 2143/2661/2205 2146/2676/2265 2147/2666/2266 2144/2650/2206
f 2144/2650/2206 2147/2666/2266 2172/2667/2267 2171/2651/2209
f 2145/2691/2104 2148/2703/2103 2149/2692/2268 2146/2676/2265
f 2146/2676/2265 2149/2692/2268 2173/2681/2269 2147/2666/2266
f 2147/2666/2266 2173/2681/2269 2279/2682/2270 2172/2667/2267
f 2148/2703/2103 2150/2710/2102 2151/2704/2271 2149/2692/2268
f 2149/2692/2268 2151/2704/2271 2174/2697/2272 2173/2681/2269
f 2150/3699/2102 2256/3692/2101 2152/3698/2108 2151/3705/2271
f 2151/3705/2271 2152/3698/2108 2175/3701/2273 2174/3706/2272
f 2152/3698/2108 2153/3691/2107 2280/3694/2274 2175/3701/2273
f 2153/3691/2107 2154/3683/2106 2201/3686/2143 2280/3694/2274
f 2154/3683/2106 2155/3677/2046 2204/3680/2140 2201/3686/2143
f 2155/3677/2046 2299/3673/2045 2257/3672/2048 2204/3680/2140
f 2156/3091/2215 2158/3092/2217 2283/3082/2161 2282/3081/2158
f 2157/3102/2216 2159/3109/2223 2160/3100/2275 2158/3092/2217
f 2158/3092/2217 2160/3100/2275 2284/3090/2164 2283/3082/2161
f 2159/3109/2223 2162/3115/2225 2163/3108/2276 2160/3100/2275
f 2160/3100/2275 2163/3108/2276 2285/3099/2169 2284/3090/2164
f 2161/2637/2224 2165/2654/2118 2166/2670/2127 2162/2655/2225
f 2162/2655/2225 2166/2670/2127 2167/2685/2138 2163/2686/2276
f 2163/3108/2276 2167/3114/2138 2286/3107/2150 2285/3099/2169
f 2171/2651/2209 2172/2667/2267 2178/2677/2277 2176/2662/2278
f 2171/2651/2209 2176/2662/2278 2295/2646/2279 2217/2633/2207
f 2172/2667/2267 2279/2682/2270 2181/2693/2280 2178/2677/2277
f 2173/2681/2269 2174/2697/2272 2185/2698/2281 2279/2682/2270
f 2174/3706/2272 2175/3701/2273 2192/3704/2282 2185/3711/2281
f 2175/3701/2273 2280/3694/2274 2197/3697/2283 2192/3704/2282
f 2176/2662/2278 2178/2677/2277 2179/2663/2234 2177/2647/2233
f 2176/2662/2278 2177/2647/2233 2272/2629/2236 2295/2646/2279
f 2178/2677/2277 2181/2693/2280 2182/2678/2284 2179/2663/2234
f 2179/2663/2234 2182/2678/2284 2183/2664/2250 2180/2648/2230
f 2181/2693/2280 2186/2705/2285 2187/2694/2286 2182/2678/2284
f 2181/2693/2280 2279/2682/2270 2185/2698/2281 2186/2705/2285
f 2182/2678/2284 2187/2694/2286 2188/2679/2287 2183/2664/2250
f 2183/2664/2250 2188/2679/2287 2189/2665/2114 2184/2649/2251
f 2185/3711/2281 2192/3704/2282 2193/3710/2288 2186/3716/2285
f 2186/3716/2285 2193/3710/2288 2194/3713/2289 2187/3719/2286
f 2187/3719/2286 2194/3713/2289 2195/3718/2125 2188/3724/2287
f 2188/2679/2287 2195/2695/2125 2196/2680/2110 2189/2665/2114
f 2192/3704/2282 2197/3697/2283 2198/3703/2134 2193/3710/2288
f 2193/3710/2288 2198/3703/2134 2199/3707/2133 2194/3713/2289
f 2194/3713/2289 2199/3707/2133 2200/3712/2123 2195/3718/2125
f 2197/3697/2283 2202/3690/2142 2203/3696/2131 2198/3703/2134
f 2197/3697/2283 2280/3694/2274 2201/3686/2143 2202/3690/2142
f 2205/3060/2153 2287/3054/2174 2206/3046/2179 2207/3052/2184
f 2206/3046/2179 2209/3041/2019 2210/3045/2022 2207/3052/2184
f 2206/3046/2179 2288/3047/2178 2208/3042/2020 2209/3041/2019
f 2208/3042/2020 2289/3048/2182 2211/3049/2031 2212/3043/2016
f 2214/2574/2290 2234/2575/2201 2235/2592/2200 2215/2593/2291
f 2214/2574/2290 2232/2560/2292 2231/2559/2293 2234/2575/2201
f 2214/2574/2290 2274/2591/2237 2275/2576/2240 2232/2560/2292
f 2214/2574/2290 2215/2593/2291 2273/2610/2235 2274/2591/2237
f 2215/2593/2291 2235/2592/2200 2236/2612/2199 2216/2613/2208
f 2215/2593/2291 2216/2613/2208 2272/2629/2236 2273/2610/2235
f 2216/2613/2208 2217/2633/2207 2295/2646/2279 2272/2629/2236
f 2218/2544/1993 2222/2557/2294 2223/2545/2295 2219/2534/1986
f 2218/2544/1993 2293/2556/2001 2265/2571/2258 2222/2557/2294
f 2219/2534/1986 2223/2545/2295 2224/2535/2296 2220/2529/1974
f 2220/2529/1974 2224/2535/2296 2225/2536/2297 2221/2530/1975
f 2221/2530/1975 2225/2536/2297 2277/2548/2246 2278/2537/1980
f 2222/2557/2294 2226/2572/2191 2227/2558/2193 2223/2545/2295
f 2222/2557/2294 2265/2571/2258 2266/2588/2192 2226/2572/2191
f 2223/2545/2295 2227/2558/2193 2228/2546/2298 2224/2535/2296
f 2224/2535/2296 2228/2546/2298 2229/2547/2299 2225/2536/2297
f 2225/2536/2297 2229/2547/2299 2276/2561/2243 2277/2548/2246
f 2227/2558/2193 2230/2573/2188 2231/2559/2293 2228/2546/2298
f 2228/2546/2298 2231/2559/2293 2232/2560/2292 2229/2547/2299
f 2229/2547/2299 2232/2560/2292 2275/2576/2240 2276/2561/2243
f 2230/2573/2188 2233/2590/2187 2234/2575/2201 2231/2559/2293
f 2237/2539/1979 2240/2550/2249 2241/2540/1985 2238/2531/1976
f 2239/2563/2247 2244/2579/2255 2245/2564/2300 2240/2550/2249
f 2240/2550/2249 2245/2564/2300 2246/2551/2301 2241/2540/1985
f 2241/2540/1985 2246/2551/2301 2247/2552/1990 2242/2541/1983
f 2243/2596/2254 2249/2616/2120 2250/2597/2227 2244/2579/2255
f 2244/2579/2255 2250/2597/2227 2251/2580/2228 2245/2564/2300
f 2245/2564/2300 2251/2580/2228 2252/2565/2262 2246/2551/2301
f 2246/2551/2301 2252/2565/2262 2253/2566/2263 2247/2552/1990
f 2247/2552/1990 2253/2566/2263 2254/2583/1997 2248/2567/1987
s 10
f 2302/3116/2302 2353/3117/2303 2354/3118/2304 2355/3119/2305
f 2302/3116/2302 2304/3120/2306 2305/3121/2307 2353/3117/2303
f 2302/3116/2302 2331/3127/2308 2303/3128/2309 2304/3120/2306
f 2302/3116/2302 2355/3119/2305 2352/3126/2310 2331/3127/2308
f 2303/3128/2309 2401/3140/2311 2420/3152/2312 2343/3141/2313
f 2303/3128/2309 2331/3127/2308 2402/3139/2314 2401/3140/2311
f 2303/3128/2309 2343/3141/2313 2344/3129/2315 2304/3120/2306
f 2304/3120/2306 2344/3129/2315 2345/3130/2316 2305/3121/2307
f 2305/3121/2307 2345/3130/2316 2336/3144/2317 2418/3131/2318
f 2305/3121/2307 2418/3131/2318 2404/3122/2319 2353/3117/2303
f 2306/2711/2320 2307/2712/2321 2408/2713/2322 2407/2714/2323
f 2306/2711/2320 2383/2715/2324 2318/2716/2325 2307/2712/2321
f 2306/2711/2320 2333/2722/2326 2335/2723/2327 2383/2715/2324
f 2306/2711/2320 2407/2714/2323 2415/2721/2328 2333/2722/2326
f 2307/2712/2321 2318/2716/2325 2319/2726/2329 2320/2717/2330
f 2307/2712/2321 2320/2717/2330 2409/2718/2331 2408/2713/2322
f 2308/2755/2332 2386/2754/2333 2420/2761/2312 2381/2762/2334
f 2308/2755/2332 2391/2744/2335 2387/2743/2336 2386/2754/2333
f 2308/2755/2332 2392/2760/2337 2390/2756/2338 2391/2744/2335
f 2308/2755/2332 2381/2762/2334 2398/2764/2339 2392/2760/2337
f 2309/2750/2340 2359/2758/2341 2361/2763/2342 2325/2759/2343
f 2309/2750/2340 2321/2737/2344 2414/2749/2345 2359/2758/2341
f 2309/2750/2340 2310/2738/2346 2322/2727/2347 2321/2737/2344
f 2309/2750/2340 2325/2759/2343 2311/2751/2348 2310/2738/2346
f 2310/2738/2346 2417/2739/2349 2410/2728/2350 2322/2727/2347
f 2310/2738/2346 2311/2751/2348 2312/2752/2351 2417/2739/2349
f 2311/3471/2348 2325/3463/2343 2326/3466/2352 2327/3472/2353
f 2311/3471/2348 2327/3472/2353 2313/3479/2354 2312/3480/2351
f 2312/3729/2351 2313/3730/2354 2317/3731/2355 2316/3732/2356
f 2312/2752/2351 2316/2740/2356 2410/2728/2350 2417/2739/2349
f 2313/3730/2354 2371/3733/2357 2339/3734/2358 2317/3731/2355
f 2313/3479/2354 2327/3472/2353 2329/3478/2359 2371/3488/2357
f 2314/3739/2360 2340/3740/2361 2349/3741/2362 2342/3742/2363
f 2314/3739/2360 2315/3735/2364 2341/3736/2365 2340/3740/2361
f 2314/2719/2360 2408/2713/2322 2409/2718/2331 2315/2729/2364
f 2314/2719/2360 2342/2720/2363 2407/2714/2323 2408/2713/2322
f 2315/3735/2364 2316/3732/2356 2317/3731/2355 2341/3736/2365
f 2315/2729/2364 2409/2718/2331 2410/2728/2350 2316/2740/2356
f 2317/3166/2355 2339/3157/2358 2338/3154/2366 2341/3165/2365
f 2318/2716/2325 2384/2725/2367 2385/2736/2368 2319/2726/2329
f 2318/2716/2325 2383/2715/2324 2382/2724/2369 2384/2725/2367
f 2319/2726/2329 2321/2737/2344 2322/2727/2347 2320/2717/2330
f 2319/2726/2329 2385/2736/2368 2414/2749/2345 2321/2737/2344
f 2320/2717/2330 2322/2727/2347 2410/2728/2350 2409/2718/2331
f 2323/3151/2370 2403/3150/2371 2324/3160/2372 2419/3162/2373
f 2323/3151/2370 2401/3140/2311 2402/3139/2314 2403/3150/2371
f 2323/3151/2370 2413/3161/2374 2420/3152/2312 2401/3140/2311
f 2323/3151/2370 2419/3162/2373 2399/3169/2375 2413/3161/2374
f 2324/3160/2372 2400/3168/2376 2399/3169/2375 2419/3162/2373
f 2324/3160/2372 2364/3159/2377 2395/3167/2378 2400/3168/2376
f 2324/3160/2372 2403/3150/2371 2351/3149/2379 2364/3159/2377
f 2325/3463/2343 2361/3464/2342 2362/3465/2380 2326/3466/2352
f 2326/3466/2352 2362/3465/2380 2363/3469/2381 2328/3470/2382
f 2326/3466/2352 2328/3470/2382 2329/3478/2359 2327/3472/2353
f 2328/3470/2382 2363/3469/2381 2380/3476/2383 2330/3477/2384
f 2328/3470/2382 2330/3477/2384 2373/3487/2385 2329/3478/2359
f 2329/3478/2359 2373/3487/2385 2372/3494/2386 2371/3488/2357
f 2330/3477/2384 2380/3476/2383 2367/3485/2387 2411/3486/2388
f 2330/3477/2384 2411/3486/2388 2406/3493/2389 2373/3487/2385
f 2331/3127/2308 2352/3126/2310 2416/3138/2390 2402/3139/2314
f 2332/2731/2391 2350/2730/2392 2348/2742/2393 2387/2743/2336
f 2332/2731/2391 2333/2722/2326 2415/2721/2328 2350/2730/2392
f 2332/2731/2391 2334/2732/2394 2335/2723/2327 2333/2722/2326
f 2332/2731/2391 2387/2743/2336 2391/2744/2335 2334/2732/2394
f 2334/2732/2394 2388/2745/2395 2412/2733/2396 2335/2723/2327
f 2334/2732/2394 2391/2744/2335 2390/2756/2338 2388/2745/2395
f 2335/2723/2327 2412/2733/2396 2382/2724/2369 2383/2715/2324
f 2336/3144/2317 2338/3154/2366 2339/3157/2358 2370/3132/2397
f 2336/3144/2317 2345/3130/2316 2337/3142/2398 2338/3154/2366
f 2336/3144/2317 2370/3132/2397 2404/3122/2319 2418/3131/2318
f 2337/3142/2398 2347/3143/2399 2349/3155/2362 2340/3156/2361
f 2337/3142/2398 2345/3130/2316 2344/3129/2315 2347/3143/2399
f 2337/3142/2398 2340/3156/2361 2341/3165/2365 2338/3154/2366
f 2339/3734/2358 2371/3733/2357 2372/3737/2386 2370/3738/2397
f 2342/2720/2363 2349/2741/2362 2348/2742/2393 2350/2730/2392
f 2342/2720/2363 2350/2730/2392 2415/2721/2328 2407/2714/2323
f 2343/3141/2313 2346/3153/2400 2347/3143/2399 2344/3129/2315
f 2343/3141/2313 2420/3152/2312 2386/3163/2333 2346/3153/2400
f 2346/3153/2400 2348/3164/2393 2349/3155/2362 2347/3143/2399
f 2346/2753/2400 2386/2754/2333 2387/2743/2336 2348/2742/2393
f 2351/3149/2379 2368/3137/2401 2365/3148/2402 2364/3159/2377
f 2351/3149/2379 2416/3138/2390 2352/3126/2310 2368/3137/2401
f 2351/3149/2379 2403/3150/2371 2402/3139/2314 2416/3138/2390
f 2352/3126/2310 2355/3119/2305 2369/3125/2403 2368/3137/2401
f 2353/3117/2303 2404/3122/2319 2405/3123/2404 2354/3118/2304
f 2354/3118/2304 2356/3124/2405 2369/3125/2403 2355/3119/2305
f 2354/3118/2304 2405/3123/2404 2406/3134/2389 2356/3124/2405
f 2356/3124/2405 2367/3135/2387 2366/3136/2406 2369/3125/2403
f 2356/3124/2405 2406/3134/2389 2411/3145/2388 2367/3135/2387
f 2357/2734/2407 2389/2735/2408 2374/2747/2409 2375/2748/2410
f 2357/2734/2407 2384/2725/2367 2382/2724/2369 2389/2735/2408
f 2357/2734/2407 2358/2746/2411 2385/2736/2368 2384/2725/2367
f 2357/2734/2407 2375/2748/2410 2360/2757/2412 2358/2746/2411
f 2358/2746/2411 2360/2757/2412 2361/2763/2342 2359/2758/2341
f 2358/2746/2411 2359/2758/2341 2414/2749/2345 2385/2736/2368
f 2360/3467/2412 2375/3473/2410 2377/3474/2413 2378/3468/2414
f 2360/3467/2412 2378/3468/2414 2362/3465/2380 2361/3464/2342
f 2362/3465/2380 2378/3468/2414 2379/3475/2415 2363/3469/2381
f 2363/3469/2381 2379/3475/2415 2397/3484/2416 2380/3476/2383
f 2364/3159/2377 2365/3148/2402 2396/3158/2417 2395/3167/2378
f 2365/3148/2402 2366/3136/2406 2397/3147/2416 2396/3158/2417
f 2365/3148/2402 2368/3137/2401 2369/3125/2403 2366/3136/2406
f 2366/3136/2406 2367/3135/2387 2380/3146/2383 2397/3147/2416
f 2370/3132/2397 2372/3133/2386 2405/3123/2404 2404/3122/2319
f 2372/3743/2386 2373/3744/2385 2406/3745/2389 2405/3746/2404
f 2374/3481/2409 2376/3482/2418 2377/3474/2413 2375/3473/2410
f 2374/3481/2409 2390/3489/2338 2392/3490/2337 2376/3482/2418
f 2374/2747/2409 2389/2735/2408 2388/2745/2395 2390/2756/2338
f 2376/3173/2418 2392/3174/2337 2398/3172/2339 2393/3171/2419
f 2376/3482/2418 2393/3491/2419 2394/3483/2420 2377/3474/2413
f 2377/3474/2413 2394/3483/2420 2379/3475/2415 2378/3468/2414
f 2379/3475/2415 2394/3483/2420 2396/3492/2417 2397/3484/2416
f 2381/3170/2334 2399/3169/2375 2400/3168/2376 2398/3172/2339
f 2381/3170/2334 2420/3152/2312 2413/3161/2374 2399/3169/2375
f 2382/2724/2369 2412/2733/2396 2388/2745/2395 2389/2735/2408
f 2393/3491/2419 2395/3495/2378 2396/3492/2417 2394/3483/2420
f 2393/3171/2419 2398/3172/2339 2400/3168/2376 2395/3167/2378
s 15
f 2421/3496/2421 2511/3497/2422 2510/3498/2423 2425/3499/2424
f 2421/3496/2421 2577/3500/2425 2512/3501/2426 2511/3497/2422
f 2421/3496/2421 2422/3507/2427 2570/3508/2428 2577/3500/2425
f 2421/3496/2421 2425/3499/2424 2426/3506/2429 2422/3507/2427
f 2422/3507/2427 2426/3506/2429 2427/3517/2430 2423/3518/2431
f 2422/3507/2427 2423/3518/2431 2571/3519/2432 2570/3508/2428
f 2423/3175/2431 2427/3176/2430 2516/3177/2433 2424/3178/2434
f 2423/3518/2431 2424/3530/2434 2572/3531/2435 2571/3519/2432
f 2424/3178/2434 2516/3177/2433 2514/3181/2436 2513/3182/2437
f 2424/3178/2434 2513/3182/2437 2573/3190/2438 2572/3191/2435
f 2425/3499/2424 2510/3498/2423 2509/3504/2439 2428/3505/2440
f 2425/3499/2424 2428/3505/2440 2519/3516/2441 2426/3506/2429
f 2426/3183/2429 2519/3184/2441 2518/3179/2442 2427/3176/2430
f 2427/3176/2430 2518/3179/2442 2517/3180/2443 2516/3177/2433
f 2428/3505/2440 2509/3504/2439 2467/3514/2444 2524/3515/2445
f 2428/3505/2440 2524/3515/2445 2523/3529/2446 2519/3516/2441
f 2429/3551/2447 2447/3546/2448 2503/3535/2449 2431/3543/2450
f 2429/2765/2447 2580/2768/2451 2446/2771/2452 2447/2773/2448
f 2429/2765/2447 2430/2766/2453 2564/2767/2454 2580/2768/2451
f 2429/3551/2447 2431/3543/2450 2432/3552/2455 2430/3557/2453
f 2430/2766/2453 2481/2769/2456 2563/2770/2457 2564/2767/2454
f 2430/3557/2453 2432/3552/2455 2433/3558/2458 2481/3563/2456
f 2431/3543/2450 2503/3535/2449 2505/3522/2459 2434/3532/2460
f 2431/3543/2450 2434/3532/2460 2435/3544/2461 2432/3552/2455
f 2432/3552/2455 2435/3544/2461 2436/3553/2462 2433/3558/2458
f 2433/3747/2458 2480/3748/2463 2479/3749/2464 2481/3750/2456
f 2433/3747/2458 2436/3751/2462 2437/3752/2465 2480/3748/2463
f 2434/3532/2460 2505/3522/2459 2508/3510/2466 2438/3520/2467
f 2434/3532/2460 2438/3520/2467 2439/3533/2468 2435/3544/2461
f 2435/3544/2461 2439/3533/2468 2440/3545/2469 2436/3553/2462
f 2436/3751/2462 2440/3755/2469 2442/3756/2470 2437/3752/2465
f 2437/3752/2465 2442/3756/2470 2490/3760/2471 2540/3757/2472
f 2437/3752/2465 2540/3757/2472 2482/3753/2473 2480/3748/2463
f 2438/3520/2467 2441/3509/2474 2443/3521/2475 2439/3533/2468
f 2438/3520/2467 2508/3510/2466 2512/3501/2426 2441/3509/2474
f 2439/3533/2468 2443/3521/2475 2444/3534/2476 2440/3545/2469
f 2440/3755/2469 2444/3758/2476 2445/3759/2477 2442/3756/2470
f 2441/3509/2474 2570/3508/2428 2571/3519/2432 2443/3521/2475
f 2441/3509/2474 2512/3501/2426 2577/3500/2425 2570/3508/2428
f 2442/3756/2470 2445/3759/2477 2492/3765/2478 2490/3760/2471
f 2443/3521/2475 2571/3519/2432 2572/3531/2435 2444/3534/2476
f 2444/3758/2476 2572/3763/2435 2573/3764/2438 2445/3759/2477
f 2445/3759/2477 2573/3764/2438 2578/3769/2479 2492/3765/2478
f 2446/2771/2452 2497/2772/2480 2499/2777/2481 2448/2778/2482
f 2446/2771/2452 2580/2768/2451 2564/2767/2454 2497/2772/2480
f 2446/2771/2452 2448/2778/2482 2449/2779/2483 2447/2773/2448
f 2447/3546/2448 2449/3539/2483 2450/3525/2484 2503/3535/2449
f 2448/2778/2482 2499/2777/2481 2501/2784/2485 2451/2785/2486
f 2448/2778/2482 2451/2785/2486 2452/2786/2487 2449/2779/2483
f 2449/3539/2483 2452/3540/2487 2453/3526/2488 2450/3525/2484
f 2450/3525/2484 2504/3513/2489 2505/3522/2459 2503/3535/2449
f 2450/3525/2484 2453/3526/2488 2454/3512/2490 2504/3513/2489
f 2451/2785/2486 2455/2792/2491 2456/2793/2492 2452/2786/2487
f 2451/2785/2486 2501/2784/2485 2502/2791/2493 2455/2792/2491
f 2452/3540/2487 2456/3550/2492 2457/3538/2494 2453/3526/2488
f 2453/3526/2488 2457/3538/2494 2458/3524/2495 2454/3512/2490
f 2454/3512/2490 2506/3502/2496 2507/3503/2497 2504/3513/2489
f 2454/3512/2490 2458/3524/2495 2459/3511/2498 2506/3502/2496
f 2455/2792/2491 2477/2801/2499 2474/2802/2500 2456/2793/2492
f 2455/2792/2491 2502/2791/2493 2574/2800/2501 2477/2801/2499
f 2456/3550/2492 2474/3554/2500 2471/3547/2502 2457/3538/2494
f 2457/3538/2494 2471/3547/2502 2469/3536/2503 2458/3524/2495
f 2458/3524/2495 2469/3536/2503 2468/3523/2504 2459/3511/2498
f 2459/3511/2498 2468/3523/2504 2467/3514/2444 2509/3504/2439
f 2459/3511/2498 2509/3504/2439 2510/3498/2423 2506/3502/2496
f 2460/2789/2505 2498/2783/2506 2496/2776/2507 2495/2782/2508
f 2460/2789/2505 2461/2798/2509 2500/2790/2510 2498/2783/2506
f 2460/2789/2505 2557/2797/2511 2558/2805/2512 2461/2798/2509
f 2460/2789/2505 2495/2782/2508 2556/2788/2513 2557/2797/2511
f 2461/2798/2509 2462/2806/2514 2463/2799/2515 2500/2790/2510
f 2461/2798/2509 2558/2805/2512 2559/2812/2516 2462/2806/2514
f 2462/2806/2514 2464/2813/2517 2465/2807/2518 2463/2799/2515
f 2462/2806/2514 2559/2812/2516 2560/2818/2519 2464/2813/2517
f 2463/2799/2515 2465/2807/2518 2574/2800/2501 2502/2791/2493
f 2463/2799/2515 2502/2791/2493 2501/2784/2485 2500/2790/2510
f 2464/2813/2517 2466/2814/2520 2478/2808/2521 2465/2807/2518
f 2464/2813/2517 2560/2818/2519 2561/2819/2522 2466/2814/2520
f 2465/2807/2518 2478/2808/2521 2477/2801/2499 2574/2800/2501
f 2466/2814/2520 2476/2815/2523 2475/2809/2524 2478/2808/2521
f 2466/2814/2520 2561/2819/2522 2575/2820/2525 2476/2815/2523
f 2467/3514/2444 2537/3527/2526 2579/3528/2527 2524/3515/2445
f 2467/3514/2444 2468/3523/2504 2538/3537/2528 2537/3527/2526
f 2468/3523/2504 2469/3536/2503 2470/3548/2529 2538/3537/2528
f 2469/3536/2503 2471/3547/2502 2472/3555/2530 2470/3548/2529
f 2470/3548/2529 2472/3555/2530 2473/3560/2531 2539/3556/2532
f 2470/3548/2529 2539/3556/2532 2532/3549/2533 2538/3537/2528
f 2471/3547/2502 2474/3554/2500 2475/3559/2524 2472/3555/2530
f 2472/2821/2530 2475/2809/2524 2476/2815/2523 2473/2822/2531
f 2473/3560/2531 2536/3564/2534 2535/3561/2535 2539/3556/2532
f 2473/2822/2531 2476/2815/2523 2575/2820/2525 2536/2827/2534
f 2474/2802/2500 2477/2801/2499 2478/2808/2521 2475/2809/2524
f 2479/2774/2464 2562/2775/2536 2563/2770/2457 2481/2769/2456
f 2479/2774/2464 2483/2780/2537 2576/2781/2538 2562/2775/2536
f 2479/3749/2464 2480/3748/2463 2482/3753/2473 2483/3754/2537
f 2482/2794/2473 2484/2795/2539 2485/2787/2540 2483/2780/2537
f 2482/3753/2473 2540/3757/2472 2541/3761/2541 2484/3762/2539
f 2483/2780/2537 2485/2787/2540 2556/2788/2513 2576/2781/2538
f 2484/2795/2539 2486/2803/2542 2487/2796/2543 2485/2787/2540
f 2484/3762/2539 2541/3761/2541 2543/3767/2544 2486/3768/2542
f 2485/2787/2540 2487/2796/2543 2557/2797/2511 2556/2788/2513
f 2486/3217/2542 2543/3216/2544 2546/3215/2545 2547/3218/2546
f 2486/2803/2542 2547/2810/2546 2488/2804/2547 2487/2796/2543
f 2487/2796/2543 2488/2804/2547 2558/2805/2512 2557/2797/2511
f 2488/2804/2547 2489/2811/2548 2559/2812/2516 2558/2805/2512
f 2488/2804/2547 2547/2810/2546 2551/2816/2549 2489/2811/2548
f 2489/2811/2548 2551/2816/2549 2553/2825/2550 2554/2817/2551
f 2489/2811/2548 2554/2817/2551 2560/2818/2519 2559/2812/2516
f 2490/3760/2471 2492/3765/2478 2493/3770/2552 2491/3766/2553
f 2490/3760/2471 2491/3766/2553 2541/3761/2541 2540/3757/2472
f 2491/3766/2553 2542/3771/2554 2543/3767/2544 2541/3761/2541
f 2491/3206/2553 2493/3197/2552 2494/3198/2555 2542/3207/2554
f 2492/3765/2478 2578/3769/2479 2567/3772/2556 2493/3770/2552
f 2493/3197/2552 2567/3189/2556 2568/3188/2557 2494/3198/2555
f 2494/3198/2555 2544/3205/2558 2545/3212/2559 2542/3207/2554
f 2494/3198/2555 2568/3188/2557 2569/3196/2560 2544/3205/2558
f 2495/2782/2508 2562/2775/2536 2576/2781/2538 2556/2788/2513
f 2495/2782/2508 2496/2776/2507 2563/2770/2457 2562/2775/2536
f 2496/2776/2507 2498/2783/2506 2499/2777/2481 2497/2772/2480
f 2496/2776/2507 2497/2772/2480 2564/2767/2454 2563/2770/2457
f 2498/2783/2506 2500/2790/2510 2501/2784/2485 2499/2777/2481
f 2504/3513/2489 2507/3503/2497 2508/3510/2466 2505/3522/2459
f 2506/3502/2496 2510/3498/2423 2511/3497/2422 2507/3503/2497
f 2507/3503/2497 2511/3497/2422 2512/3501/2426 2508/3510/2466
f 2513/3182/2437 2514/3181/2436 2568/3188/2557 2567/3189/2556
f 2513/3182/2437 2567/3189/2556 2578/3199/2479 2573/3190/2438
f 2514/3181/2436 2516/3177/2433 2517/3180/2443 2515/3187/2561
f 2514/3181/2436 2515/3187/2561 2569/3196/2560 2568/3188/2557
f 2515/3187/2561 2517/3180/2443 2521/3186/2562 2520/3195/2563
f 2515/3187/2561 2520/3195/2563 2581/3204/2564 2569/3196/2560
f 2517/3180/2443 2518/3179/2442 2522/3185/2565 2521/3186/2562
f 2518/3179/2442 2519/3184/2441 2523/3192/2446 2522/3185/2565
f 2520/3195/2563 2521/3186/2562 2527/3194/2566 2528/3203/2567
f 2520/3195/2563 2528/3203/2567 2548/3211/2568 2581/3204/2564
f 2521/3186/2562 2522/3185/2565 2526/3193/2569 2527/3194/2566
f 2522/3185/2565 2523/3192/2446 2525/3200/2570 2526/3193/2569
f 2523/3192/2446 2524/3208/2445 2579/3209/2527 2525/3200/2570
f 2525/3200/2570 2529/3210/2571 2530/3201/2572 2526/3193/2569
f 2525/3541/2570 2579/3528/2527 2537/3527/2526 2529/3542/2571
f 2526/3193/2569 2530/3201/2572 2531/3202/2573 2527/3194/2566
f 2527/2841/2566 2531/2839/2573 2565/2835/2574 2528/2838/2567
f 2528/2838/2567 2565/2835/2574 2549/2829/2575 2548/2834/2568
f 2529/3210/2571 2532/3213/2533 2533/3214/2576 2530/3201/2572
f 2529/3542/2571 2537/3527/2526 2538/3537/2528 2532/3549/2533
f 2530/2840/2572 2533/2837/2576 2534/2836/2577 2531/2839/2573
f 2531/2839/2573 2534/2836/2577 2552/2830/2578 2565/2835/2574
f 2532/3549/2533 2539/3556/2532 2535/3561/2535 2533/3562/2576
f 2533/2837/2576 2535/2832/2535 2566/2831/2579 2534/2836/2577
f 2534/2836/2577 2566/2831/2579 2553/2825/2550 2552/2830/2578
f 2535/2832/2535 2536/2827/2534 2555/2826/2580 2566/2831/2579
f 2536/2827/2534 2575/2820/2525 2561/2819/2522 2555/2826/2580
f 2542/3207/2554 2545/3212/2559 2546/3215/2545 2543/3216/2544
f 2544/2833/2558 2548/2834/2568 2549/2829/2575 2545/2828/2559
f 2544/3205/2558 2569/3196/2560 2581/3204/2564 2548/3211/2568
f 2545/2828/2559 2549/2829/2575 2550/2824/2581 2546/2823/2545
f 2546/2823/2545 2550/2824/2581 2551/2816/2549 2547/2810/2546
f 2549/2829/2575 2565/2835/2574 2552/2830/2578 2550/2824/2581
f 2550/2824/2581 2552/2830/2578 2553/2825/2550 2551/2816/2549
f 2553/2825/2550 2566/2831/2579 2555/2826/2580 2554/2817/2551
f 2554/2817/2551 2555/2826/2580 2561/2819/2522 2560/2818/2519
s 18
f 2582/2842/2582 2584/2843/2583 2585/2844/2584 2603/2845/2585
f 2582/2842/2582 2673/2846/2586 2583/2847/2587 2584/2843/2583
f 2582/2842/2582 2678/2853/2588 2658/2854/2589 2673/2846/2586
f 2582/2842/2582 2603/2845/2585 2674/2852/2590 2678/2853/2588
f 2583/2847/2587 2594/2863/2591 2595/2864/2592 2669/2855/2593
f 2583/3565/2587 2673/3566/2586 2657/3567/2594 2594/3568/2591
f 2583/2847/2587 2669/2855/2593 2671/2848/2595 2584/2843/2583
f 2584/2843/2583 2671/2848/2595 2672/2849/2596 2585/2844/2584
f 2585/2844/2584 2672/2849/2596 2614/2858/2597 2605/2850/2598
f 2585/2844/2584 2605/2850/2598 2604/2851/2599 2603/2845/2585
f 2586/3219/2600 2588/3222/2601 2592/3229/2602 2591/3230/2603
f 2586/3219/2600 2650/3220/2604 2587/3221/2605 2588/3222/2601
f 2586/3219/2600 2686/3223/2606 2648/3224/2607 2650/3220/2604
f 2586/3219/2600 2591/3230/2603 2656/3231/2608 2686/3223/2606
f 2587/3221/2605 2651/3226/2609 2682/3236/2610 2589/3227/2611
f 2587/3221/2605 2650/3220/2604 2649/3225/2612 2651/3226/2609
f 2587/3221/2605 2589/3227/2611 2590/3228/2613 2588/3222/2601
f 2588/3222/2601 2590/3228/2613 2593/3239/2614 2592/3229/2602
f 2589/3227/2611 2652/3237/2615 2653/3238/2616 2590/3228/2613
f 2589/3773/2611 2682/3774/2610 2665/3775/2617 2652/3776/2615
f 2590/3588/2613 2653/3586/2616 2685/3583/2618 2593/3582/2614
f 2591/3230/2603 2592/3229/2602 2624/3240/2619 2606/3241/2620
f 2591/3230/2603 2606/3241/2620 2632/3242/2621 2656/3231/2608
f 2592/3229/2602 2593/3239/2614 2625/3246/2622 2624/3240/2619
f 2593/3582/2614 2685/3583/2618 2623/3575/2623 2625/3576/2622
f 2594/3568/2591 2659/3572/2624 2661/3577/2625 2595/3578/2592
f 2594/3568/2591 2657/3567/2594 2626/3571/2626 2659/3572/2624
f 2595/3578/2592 2661/3577/2625 2660/3584/2627 2596/3585/2628
f 2595/2864/2592 2596/2873/2628 2668/2865/2629 2669/2855/2593
f 2596/3799/2628 2660/3794/2627 2663/3791/2630 2615/3795/2631
f 2596/2873/2628 2615/2881/2631 2683/2874/2632 2668/2865/2629
f 2597/3250/2633 2601/3243/2634 2602/3251/2635 2598/3260/2636
f 2597/3250/2633 2654/3244/2637 2655/3232/2638 2601/3243/2634
f 2597/3250/2633 2643/3259/2639 2679/3252/2640 2654/3244/2637
f 2597/3250/2633 2598/3260/2636 2644/3265/2641 2643/3259/2639
f 2598/3260/2636 2602/3251/2635 2629/3261/2642 2599/3266/2643
f 2598/3260/2636 2599/3266/2643 2645/3269/2644 2644/3265/2641
f 2599/2870/2643 2629/2871/2642 2627/2860/2645 2600/2859/2646
f 2599/2870/2643 2600/2859/2646 2646/2869/2647 2645/2879/2644
f 2600/2859/2646 2627/2860/2645 2604/2851/2599 2605/2850/2598
f 2600/2859/2646 2605/2850/2598 2614/2858/2597 2646/2869/2647
f 2601/3243/2634 2632/3242/2621 2631/3249/2648 2602/3251/2635
f 2601/3243/2634 2655/3232/2638 2656/3231/2608 2632/3242/2621
f 2602/3251/2635 2631/3249/2648 2630/3258/2649 2629/3261/2642
f 2603/2845/2585 2604/2851/2599 2684/2861/2650 2674/2852/2590
f 2604/2851/2599 2627/2860/2645 2628/2872/2651 2684/2861/2650
f 2606/3241/2620 2607/3248/2652 2631/3249/2648 2632/3242/2621
f 2606/3241/2620 2624/3240/2619 2610/3247/2653 2607/3248/2652
f 2607/3248/2652 2610/3247/2653 2611/3256/2654 2608/3257/2655
f 2607/3248/2652 2608/3257/2655 2630/3258/2649 2631/3249/2648
f 2608/3573/2655 2611/3569/2654 2658/3570/2589 2609/3574/2656
f 2608/3573/2655 2609/3574/2656 2628/3579/2651 2630/3580/2649
f 2609/2862/2656 2658/2854/2589 2678/2853/2588 2674/2852/2590
f 2609/2862/2656 2674/2852/2590 2684/2861/2650 2628/2872/2651
f 2610/3247/2653 2624/3240/2619 2625/3246/2622 2626/3255/2626
f 2610/3247/2653 2626/3255/2626 2657/3264/2594 2611/3256/2654
f 2611/3569/2654 2657/3567/2594 2673/3566/2586 2658/3570/2589
f 2612/2856/2657 2613/2866/2658 2614/2858/2597 2672/2849/2596
f 2612/2856/2657 2675/2868/2659 2681/2875/2660 2613/2866/2658
f 2612/2856/2657 2670/2857/2661 2676/2867/2662 2675/2868/2659
f 2612/2856/2657 2672/2849/2596 2671/2848/2595 2670/2857/2661
f 2613/2866/2658 2642/2876/2663 2646/2869/2647 2614/2858/2597
f 2613/2866/2658 2681/2875/2660 2637/2882/2664 2642/2876/2663
f 2615/2881/2631 2634/2878/2665 2676/2867/2662 2683/2874/2632
f 2615/3795/2631 2663/3791/2630 2662/3790/2666 2634/3796/2665
f 2616/3245/2667 2618/3234/2668 2649/3225/2612 2647/3233/2669
f 2616/3245/2667 2636/3253/2670 2617/3254/2671 2618/3234/2668
f 2616/3245/2667 2679/3252/2640 2643/3259/2639 2636/3253/2670
f 2616/3245/2667 2647/3233/2669 2654/3244/2637 2679/3252/2640
f 2617/3787/2671 2620/3781/2672 2621/3777/2673 2618/3788/2668
f 2617/3787/2671 2639/3793/2674 2619/3786/2675 2620/3781/2672
f 2617/3254/2671 2636/3253/2670 2635/3262/2676 2639/3263/2674
f 2618/3234/2668 2621/3235/2673 2651/3226/2609 2649/3225/2612
f 2619/3786/2675 2667/3783/2677 2666/3779/2678 2620/3781/2672
f 2619/3786/2675 2640/3792/2679 2662/3790/2666 2667/3783/2677
f 2619/3786/2675 2639/3793/2674 2638/3797/2680 2640/3792/2679
f 2620/3781/2672 2666/3779/2678 2665/3775/2617 2621/3777/2673
f 2621/3777/2673 2665/3775/2617 2682/3774/2610 2651/3778/2609
f 2622/3782/2681 2664/3780/2682 2666/3779/2678 2667/3783/2677
f 2622/3782/2681 2680/3789/2683 2677/3784/2684 2664/3780/2682
f 2622/3782/2681 2663/3791/2630 2660/3794/2627 2680/3789/2683
f 2622/3782/2681 2667/3783/2677 2662/3790/2666 2663/3791/2630
f 2623/3575/2623 2659/3572/2624 2626/3571/2626 2625/3576/2622
f 2623/3575/2623 2677/3581/2684 2661/3577/2625 2659/3572/2624
f 2623/3575/2623 2685/3583/2618 2653/3586/2616 2677/3581/2684
f 2627/2860/2645 2629/2871/2642 2630/2880/2649 2628/2872/2651
f 2633/2877/2685 2637/2882/2664 2681/2875/2660 2675/2868/2659
f 2633/3798/2685 2640/3792/2679 2638/3797/2680 2637/3800/2664
f 2633/3798/2685 2634/3796/2665 2662/3790/2666 2640/3792/2679
f 2633/2877/2685 2675/2868/2659 2676/2867/2662 2634/2878/2665
f 2635/3262/2676 2641/3267/2686 2638/3268/2680 2639/3263/2674
f 2635/3262/2676 2644/3265/2641 2645/3269/2644 2641/3267/2686
f 2635/3262/2676 2636/3253/2670 2643/3259/2639 2644/3265/2641
f 2637/2882/2664 2638/2884/2680 2641/2883/2686 2642/2876/2663
f 2641/2883/2686 2645/2879/2644 2646/2869/2647 2642/2876/2663
f 2647/3233/2669 2649/3225/2612 2650/3220/2604 2648/3224/2607
f 2647/3233/2669 2648/3224/2607 2655/3232/2638 2654/3244/2637
f 2648/3224/2607 2686/3223/2606 2656/3231/2608 2655/3232/2638
f 2652/3776/2615 2665/3775/2617 2666/3779/2678 2664/3780/2682
f 2652/3776/2615 2664/3780/2682 2677/3784/2684 2653/3785/2616
f 2660/3584/2627 2661/3577/2625 2677/3581/2684 2680/3587/2683
f 2668/2865/2629 2670/2857/2661 2671/2848/2595 2669/2855/2593
f 2668/2865/2629 2683/2874/2632 2676/2867/2662 2670/2857/2661
s 22
f 2687/2885/2687 2736/2886/2688 2782/2887/2689 2783/2888/2690
f 2687/2885/2687 2778/2889/2691 2768/2890/2692 2736/2886/2688
f 2687/2885/2687 2688/2896/2693 2751/2897/2694 2778/2889/2691
f 2687/2885/2687 2783/2888/2690 2784/2895/2695 2688/2896/2693
f 2688/2896/2693 2689/2907/2696 2752/2908/2697 2751/2897/2694
f 2688/2896/2693 2784/2895/2695 2690/2906/2698 2689/2907/2696
f 2689/2907/2696 2813/2919/2699 2753/2920/2700 2752/2908/2697
f 2689/2907/2696 2690/2906/2698 2799/2918/2701 2813/2919/2699
f 2690/2906/2698 2788/2917/2702 2693/2928/2703 2799/2918/2701
f 2690/2906/2698 2784/2895/2695 2787/2905/2704 2788/2917/2702
f 2691/3270/2705 2779/3271/2706 2781/3272/2707 2761/3273/2708
f 2691/3270/2705 2816/3274/2709 2696/3275/2710 2779/3271/2706
f 2691/3270/2705 2692/3281/2711 2697/3282/2712 2816/3274/2709
f 2691/3270/2705 2761/3273/2708 2759/3280/2713 2692/3281/2711
f 2692/3281/2711 2759/3280/2713 2769/3290/2714 2758/3291/2715
f 2692/3281/2711 2758/3291/2715 2789/3292/2716 2697/3282/2712
f 2693/2928/2703 2694/2935/2717 2800/2929/2718 2799/2918/2701
f 2693/2928/2703 2815/2934/2719 2721/2938/2720 2694/2935/2717
f 2693/2928/2703 2788/2917/2702 2805/2927/2721 2815/2934/2719
f 2694/2935/2717 2721/2938/2720 2723/2940/2722 2724/2939/2723
f 2694/2935/2717 2724/2939/2723 2801/2936/2724 2800/2929/2718
f 2695/3276/2725 2780/3277/2726 2781/3272/2707 2779/3271/2706
f 2695/3276/2725 2798/3285/2727 2817/3286/2728 2780/3277/2726
f 2695/3276/2725 2796/3284/2729 2795/3295/2730 2798/3285/2727
f 2695/3276/2725 2779/3271/2706 2696/3275/2710 2796/3284/2729
f 2696/3275/2710 2792/3283/2731 2791/3294/2732 2796/3284/2729
f 2696/3275/2710 2816/3274/2709 2697/3282/2712 2792/3283/2731
f 2697/3282/2712 2789/3292/2716 2732/3293/2733 2792/3283/2731
f 2698/3801/2734 2699/3802/2735 2700/3803/2736 2742/3804/2737
f 2698/3320/2734 2809/3310/2738 2810/3319/2739 2699/3327/2735
f 2698/3320/2734 2737/3321/2740 2808/3299/2741 2809/3310/2738
f 2698/3593/2734 2742/3594/2737 2738/3590/2742 2737/3589/2740
f 2699/3802/2735 2701/3805/2743 2702/3806/2744 2700/3803/2736
f 2699/3327/2735 2810/3319/2739 2811/3318/2745 2701/3328/2743
f 2700/3803/2736 2702/3806/2744 2703/3811/2746 2746/3807/2747
f 2700/3803/2736 2746/3807/2747 2743/3808/2748 2742/3804/2737
f 2701/3805/2743 2704/3809/2749 2705/3810/2750 2702/3806/2744
f 2701/3328/2743 2811/3318/2745 2819/3326/2751 2704/3332/2749
f 2702/3338/2744 2705/3335/2750 2706/3337/2752 2703/3339/2746
f 2703/3811/2746 2706/3815/2752 2720/3816/2753 2719/3814/2754
f 2703/3811/2746 2719/3814/2754 2747/3812/2755 2746/3807/2747
f 2704/3332/2749 2733/3325/2756 2707/3331/2757 2705/3335/2750
f 2704/3332/2749 2819/3326/2751 2793/3317/2758 2733/3325/2756
f 2705/3335/2750 2707/3331/2757 2708/3334/2759 2706/3337/2752
f 2706/3815/2752 2708/3817/2759 2709/3818/2760 2720/3816/2753
f 2707/3331/2757 2733/3325/2756 2734/3316/2761 2729/3324/2762
f 2707/3331/2757 2729/3324/2762 2812/3329/2763 2708/3334/2759
f 2708/3334/2759 2812/3329/2763 2710/3333/2764 2709/3336/2760
f 2709/2924/2760 2710/2932/2764 2718/2926/2765 2717/2915/2766
f 2709/2924/2760 2717/2915/2766 2716/2914/2767 2720/2925/2753
f 2710/2932/2764 2722/2937/2768 2711/2933/2769 2718/2926/2765
f 2710/3333/2764 2812/3329/2763 2725/3322/2770 2722/3330/2768
f 2711/2933/2769 2722/2937/2768 2723/2940/2722 2721/2938/2720
f 2711/2933/2769 2805/2927/2721 2804/2916/2771 2718/2926/2765
f 2711/2933/2769 2721/2938/2720 2815/2934/2719 2805/2927/2721
f 2712/3296/2772 2757/3309/2773 2756/3298/2774 2713/3287/2775
f 2712/3296/2772 2797/3297/2776 2714/3308/2777 2757/3309/2773
f 2712/3296/2772 2817/3286/2728 2798/3285/2727 2797/3297/2776
f 2712/3296/2772 2713/3287/2775 2780/3277/2726 2817/3286/2728
f 2713/3287/2775 2756/3298/2774 2755/3288/2778 2754/3278/2779
f 2713/3287/2775 2754/3278/2779 2781/3272/2707 2780/3277/2726
f 2714/3308/2777 2793/3317/2758 2819/3326/2751 2811/3318/2745
f 2714/3308/2777 2797/3297/2776 2794/3307/2780 2793/3317/2758
f 2714/3308/2777 2811/3318/2745 2810/3319/2739 2757/3309/2773
f 2715/2923/2781 2735/2912/2782 2747/2922/2755 2719/2931/2754
f 2715/2923/2781 2820/2913/2783 2807/2902/2784 2735/2912/2782
f 2715/2923/2781 2716/2914/2767 2802/2903/2785 2820/2913/2783
f 2715/2923/2781 2719/2931/2754 2720/2925/2753 2716/2914/2767
f 2716/2914/2767 2717/2915/2766 2803/2904/2786 2802/2903/2785
f 2717/2915/2766 2718/2926/2765 2804/2916/2771 2803/2904/2786
f 2722/3330/2768 2725/3322/2770 2726/3313/2787 2723/3323/2722
f 2723/3323/2722 2726/3313/2787 2727/3304/2788 2724/3314/2723
f 2724/3314/2723 2727/3304/2788 2728/3303/2789 2801/3312/2724
f 2725/3322/2770 2730/3315/2790 2731/3305/2791 2726/3313/2787
f 2725/3322/2770 2812/3329/2763 2729/3324/2762 2730/3315/2790
f 2726/3313/2787 2731/3305/2791 2732/3293/2733 2727/3304/2788
f 2727/3304/2788 2732/3293/2733 2789/3292/2716 2728/3303/2789
f 2728/3303/2789 2789/3292/2716 2758/3291/2715 2748/3301/2792
f 2728/3303/2789 2748/3301/2792 2750/3311/2793 2801/3312/2724
f 2729/3324/2762 2734/3316/2761 2790/3306/2794 2730/3315/2790
f 2730/3315/2790 2790/3306/2794 2791/3294/2732 2731/3305/2791
f 2731/3305/2791 2791/3294/2732 2792/3283/2731 2732/3293/2733
f 2733/3325/2756 2793/3317/2758 2794/3307/2780 2734/3316/2761
f 2734/3316/2761 2794/3307/2780 2795/3295/2730 2790/3306/2794
f 2735/2912/2782 2745/2901/2795 2744/2911/2796 2747/2922/2755
f 2735/2912/2782 2807/2902/2784 2806/2892/2797 2745/2901/2795
f 2736/2886/2688 2814/2891/2798 2806/2892/2797 2782/2887/2689
f 2736/2886/2688 2768/2890/2692 2741/2900/2799 2814/2891/2798
f 2737/3589/2740 2738/3590/2742 2765/3591/2800 2764/3592/2801
f 2737/3589/2740 2764/3592/2801 2818/3599/2802 2808/3600/2741
f 2738/3590/2742 2742/3594/2737 2743/3601/2748 2739/3595/2803
f 2738/3590/2742 2739/3595/2803 2766/3596/2804 2765/3591/2800
f 2739/3595/2803 2740/3602/2805 2767/3603/2806 2766/3596/2804
f 2739/3595/2803 2743/3601/2748 2744/3608/2796 2740/3602/2805
f 2740/2910/2805 2741/2900/2799 2768/2890/2692 2767/2898/2806
f 2740/2910/2805 2744/2911/2796 2745/2901/2795 2741/2900/2799
f 2741/2900/2799 2745/2901/2795 2806/2892/2797 2814/2891/2798
f 2743/3808/2748 2746/3807/2747 2747/3812/2755 2744/3813/2796
f 2748/3618/2792 2770/3615/2807 2749/3617/2808 2750/3619/2793
f 2748/3301/2792 2758/3291/2715 2769/3290/2714 2770/3302/2807
f 2749/2921/2808 2773/2909/2809 2751/2897/2694 2752/2908/2697
f 2749/3617/2808 2770/3615/2807 2772/3610/2810 2773/3614/2809
f 2749/2921/2808 2752/2908/2697 2753/2920/2700 2750/2930/2793
f 2750/2930/2793 2753/2920/2700 2800/2929/2718 2801/2936/2724
f 2751/2897/2694 2773/2909/2809 2777/2899/2811 2778/2889/2691
f 2753/2920/2700 2813/2919/2699 2799/2918/2701 2800/2929/2718
f 2754/3278/2779 2762/3279/2812 2761/3273/2708 2781/3272/2707
f 2754/3278/2779 2755/3288/2778 2763/3289/2813 2762/3279/2812
f 2755/3288/2778 2756/3298/2774 2809/3310/2738 2808/3299/2741
f 2755/3288/2778 2808/3299/2741 2818/3300/2802 2763/3289/2813
f 2756/3298/2774 2757/3309/2773 2810/3319/2739 2809/3310/2738
f 2759/3612/2713 2761/3616/2708 2762/3611/2812 2760/3605/2814
f 2759/3612/2713 2760/3605/2814 2771/3606/2815 2769/3613/2714
f 2760/3605/2814 2774/3598/2816 2775/3597/2817 2771/3606/2815
f 2760/3605/2814 2762/3611/2812 2763/3607/2813 2774/3598/2816
f 2763/3607/2813 2818/3599/2802 2764/3592/2801 2774/3598/2816
f 2764/3592/2801 2765/3591/2800 2775/3597/2817 2774/3598/2816
f 2765/3591/2800 2766/3596/2804 2776/3604/2818 2775/3597/2817
f 2766/3596/2804 2767/3603/2806 2777/3609/2811 2776/3604/2818
f 2767/2898/2806 2768/2890/2692 2778/2889/2691 2777/2899/2811
f 2769/3613/2714 2771/3606/2815 2772/3610/2810 2770/3615/2807
f 2771/3606/2815 2775/3597/2817 2776/3604/2818 2772/3610/2810
f 2772/3610/2810 2776/3604/2818 2777/3609/2811 2773/3614/2809
f 2782/2887/2689 2785/2893/2819 2786/2894/2820 2783/2888/2690
f 2782/2887/2689 2806/2892/2797 2807/2902/2784 2785/2893/2819
f 2783/2888/2690 2786/2894/2820 2787/2905/2704 2784/2895/2695
f 2785/2893/2819 2802/2903/2785 2803/2904/2786 2786/2894/2820
f 2785/2893/2819 2807/2902/2784 2820/2913/2783 2802/2903/2785
f 2786/2894/2820 2803/2904/2786 2804/2916/2771 2787/2905/2704
f 2787/2905/2704 2804/2916/2771 2805/2927/2721 2788/2917/2702
f 2790/3306/2794 2795/3295/2730 2796/3284/2729 2791/3294/2732
f 2794/3307/2780 2797/3297/2776 2798/3285/2727 2795/3295/2730
s 26
f 2821/2941/2821 2822/2942/2822 2964/2943/2823 2973/2944/2824
f 2821/2941/2821 2831/2945/2825 2825/2946/2826 2822/2942/2822
f 2821/2941/2821 2977/2952/2827 2861/2953/2828 2831/2945/2825
f 2821/2941/2821 2973/2944/2824 2932/2951/2829 2977/2952/2827
f 2822/2942/2822 2825/2946/2826 2826/2954/2830 2823/2947/2831
f 2822/2942/2822 2823/2947/2831 2963/2948/2832 2964/2943/2823
f 2823/2947/2831 2826/2954/2830 2827/2966/2833 2824/2955/2834
f 2823/2947/2831 2824/2955/2834 2970/2956/2835 2963/2948/2832
f 2824/3620/2834 2827/3621/2833 2883/3622/2836 2847/3623/2837
f 2824/2955/2834 2847/2967/2837 2965/2968/2838 2970/2956/2835
f 2825/3355/2826 2833/3347/2839 2828/3353/2840 2826/3362/2830
f 2825/3355/2826 2831/3356/2825 2832/3340/2841 2833/3347/2839
f 2826/3626/2830 2828/3627/2840 2829/3624/2842 2827/3621/2833
f 2827/3621/2833 2829/3624/2842 2884/3625/2843 2883/3622/2836
f 2828/3627/2840 2835/3632/2844 2830/3628/2845 2829/3624/2842
f 2828/3353/2840 2833/3347/2839 2834/3346/2846 2835/3354/2844
f 2829/3624/2842 2830/3628/2845 2886/3629/2847 2884/3625/2843
f 2830/3628/2845 2838/3633/2848 2942/3634/2849 2886/3629/2847
f 2830/3628/2845 2835/3632/2844 2837/3638/2850 2838/3633/2848
f 2831/2945/2825 2861/2953/2828 2862/2964/2851 2832/2965/2841
f 2832/3340/2841 2862/3341/2851 2863/3342/2852 2962/3343/2853
f 2832/3340/2841 2962/3343/2853 2834/3346/2846 2833/3347/2839
f 2834/3346/2846 2836/3348/2854 2837/3358/2850 2835/3354/2844
f 2834/3346/2846 2962/3343/2853 2859/3344/2855 2836/3348/2854
f 2836/3348/2854 2839/3357/2856 2840/3364/2857 2837/3358/2850
f 2836/3348/2854 2859/3344/2855 2860/3352/2858 2839/3357/2856
f 2837/3358/2850 2840/3364/2857 2891/3371/2859 2838/3372/2848
f 2838/3633/2848 2891/3639/2859 2880/3640/2860 2942/3634/2849
f 2839/3357/2856 2860/3352/2858 2841/3360/2861 2975/3363/2862
f 2839/3357/2856 2975/3363/2862 2892/3370/2863 2840/3364/2857
f 2840/3364/2857 2892/3370/2863 2902/3377/2864 2891/3371/2859
f 2841/3360/2861 2919/3361/2865 2918/3368/2866 2920/3369/2867
f 2841/3360/2861 2860/3352/2858 2842/3351/2868 2919/3361/2865
f 2841/3360/2861 2920/3369/2867 2892/3370/2863 2975/3363/2862
f 2842/3351/2868 2917/3359/2869 2916/3367/2870 2919/3361/2865
f 2842/3351/2868 2864/3345/2871 2843/3349/2872 2917/3359/2869
f 2842/3351/2868 2860/3352/2858 2859/3344/2855 2864/3345/2871
f 2843/3020/2872 2867/2990/2873 2844/3007/2874 2914/3021/2875
f 2843/3349/2872 2864/3345/2871 2863/3342/2852 2867/3350/2873
f 2843/3349/2872 2914/3365/2875 2913/3366/2876 2917/3359/2869
f 2844/3007/2874 2868/2989/2877 2979/3006/2878 2911/3019/2879
f 2844/3007/2874 2867/2990/2873 2866/2977/2880 2868/2989/2877
f 2844/3007/2874 2911/3019/2879 2910/3029/2881 2914/3021/2875
f 2845/3654/2882 2956/3656/2883 2875/3659/2884 2872/3657/2885
f 2845/3654/2882 2858/3647/2886 2976/3653/2887 2956/3656/2883
f 2845/3654/2882 2846/3648/2888 2857/3643/2889 2858/3647/2886
f 2845/3654/2882 2872/3657/2885 2955/3658/2890 2846/3648/2888
f 2846/3648/2888 2855/3649/2891 2854/3644/2892 2857/3643/2889
f 2846/3819/2888 2955/3820/2890 2953/3821/2893 2855/3822/2891
f 2847/2967/2837 2848/2978/2894 2966/2979/2895 2965/2968/2838
f 2847/2967/2837 2883/2992/2836 2852/2993/2896 2848/2978/2894
f 2848/2978/2894 2852/2993/2896 2853/3008/2897 2849/2994/2898
f 2848/2978/2894 2849/2994/2898 2967/2995/2899 2966/2979/2895
f 2849/2994/2898 2853/3008/2897 2854/3022/2892 2850/3009/2900
f 2849/2994/2898 2850/3009/2900 2968/3010/2901 2967/2995/2899
f 2850/3009/2900 2854/3022/2892 2855/3030/2891 2851/3023/2902
f 2850/3009/2900 2851/3023/2902 2969/3024/2903 2968/3010/2901
f 2851/3023/2902 2950/3031/2904 2974/3032/2905 2969/3024/2903
f 2851/3023/2902 2855/3030/2891 2953/3038/2893 2950/3031/2904
f 2852/3630/2896 2883/3622/2836 2884/3625/2843 2885/3631/2906
f 2852/3630/2896 2885/3631/2906 2856/3636/2907 2853/3637/2897
f 2853/3637/2897 2856/3636/2907 2857/3643/2889 2854/3644/2892
f 2856/3636/2907 2888/3642/2908 2858/3647/2886 2857/3643/2889
f 2856/3636/2907 2885/3631/2906 2887/3635/2909 2888/3642/2908
f 2858/3647/2886 2888/3642/2908 2944/3646/2910 2976/3653/2887
f 2859/3344/2855 2962/3343/2853 2863/3342/2852 2864/3345/2871
f 2861/2953/2828 2865/2963/2911 2866/2977/2880 2862/2964/2851
f 2861/2953/2828 2977/2952/2827 2932/2951/2829 2865/2963/2911
f 2862/2964/2851 2866/2977/2880 2867/2990/2873 2863/2991/2852
f 2865/2963/2911 2932/2951/2829 2929/2962/2912 2933/2976/2913
f 2865/2963/2911 2933/2976/2913 2868/2989/2877 2866/2977/2880
f 2868/2989/2877 2933/2976/2913 2931/2988/2914 2979/3006/2878
f 2869/3825/2915 2871/3826/2916 2908/3830/2917 2905/3831/2918
f 2869/3825/2915 2954/3824/2919 2870/3823/2920 2871/3826/2916
f 2869/3034/2915 2952/3027/2921 2951/3033/2922 2954/3039/2919
f 2869/3034/2915 2905/3035/2918 2903/3026/2923 2952/3027/2921
f 2870/3823/2920 2955/3820/2890 2872/3827/2885 2873/3828/2924
f 2870/3823/2920 2954/3824/2919 2953/3821/2893 2955/3820/2890
f 2870/3823/2920 2873/3828/2924 2874/3829/2925 2871/3826/2916
f 2871/3386/2916 2874/3378/2925 2912/3373/2926 2908/3379/2917
f 2872/3827/2885 2875/3832/2884 2876/3833/2927 2873/3828/2924
f 2873/3828/2924 2876/3833/2927 2915/3834/2928 2874/3829/2925
f 2874/3378/2925 2915/3374/2928 2916/3367/2870 2912/3373/2926
f 2875/3832/2884 2877/3835/2929 2878/3836/2930 2876/3833/2927
f 2875/3659/2884 2956/3656/2883 2922/3652/2931 2877/3655/2929
f 2876/3381/2927 2878/3375/2930 2918/3368/2866 2915/3374/2928
f 2877/3382/2929 2921/3383/2932 2879/3376/2933 2878/3375/2930
f 2877/3655/2929 2922/3652/2931 2881/3645/2934 2921/3651/2932
f 2878/3375/2930 2879/3376/2933 2920/3369/2867 2918/3368/2866
f 2879/3376/2933 2902/3377/2864 2892/3370/2863 2920/3369/2867
f 2879/3376/2933 2921/3383/2932 2972/3384/2935 2902/3377/2864
f 2880/3385/2860 2891/3371/2859 2902/3377/2864 2972/3384/2935
f 2880/3640/2860 2881/3645/2934 2943/3641/2936 2942/3634/2849
f 2880/3640/2860 2972/3650/2935 2921/3651/2932 2881/3645/2934
f 2881/3645/2934 2922/3652/2931 2944/3646/2910 2943/3641/2936
f 2882/2949/2937 2923/2961/2938 2959/2970/2939 2899/2958/2940
f 2882/2949/2937 2925/2950/2941 2926/2960/2942 2923/2961/2938
f 2882/2949/2937 2973/2944/2824 2964/2943/2823 2925/2950/2941
f 2882/2949/2937 2899/2958/2940 2900/2959/2943 2973/2944/2824
f 2884/3625/2843 2886/3629/2847 2887/3635/2909 2885/3631/2906
f 2886/3629/2847 2942/3634/2849 2943/3641/2936 2887/3635/2909
f 2887/3635/2909 2943/3641/2936 2944/3646/2910 2888/3642/2908
f 2889/3013/2944 2957/2997/2945 2890/3012/2946 2936/3000/2947
f 2889/3013/2944 2978/2998/2948 2960/2981/2949 2957/2997/2945
f 2889/3013/2944 2971/2999/2950 2893/2982/2951 2978/2998/2948
f 2889/3013/2944 2936/3000/2947 2934/2983/2952 2971/2999/2950
f 2890/3012/2946 2957/2997/2945 2961/2986/2953 2958/3003/2954
f 2890/3012/2946 2938/3014/2955 2937/3001/2956 2936/3000/2947
f 2890/3012/2946 2958/3003/2954 2949/3016/2957 2938/3014/2955
f 2893/2982/2951 2971/2999/2950 2934/2983/2952 2945/2971/2958
f 2893/2982/2951 2959/2970/2939 2960/2981/2949 2978/2998/2948
f 2893/2982/2951 2945/2971/2958 2899/2958/2940 2959/2970/2939
f 2894/2969/2959 2926/2960/2942 2925/2950/2941 2928/2957/2960
f 2894/2969/2959 2895/2980/2961 2927/2973/2962 2926/2960/2942
f 2894/2969/2959 2966/2979/2895 2967/2995/2899 2895/2980/2961
f 2894/2969/2959 2928/2957/2960 2965/2968/2838 2966/2979/2895
f 2895/2980/2961 2896/2996/2963 2897/2985/2964 2927/2973/2962
f 2895/2980/2961 2967/2995/2899 2968/3010/2901 2896/2996/2963
f 2896/2996/2963 2898/3011/2965 2946/3002/2966 2897/2985/2964
f 2896/2996/2963 2968/3010/2901 2969/3024/2903 2898/3011/2965
f 2897/2985/2964 2961/2986/2953 2924/2974/2967 2927/2973/2962
f 2897/2985/2964 2946/3002/2966 2958/3003/2954 2961/2986/2953
f 2898/3011/2965 2947/3025/2968 2948/3015/2969 2946/3002/2966
f 2898/3011/2965 2969/3024/2903 2974/3032/2905 2947/3025/2968
f 2899/2958/2940 2945/2971/2958 2901/2972/2970 2900/2959/2943
f 2900/2959/2943 2901/2972/2970 2930/2975/2971 2929/2962/2912
f 2900/2959/2943 2929/2962/2912 2932/2951/2829 2973/2944/2824
f 2901/2972/2970 2935/2984/2972 2940/2987/2973 2930/2975/2971
f 2901/2972/2970 2945/2971/2958 2934/2983/2952 2935/2984/2972
f 2903/3026/2923 2905/3035/2918 2906/3028/2974 2904/3017/2975
f 2903/3026/2923 2949/3016/2957 2948/3015/2969 2952/3027/2921
f 2903/3026/2923 2904/3017/2975 2938/3014/2955 2949/3016/2957
f 2904/3017/2975 2939/3004/2976 2937/3001/2956 2938/3014/2955
f 2904/3017/2975 2906/3028/2974 2907/3018/2977 2939/3004/2976
f 2905/3387/2918 2908/3379/2917 2909/3380/2978 2906/3388/2974
f 2906/3028/2974 2909/3036/2978 2910/3029/2881 2907/3018/2977
f 2907/3018/2977 2910/3029/2881 2911/3019/2879 2941/3005/2979
f 2907/3018/2977 2941/3005/2979 2940/2987/2973 2939/3004/2976
f 2908/3379/2917 2912/3373/2926 2913/3366/2876 2909/3380/2978
f 2909/3036/2978 2913/3037/2876 2914/3021/2875 2910/3029/2881
f 2911/3019/2879 2979/3006/2878 2931/2988/2914 2941/3005/2979
f 2912/3373/2926 2916/3367/2870 2917/3359/2869 2913/3366/2876
f 2915/3374/2928 2918/3368/2866 2919/3361/2865 2916/3367/2870
f 2922/3652/2931 2956/3656/2883 2976/3653/2887 2944/3646/2910
f 2923/2961/2938 2926/2960/2942 2927/2973/2962 2924/2974/2967
f 2923/2961/2938 2924/2974/2967 2960/2981/2949 2959/2970/2939
f 2924/2974/2967 2961/2986/2953 2957/2997/2945 2960/2981/2949
f 2925/2950/2941 2964/2943/2823 2963/2948/2832 2928/2957/2960
f 2928/2957/2960 2963/2948/2832 2970/2956/2835 2965/2968/2838
f 2929/2962/2912 2930/2975/2971 2931/2988/2914 2933/2976/2913
f 2930/2975/2971 2940/2987/2973 2941/3005/2979 2931/2988/2914
f 2934/2983/2952 2936/3000/2947 2937/3001/2956 2935/2984/2972
f 2935/2984/2972 2937/3001/2956 2939/3004/2976 2940/2987/2973
f 2946/3002/2966 2948/3015/2969 2949/3016/2957 2958/3003/2954
f 2947/3025/2968 2951/3033/2922 2952/3027/2921 2948/3015/2969
f 2947/3025/2968 2974/3032/2905 2950/3031/2904 2951/3033/2922
f 2950/3031/2904 2953/3038/2893 2954/3039/2919 2951/3033/2922
g default
v 4.442932 14.292389 10.144331
v 4.438280 14.243398 10.167598
v 4.434791 14.206387 10.185243
v 4.411382 14.312057 10.013005
v 4.398219 14.266715 10.044239
v 4.439540 14.306986 9.909273
v 4.401191 14.279128 9.924757
v 5.138581 14.155060 9.839282
v 5.127387 14.154979 9.931110
v 5.114298 14.154897 10.031852
v 5.097707 14.154826 10.139630
v 5.070350 14.154810 10.246150
v 5.010427 14.154996 10.334485
v 5.209767 14.163983 9.931199
v 5.210302 14.157116 10.047549
v 5.177424 14.166547 10.169125
v 4.609181 14.414024 9.788958
v 4.618190 14.377013 9.702810
v 4.578038 14.371621 9.756112
v 4.545421 14.367799 9.814363
v 4.586939 14.326739 9.661816
v 4.544026 14.323824 9.722581
v 4.508193 14.324338 9.786423
v 4.612565 14.270525 9.573957
v 4.555911 14.274223 9.626091
v 4.642426 14.219341 9.488455
v 4.665178 14.169302 10.525161
v 4.561385 14.269954 10.442110
v 4.580279 14.316541 10.406254
v 4.603994 14.157348 10.236731
v 4.672403 14.156909 10.280978
v 4.741713 14.156460 10.328082
v 4.630170 14.157315 10.168594
v 4.709041 14.156815 10.214974
v 4.787571 14.156305 10.267561
v 4.661562 14.157253 10.096768
v 4.746668 14.156719 10.145022
v 4.696239 14.157181 10.022261
v 4.783718 14.156631 10.071028
v 4.732290 14.157100 9.946881
v 4.818731 14.156559 9.994373
v 4.769211 14.157012 9.872979
v 4.807019 14.156915 9.802502
v 4.845721 14.156807 9.736355
v 4.918311 14.156356 9.773814
v 4.884602 14.156431 9.843594
v 4.851956 14.156494 9.917686
v 4.989572 14.155913 9.810330
v 4.963094 14.155946 9.883004
v 4.936463 14.155968 9.961682
v 4.907549 14.156002 10.043539
v 4.873477 14.156065 10.124262
v 4.832667 14.156169 10.199584
v 4.784989 14.157397 9.566821
v 4.850798 14.157012 9.585993
v 4.797029 14.157408 9.518269
v 4.873786 14.156978 9.526655
v 4.798551 14.157460 9.470763
v 4.880603 14.191042 9.482447
v 4.870260 14.220709 9.500849
v 4.860706 14.254246 9.522595
v 4.885536 14.156687 9.674348
v 4.956760 14.156246 9.709478
v 5.022635 14.155832 9.746388
v 4.924639 14.156567 9.614352
v 5.002968 14.156087 9.649548
v 5.078210 14.155611 9.693390
v 5.048591 14.155940 9.585632
v 5.152737 14.167537 9.631714
v 5.063068 14.198459 9.543565
v 5.133868 14.217072 9.628184
v 5.092885 14.273497 9.639724
v 5.049432 14.329223 9.650755
v 4.664595 14.264336 10.482129
v 4.671075 14.318249 10.443025
v 4.887899 14.505635 9.979892
v 4.958988 14.481228 9.951022
v 4.927787 14.476413 9.875952
v 5.018770 14.459000 9.930351
v 4.994870 14.449601 9.856320
v 4.967242 14.438916 9.773579
v 4.885409 14.369317 9.628182
v 4.825564 14.398155 9.650312
v 4.760739 14.425608 9.670513
v 4.694498 14.437281 9.701392
v 4.645325 14.425933 9.745166
v 4.789378 14.348301 9.596644
v 4.726270 14.373884 9.616712
v 4.668410 14.379340 9.655107
v 4.760656 14.305411 9.550735
v 4.695757 14.323466 9.570674
v 4.640749 14.323955 9.613157
v 4.669695 14.273881 9.529735
v 4.531591 14.404855 9.972555
v 4.492215 14.358701 9.931592
v 4.550218 14.459994 10.104629
v 4.500496 14.412959 10.209560
v 4.490294 14.390322 10.039335
v 4.626050 14.449939 9.858172
v 4.611913 14.457731 9.922400
v 4.589121 14.463141 10.003670
v 4.584060 14.409420 9.842672
v 4.560802 14.408780 9.904722
v 4.519539 14.364623 9.875435
v 4.483488 14.325800 9.849052
v 4.685983 14.364686 10.409035
v 4.844894 14.323509 9.578066
v 4.818198 14.288433 9.540168
v 4.738227 14.265472 9.508464
v 4.850646 14.155677 10.455538
v 4.872377 14.198259 10.511773
v 4.849394 14.262712 10.459905
v 4.824071 14.315362 10.419156
v 4.936312 14.155282 10.408637
v 4.975295 14.189245 10.458902
v 4.940919 14.261404 10.411674
v 4.904960 14.321458 10.369757
v 5.063912 14.186423 10.375388
v 5.030283 14.262609 10.345444
v 4.988651 14.330959 10.311677
v 5.133799 14.180949 10.280782
v 5.101755 14.250459 10.254397
v 5.167954 14.240076 10.156109
v 5.203156 14.231696 10.043785
v 5.153523 14.309023 10.029638
v 5.110985 14.376501 10.013770
v 5.069810 14.380168 10.097661
v 5.073228 14.433915 9.997325
v 5.034503 14.441955 10.061893
v 4.980085 14.463019 10.137583
v 4.796231 14.519659 10.008225
v 4.689599 14.499095 10.022855
v 4.854343 14.501816 9.897290
v 4.768628 14.515631 9.916794
v 4.682833 14.498752 9.926210
v 4.897932 14.467428 9.795069
v 4.826037 14.495770 9.815484
v 4.745635 14.512335 9.836469
v 4.676302 14.489272 9.852593
v 4.933096 14.422299 9.690335
v 4.866877 14.451724 9.713962
v 4.797589 14.479304 9.734744
v 4.721989 14.491397 9.759719
v 4.667626 14.464957 9.792185
v 4.514528 14.258525 10.359122
v 4.502480 14.208316 10.363627
v 4.541403 14.207452 10.463841
v 4.527216 14.157600 10.344425
v 4.595493 14.157134 10.407934
v 4.678506 14.156612 10.455269
v 4.728360 14.157779 9.518871
v 4.714707 14.157925 9.472499
v 4.718143 14.217771 9.458708
v 4.797655 14.214583 9.474219
v 4.804277 14.256184 9.507786
v 4.667928 14.158069 9.542329
v 4.579587 14.158550 9.534081
v 4.644029 14.158329 9.496360
v 4.521546 14.220331 9.591536
v 4.581870 14.213910 9.533118
v 4.508458 14.276205 9.692055
v 4.464099 14.158175 10.193505
v 4.535806 14.157770 10.202536
v 4.396767 14.227067 10.069208
v 4.398403 14.198646 10.094223
v 4.454497 14.158356 10.110272
v 4.548003 14.157815 10.131658
v 4.364461 14.246531 9.943202
v 4.352844 14.207774 9.966575
v 4.398831 14.158829 9.997326
v 4.486681 14.158313 10.024240
v 4.575451 14.157784 10.055960
v 4.446533 14.290950 9.838036
v 4.407258 14.256541 9.834848
v 4.365717 14.220147 9.832495
v 4.340822 14.177044 9.836137
v 4.435787 14.158790 9.893471
v 4.522595 14.158254 9.937159
v 4.609481 14.157718 9.978049
v 4.433412 14.238528 9.748236
v 4.390721 14.192593 9.734212
v 4.393796 14.166071 9.747164
v 4.480080 14.158684 9.804728
v 4.563072 14.158158 9.855436
v 4.647200 14.157630 9.901224
v 4.445613 14.185150 9.650936
v 4.446022 14.161336 9.655366
v 4.530115 14.158532 9.728448
v 4.608278 14.158024 9.781863
v 4.687914 14.157522 9.828346
v 4.591009 14.158289 9.670607
v 4.657991 14.157852 9.718296
v 4.730920 14.157390 9.761164
v 4.774260 14.157249 9.699619
v 5.166687 14.301696 9.930218
v 5.108334 14.352613 9.835665
v 5.120652 14.366255 9.926191
v 5.035285 14.400247 9.753788
v 5.057094 14.410112 9.842244
v 5.073502 14.423038 9.923542
v 4.593133 14.367659 10.360899
v 4.619222 14.438623 10.299749
v 4.955752 14.156494 9.553290
v 4.966901 14.189515 9.507692
v 4.947015 14.229278 9.530519
v 5.025900 14.250453 9.570003
v 4.920293 14.267162 9.549891
v 4.984556 14.295385 9.590032
v 4.887262 14.298415 9.562876
v 4.939256 14.336517 9.606414
v 4.788469 14.362736 10.389319
v 4.860920 14.381702 10.332032
v 4.803922 14.456197 10.296543
v 4.947731 14.401904 10.275146
v 4.903202 14.486199 10.228447
v 5.055818 14.320040 10.219957
v 5.013737 14.389090 10.182939
v 5.115288 14.314710 10.127129
v 4.471460 14.281023 9.764676
v 4.470758 14.228573 9.665160
v 4.508456 14.173108 9.581274
v 4.533869 14.158685 9.614528
v 4.606564 14.158348 9.577771
v 4.649531 14.158046 9.623043
v 4.707259 14.157671 9.662887
v 4.699537 14.157837 9.582754
v 4.751470 14.157508 9.613378
v 4.815583 14.157115 9.642309
v 5.127953 14.155244 9.757166
v 5.204982 14.176329 9.724969
v 5.225811 14.175047 9.828416
v 5.183765 14.229470 9.724038
v 5.205512 14.231000 9.828434
v 5.215870 14.232215 9.931234
v 5.135307 14.285022 9.733026
v 5.159102 14.293492 9.831158
v 5.085805 14.341823 9.742705
v 5.000159 14.385939 9.662953
v 4.479626 14.256030 10.268232
v 4.469306 14.209429 10.274706
v 4.486388 14.157936 10.271676
v 5.060594 14.155484 9.838139
v 5.043591 14.155458 9.914984
v 5.023640 14.155436 10.001465
v 5.000269 14.155425 10.092940
v 4.967657 14.155465 10.182415
v 4.920282 14.155596 10.262110
v 4.864286 14.155795 10.329835
v 4.805544 14.156031 10.382201
v 4.575768 14.157409 10.297648
v 4.635999 14.157012 10.344418
v 4.701804 14.156589 10.386521
v 4.765773 14.156094 10.484348
v 4.766569 14.202886 10.523027
v 4.758051 14.261478 10.481053
v 4.749810 14.312853 10.444276
v 4.445700 14.353157 10.102425
v 4.455060 14.340290 9.974382
v 4.838569 14.526212 10.120740
v 4.933844 14.506241 10.063980
v 4.996828 14.480566 10.012999
v 4.726652 14.414316 10.365424
v 4.757699 14.156238 10.417606
v 4.501699 14.329763 10.273248
v 4.469553 14.328730 9.896970
v 5.033955 14.464905 9.979635
v 4.697195 14.498417 10.179197
v 4.742906 14.346640 10.418957
v 4.531835 14.157708 10.257622
v 4.854791 14.278349 9.538678
v 4.736878 14.157679 9.554358
v 5.070921 14.155519 9.780060
v 4.524734 14.300165 10.355954
v 4.634093 14.442999 9.813504
v 5.849118 14.151216 9.835098
v 5.869659 14.151234 9.752149
v 5.893477 14.151239 9.664033
v 5.918344 14.151242 9.575020
v 5.942588 14.151242 9.489711
v 5.963436 14.151245 9.413269
v 5.807195 14.151732 9.647915
v 5.832584 14.151730 9.559151
v 5.860978 14.151707 9.474189
v 5.891297 14.151663 9.396074
v 5.743020 14.152246 9.540884
v 5.776358 14.152199 9.453529
v 5.814853 14.152116 9.372176
v 5.734362 14.152586 9.349135
v 6.162105 14.462524 9.729586
v 6.109012 14.355978 9.827156
v 6.145383 14.360890 9.722014
v 6.093686 14.262513 9.820040
v 6.129105 14.265801 9.716811
v 6.165186 14.267883 9.610938
v 6.028035 14.180106 9.902907
v 6.065893 14.177639 9.812037
v 6.102558 14.174709 9.711603
v 6.137203 14.175890 9.607399
v 6.170836 14.177594 9.501376
v 5.942798 14.150531 9.951623
v 5.980529 14.151697 9.880301
v 6.013711 14.153506 9.794407
v 6.047310 14.150351 9.698230
v 6.074170 14.150362 9.596884
v 6.099668 14.150380 9.496492
v 5.894428 14.150832 9.925421
v 5.918828 14.150805 9.856361
v 5.946370 14.150785 9.772865
v 5.974458 14.150776 9.681175
v 5.999803 14.150781 9.587029
v 6.022418 14.150801 9.495237
v 6.037420 14.150850 9.408721
v 5.934807 14.606013 8.963854
v 5.911690 14.517451 8.956741
v 5.637055 15.024695 9.118398
v 5.569873 14.921433 9.073883
v 5.548578 14.794127 9.076389
v 5.538827 14.669283 9.077931
v 5.658510 14.769643 9.025546
v 5.650053 14.654985 9.028810
v 5.651616 14.546427 9.029376
v 5.664863 14.447024 9.026756
v 5.693469 14.353960 9.020002
v 5.748833 14.545552 9.003576
v 5.756966 14.462604 9.002167
v 5.797059 15.124058 9.232963
v 5.792003 15.038218 9.115527
v 5.731027 14.977130 9.061925
v 5.856131 14.992028 9.077242
v 5.814541 14.936014 9.031411
v 5.779408 14.853479 8.984955
v 5.759983 14.745426 8.985344
v 5.865903 14.445093 8.972279
v 5.795429 14.390677 8.992605
v 5.744598 14.260197 9.007277
v 5.429581 14.906580 10.037278
v 5.423682 14.811472 10.039998
v 5.412848 14.702179 10.049771
v 5.407552 14.584722 10.054676
v 5.402838 14.466115 10.060418
v 5.400925 14.351662 10.069239
v 5.400852 14.239844 10.080089
v 5.445772 14.162332 10.051478
v 5.502805 14.152826 10.011821
v 5.393185 14.918381 9.956415
v 5.373744 14.814485 9.954169
v 5.355452 14.699943 9.957402
v 5.339496 14.579702 9.962647
v 5.328719 14.458822 9.968937
v 5.324594 14.342198 9.975218
v 5.325178 14.233146 9.986614
v 5.389778 14.162238 9.957543
v 5.462728 14.153172 9.928349
v 5.329981 14.824345 9.851755
v 5.306960 14.702164 9.848754
v 5.285728 14.577930 9.849589
v 5.265301 14.455287 9.853564
v 5.248249 14.334863 9.859847
v 5.250389 14.195358 9.866300
v 5.342707 14.153956 9.841130
v 5.431613 14.153501 9.823464
v 5.266779 14.707220 9.722618
v 5.249194 14.578031 9.716908
v 5.235823 14.451797 9.712987
v 5.223033 14.330001 9.711441
v 5.216261 14.208173 9.710014
v 5.312305 14.154330 9.704956
v 5.241723 14.577213 9.567862
v 5.227931 14.448542 9.560586
v 5.214875 14.324632 9.558115
v 5.223595 14.207838 9.563279
v 5.320620 14.154482 9.574742
v 5.225008 14.446549 9.401476
v 5.209288 14.314074 9.393118
v 5.259248 14.190321 9.407344
v 5.362106 14.154466 9.439560
v 5.295125 14.440270 9.256064
v 5.295491 14.304625 9.243999
v 5.342162 14.190124 9.262635
v 5.431851 14.311053 9.143042
v 5.461299 14.196467 9.149151
v 5.599072 14.216081 9.050441
v 5.803448 14.152455 9.190826
v 5.907731 14.151837 9.224212
v 5.985003 14.151342 9.273634
v 6.031477 14.151000 9.332260
v 5.976978 14.152803 9.148467
v 6.058144 14.157463 9.220880
v 6.104170 14.150655 9.300510
v 6.118216 14.219557 9.187499
v 6.167272 14.206113 9.277892
v 6.180447 14.298054 9.283522
v 5.417509 14.153754 9.707192
v 5.427836 14.153880 9.588317
v 5.462270 14.153875 9.471683
v 5.432468 14.154280 9.313362
v 5.519091 14.153731 9.364246
v 5.530150 14.153910 9.209422
v 5.594822 14.153463 9.272443
v 5.654460 14.153373 9.120634
v 5.689757 14.153046 9.206907
v 5.861982 14.318788 8.975606
v 5.833302 14.838300 10.101451
v 5.849777 14.744786 10.113888
v 5.771436 14.620583 10.129377
v 5.862427 14.635886 10.123239
v 5.777188 14.511250 10.139300
v 5.870199 14.523591 10.126307
v 5.687987 14.392572 10.155255
v 5.781428 14.404777 10.142630
v 5.875320 14.414492 10.129617
v 5.693789 14.295623 10.158445
v 5.784733 14.307673 10.145743
v 5.877862 14.314242 10.132947
v 5.612439 14.181991 10.157219
v 5.700762 14.213675 10.160509
v 5.786410 14.220366 10.148717
v 5.877028 14.221525 10.136458
v 5.621924 14.157666 10.096340
v 5.699304 14.163495 10.102699
v 5.779308 14.165237 10.096563
v 5.858894 14.166810 10.079777
v 5.624893 14.152118 10.041652
v 5.696181 14.151726 10.044050
v 5.771787 14.151324 10.039163
v 5.842624 14.151394 10.026993
v 6.142325 14.567199 9.847165
v 6.124950 14.456598 9.836482
v 6.104789 14.679037 9.960911
v 6.101768 14.555777 9.951776
v 6.086511 14.444708 9.940127
v 6.072430 14.344126 9.929021
v 6.058146 14.250579 9.918763
v 6.025802 14.789749 10.053624
v 6.035371 14.666512 10.043369
v 6.040177 14.546151 10.038738
v 6.040565 14.432833 10.033882
v 6.036755 14.328628 10.026144
v 6.023655 14.233709 10.011603
v 5.987775 14.170548 9.983261
v 5.907274 14.869571 10.097890
v 5.938024 14.767473 10.104835
v 5.956278 14.650119 10.106641
v 5.965213 14.536568 10.106701
v 5.967741 14.423504 10.101065
v 5.977677 14.316660 10.109748
v 5.972627 14.223948 10.099057
v 5.933807 14.161601 10.048075
v 5.900463 14.150683 10.002406
v 5.433366 15.002072 9.962394
v 5.414168 15.040441 9.872101
v 5.356478 14.942382 9.862309
v 5.501818 15.155279 9.769922
v 5.395068 15.078596 9.753994
v 5.311462 14.971323 9.743539
v 5.286417 14.838234 9.730125
v 5.510542 15.182088 9.634880
v 5.402347 15.097713 9.614406
v 5.316262 14.984800 9.595973
v 5.278177 14.847517 9.584529
v 5.258204 14.710378 9.576403
v 5.672193 15.189969 9.525602
v 5.540211 15.178034 9.497493
v 5.433524 15.098693 9.472839
v 5.351479 14.984438 9.450991
v 5.314608 14.845617 9.439109
v 5.282377 14.709307 9.426118
v 5.251254 14.577112 9.412988
v 5.698450 15.174066 9.407114
v 5.582596 15.163938 9.368695
v 5.479516 15.088774 9.335894
v 5.388277 14.986366 9.304526
v 5.350880 14.842197 9.292753
v 5.329283 14.704192 9.278542
v 5.306104 14.570137 9.265690
v 5.735937 15.153429 9.308945
v 5.644874 15.125092 9.261294
v 5.554865 15.057402 9.217185
v 5.477888 14.955401 9.177932
v 5.447144 14.820126 9.173483
v 5.430449 14.686478 9.166515
v 5.422356 14.557735 9.159852
v 5.423820 14.433872 9.153861
v 5.540002 14.549488 9.077559
v 5.546308 14.436572 9.069157
v 5.562572 14.327600 9.057590
v 5.683126 14.908021 10.088992
v 5.764099 14.903598 10.088789
v 5.677349 14.814737 10.102075
v 5.759819 14.822848 10.102358
v 5.587548 14.707320 10.115651
v 5.677184 14.713442 10.116337
v 5.764673 14.726230 10.116047
v 5.586150 14.598190 10.130996
v 5.679767 14.607249 10.131337
v 5.586497 14.486811 10.146686
v 5.683419 14.498464 10.145432
v 5.590574 14.378829 10.161052
v 5.599888 14.276941 10.171789
v 5.618858 14.152248 9.978414
v 5.691421 14.151855 9.977885
v 5.765865 14.151453 9.976610
v 5.833232 14.151090 9.973876
v 5.609092 14.152423 9.898966
v 5.687207 14.151998 9.899629
v 5.763953 14.151576 9.903041
v 5.834704 14.151180 9.909516
v 5.603082 14.152591 9.810523
v 5.688563 14.152122 9.814827
v 5.771462 14.151660 9.822820
v 5.606802 14.152717 9.715354
v 5.698139 14.152207 9.724814
v 5.786349 14.151708 9.736938
v 5.622640 14.152780 9.617488
v 5.716486 14.152249 9.632363
v 5.650631 14.152776 9.521376
v 5.689044 14.152707 9.431077
v 5.939700 15.154891 9.544807
v 5.934752 15.172420 9.691389
v 5.889929 15.138117 9.822026
v 5.736169 15.122038 9.909344
v 5.712958 15.071905 10.003655
v 5.917070 15.023990 9.120442
v 5.861462 15.115469 9.307041
v 5.921411 15.065264 9.245744
v 5.987205 15.052878 9.316800
v 5.786667 15.193173 9.673026
v 5.761490 15.161055 9.798208
v 5.617821 15.135586 9.897630
v 5.506591 15.053656 9.975182
v 5.607250 15.071071 9.987236
v 5.511162 14.992663 10.044018
v 5.600003 14.998397 10.056295
v 5.958513 14.243195 8.997985
v 6.059729 14.219763 9.088871
v 5.942434 14.398244 8.958770
v 6.033287 14.350545 8.995383
v 6.091693 14.325747 9.089440
v 6.136647 14.312377 9.187688
v 6.187375 14.397334 9.290337
v 5.854547 15.098693 9.930340
v 5.821052 15.056197 10.025625
v 5.694564 14.995034 10.063369
v 5.784701 14.978325 10.070467
v 5.986469 14.907964 10.054071
v 6.045389 14.932148 9.962621
v 6.105907 14.954385 9.858856
v 6.147257 14.962302 9.730890
v 6.095349 14.810640 9.970939
v 6.167697 14.826820 9.876697
v 6.207931 14.831576 9.748147
v 6.160775 14.689301 9.860319
v 6.197696 14.695566 9.745318
v 6.180306 14.573539 9.738045
v 6.061819 15.031564 9.374128
v 6.138466 14.999679 9.434491
v 6.168527 14.953726 9.350414
v 6.172401 14.947289 9.595923
v 6.197437 14.923768 9.479873
v 6.212919 14.892212 9.392432
v 6.209492 14.824175 9.618803
v 6.212474 14.812902 9.505441
v 6.211225 14.698203 9.626465
v 5.505238 14.909407 10.081150
v 5.594402 14.908868 10.087386
v 5.500804 14.812863 10.099289
v 5.589854 14.811073 10.101080
v 5.495575 14.705238 10.109264
v 5.489322 14.593790 10.121404
v 5.485391 14.476825 10.131548
v 5.484016 14.364127 10.146972
v 5.490929 14.251779 10.158911
v 5.520001 14.167037 10.124598
v 5.553901 14.152459 10.070761
v 6.065393 14.563252 9.053966
v 6.058509 14.461333 9.020618
v 6.128683 14.641342 9.146686
v 6.115175 14.539113 9.127960
v 6.104332 14.434226 9.107843
v 6.175434 14.725646 9.237558
v 6.165450 14.623885 9.224345
v 6.155295 14.519062 9.211010
v 6.145490 14.414737 9.198391
v 6.202905 14.803990 9.327888
v 6.205044 14.712050 9.318797
v 6.203269 14.608045 9.308729
v 6.195282 14.501310 9.298884
v 5.807097 15.166504 9.422151
v 5.802249 15.186086 9.541223
v 5.649714 15.194234 9.656214
v 5.498260 15.114205 9.886886
v 5.952611 14.884858 9.050596
v 5.943170 14.798072 9.023848
v 5.940448 14.704925 8.991860
v 6.008902 14.864190 9.099232
v 6.004604 14.774627 9.071387
v 6.003215 14.681012 9.038862
v 5.999187 14.585855 9.003512
v 5.982745 14.494124 8.968679
v 6.067204 14.847618 9.150141
v 6.066723 14.756315 9.119626
v 6.067077 14.660841 9.088078
v 6.127562 14.832838 9.200058
v 6.126146 14.740861 9.173125
v 6.185486 14.817143 9.254272
v 5.976234 15.015960 9.178722
v 6.038074 15.001195 9.240361
v 6.103610 14.984024 9.298527
v 6.214308 14.804585 9.407871
v 6.215086 14.703514 9.410634
v 6.216038 14.595214 9.407014
v 6.216026 14.486557 9.399685
v 6.213239 14.699510 9.514534
v 6.214187 14.585522 9.513705
v 6.215177 14.474665 9.509243
v 6.212064 14.577343 9.627387
v 6.216082 14.382147 9.392955
v 6.214413 14.281878 9.388711
v 6.194743 14.182040 9.387949
v 6.115394 14.150447 9.396547
v 6.212596 14.369981 9.505567
v 6.199731 14.271985 9.502818
v 6.197035 14.466553 9.620827
v 6.182058 14.363902 9.614904
v 5.555925 14.152581 9.984051
v 5.533538 14.152821 9.906264
v 5.517174 14.153055 9.812462
v 5.513487 14.153231 9.709344
v 5.526637 14.153324 9.602961
v 5.556970 14.153320 9.499088
v 5.602257 14.153220 9.403470
v 5.657125 14.153047 9.322163
v 5.777999 14.152467 9.273183
v 5.857702 14.152000 9.296487
v 5.927827 14.151568 9.327858
v 5.862905 15.074444 9.173781
v 5.886047 14.903780 9.029684
v 5.872023 14.827608 8.982402
v 5.859027 14.725973 8.960719
v 5.845803 14.623929 8.964603
v 5.832217 14.538606 8.981504
v 5.715190 15.092673 9.169412
v 5.680356 14.885671 9.018210
v 5.753247 14.641311 9.001541
v 5.632011 15.171758 9.783588
v 6.049508 15.072655 9.705429
v 6.003415 15.051670 9.834945
v 5.958853 15.025329 9.941946
v 5.913764 14.994390 10.035053
v 5.857084 14.939842 10.081166
v 5.954217 14.960741 9.077848
v 6.004539 14.947020 9.130835
v 6.066656 14.934625 9.182140
v 6.127364 14.917303 9.236594
v 6.187833 14.900518 9.284635
v 5.900211 14.956591 9.052919
v 5.819193 14.479470 8.985494
v 5.976699 14.151260 9.356146
v 6.022666 15.072460 9.438394
v 5.926091 15.116887 9.409798
v 6.072761 15.060710 9.546384
v 5.818536 14.896693 10.090545
v 5.803750 15.148598 9.344588
v 5.576498 14.152392 10.035120
v 6.212798 14.868261 9.333517
v 5.829788 14.160264 9.064293
v 5.877795 14.150854 9.969818
v 5.708258 14.152856 9.265124
v 5.446088 14.974481 10.023587
v 4.751916 14.427804 8.710081
v 4.760949 14.435734 8.797435
v 4.798492 14.435211 8.885908
v 4.857895 14.425619 8.957449
v 4.920414 14.417125 9.019500
v 4.977944 14.413946 9.073769
v 4.708173 14.377816 8.716404
v 4.718882 14.380889 8.816237
v 4.766673 14.373797 8.906091
v 4.835218 14.362817 8.975138
v 4.903051 14.358109 9.039710
v 4.670433 14.315998 8.834619
v 4.739234 14.306296 8.922312
v 4.816456 14.300855 8.995872
v 4.891017 14.299658 9.064426
v 4.611621 14.229618 8.853014
v 4.709258 14.238764 8.945825
v 4.796569 14.249453 9.022151
v 4.650166 14.159205 8.850247
v 4.716649 14.158713 8.955521
v 4.784086 14.216710 9.055018
v 4.775414 14.158406 8.947193
v 4.828168 14.158132 8.939937
v 4.764137 14.425020 8.637715
v 4.780411 14.377028 8.543368
v 4.735336 14.370578 8.626427
v 4.822508 14.331543 8.420143
v 4.753784 14.310566 8.512306
v 4.698884 14.302814 8.613607
v 4.655814 14.310237 8.721720
v 4.796212 14.257113 8.369655
v 4.720244 14.228671 8.475511
v 4.658181 14.226329 8.598246
v 4.598700 14.180005 8.731871
v 4.910493 14.177269 8.274892
v 4.793107 14.183471 8.343151
v 4.745989 14.159282 8.481154
v 4.701914 14.159312 8.614854
v 4.663868 14.159335 8.735794
v 5.048616 14.157893 8.317864
v 4.958334 14.158319 8.359364
v 4.880007 14.158621 8.438088
v 4.825399 14.158758 8.540120
v 4.784050 14.158817 8.647570
v 4.753634 14.158825 8.751458
v 4.745936 14.158713 8.851057
v 5.079192 14.157589 8.408435
v 5.011564 14.157884 8.453333
v 4.949289 14.158118 8.520036
v 4.898580 14.158266 8.601791
v 4.858932 14.158347 8.689619
v 4.830028 14.158373 8.776385
v 4.817221 14.158313 8.859909
v 5.049827 14.526131 8.484492
v 5.036797 14.478363 8.421540
v 5.031065 14.416152 8.371260
v 5.128017 14.460109 8.432169
v 5.130900 14.401959 8.381476
v 5.135305 14.333041 8.334042
v 5.141928 14.257154 8.282544
v 5.154121 14.183711 8.224646
v 5.142907 14.157375 8.321289
v 5.210213 14.445935 8.458176
v 5.224159 14.389665 8.411861
v 5.241033 14.323114 8.362074
v 5.259944 14.245481 8.302270
v 5.261969 14.160386 8.289805
v 5.231311 14.156833 8.363003
v 5.309167 14.376466 8.462825
v 5.339155 14.314862 8.416000
v 5.376745 14.246991 8.354725
v 5.399109 14.172431 8.334559
v 5.319341 14.156264 8.422587
v 5.361363 14.349084 8.538309
v 5.399905 14.285066 8.501204
v 5.463233 14.224840 8.450450
v 5.477833 14.171901 8.440503
v 5.450984 14.271206 8.598649
v 5.550578 14.190700 8.544279
v 5.539615 14.157464 8.549211
v 5.543915 14.214496 8.697482
v 5.598833 14.189277 8.832126
v 4.959493 14.524195 8.517602
v 4.873234 14.511170 8.560327
v 4.814674 14.481823 8.610847
v 4.943881 14.466540 8.460950
v 4.860042 14.452740 8.511310
v 4.800830 14.433561 8.574305
v 4.931632 14.405682 8.410122
v 4.843361 14.394695 8.466239
v 4.918953 14.342080 8.358573
v 5.022845 14.277096 8.265301
v 4.906900 14.269904 8.305761
v 5.026173 14.191435 8.228259
v 5.099832 14.241735 9.325391
v 5.095251 14.156092 9.322009
v 5.096429 14.156212 9.240367
v 5.029204 14.419457 9.117128
v 5.029549 14.369830 9.147623
v 5.030633 14.316311 9.181259
v 5.022872 14.268767 9.226922
v 4.997264 14.236572 9.300005
v 4.994543 14.156667 9.305145
v 5.023340 14.156649 9.215278
v 4.962425 14.304334 9.126525
v 4.945172 14.262625 9.170150
v 4.918886 14.231992 9.225742
v 4.917225 14.157194 9.234349
v 4.959110 14.157079 9.161865
v 4.853874 14.230764 9.131012
v 4.860188 14.157656 9.135727
v 4.906331 14.157476 9.090208
v 4.862205 14.157829 9.015638
v 5.568238 14.172745 8.989424
v 5.378886 14.154873 9.114797
v 5.424506 14.154755 9.030909
v 5.461120 14.154697 8.939858
v 5.273031 14.155411 9.138456
v 5.318754 14.155267 9.070890
v 5.358191 14.155168 8.996720
v 5.387036 14.155136 8.915802
v 5.184328 14.155880 9.146770
v 5.222395 14.155758 9.091958
v 5.260905 14.155643 9.030627
v 5.296000 14.155555 8.965383
v 5.323300 14.155510 8.897467
v 5.063316 14.483560 9.110614
v 5.161128 14.454054 9.156994
v 5.136946 14.524686 9.122350
v 5.226910 14.448318 9.112760
v 5.214601 14.518768 9.087543
v 5.313375 14.378067 9.101465
v 5.294596 14.447644 9.068341
v 5.280120 14.513321 9.043359
v 5.386719 14.387505 9.057855
v 5.361807 14.455548 9.020418
v 5.335763 14.516689 8.980179
v 5.485485 14.321084 9.031911
v 5.453804 14.394992 8.996106
v 5.420118 14.459934 8.956010
v 5.376335 14.503385 8.908069
v 5.530560 14.317555 8.932956
v 5.485968 14.381211 8.905754
v 5.433051 14.431182 8.875719
v 5.388353 14.470728 8.843181
v 5.249428 14.547905 8.651888
v 5.219017 14.560407 8.602153
v 5.275045 14.502431 8.625949
v 5.239928 14.520596 8.574663
v 5.337031 14.442287 8.661147
v 5.300743 14.455962 8.598254
v 5.369441 14.392054 8.642643
v 5.444825 14.337145 8.714741
v 5.339489 14.478277 8.738125
v 5.309051 14.488439 8.682692
v 5.384129 14.446708 8.785748
v 5.366694 14.437573 8.725046
v 5.423763 14.404442 8.797856
v 5.402589 14.390624 8.719764
v 5.471094 14.352996 8.809064
v 5.526965 14.290563 8.818911
v 4.918023 14.558871 8.930849
v 4.876179 14.561265 8.837771
v 4.917623 14.580612 8.715697
v 4.851322 14.539484 8.748195
v 4.892198 14.557502 8.630881
v 4.827923 14.517783 8.670003
v 5.222886 14.156157 8.830198
v 5.264563 14.156006 8.782876
v 5.135464 14.156624 8.835202
v 5.178019 14.156484 8.776258
v 5.228033 14.156292 8.724439
v 5.043612 14.157108 8.844341
v 5.082973 14.156994 8.779395
v 5.128557 14.156842 8.717720
v 5.182172 14.156638 8.661754
v 4.954984 14.157568 8.858175
v 4.987418 14.157497 8.789800
v 5.026608 14.157388 8.721415
v 5.073404 14.157237 8.656404
v 5.128373 14.157027 8.597534
v 5.190415 14.156774 8.544209
v 4.876861 14.157959 8.880284
v 4.896475 14.157957 8.811514
v 4.926436 14.157910 8.737323
v 4.965327 14.157814 8.662255
v 5.013204 14.157662 8.591596
v 5.069681 14.157451 8.530217
v 5.131696 14.157194 8.479341
v 5.127901 14.619764 8.644120
v 5.134234 14.156210 9.109415
v 5.168877 14.156111 9.050744
v 5.204532 14.156009 8.990866
v 5.238503 14.155918 8.930845
v 5.268185 14.155846 8.873801
v 5.080565 14.156559 9.071846
v 5.114729 14.156469 9.008722
v 5.150179 14.156372 8.947000
v 5.186118 14.156272 8.886806
v 5.027798 14.156915 9.026687
v 5.061574 14.156831 8.961683
v 5.097165 14.156738 8.897637
v 4.977284 14.157267 8.975315
v 5.008953 14.157197 8.910275
v 4.928134 14.157614 8.923359
v 5.193692 14.534501 8.540310
v 5.140316 14.553781 8.526988
v 5.071309 14.564498 8.543739
v 5.257829 14.477894 8.542000
v 5.200271 14.495094 8.501564
v 5.130928 14.511305 8.481436
v 5.329207 14.405399 8.569362
v 5.281432 14.429801 8.502788
v 5.406752 14.336950 8.623208
v 5.492929 14.275395 8.707353
v 5.182175 14.595137 8.621601
v 5.542740 14.154339 8.836812
v 5.530369 14.154656 8.701124
v 5.466072 14.154837 8.831039
v 5.455988 14.155070 8.717407
v 5.436994 14.155349 8.603659
v 5.389092 14.155761 8.504717
v 5.395591 14.155224 8.827151
v 5.384316 14.155429 8.735174
v 5.357683 14.155714 8.644550
v 5.313600 14.156083 8.561284
v 5.255247 14.156508 8.489210
v 5.190722 14.156949 8.430081
v 5.334685 14.155556 8.827044
v 5.319637 14.155750 8.755054
v 5.288366 14.156031 8.682437
v 5.095656 14.566474 9.045030
v 5.162401 14.556947 9.005396
v 5.225069 14.547712 8.961431
v 5.175011 14.567474 8.885914
v 5.282330 14.543438 8.910575
v 5.234586 14.566098 8.843821
v 5.329666 14.532771 8.855751
v 5.286062 14.554044 8.800379
v 5.245178 14.569519 8.740291
v 5.351603 14.498277 8.807459
v 5.318409 14.517078 8.762184
v 5.283581 14.533061 8.707324
v 5.029455 14.514720 9.056116
v 5.110577 14.572015 8.926482
v 5.043072 14.579332 8.965751
v 5.193431 14.587568 8.777247
v 5.132034 14.590676 8.812752
v 5.064841 14.594561 8.849360
v 4.991986 14.593755 8.889297
v 5.213379 14.589206 8.678715
v 5.158828 14.607885 8.710714
v 5.096187 14.609223 8.739115
v 5.024404 14.613447 8.768600
v 5.067661 14.610662 8.668966
v 4.997892 14.597269 8.687742
v 5.079530 14.438834 9.152433
v 5.091750 14.386769 9.187572
v 5.171365 14.387924 9.181687
v 5.240821 14.378681 9.142278
v 5.101478 14.331884 9.225874
v 5.179853 14.320481 9.210991
v 5.257062 14.309958 9.180347
v 5.336042 14.306445 9.143587
v 5.413753 14.314444 9.098874
v 5.191891 14.263958 9.261109
v 5.279549 14.241793 9.235644
v 5.359610 14.226026 9.192742
v 5.444453 14.230572 9.146165
v 5.523541 14.235058 9.072838
v 5.572980 14.231864 8.964146
v 5.206671 14.215578 9.332963
v 5.311230 14.177771 9.308546
v 5.364606 14.161388 9.231021
v 5.452931 14.159225 9.173952
v 5.492750 14.154300 9.066017
v 5.193382 14.155560 9.322215
v 5.268534 14.155236 9.264692
v 5.323029 14.155062 9.188262
v 5.167193 14.155828 9.241295
v 5.224597 14.155578 9.199765
v 5.027404 14.351027 8.318693
v 5.244444 14.156377 8.611450
v 4.994301 14.465066 9.057734
v 4.943959 14.477406 9.004140
v 4.884864 14.490322 8.941718
v 4.827670 14.498166 8.866372
v 4.804021 14.485058 8.775857
v 4.788248 14.470634 8.697032
v 5.155911 14.585290 8.571154
v 5.099559 14.596555 8.590636
v 4.977584 14.541062 8.996465
v 4.948822 14.597558 8.803362
v 5.104896 14.276927 9.265061
v 4.968163 14.359959 9.097808
v 4.874321 14.254251 9.096373
v 4.816518 14.158037 9.041326
v 5.106268 14.156269 9.169693
v 5.049706 14.156624 9.139025
v 4.994527 14.156992 9.092985
v 4.944805 14.157348 9.036562
v 4.901272 14.157674 8.979583
v 4.868019 14.157923 8.933869
v 4.988674 14.573132 8.594564
v 5.289583 14.155799 8.828250
v 5.152369 14.155991 9.186784
v 5.137428 14.157307 8.386086
v 5.028942 14.455644 9.095217
v 5.359030 14.473716 8.777328
v 4.785441 14.458311 8.647375
v 5.052718 14.599584 8.615876
v 5.190462 14.561878 8.569277
vt 0.709774 0.926782
vt 0.702404 0.920516
vt 0.710423 0.918250
vt 0.715800 0.925586
vt 0.699771 0.911188
vt 0.708181 0.907809
vt 0.718972 0.913957
vt 0.721947 0.921587
vt 0.721894 0.931576
vt 0.717229 0.933026
vt 0.698961 0.918226
vt 0.691142 0.911357
vt 0.696915 0.898712
vt 0.706174 0.897014
vt 0.716931 0.904829
vt 0.729213 0.920241
vt 0.727492 0.911925
vt 0.724692 0.927143
vt 0.724831 0.939309
vt 0.729147 0.935787
vt 0.685057 0.899654
vt 0.695475 0.887190
vt 0.704824 0.886424
vt 0.715285 0.895042
vt 0.725976 0.902902
vt 0.730373 0.928003
vt 0.736276 0.911024
vt 0.737056 0.919845
vt 0.738048 0.937249
vt 0.733493 0.946285
vt 0.685023 0.887521
vt 0.695180 0.876473
vt 0.704299 0.876295
vt 0.713990 0.885109
vt 0.724569 0.893398
vt 0.735355 0.901757
vt 0.737711 0.928404
vt 0.745378 0.910742
vt 0.745127 0.919662
vt 0.749179 0.943770
vt 0.747212 0.936158
vt 0.683881 0.897616
vt 0.682265 0.886486
vt 0.684351 0.875166
vt 0.696763 0.866790
vt 0.704684 0.866821
vt 0.713149 0.875352
vt 0.723223 0.883717
vt 0.734164 0.892141
vt 0.745154 0.901157
vt 0.745229 0.927979
vt 0.754875 0.911512
vt 0.753157 0.920524
vt 0.755696 0.933027
vt 0.754726 0.936685
vt 0.682457 0.874769
vt 0.689151 0.865285
vt 0.698730 0.858253
vt 0.705487 0.858160
vt 0.712806 0.865986
vt 0.722028 0.874119
vt 0.732665 0.882408
vt 0.744186 0.891159
vt 0.755524 0.901212
vt 0.751356 0.927169
vt 0.760779 0.924502
vt 0.764920 0.914187
vt 0.762708 0.928424
vt 0.684339 0.863818
vt 0.692834 0.856824
vt 0.700430 0.850993
vt 0.706219 0.850408
vt 0.712801 0.857138
vt 0.721092 0.864789
vt 0.731024 0.872794
vt 0.742387 0.881100
vt 0.754829 0.890349
vt 0.766638 0.902041
vt 0.768455 0.916366
vt 0.688285 0.854462
vt 0.695698 0.849258
vt 0.706273 0.843665
vt 0.701794 0.845734
vt 0.712873 0.848834
vt 0.720466 0.855814
vt 0.729481 0.863467
vt 0.740119 0.871281
vt 0.752429 0.879548
vt 0.766452 0.889497
vt 0.770963 0.902337
vt 0.691260 0.846469
vt 0.682728 0.863915
vt 0.684654 0.854214
vt 0.699153 0.842906
vt 0.712519 0.841039
vt 0.704526 0.838188
vt 0.720159 0.847161
vt 0.728261 0.854483
vt 0.737848 0.861923
vt 0.749191 0.869183
vt 0.762692 0.877417
vt 0.771569 0.888515
vt 0.686556 0.845819
vt 0.695504 0.839382
vt 0.711035 0.833784
vt 0.719907 0.838750
vt 0.702009 0.833526
vt 0.727717 0.845699
vt 0.735898 0.853151
vt 0.745961 0.859529
vt 0.758016 0.865947
vt 0.769778 0.874838
vt 0.690948 0.837825
vt 0.706808 0.829079
vt 0.718966 0.830778
vt 0.728028 0.836812
vt 0.698254 0.833918
vt 0.734952 0.844771
vt 0.743034 0.851001
vt 0.753454 0.855390
vt 0.766258 0.860939
vt 0.715072 0.825645
vt 0.728071 0.827581
vt 0.736385 0.835913
vt 0.740623 0.844726
vt 0.749237 0.845818
vt 0.759303 0.849808
vt 0.723989 0.822562
vt 0.737998 0.824936
vt 0.743842 0.838658
vt 0.754114 0.838855
vt 0.746663 0.830341
vt 0.192795 0.628129
vt 0.189475 0.619131
vt 0.196045 0.614499
vt 0.200325 0.623595
vt 0.185405 0.631109
vt 0.183286 0.621930
vt 0.191353 0.606819
vt 0.185644 0.612176
vt 0.202950 0.609091
vt 0.208049 0.618211
vt 0.204309 0.633847
vt 0.196106 0.638495
vt 0.188139 0.642060
vt 0.177455 0.622781
vt 0.178645 0.633203
vt 0.182006 0.615958
vt 0.197769 0.601085
vt 0.186988 0.600612
vt 0.181590 0.607233
vt 0.209806 0.603287
vt 0.215771 0.612241
vt 0.212750 0.628504
vt 0.207967 0.644882
vt 0.199448 0.649656
vt 0.191329 0.653923
vt 0.181174 0.644833
vt 0.178024 0.614197
vt 0.175269 0.634371
vt 0.173112 0.622799
vt 0.204067 0.595573
vt 0.193283 0.594407
vt 0.183857 0.595073
vt 0.178096 0.602843
vt 0.215948 0.596829
vt 0.223146 0.605574
vt 0.221300 0.622641
vt 0.216837 0.639715
vt 0.211212 0.656231
vt 0.202754 0.660992
vt 0.194909 0.665841
vt 0.183924 0.657587
vt 0.177375 0.646882
vt 0.173146 0.611848
vt 0.209210 0.590241
vt 0.199650 0.589301
vt 0.190296 0.588405
vt 0.220767 0.589156
vt 0.229933 0.597970
vt 0.229810 0.616263
vt 0.225939 0.634240
vt 0.220149 0.651439
vt 0.213961 0.667401
vt 0.205887 0.671888
vt 0.198583 0.677303
vt 0.187815 0.670385
vt 0.180138 0.660320
vt 0.204274 0.586357
vt 0.212136 0.583293
vt 0.196967 0.583262
vt 0.190394 0.582367
vt 0.184184 0.590061
vt 0.225990 0.580566
vt 0.236603 0.589406
vt 0.238316 0.609275
vt 0.235207 0.628565
vt 0.229409 0.646566
vt 0.222614 0.663235
vt 0.216121 0.677988
vt 0.208770 0.681584
vt 0.202596 0.687632
vt 0.191766 0.682978
vt 0.183616 0.674007
vt 0.204053 0.580867
vt 0.215368 0.574787
vt 0.195882 0.576075
vt 0.235147 0.572617
vt 0.246186 0.579787
vt 0.247631 0.601602
vt 0.244727 0.622693
vt 0.238951 0.641893
vt 0.231612 0.659057
vt 0.224260 0.674781
vt 0.217131 0.687990
vt 0.211127 0.688657
vt 0.207818 0.695316
vt 0.196542 0.694790
vt 0.187333 0.687811
vt 0.204787 0.572593
vt 0.223341 0.568367
vt 0.259709 0.593841
vt 0.254916 0.616074
vt 0.248898 0.637686
vt 0.240882 0.655467
vt 0.232700 0.671179
vt 0.225178 0.686053
vt 0.215478 0.698056
vt 0.203429 0.704159
vt 0.192556 0.701671
vt 0.211577 0.566758
vt 0.257259 0.580313
vt 0.268195 0.594199
vt 0.268056 0.609998
vt 0.259612 0.633570
vt 0.250550 0.653384
vt 0.241097 0.668239
vt 0.233565 0.682538
vt 0.225260 0.697501
vt 0.212827 0.709166
vt 0.203509 0.711309
vt 0.277913 0.609891
vt 0.273218 0.629261
vt 0.261237 0.652282
vt 0.249591 0.668842
vt 0.240145 0.678150
vt 0.236411 0.693209
vt 0.223970 0.710763
vt 0.214330 0.717233
vt 0.276148 0.594996
vt 0.285946 0.610610
vt 0.287735 0.627017
vt 0.274888 0.650885
vt 0.259109 0.670681
vt 0.245340 0.682950
vt 0.242480 0.708646
vt 0.225479 0.723324
vt 0.284239 0.595585
vt 0.293977 0.610873
vt 0.295819 0.627311
vt 0.288695 0.649358
vt 0.271988 0.671913
vt 0.253726 0.689471
vt 0.241610 0.725378
vt 0.292076 0.596300
vt 0.302035 0.611204
vt 0.302651 0.628060
vt 0.298186 0.648047
vt 0.283537 0.670348
vt 0.267561 0.692770
vt 0.260892 0.708304
vt 0.257050 0.720499
vt 0.299762 0.596978
vt 0.310115 0.611842
vt 0.309083 0.629004
vt 0.306408 0.647849
vt 0.292806 0.668594
vt 0.278677 0.689265
vt 0.271601 0.703106
vt 0.267191 0.713686
vt 0.257073 0.728339
vt 0.243350 0.731277
vt 0.315737 0.630046
vt 0.313686 0.648225
vt 0.301879 0.667846
vt 0.287574 0.686812
vt 0.280669 0.700236
vt 0.275353 0.709777
vt 0.266412 0.721148
vt 0.321316 0.648338
vt 0.310448 0.667746
vt 0.296096 0.685444
vt 0.289133 0.698962
vt 0.282210 0.709016
vt 0.272241 0.716230
vt 0.268831 0.726243
vt 0.260175 0.730317
vt 0.322245 0.631555
vt 0.328187 0.649898
vt 0.318621 0.668261
vt 0.305184 0.685317
vt 0.297467 0.698904
vt 0.289152 0.709564
vt 0.275802 0.717633
vt 0.325851 0.670099
vt 0.313820 0.686214
vt 0.305555 0.699887
vt 0.297391 0.711793
vt 0.282077 0.720452
vt 0.273047 0.727225
vt 0.321698 0.688082
vt 0.312833 0.702310
vt 0.303854 0.713295
vt 0.288840 0.721860
vt 0.910908 0.707158
vt 0.900350 0.711438
vt 0.896376 0.704832
vt 0.908078 0.699649
vt 0.883791 0.717220
vt 0.882441 0.708484
vt 0.891870 0.697037
vt 0.901771 0.692202
vt 0.913570 0.688771
vt 0.913148 0.695203
vt 0.868085 0.719279
vt 0.866901 0.712366
vt 0.880051 0.700349
vt 0.889128 0.689771
vt 0.897854 0.686207
vt 0.908868 0.684681
vt 0.853044 0.721089
vt 0.850753 0.717862
vt 0.867167 0.703010
vt 0.879023 0.692266
vt 0.888010 0.682718
vt 0.895800 0.680485
vt 0.904668 0.680998
vt 0.915001 0.676370
vt 0.918453 0.682032
vt 0.853910 0.704351
vt 0.868102 0.693989
vt 0.879020 0.684446
vt 0.888509 0.675649
vt 0.896443 0.674172
vt 0.901440 0.678247
vt 0.909535 0.674238
vt 0.920989 0.667847
vt 0.920965 0.673462
vt 0.836495 0.712129
vt 0.841269 0.702587
vt 0.857016 0.694526
vt 0.869353 0.685532
vt 0.879902 0.676870
vt 0.889823 0.668636
vt 0.898064 0.667539
vt 0.903533 0.673183
vt 0.913623 0.666761
vt 0.824390 0.706708
vt 0.831340 0.697869
vt 0.846578 0.693348
vt 0.859501 0.685682
vt 0.870844 0.677568
vt 0.881298 0.669551
vt 0.899539 0.660832
vt 0.891161 0.661764
vt 0.906002 0.666710
vt 0.926483 0.658059
vt 0.916859 0.658773
vt 0.815521 0.696543
vt 0.825378 0.690391
vt 0.837839 0.690566
vt 0.849952 0.684662
vt 0.861598 0.677494
vt 0.872553 0.670048
vt 0.882752 0.662504
vt 0.908006 0.659790
vt 0.900279 0.654289
vt 0.892052 0.655089
vt 0.928003 0.648221
vt 0.917613 0.650894
vt 0.814475 0.683142
vt 0.823418 0.681281
vt 0.831851 0.687282
vt 0.841023 0.682641
vt 0.852385 0.676453
vt 0.863701 0.669886
vt 0.874315 0.662947
vt 0.883872 0.655713
vt 0.908668 0.653013
vt 0.900243 0.648091
vt 0.892404 0.648611
vt 0.922880 0.639514
vt 0.915106 0.643875
vt 0.809553 0.670955
vt 0.823167 0.671226
vt 0.832446 0.680762
vt 0.843224 0.674563
vt 0.854853 0.668792
vt 0.865922 0.662870
vt 0.875802 0.656217
vt 0.884384 0.649119
vt 0.907789 0.646967
vt 0.900425 0.642181
vt 0.892722 0.642226
vt 0.910477 0.638352
vt 0.916359 0.631915
vt 0.814292 0.659095
vt 0.826259 0.661355
vt 0.833718 0.672549
vt 0.845960 0.666720
vt 0.857704 0.661828
vt 0.868016 0.656460
vt 0.876462 0.649765
vt 0.884374 0.642592
vt 0.906327 0.642471
vt 0.893730 0.635776
vt 0.902737 0.636178
vt 0.905928 0.629240
vt 0.820421 0.647462
vt 0.832393 0.652256
vt 0.836623 0.664108
vt 0.849724 0.659453
vt 0.860778 0.655818
vt 0.869107 0.650580
vt 0.875885 0.643436
vt 0.884314 0.635924
vt 0.895092 0.629194
vt 0.835356 0.639720
vt 0.841848 0.644586
vt 0.841533 0.656159
vt 0.854485 0.653076
vt 0.863387 0.651409
vt 0.867664 0.645028
vt 0.874694 0.636919
vt 0.884444 0.628881
vt 0.907216 0.625070
vt 0.896351 0.624089
vt 0.847321 0.631362
vt 0.851887 0.637610
vt 0.848300 0.649159
vt 0.860267 0.647987
vt 0.865144 0.639100
vt 0.873497 0.629927
vt 0.885085 0.620253
vt 0.860007 0.622322
vt 0.862474 0.632060
vt 0.856218 0.643272
vt 0.872257 0.622734
vt 0.223978 0.869052
vt 0.219682 0.871112
vt 0.213302 0.860466
vt 0.217272 0.858039
vt 0.232534 0.883629
vt 0.226380 0.885693
vt 0.210415 0.873685
vt 0.206494 0.863730
vt 0.205365 0.852381
vt 0.209715 0.848229
vt 0.219818 0.856589
vt 0.226579 0.866603
vt 0.233571 0.876474
vt 0.234786 0.898521
vt 0.226991 0.902064
vt 0.212660 0.886993
vt 0.201015 0.874218
vt 0.199731 0.865556
vt 0.201192 0.856501
vt 0.196139 0.846218
vt 0.198786 0.840243
vt 0.212808 0.845938
vt 0.222154 0.856167
vt 0.228549 0.864759
vt 0.234920 0.872788
vt 0.240056 0.884577
vt 0.239039 0.888098
vt 0.240118 0.896518
vt 0.233071 0.908462
vt 0.225983 0.912685
vt 0.209785 0.905623
vt 0.200079 0.884613
vt 0.192349 0.872990
vt 0.192338 0.864976
vt 0.197909 0.859711
vt 0.193731 0.851922
vt 0.185845 0.842165
vt 0.187428 0.834777
vt 0.200866 0.835473
vt 0.241331 0.880392
vt 0.244938 0.893808
vt 0.237432 0.905976
vt 0.213886 0.917869
vt 0.194999 0.896223
vt 0.190541 0.881466
vt 0.184565 0.863812
vt 0.184662 0.871385
vt 0.192251 0.857913
vt 0.184821 0.849080
vt 0.175123 0.839764
vt 0.175471 0.833942
vt 0.248450 0.889111
vt 0.241710 0.903935
vt 0.200342 0.924035
vt 0.194269 0.915548
vt 0.186182 0.905346
vt 0.186003 0.890193
vt 0.183272 0.878425
vt 0.184407 0.856246
vt 0.177662 0.870676
vt 0.176601 0.863392
vt 0.175146 0.847598
vt 0.164396 0.839092
vt 0.164297 0.834194
vt 0.186119 0.923440
vt 0.182113 0.918574
vt 0.179139 0.897690
vt 0.177059 0.910103
vt 0.179245 0.884852
vt 0.178340 0.876062
vt 0.175673 0.855466
vt 0.170870 0.871914
vt 0.168601 0.863962
vt 0.165400 0.847526
vt 0.174938 0.922053
vt 0.172758 0.918950
vt 0.171293 0.902485
vt 0.172865 0.891082
vt 0.169309 0.912465
vt 0.173930 0.879059
vt 0.166750 0.855664
vt 0.163177 0.874157
vt 0.160451 0.865441
vt 0.156371 0.848852
vt 0.154497 0.840168
vt 0.165932 0.920942
vt 0.166920 0.918947
vt 0.164117 0.905392
vt 0.165242 0.895177
vt 0.166986 0.883401
vt 0.163144 0.914538
vt 0.158258 0.857022
vt 0.155566 0.876900
vt 0.152684 0.867519
vt 0.148084 0.851152
vt 0.145929 0.842860
vt 0.158687 0.916039
vt 0.157549 0.907790
vt 0.158264 0.897809
vt 0.159305 0.887197
vt 0.150288 0.858985
vt 0.149098 0.879040
vt 0.146348 0.869659
vt 0.141255 0.854847
vt 0.137772 0.847125
vt 0.151862 0.909235
vt 0.151359 0.900162
vt 0.152471 0.889652
vt 0.143841 0.861797
vt 0.142787 0.880577
vt 0.140684 0.871331
vt 0.136614 0.859447
vt 0.133785 0.854139
vt 0.144709 0.901806
vt 0.145571 0.891574
vt 0.138822 0.864625
vt 0.136926 0.881381
vt 0.136263 0.872123
vt 0.131365 0.861875
vt 0.134157 0.864663
vt 0.138245 0.892870
vt 0.136141 0.866768
vt 0.132704 0.871866
vt 0.132185 0.881228
vt 0.133385 0.850059
vt 0.128847 0.859607
vt 0.128956 0.870283
vt 0.133639 0.892193
vt 0.140125 0.901173
vt 0.127360 0.880290
vt 0.125343 0.867829
vt 0.129549 0.891185
vt 0.135749 0.900651
vt 0.122197 0.878167
vt 0.125581 0.889902
vt 0.131513 0.900170
vt 0.058122 0.692322
vt 0.045361 0.693411
vt 0.044542 0.679781
vt 0.058433 0.676378
vt 0.057683 0.706993
vt 0.046450 0.706277
vt 0.036062 0.695643
vt 0.033819 0.683821
vt 0.075987 0.677311
vt 0.074412 0.693677
vt 0.072383 0.708919
vt 0.058270 0.720046
vt 0.047292 0.718438
vt 0.037767 0.706027
vt 0.030634 0.699234
vt 0.026755 0.689619
vt 0.092267 0.696708
vt 0.095708 0.679577
vt 0.088105 0.712930
vt 0.070645 0.721575
vt 0.061233 0.729315
vt 0.050468 0.727036
vt 0.037779 0.716128
vt 0.032006 0.705704
vt 0.025458 0.679757
vt 0.035285 0.674266
vt 0.109860 0.701746
vt 0.113615 0.685094
vt 0.083589 0.725797
vt 0.104588 0.718092
vt 0.069368 0.729105
vt 0.067157 0.741056
vt 0.053015 0.735963
vt 0.039486 0.724047
vt 0.030630 0.712081
vt 0.027918 0.704741
vt 0.126846 0.707517
vt 0.131252 0.690826
vt 0.077174 0.735352
vt 0.097817 0.731840
vt 0.121029 0.724109
vt 0.063036 0.747695
vt 0.053490 0.744160
vt 0.041346 0.731900
vt 0.032437 0.718515
vt 0.115088 0.671066
vt 0.132860 0.676834
vt 0.141872 0.713863
vt 0.146924 0.698275
vt 0.089892 0.743516
vt 0.113027 0.738077
vt 0.135689 0.729496
vt 0.080174 0.753092
vt 0.070569 0.757552
vt 0.054130 0.751934
vt 0.042573 0.739681
vt 0.033203 0.725946
vt 0.147370 0.685578
vt 0.152731 0.719761
vt 0.155950 0.707085
vt 0.104719 0.750615
vt 0.127551 0.742561
vt 0.148093 0.733190
vt 0.095755 0.762745
vt 0.088788 0.765990
vt 0.043194 0.746069
vt 0.034400 0.733084
vt 0.156799 0.695541
vt 0.163025 0.714075
vt 0.160696 0.723983
vt 0.119563 0.753627
vt 0.140432 0.745538
vt 0.156648 0.734743
vt 0.112607 0.764258
vt 0.034948 0.739857
vt 0.164219 0.704666
vt 0.148032 0.673845
vt 0.158178 0.684441
vt 0.168748 0.721141
vt 0.166115 0.726704
vt 0.132960 0.755278
vt 0.150510 0.745277
vt 0.163459 0.734779
vt 0.126450 0.764857
vt 0.165898 0.694900
vt 0.169464 0.713822
vt 0.148731 0.662529
vt 0.159823 0.673571
vt 0.144455 0.755283
vt 0.158212 0.743467
vt 0.138801 0.764609
vt 0.167613 0.685035
vt 0.171273 0.705466
vt 0.149305 0.651894
vt 0.161735 0.663075
vt 0.152004 0.751660
vt 0.169057 0.675625
vt 0.150083 0.641776
vt 0.163639 0.653165
vt 0.170012 0.667091
vt 0.885499 0.036310
vt 0.889351 0.029341
vt 0.898888 0.036429
vt 0.893870 0.042866
vt 0.877125 0.032819
vt 0.878063 0.025735
vt 0.893728 0.020299
vt 0.904330 0.028693
vt 0.904684 0.045307
vt 0.900271 0.051278
vt 0.888490 0.048820
vt 0.881495 0.041729
vt 0.876566 0.037627
vt 0.867888 0.032756
vt 0.866182 0.025054
vt 0.879403 0.016939
vt 0.898952 0.006564
vt 0.910531 0.018512
vt 0.908367 0.039025
vt 0.906811 0.054411
vt 0.903325 0.059860
vt 0.896119 0.057176
vt 0.882173 0.055139
vt 0.875800 0.046911
vt 0.870653 0.039633
vt 0.857047 0.035396
vt 0.853607 0.027055
vt 0.864917 0.016094
vt 0.880790 0.006996
vt 0.912988 0.032962
vt 0.910326 0.049536
vt 0.908528 0.063647
vt 0.905169 0.068220
vt 0.899727 0.065927
vt 0.889616 0.064176
vt 0.873967 0.061803
vt 0.867057 0.052905
vt 0.861150 0.043706
vt 0.845712 0.040476
vt 0.841353 0.031959
vt 0.850366 0.017927
vt 0.863565 0.005080
vt 0.914496 0.045668
vt 0.911963 0.059833
vt 0.909774 0.072745
vt 0.906574 0.076082
vt 0.901860 0.073697
vt 0.896180 0.073088
vt 0.880749 0.070907
vt 0.865209 0.068127
vt 0.856251 0.060023
vt 0.850428 0.049389
vt 0.834846 0.046831
vt 0.830068 0.038798
vt 0.836951 0.023163
vt 0.847069 0.007254
vt 0.913450 0.028313
vt 0.918806 0.044183
vt 0.916486 0.057012
vt 0.913162 0.069909
vt 0.910437 0.081622
vt 0.907309 0.083400
vt 0.903721 0.080243
vt 0.898609 0.080730
vt 0.886477 0.079401
vt 0.871630 0.076373
vt 0.858168 0.073874
vt 0.853772 0.068635
vt 0.840402 0.055180
vt 0.844956 0.063333
vt 0.829277 0.053830
vt 0.823826 0.046797
vt 0.824901 0.030591
vt 0.832373 0.013718
vt 0.921561 0.055636
vt 0.918933 0.068007
vt 0.913835 0.079809
vt 0.910020 0.090494
vt 0.907280 0.091172
vt 0.905064 0.084715
vt 0.900984 0.086743
vt 0.890647 0.087222
vt 0.877023 0.083226
vt 0.863335 0.080364
vt 0.851196 0.078141
vt 0.847739 0.070860
vt 0.838180 0.067375
vt 0.834157 0.060759
vt 0.825957 0.061284
vt 0.820150 0.055584
vt 0.818600 0.039300
vt 0.819715 0.021615
vt 0.828919 0.005407
vt 0.844556 0.000026
vt 0.926602 0.066868
vt 0.919123 0.078403
vt 0.913268 0.089589
vt 0.904142 0.090576
vt 0.894999 0.095453
vt 0.881653 0.090042
vt 0.868327 0.086429
vt 0.855820 0.083858
vt 0.844901 0.079578
vt 0.841606 0.073631
vt 0.835656 0.071266
vt 0.831169 0.066628
vt 0.825363 0.068779
vt 0.819204 0.064836
vt 0.813769 0.049172
vt 0.812792 0.031238
vt 0.815642 0.013424
vt 0.928550 0.078250
vt 0.917069 0.088200
vt 0.899973 0.100498
vt 0.886022 0.098025
vt 0.872749 0.092727
vt 0.860169 0.089265
vt 0.848524 0.085188
vt 0.840198 0.078989
vt 0.838886 0.074723
vt 0.835827 0.076203
vt 0.831142 0.072643
vt 0.812171 0.060069
vt 0.806205 0.041524
vt 0.805916 0.023443
vt 0.923676 0.088801
vt 0.890699 0.104542
vt 0.876896 0.100015
vt 0.864042 0.095143
vt 0.852566 0.090108
vt 0.843116 0.083610
vt 0.803089 0.054624
vt 0.804768 0.034730
vt 0.916649 0.096358
vt 0.910302 0.094359
vt 0.881342 0.107038
vt 0.867453 0.101500
vt 0.855789 0.096014
vt 0.846350 0.088716
vt 0.816539 0.068105
vt 0.806663 0.066018
vt 0.799370 0.049857
vt 0.906482 0.100963
vt 0.901261 0.098617
vt 0.870743 0.108209
vt 0.858325 0.101444
vt 0.849476 0.093762
vt 0.822879 0.077219
vt 0.809978 0.076495
vt 0.860323 0.106358
vt 0.851730 0.097892
vt 0.831050 0.087554
vt 0.826303 0.086816
vt 0.852736 0.101112
vt 0.958220 0.147015
vt 0.959613 0.135487
vt 0.966658 0.134637
vt 0.966811 0.147275
vt 0.959774 0.122333
vt 0.966465 0.121332
vt 0.975559 0.145090
vt 0.974526 0.133013
vt 0.966745 0.160102
vt 0.957355 0.160849
vt 0.958667 0.109070
vt 0.964904 0.107859
vt 0.973460 0.120365
vt 0.976481 0.156339
vt 0.981970 0.131417
vt 0.983687 0.142680
vt 0.967800 0.171958
vt 0.958542 0.173901
vt 0.957207 0.099229
vt 0.962561 0.094843
vt 0.980611 0.119437
vt 0.984977 0.152671
vt 0.977198 0.166308
vt 0.989209 0.130048
vt 0.990837 0.140387
vt 0.969108 0.180847
vt 0.960356 0.185324
vt 0.987967 0.118632
vt 0.992206 0.149134
vt 0.985439 0.160901
vt 0.977869 0.174831
vt 0.961045 0.193622
vt 0.970638 0.188656
vt 0.993218 0.155174
vt 0.986562 0.168671
vt 0.979243 0.182900
vt 0.995871 0.161874
vt 0.988176 0.176846
vt 0.998789 0.169434
vt 0.809348 0.836613
vt 0.809823 0.825909
vt 0.822869 0.827228
vt 0.822421 0.838267
vt 0.797380 0.835116
vt 0.797735 0.824664
vt 0.823832 0.814690
vt 0.810778 0.814233
vt 0.836790 0.839757
vt 0.837101 0.827092
vt 0.821674 0.848891
vt 0.808650 0.847022
vt 0.796802 0.845361
vt 0.786183 0.833899
vt 0.786428 0.823561
vt 0.798451 0.813724
vt 0.837255 0.814744
vt 0.824973 0.802917
vt 0.812178 0.802103
vt 0.836053 0.851075
vt 0.852807 0.840472
vt 0.851935 0.826174
vt 0.820329 0.858913
vt 0.807250 0.857021
vt 0.795406 0.855235
vt 0.785795 0.843970
vt 0.775456 0.832279
vt 0.775595 0.822070
vt 0.786911 0.812914
vt 0.799883 0.801358
vt 0.837727 0.803282
vt 0.850608 0.813705
vt 0.826484 0.791504
vt 0.813915 0.790098
vt 0.852247 0.853165
vt 0.834844 0.860046
vt 0.868201 0.836175
vt 0.866433 0.822178
vt 0.819196 0.866150
vt 0.805852 0.865626
vt 0.793581 0.864617
vt 0.784390 0.853535
vt 0.775801 0.841990
vt 0.775796 0.811619
vt 0.788076 0.800821
vt 0.801672 0.788838
vt 0.849629 0.802944
vt 0.838732 0.792691
vt 0.863663 0.810276
vt 0.828350 0.780651
vt 0.816006 0.778772
vt 0.850341 0.860788
vt 0.867268 0.848759
vt 0.833369 0.866475
vt 0.879789 0.812766
vt 0.881195 0.829511
vt 0.818067 0.870753
vt 0.804753 0.870226
vt 0.792172 0.871580
vt 0.782403 0.862489
vt 0.776091 0.850593
vt 0.776319 0.799965
vt 0.789981 0.787810
vt 0.803721 0.776986
vt 0.849558 0.793617
vt 0.859947 0.801176
vt 0.840333 0.782510
vt 0.872602 0.802923
vt 0.830405 0.770586
vt 0.818367 0.767977
vt 0.864650 0.857904
vt 0.847881 0.867239
vt 0.878724 0.842081
vt 0.831439 0.870395
vt 0.781254 0.870195
vt 0.774966 0.857934
vt 0.779154 0.786667
vt 0.791667 0.775451
vt 0.806016 0.765317
vt 0.857127 0.794630
vt 0.851107 0.784760
vt 0.867191 0.794768
vt 0.842124 0.773422
vt 0.821209 0.757808
vt 0.832702 0.761661
vt 0.861802 0.865744
vt 0.875622 0.852212
vt 0.892944 0.823448
vt 0.888904 0.836193
vt 0.773912 0.863011
vt 0.780737 0.774706
vt 0.793242 0.762779
vt 0.809208 0.753835
vt 0.860925 0.788223
vt 0.852955 0.776468
vt 0.843944 0.765150
vt 0.823871 0.749607
vt 0.835077 0.753690
vt 0.871979 0.860779
vt 0.884262 0.846829
vt 0.780761 0.761461
vt 0.796162 0.750043
vt 0.813069 0.745095
vt 0.862902 0.780516
vt 0.854696 0.768556
vt 0.846100 0.757356
vt 0.826245 0.742677
vt 0.837892 0.746008
vt 0.783521 0.747397
vt 0.801779 0.742412
vt 0.815816 0.740980
vt 0.864941 0.772088
vt 0.856647 0.760616
vt 0.848861 0.749666
vt 0.828355 0.739267
vt 0.840371 0.739355
vt 0.866401 0.763953
vt 0.859081 0.753007
vt 0.852339 0.742272
vt 0.868017 0.756095
vt 0.861309 0.748072
vt 0.969326 0.754144
vt 0.972646 0.743406
vt 0.980408 0.746089
vt 0.976795 0.758285
vt 0.962859 0.750697
vt 0.965818 0.741156
vt 0.974117 0.731866
vt 0.982088 0.732886
vt 0.959688 0.739003
vt 0.957028 0.747168
vt 0.967436 0.731153
vt 0.974094 0.719864
vt 0.981580 0.718765
vt 0.961346 0.730347
vt 0.954053 0.736876
vt 0.951851 0.744158
vt 0.967610 0.720997
vt 0.972172 0.708021
vt 0.979741 0.704637
vt 0.961917 0.721844
vt 0.955750 0.729015
vt 0.948540 0.734946
vt 0.947024 0.741860
vt 0.965934 0.711215
vt 0.976469 0.691455
vt 0.968751 0.696367
vt 0.988964 0.717833
vt 0.992022 0.700222
vt 0.956982 0.721449
vt 0.960809 0.714200
vt 0.950340 0.727229
vt 0.962692 0.701939
vt 0.986858 0.686175
vt 0.976041 0.681965
vt 0.967080 0.687338
vt 0.996258 0.701953
vt 0.996220 0.717964
vt 0.952277 0.719550
vt 0.957535 0.716177
vt 0.957897 0.707465
vt 0.959206 0.693283
vt 0.986471 0.675749
vt 0.994026 0.683477
vt 0.991849 0.735076
vt 0.995879 0.734955
vt 0.954557 0.713033
vt 0.953938 0.700533
vt 0.967988 0.682991
vt 0.959738 0.688277
vt 0.976846 0.677209
vt 0.987015 0.670563
vt 0.996263 0.677773
vt 0.987710 0.749332
vt 0.994129 0.749879
vt 0.952325 0.693930
vt 0.995666 0.667044
vt 0.985024 0.763770
vt 0.994064 0.765171
vt 0.506722 0.186604
vt 0.494393 0.182520
vt 0.495429 0.175395
vt 0.506793 0.175048
vt 0.481527 0.183083
vt 0.484322 0.175245
vt 0.496431 0.169148
vt 0.506005 0.168492
vt 0.519343 0.174365
vt 0.521773 0.181965
vt 0.469013 0.184179
vt 0.473193 0.175405
vt 0.487401 0.168843
vt 0.497271 0.165040
vt 0.504192 0.162846
vt 0.458237 0.184522
vt 0.462326 0.175258
vt 0.477565 0.168102
vt 0.491730 0.163083
vt 0.499247 0.156811
vt 0.467389 0.166947
vt 0.482921 0.160777
vt 0.489851 0.151718
vt 0.472364 0.158320
vt 0.477779 0.148070
vt 0.880569 0.192238
vt 0.879915 0.181696
vt 0.888464 0.181850
vt 0.888955 0.192552
vt 0.878714 0.169581
vt 0.887884 0.169920
vt 0.898335 0.181651
vt 0.898839 0.192492
vt 0.889612 0.201781
vt 0.882398 0.199765
vt 0.878127 0.156560
vt 0.887191 0.157566
vt 0.898079 0.170150
vt 0.908674 0.192398
vt 0.908033 0.182057
vt 0.899460 0.202416
vt 0.872352 0.169333
vt 0.870583 0.156004
vt 0.877604 0.143413
vt 0.886755 0.144600
vt 0.897924 0.158054
vt 0.908015 0.170829
vt 0.909942 0.202043
vt 0.917175 0.182957
vt 0.917650 0.191908
vt 0.869388 0.142605
vt 0.877392 0.130726
vt 0.886603 0.132108
vt 0.897963 0.145707
vt 0.908301 0.159058
vt 0.917713 0.172247
vt 0.919933 0.200191
vt 0.925321 0.184669
vt 0.923684 0.191142
vt 0.868931 0.129677
vt 0.877384 0.118331
vt 0.887369 0.119654
vt 0.898414 0.133737
vt 0.908706 0.146999
vt 0.918463 0.160536
vt 0.927147 0.174304
vt 0.927957 0.195925
vt 0.911981 0.210564
vt 0.923963 0.208823
vt 0.933520 0.188136
vt 0.868995 0.117589
vt 0.899447 0.122443
vt 0.909213 0.135261
vt 0.919100 0.148416
vt 0.928549 0.162232
vt 0.936929 0.176818
vt 0.934240 0.201972
vt 0.942299 0.192392
vt 0.860468 0.128864
vt 0.860705 0.113400
vt 0.900838 0.111918
vt 0.890592 0.110261
vt 0.909856 0.124514
vt 0.919570 0.136614
vt 0.929411 0.149784
vt 0.938952 0.163810
vt 0.946659 0.179288
vt 0.927676 0.213534
vt 0.939238 0.205401
vt 0.910629 0.115430
vt 0.919937 0.125850
vt 0.929978 0.137691
vt 0.939943 0.151223
vt 0.947720 0.165627
vt 0.920123 0.116172
vt 0.930260 0.126578
vt 0.940223 0.138690
vt 0.930168 0.116300
vt 0.941324 0.126846
vt 0.919335 0.110061
vt 0.928158 0.110235
vt 0.940765 0.116569
vt 0.936462 0.109658
vt 0.024823 0.000038
vt 0.025360 0.010094
vt 0.013838 0.010156
vt 0.012277 0.003109
vt 0.036866 0.000644
vt 0.037186 0.010026
vt 0.005013 0.010194
vt 0.000000 0.007548
vt 0.046069 0.001182
vt 0.046264 0.009964
vt 0.053703 0.001326
vt 0.052962 0.009910
vt 0.779338 0.216518
vt 0.777369 0.221947
vt 0.767464 0.220100
vt 0.770399 0.211525
vt 0.775886 0.228268
vt 0.766221 0.228128
vt 0.759478 0.220796
vt 0.760972 0.212244
vt 0.774705 0.234931
vt 0.765191 0.236315
vt 0.757789 0.229250
vt 0.751261 0.220878
vt 0.753019 0.212905
vt 0.774290 0.241602
vt 0.763729 0.243176
vt 0.755818 0.237592
vt 0.748982 0.229324
vt 0.743102 0.219919
vt 0.746264 0.212496
vt 0.753088 0.245867
vt 0.746230 0.238019
vt 0.740078 0.228179
vt 0.743369 0.247781
vt 0.736796 0.237048
vt 0.749242 0.253639
vt 0.742763 0.255628
vt 0.733070 0.247229
vt 0.728088 0.236242
vt 0.731934 0.227270
vt 0.732040 0.255891
vn -0.908388 0.262751 0.325258
vn -0.902197 0.355105 0.244830
vn -0.942726 0.061745 0.327804
vn -0.906590 0.248180 0.341323
vn -0.844096 0.522741 0.119345
vn -0.803111 0.595743 0.010152
vn -0.795381 0.413467 0.443186
vn -0.644802 0.706905 0.290715
vn -0.906590 0.248178 0.341323
vn -0.782798 -0.552336 0.286623
vn -0.924760 -0.202649 0.322108
vn -0.929066 -0.087255 0.359477
vn -0.286099 -0.952771 0.101860
vn -0.470945 -0.868842 0.152722
vn -0.585131 -0.776653 0.233307
vn -0.651575 0.735307 -0.186476
vn -0.634979 0.739796 -0.222494
vn -0.706638 0.691955 -0.147858
vn -0.674861 0.725295 -0.136048
vn -0.862529 0.505994 0.003749
vn -0.902677 -0.400444 0.157540
vn -0.630911 0.741349 -0.228806
vn -0.633044 0.731075 -0.254529
vn -0.629924 0.726235 -0.275278
vn -0.630908 0.741349 -0.228817
vn -0.639750 0.717091 -0.276585
vn -0.804535 0.541159 -0.244684
vn 0.120688 -0.992369 -0.025281
vn 0.144160 -0.988768 -0.039437
vn 0.758158 -0.597490 -0.261155
vn 0.790012 -0.608057 -0.078410
vn -0.005431 -0.999984 -0.001548
vn -0.005428 -0.999984 -0.001538
vn 0.055840 -0.998294 -0.017080
vn -0.005433 -0.999984 -0.001530
vn 0.676136 -0.736772 0.002866
vn 0.699289 -0.703913 0.124504
vn 0.031518 -0.999479 0.006914
vn -0.005430 -0.999984 -0.001509
vn 0.750777 -0.581987 0.312451
vn 0.057287 -0.997485 0.041730
vn -0.005423 -0.999984 -0.001515
vn 0.809174 -0.313520 0.496934
vn 0.117691 -0.989161 0.087808
vn -0.005412 -0.999984 -0.001551
vn 0.729428 -0.153043 0.666718
vn 0.137551 -0.981572 0.132648
vn -0.005410 -0.999984 -0.001566
vn 0.567857 -0.069266 0.820208
vn 0.131206 -0.969202 0.208403
vn -0.005415 -0.999984 -0.001542
vn 0.884352 0.451167 -0.119876
vn 0.936436 0.350253 0.020242
vn 0.921893 0.347666 0.171003
vn 0.832800 0.444310 0.330202
vn 0.723613 0.540199 0.429614
vn -0.627409 0.720143 -0.296228
vn -0.619656 0.705920 -0.343080
vn -0.631217 0.726494 -0.271608
vn -0.631721 0.737274 -0.239491
vn -0.579483 0.710429 -0.399361
vn -0.562895 0.692422 -0.451333
vn -0.624573 0.741776 -0.244291
vn -0.534784 0.797961 -0.277966
vn -0.600952 0.775540 -0.193376
vn -0.413747 0.707421 -0.573036
vn -0.453131 0.687877 -0.567007
vn -0.543733 0.686366 -0.482966
vn -0.347100 0.751171 -0.561483
vn -0.611318 0.695432 -0.377711
vn -0.627473 0.713284 -0.312256
vn -0.631979 0.738919 -0.233669
vn -0.630771 0.741623 -0.228304
vn -0.533031 0.677332 -0.507049
vn -0.602992 0.688865 -0.402324
vn -0.474051 0.672613 -0.568215
vn -0.623749 0.704750 -0.338029
vn -0.313987 0.699741 -0.641697
vn -0.429358 0.361311 -0.827711
vn -0.557030 0.408506 -0.723077
vn -0.238463 0.712898 -0.659478
vn -0.592614 0.527222 -0.608971
vn -0.631369 0.624248 -0.460095
vn -0.109700 0.309155 -0.944664
vn -0.116077 -0.625525 -0.771521
vn -0.342117 -0.650165 -0.678412
vn -0.031832 0.694356 -0.718927
vn -0.473427 -0.624379 -0.621303
vn -0.255027 -0.291824 0.921846
vn 0.080301 0.039430 0.995991
vn 0.063773 0.573989 0.816376
vn -0.184008 0.498884 0.846909
vn -0.119125 -0.968128 0.220312
vn 0.065198 -0.922509 0.380430
vn -0.635429 -0.187371 0.749081
vn -0.270449 -0.941375 0.201670
vn -0.512653 0.469422 0.718909
vn -0.481579 0.619135 0.620285
vn -0.763098 0.482421 0.430060
vn -0.868230 0.316066 0.382463
vn -0.171978 0.624976 0.761465
vn -0.879683 -0.216873 0.423231
vn -0.179391 0.681292 0.709690
vn -0.494560 0.637761 0.590484
vn -0.005410 -0.999984 -0.001548
vn -0.005410 -0.999984 -0.001542
vn -0.005421 -0.999984 -0.001557
vn -0.005428 -0.999984 -0.001551
vn -0.005423 -0.999984 -0.001546
vn -0.005417 -0.999984 -0.001551
vn -0.005427 -0.999984 -0.001521
vn -0.005444 -0.999984 -0.001522
vn -0.005431 -0.999984 -0.001522
vn -0.005416 -0.999984 -0.001557
vn -0.005429 -0.999984 -0.001541
vn -0.005439 -0.999984 -0.001513
vn -0.005422 -0.999984 -0.001521
vn -0.005435 -0.999984 -0.001492
vn -0.005419 -0.999984 -0.001535
vn -0.005419 -0.999984 -0.001542
vn -0.005421 -0.999984 -0.001540
vn -0.005414 -0.999984 -0.001559
vn -0.005420 -0.999984 -0.001532
vn -0.005419 -0.999984 -0.001534
vn -0.005428 -0.999984 -0.001528
vn -0.005418 -0.999984 -0.001544
vn -0.005424 -0.999984 -0.001515
vn -0.005431 -0.999984 -0.001512
vn -0.005429 -0.999984 -0.001526
vn -0.005425 -0.999984 -0.001514
vn -0.005426 -0.999984 -0.001523
vn -0.005428 -0.999984 -0.001517
vn -0.005426 -0.999984 -0.001536
vn -0.005424 -0.999984 -0.001516
vn -0.005418 -0.999984 -0.001536
vn -0.005418 -0.999984 -0.001539
vn -0.005423 -0.999984 -0.001536
vn -0.005414 -0.999984 -0.001534
vn -0.005424 -0.999984 -0.001533
vn -0.005417 -0.999984 -0.001545
vn -0.005418 -0.999984 -0.001552
vn -0.005422 -0.999984 -0.001535
vn -0.005431 -0.999984 -0.001526
vn -0.005431 -0.999984 -0.001534
vn -0.005425 -0.999984 -0.001535
vn -0.005429 -0.999984 -0.001529
vn -0.005423 -0.999984 -0.001537
vn 0.065138 -0.993209 -0.096401
vn 0.100951 -0.963728 -0.247057
vn -0.005417 -0.999984 -0.001544
vn -0.005422 -0.999984 -0.001525
vn -0.005623 -0.999983 -0.001620
vn -0.005429 -0.999984 -0.001562
vn -0.005421 -0.999984 -0.001540
vn 0.103999 -0.950077 -0.294174
vn -0.005424 -0.999984 -0.001550
vn 0.155949 -0.604182 -0.781437
vn 0.273783 -0.304626 -0.912275
vn 0.306038 -0.225948 -0.924818
vn 0.148020 0.343398 -0.927452
vn 0.220996 0.496976 -0.839151
vn 0.239510 0.571033 -0.785211
vn 0.227136 0.584702 -0.778802
vn 0.237539 0.572733 -0.784571
vn 0.150701 0.646142 -0.748191
vn 0.107884 0.684010 -0.721451
vn 0.186988 0.625420 -0.757552
vn 0.181741 0.626931 -0.757580
vn 0.017593 -0.999814 -0.007881
vn 0.079198 -0.996467 -0.027938
vn 0.234754 -0.912985 -0.333690
vn 0.559332 -0.725693 -0.400646
vn 0.518451 0.041134 -0.854117
vn 0.711544 0.356249 -0.605633
vn 0.803477 0.499740 -0.323552
vn 0.383637 0.584679 -0.714824
vn 0.592800 0.613585 -0.521634
vn 0.711185 0.633104 -0.305608
vn 0.558598 0.624164 -0.546249
vn 0.695910 0.649826 -0.305671
vn 0.329239 0.570322 -0.752552
vn 0.407492 0.733430 -0.544088
vn 0.565175 0.771075 -0.293293
vn 0.208961 0.631427 -0.746750
vn 0.123119 0.610237 0.782593
vn 0.146382 0.622931 0.768459
vn 0.186315 0.975231 -0.119213
vn 0.275857 0.946068 -0.169875
vn 0.291650 0.936973 -0.192409
vn 0.205256 0.969505 -0.133901
vn 0.327305 0.943619 0.049548
vn 0.419713 0.907143 0.030552
vn -0.060323 0.997720 -0.030278
vn 0.035051 0.986937 0.157250
vn -0.037971 0.997990 -0.050740
vn 0.412304 0.886838 -0.208625
vn 0.391123 0.891984 -0.226688
vn 0.483939 0.874356 -0.036117
vn 0.361268 0.893740 -0.265922
vn 0.293128 0.923460 -0.247584
vn 0.206079 0.956007 -0.208765
vn 0.680683 0.712317 -0.171099
vn 0.612448 0.752936 -0.240820
vn 0.718195 0.683996 0.127849
vn 0.232535 0.832031 -0.503639
vn 0.196330 0.847416 -0.493296
vn 0.100817 0.703972 -0.703036
vn 0.100211 0.690903 -0.715968
vn 0.083688 0.718568 -0.690403
vn 0.058706 0.701941 -0.709811
vn -0.140734 0.721881 -0.677556
vn -0.046243 0.743466 -0.667173
vn 0.097163 0.876992 -0.470579
vn -0.207654 0.894704 -0.395456
vn 0.016096 0.701061 -0.712920
vn -0.630103 0.742922 -0.225915
vn -0.437178 0.893410 -0.103408
vn -0.534344 0.831828 -0.150130
vn -0.456956 0.888412 0.043761
vn -0.195190 0.955114 0.222841
vn -0.250179 0.968156 -0.009205
vn -0.337218 0.836968 0.431009
vn -0.326146 0.944309 -0.043690
vn -0.431309 0.893235 -0.126900
vn -0.019781 0.814858 0.579323
vn 0.296775 0.646812 0.702537
vn 0.093413 -0.944978 0.313513
vn 0.341460 0.015984 0.939760
vn 0.430695 0.627151 0.648987
vn 0.280140 0.646033 0.710044
vn 0.372951 0.648031 0.664051
vn 0.299572 0.656470 0.692318
vn 0.340748 0.625632 0.701766
vn 0.592929 0.590286 0.547721
vn 0.546917 0.636442 0.543897
vn 0.528857 0.619347 0.580275
vn 0.669162 0.625067 0.401887
vn 0.686941 0.604976 0.402637
vn 0.718433 0.613590 0.327660
vn 0.796335 0.580503 0.169900
vn 0.813381 0.581286 -0.022761
vn 0.792389 0.603839 -0.086590
vn 0.785634 0.593186 0.175810
vn 0.713257 0.604716 0.354376
vn 0.649639 0.699429 0.297940
vn 0.577805 0.758758 0.300712
vn 0.288618 0.848115 0.444297
vn -0.076571 0.985824 -0.149293
vn -0.448616 -0.859649 0.244434
vn -0.005523 -0.999983 -0.001826
vn -0.036920 -0.999126 -0.019572
vn -0.005418 -0.999984 -0.001538
vn -0.665244 -0.259604 -0.700040
vn -0.092723 -0.992868 -0.074933
vn -0.774189 0.212878 -0.596083
vn -0.629825 0.684674 -0.366801
vn -0.405926 -0.906568 0.115581
vn -0.070246 -0.997066 0.030426
vn -0.656723 -0.750797 -0.070838
vn -0.171608 -0.985042 0.015585
vn -0.005420 -0.999984 -0.001519
vn -0.785994 0.429197 -0.444976
vn -0.341480 -0.930271 -0.134119
vn -0.057276 -0.998344 -0.005330
vn -0.005427 -0.999984 -0.001524
vn -0.225595 -0.962624 -0.149874
vn -0.025844 -0.999662 -0.002797
vn -0.005428 -0.999984 -0.001545
vn -0.010103 -0.999948 -0.001684
vn -0.005431 -0.999984 -0.001539
vn -0.005429 -0.999984 -0.001556
vn 0.767032 0.618319 -0.171300
vn 0.737064 0.640840 -0.214617
vn 0.073613 0.852052 0.518256
vn -0.005440 -0.999984 -0.001544
vn -0.005444 -0.999984 -0.001529
vn -0.005439 -0.999984 -0.001535
vn -0.005440 -0.999984 -0.001532
vn 0.006704 -0.999976 -0.001893
vn -0.001123 -0.999996 -0.002601
vn -0.005427 -0.999984 -0.001550
vn 0.006383 -0.999970 0.004451
vn -0.005434 -0.999984 -0.001531
vn -0.005429 -0.999984 -0.001536
vn -0.005418 -0.999984 -0.001536
vn -0.001398 -0.999991 0.003915
vn -0.005417 -0.999984 -0.001534
vn -0.005430 -0.999984 -0.001542
vn -0.005426 -0.999984 -0.001542
vn -0.005420 -0.999984 -0.001541
vn -0.005424 -0.999984 -0.001541
vn -0.005427 -0.999984 -0.001543
vn -0.005425 -0.999984 -0.001530
vn -0.005421 -0.999984 -0.001529
vn -0.005437 -0.999984 -0.001538
vn -0.005423 -0.999984 -0.001539
vn -0.001076 -0.999783 -0.020794
vn -0.005440 -0.999984 -0.001530
vn -0.005430 -0.999984 -0.001534
vn -0.005428 -0.999984 -0.001542
vn -0.005430 -0.999984 -0.001524
vn -0.005426 -0.999984 -0.001541
vn -0.005424 -0.999984 -0.001540
vn -0.005431 -0.999984 -0.001532
vn -0.005423 -0.999984 -0.001536
vn -0.005425 -0.999984 -0.001541
vn -0.005423 -0.999984 -0.001537
vn -0.005417 -0.999984 -0.001527
vn -0.005416 -0.999984 -0.001530
vn -0.005430 -0.999984 -0.001533
vn -0.005428 -0.999984 -0.001523
vn -0.005426 -0.999984 -0.001538
vn 0.937447 -0.170000 0.303798
vn 0.931089 -0.173842 0.320705
vn 0.932409 -0.175431 0.315972
vn 0.933992 -0.173950 0.312090
vn 0.951470 -0.142512 0.272754
vn 0.926473 -0.155708 0.342640
vn 0.967613 -0.122119 0.220936
vn 0.986347 -0.073794 0.147218
vn 0.949750 -0.147211 0.276233
vn 0.929446 -0.158802 0.333034
vn 0.905098 -0.289392 0.311530
vn 0.914981 -0.249366 0.317216
vn 0.912111 -0.138314 0.385905
vn 0.920719 -0.233825 0.312415
vn 0.928507 -0.226066 0.294566
vn 0.746659 -0.604150 0.278395
vn 0.760182 -0.594624 0.261811
vn 0.716683 -0.647824 0.258244
vn 0.760929 -0.604150 0.236619
vn 0.778116 -0.603873 0.172838
vn 0.962091 -0.190877 0.194801
vn 0.986086 -0.083765 0.143588
vn 0.220713 -0.972076 0.079715
vn 0.199466 -0.976131 0.085922
vn 0.622397 -0.732745 0.275149
vn 0.198423 -0.976817 0.080356
vn 0.848755 -0.352306 0.394329
vn 0.183308 -0.980571 0.069842
vn 0.180086 -0.982406 0.049472
vn 0.195737 -0.979893 0.038693
vn 0.831858 -0.549825 -0.075530
vn 0.987555 -0.127215 -0.092478
vn 0.257488 -0.965406 -0.041111
vn 0.106249 -0.986121 0.127576
vn -0.006200 -0.999981 0.000348
vn 0.385342 -0.811279 0.439702
vn -0.004770 -0.999988 0.000460
vn 0.329767 -0.922946 -0.198557
vn 0.279113 0.114700 -0.953383
vn 0.478550 0.189631 -0.857339
vn 0.630609 0.236552 -0.739172
vn 0.578389 0.200828 -0.790654
vn -0.153263 -0.012682 -0.988104
vn 0.038059 0.085777 -0.995587
vn 0.011380 0.019328 -0.999748
vn -0.257641 -0.032968 -0.965678
vn 0.407275 0.074793 -0.910238
vn 0.146101 -0.096636 -0.984539
vn -0.189841 -0.016624 -0.981674
vn -0.270945 -0.008532 -0.962557
vn -0.320043 0.653454 -0.685981
vn -0.123250 0.578495 -0.806321
vn -0.301249 0.271171 -0.914175
vn -0.510197 0.335979 -0.791718
vn -0.117962 0.809815 -0.574705
vn 0.032831 0.722062 -0.691049
vn -0.458478 0.699842 -0.547740
vn -0.239216 0.863766 -0.443492
vn -0.651496 0.409124 -0.638882
vn -0.568294 0.075583 -0.819347
vn -0.715601 0.155129 -0.681066
vn -0.380867 0.009296 -0.924583
vn -0.535029 0.036434 -0.844048
vn -0.676625 0.107398 -0.728454
vn -0.358229 -0.014546 -0.933520
vn -0.502744 0.021875 -0.864158
vn -0.631345 0.071686 -0.772182
vn -0.332789 -0.000644 -0.943001
vn -0.277658 0.004541 -0.960669
vn -0.304136 -0.048460 -0.951395
vn -0.140246 0.260072 -0.955350
vn -0.274506 -0.023530 -0.961297
vn -0.257887 -0.008340 -0.966139
vn -0.305211 0.006923 -0.952259
vn -0.473137 0.022047 -0.880713
vn -0.249913 -0.010759 -0.968209
vn -0.275840 -0.008091 -0.961170
vn -0.445908 -0.046704 -0.893860
vn -0.081147 -0.269690 -0.959522
vn -0.174070 -0.383840 -0.906844
vn -0.325023 -0.475618 -0.817403
vn 0.168169 0.902261 -0.397045
vn 0.394161 0.883067 -0.254616
vn 0.445588 0.852306 -0.273908
vn 0.283877 0.841241 -0.460139
vn 0.028498 0.954125 -0.298050
vn 0.260826 0.940756 -0.216674
vn 0.094343 0.663278 -0.742402
vn 0.014504 0.530156 -0.847776
vn 0.364558 0.767079 -0.527908
vn 0.543800 0.489627 -0.681577
vn 0.228404 0.503409 -0.833313
vn 0.277287 0.404537 -0.871471
vn 0.212073 0.266131 -0.940319
vn 0.249263 -0.564528 -0.786877
vn 0.011228 -0.829911 -0.557782
vn -0.113376 -0.903142 -0.414103
vn -0.725103 0.206792 0.656858
vn -0.742697 0.126162 0.657636
vn -0.331487 0.133432 0.933977
vn -0.284842 0.245171 0.926691
vn -0.876348 0.246585 0.413776
vn -0.885280 0.146638 0.441334
vn -0.627002 0.478524 0.614722
vn -0.713018 0.540309 0.446847
vn -0.272620 0.562230 0.780753
vn -0.736158 0.111782 0.667515
vn -0.366706 0.116427 0.923023
vn -0.872525 0.136143 0.469218
vn -0.729865 0.086520 0.678094
vn -0.401066 0.103811 0.910148
vn -0.855208 0.116530 0.505014
vn -0.728748 0.076810 0.680461
vn -0.434229 0.105096 0.894651
vn -0.832468 0.096548 0.545596
vn -0.819351 0.063193 0.569799
vn -0.729422 0.065826 0.680890
vn -0.446245 0.093694 0.889993
vn -0.769434 -0.301812 0.562922
vn -0.708319 -0.240715 0.663581
vn -0.430382 -0.153194 0.889552
vn -0.366796 -0.883189 0.292296
vn -0.453616 -0.783062 0.425495
vn -0.299335 -0.658539 0.690453
vn -0.044190 -0.998547 0.030853
vn -0.073823 -0.995464 0.060012
vn -0.041868 -0.983985 0.173264
vn -0.005424 -0.999984 -0.001526
vn -0.005424 -0.999984 -0.001532
vn 0.003023 -0.999814 0.019063
vn -0.717250 0.592901 0.366090
vn -0.871343 0.311362 0.379230
vn -0.916328 0.153834 0.369700
vn -0.924007 0.146645 0.353138
vn -0.929878 0.137759 0.341100
vn -0.932457 0.123923 0.339363
vn -0.934898 0.067698 0.348400
vn -0.832800 -0.443177 0.331721
vn -0.280986 -0.949810 0.137503
vn -0.015294 -0.999810 0.012060
vn -0.005419 -0.999984 -0.001525
vn -0.903692 0.388128 0.180826
vn -0.968403 0.170744 0.181774
vn -0.974971 0.138783 0.173700
vn -0.980876 0.125232 0.148994
vn -0.985528 0.115329 0.124232
vn -0.992237 0.059691 0.109096
vn -0.898536 -0.431921 0.077954
vn -0.283361 -0.958966 0.009511
vn -0.005421 -0.999984 -0.001522
vn -0.005415 -0.999984 -0.001529
vn -0.985015 0.164592 -0.051528
vn -0.989640 0.143261 -0.009415
vn -0.972864 0.213210 -0.089878
vn -0.992607 0.119164 0.023038
vn -0.999967 -0.008116 0.000591
vn -0.850101 -0.524932 -0.042131
vn -0.261311 -0.964956 -0.024003
vn -0.005414 -0.999984 -0.001535
vn -0.959323 0.182442 -0.215442
vn -0.965200 0.130502 -0.226625
vn -0.952376 0.203982 -0.226652
vn -0.957379 -0.106981 -0.268292
vn -0.726199 -0.648916 -0.227033
vn -0.202645 -0.977087 -0.065080
vn -0.005415 -0.999984 -0.001542
vn -0.782390 0.094048 -0.615647
vn -0.761010 -0.140317 -0.633384
vn -0.815315 0.151738 -0.558782
vn -0.583597 -0.649973 -0.486775
vn -0.166037 -0.976763 -0.135519
vn -0.005422 -0.999984 -0.001537
vn -0.597846 0.044992 -0.800348
vn -0.588396 -0.097087 -0.802723
vn -0.480092 -0.578774 -0.659190
vn -0.161716 -0.959278 -0.231588
vn -0.000015 -0.999486 -0.032051
vn 0.212339 -0.923937 -0.318202
vn 0.001087 -0.999661 -0.026003
vn 0.001962 -0.999849 -0.017237
vn 0.330807 -0.908515 -0.255281
vn 0.015086 -0.999689 -0.019853
vn 0.560396 -0.613779 -0.556087
vn 0.743299 -0.493337 -0.451802
vn 0.805700 -0.464115 -0.368027
vn 0.890569 -0.106358 -0.442239
vn 0.926898 -0.085851 -0.365362
vn 0.824796 -0.177059 -0.536992
vn 0.939211 -0.028211 -0.342181
vn 0.993361 -0.033032 -0.110190
vn 0.906195 -0.031576 -0.421680
vn -0.005416 -0.999984 -0.001539
vn -0.005423 -0.999984 -0.001542
vn -0.005430 -0.999984 -0.001545
vn 0.573310 -0.186780 -0.797765
vn 0.006251 0.142345 0.989797
vn -0.011386 0.145801 0.989248
vn -0.000211 0.127276 0.991867
vn 0.053385 0.100701 0.993483
vn -0.016567 0.203163 0.979005
vn -0.008643 0.208626 0.977957
vn 0.255832 0.234442 0.937863
vn 0.166262 0.385634 0.907548
vn 0.335342 0.094673 0.937328
vn 0.110924 0.064871 0.991710
vn 0.409751 0.038525 0.911384
vn 0.037059 0.102469 0.994046
vn -0.000840 0.128668 0.991687
vn 0.032349 0.105944 0.993846
vn 0.086251 0.069353 0.993856
vn -0.014251 0.137441 0.990407
vn 0.167495 0.030948 0.985387
vn 0.462427 0.006107 0.886636
vn 0.121266 0.044740 0.991611
vn 0.195949 0.036060 0.979951
vn 0.079824 0.075046 0.993980
vn 0.506367 0.016761 0.862155
vn -0.056247 0.104921 0.992889
vn -0.047521 -0.035463 0.998241
vn 0.105130 0.026986 0.994092
vn -0.072135 0.122637 0.989827
vn 0.132819 0.036867 0.990454
vn 0.210058 0.024592 0.977380
vn 0.572505 -0.026940 0.819459
vn 0.122890 -0.344728 0.930624
vn 0.139560 -0.325329 0.935245
vn -0.006050 -0.512149 0.858875
vn 0.227028 -0.344501 0.910921
vn 0.582501 -0.375018 0.721148
vn 0.061260 -0.943385 0.325993
vn 0.093767 -0.885738 0.454616
vn 0.091839 -0.846449 0.524489
vn 0.152438 -0.828717 0.538507
vn 0.009678 -0.998368 0.056281
vn 0.009994 -0.995792 0.091101
vn 0.019265 -0.992535 0.120433
vn 0.032515 -0.988838 0.145407
vn -0.005431 -0.999984 -0.001534
vn -0.005430 -0.999984 -0.001536
vn -0.004726 -0.999988 -0.000864
vn 0.915135 -0.099558 0.390660
vn 0.831323 -0.047418 0.553763
vn 0.878208 -0.102905 0.467077
vn 0.972740 -0.085224 0.215672
vn 0.781632 0.169450 0.600282
vn 0.654309 0.129406 0.745073
vn 0.701513 0.007909 0.712613
vn 0.879550 0.195919 0.433599
vn 0.754128 -0.031741 0.655960
vn 0.814420 -0.054867 0.577677
vn 0.871873 -0.102120 0.478966
vn 0.564640 0.400046 0.721904
vn 0.668749 0.508728 0.542191
vn 0.428349 0.617845 0.659382
vn -0.359236 0.739577 0.569188
vn -0.405778 0.823798 0.395854
vn -0.718566 0.672342 0.177817
vn -0.394248 0.894474 0.210912
vn -0.057399 0.967086 0.247893
vn -0.043387 0.996273 0.074556
vn -0.372850 0.927714 0.018146
vn -0.081283 0.905457 0.416581
vn -0.704590 0.707872 -0.049701
vn -0.894349 0.437765 -0.092200
vn -0.339001 0.929182 -0.147307
vn -0.667127 0.717560 -0.200126
vn -0.016111 0.996258 -0.084919
vn -0.863885 0.450997 -0.224288
vn -0.942712 0.237576 -0.234204
vn 0.145525 0.982739 -0.114221
vn 0.210299 0.957905 -0.195427
vn 0.004600 0.982532 -0.186038
vn 0.089748 0.991570 0.093455
vn -0.293520 0.907159 -0.301511
vn -0.573840 0.726751 -0.377546
vn -0.784008 0.455877 -0.421317
vn -0.864691 0.219708 -0.451706
vn -0.844913 0.185619 -0.501664
vn -0.017702 0.219425 0.975469
vn 0.042621 0.434964 0.899439
vn -0.042291 0.484868 0.873564
vn -0.014484 0.141839 0.989784
vn -0.051079 0.245926 0.967942
vn -0.030717 0.139391 0.989761
vn -0.102766 0.537295 0.837110
vn -0.042765 0.130337 0.990547
vn -0.063446 0.127915 0.989754
vn -0.005425 -0.999984 -0.001535
vn -0.005426 -0.999984 -0.001542
vn -0.005422 -0.999984 -0.001532
vn -0.005426 -0.999984 -0.001533
vn -0.005420 -0.999984 -0.001529
vn 0.426755 0.896222 -0.121107
vn 0.412484 0.901266 0.132576
vn 0.411052 0.878850 -0.242196
vn 0.656556 0.753472 -0.034865
vn 0.507638 0.832356 -0.222454
vn 0.654964 0.738607 0.159630
vn 0.337080 0.870393 0.358877
vn 0.581664 0.722249 0.374197
vn 0.073256 0.954226 0.289975
vn 0.298657 0.849669 0.434588
vn 0.535908 0.706607 0.462071
vn 0.058114 0.910767 0.408810
vn -0.116901 0.773161 0.623343
vn -0.008583 0.777646 0.628644
vn 0.198032 0.737864 0.645245
vn 0.524810 0.763731 -0.375885
vn 0.654565 0.468563 -0.593291
vn 0.453856 0.848295 -0.272783
vn 0.523963 0.768504 -0.367240
vn 0.496031 0.836143 -0.234132
vn 0.545569 0.765620 -0.340852
vn 0.732139 0.040326 -0.679961
vn 0.885045 -0.015278 -0.465255
vn 0.904535 -0.030734 -0.425290
vn 0.950365 -0.027312 -0.309936
vn 0.995677 -0.012441 -0.092047
vn 0.723169 0.565559 0.396445
vn 0.961538 0.197120 0.191281
vn 0.802084 0.569664 0.179288
vn 0.984918 0.162668 0.058961
vn 0.850092 0.522571 0.065297
vn 0.996988 -0.022385 0.074252
vn 0.680814 0.728965 -0.071437
vn 0.703109 0.677586 -0.215674
vn 0.895544 0.442192 0.049676
vn 0.951083 0.307640 -0.028263
vn 0.780065 0.421328 -0.462580
vn 0.649374 0.489437 -0.582035
vn 0.969292 0.154832 -0.191048
vn 0.994048 0.096976 0.049645
vn 0.999533 0.027636 -0.013001
vn 0.979231 -0.004761 -0.202694
vn 0.999773 0.009123 0.019269
vn 0.999008 0.009112 -0.043595
vn 0.999367 -0.011864 0.033548
vn 0.742569 0.145763 -0.653716
vn 0.693956 0.199692 -0.691772
vn 0.821062 0.084159 -0.564601
vn 0.868547 0.024269 -0.495012
vn 0.752253 0.152624 -0.640954
vn 0.885769 0.040753 -0.462334
vn 0.901206 -0.005116 -0.433360
vn 0.666080 0.222714 -0.711854
vn 0.973794 0.002746 -0.227416
vn 0.963023 -0.015881 -0.268950
vn 0.846041 0.106215 -0.522431
vn 0.692625 0.216817 -0.687939
vn 0.998176 -0.001877 -0.060346
vn 0.580671 0.257028 -0.772502
vn 0.670904 0.230300 -0.704876
vn 0.650044 0.219560 -0.727486
vn 0.564716 0.226256 -0.793665
vn 0.663883 0.247053 -0.705850
vn 0.642176 0.480792 -0.597033
vn 0.995836 -0.042620 0.080587
vn -0.780583 0.622093 -0.060753
vn -0.796697 0.594764 -0.107376
vn -0.758199 0.599614 0.256121
vn -0.764175 0.619403 0.179937
vn -0.790398 0.540248 -0.288797
vn -0.785915 0.519143 -0.335897
vn -0.764951 0.643435 -0.029003
vn -0.784436 0.582876 -0.211936
vn -0.762194 0.640500 0.093911
vn -0.668188 0.501214 0.549826
vn -0.708956 0.531261 0.463835
vn -0.741478 0.579636 0.337983
vn -0.615201 0.424599 0.664261
vn -0.630741 0.439199 0.639742
vn -0.658672 0.471939 0.586024
vn -0.613315 0.411362 0.674260
vn -0.613792 0.412135 0.673353
vn -0.612373 0.412492 0.674426
vn -0.613406 0.411235 0.674255
vn -0.614241 0.410156 0.674151
vn -0.609449 0.417468 0.674013
vn -0.595462 0.406719 0.692824
vn -0.611378 0.399982 0.682811
vn -0.619485 0.416725 0.665266
vn -0.810868 0.474330 -0.342789
vn -0.856727 0.495613 -0.142783
vn -0.793430 0.544892 0.271221
vn -0.632146 0.498633 0.593091
vn -0.598005 0.476120 0.644747
vn -0.591092 0.516547 0.619507
vn -0.574180 0.554644 0.602236
vn -0.925456 0.176932 0.335002
vn -0.721100 0.273170 0.636705
vn -0.982611 -0.093554 -0.160386
vn -0.643336 0.495962 0.583216
vn -0.521374 0.718329 0.460622
vn -0.445890 0.796052 0.409248
vn -0.320094 -0.944332 -0.076006
vn -0.502905 -0.811054 0.298793
vn -0.592444 -0.629410 0.502845
vn -0.784289 0.006045 0.620366
vn -0.775241 0.347053 0.527784
vn -0.005373 -0.999984 -0.001557
vn -0.005308 -0.999985 -0.001554
vn -0.130756 -0.980817 0.144575
vn -0.408077 -0.848425 0.337118
vn -0.621232 -0.671001 0.404757
vn -0.005425 -0.999984 -0.001530
vn -0.005424 -0.999984 -0.001531
vn -0.005421 -0.999984 -0.001539
vn -0.005431 -0.999984 -0.001532
vn -0.005429 -0.999984 -0.001530
vn -0.005428 -0.999984 -0.001540
vn -0.728135 0.530390 -0.434173
vn -0.745679 0.514950 -0.422835
vn -0.697105 0.628444 -0.345112
vn -0.595414 0.583463 -0.552316
vn -0.614318 0.569729 -0.545914
vn -0.759076 0.508251 -0.406798
vn -0.566494 0.605592 -0.558876
vn -0.396303 0.600823 -0.694231
vn -0.413859 0.443865 -0.794799
vn -0.687243 0.355513 -0.633488
vn -0.407877 0.620315 -0.669959
vn -0.888608 0.123218 -0.441807
vn -0.916679 0.033137 -0.398249
vn -0.544354 -0.602797 -0.583365
vn -0.470792 -0.841613 -0.264655
vn -0.371558 -0.542854 -0.753163
vn -0.371419 -0.909589 -0.186268
vn -0.064667 -0.990706 -0.119666
vn -0.054054 -0.995433 -0.078679
vn -0.131857 -0.307027 -0.942522
vn -0.030398 -0.981285 -0.190148
vn -0.103822 0.506077 -0.856217
vn -0.015840 -0.999297 -0.033964
vn -0.005425 -0.999984 -0.001529
vn -0.021841 -0.985492 -0.168314
vn -0.005431 -0.999984 -0.001533
vn -0.005418 -0.999984 -0.001545
vn 0.191565 -0.304984 -0.932892
vn -0.005412 -0.999984 -0.001545
vn -0.005413 -0.999984 -0.001539
vn -0.005414 -0.999984 -0.001536
vn -0.005419 -0.999984 -0.001524
vn -0.005422 -0.999984 -0.001530
vn -0.005425 -0.999984 -0.001556
vn -0.005418 -0.999984 -0.001547
vn -0.005426 -0.999984 -0.001545
vn -0.005416 -0.999984 -0.001539
vn -0.005417 -0.999984 -0.001532
vn -0.005425 -0.999984 -0.001527
vn -0.005426 -0.999984 -0.001536
vn -0.099022 0.798857 -0.593315
vn -0.112591 0.842506 -0.526790
vn 0.164380 0.762391 -0.625891
vn 0.219459 0.716397 -0.662279
vn -0.315097 0.787238 -0.530067
vn -0.258689 0.895449 -0.362287
vn -0.099296 0.703205 -0.704019
vn -0.391258 0.666758 -0.634311
vn 0.248314 0.662294 -0.706900
vn -0.090575 0.637308 -0.765268
vn 0.243735 0.609212 -0.754622
vn -0.065827 0.607296 -0.791744
vn 0.225714 0.583398 -0.780192
vn 0.413797 0.649759 -0.637640
vn 0.379819 0.628858 -0.678435
vn 0.445983 0.652746 -0.612390
vn 0.319350 0.630991 -0.707013
vn 0.329891 0.483074 -0.811056
vn 0.221759 0.526294 -0.820876
vn 0.290570 -0.603404 -0.742612
vn 0.022787 -0.997162 -0.071753
vn 0.649962 0.624703 -0.432777
vn 0.625785 0.635863 -0.451742
vn 0.608280 0.637170 -0.473297
vn 0.537042 0.691427 -0.483233
vn 0.522171 0.540745 -0.659494
vn 0.476988 -0.600101 -0.642153
vn 0.058762 -0.996974 -0.050895
vn -0.005410 -0.999984 -0.001537
vn 0.737099 0.604357 -0.302385
vn 0.644603 0.716578 -0.266465
vn 0.740221 0.599152 -0.305106
vn 0.681035 0.629153 -0.374644
vn 0.470791 -0.794574 -0.383416
vn 0.043844 -0.997354 -0.057983
vn -0.005404 -0.999984 -0.001540
vn 0.740297 0.599512 -0.304214
vn 0.734591 0.606596 -0.304003
vn 0.651133 0.723691 -0.228688
vn 0.833899 0.499672 -0.234394
vn 0.487673 -0.861107 -0.143770
vn 0.011007 -0.999437 -0.031702
vn 0.733096 0.607362 -0.306075
vn 0.717533 0.651317 -0.246845
vn 0.899469 0.385106 -0.206517
vn 0.410083 -0.910345 -0.055718
vn -0.002413 -0.999986 -0.004761
vn 0.986517 0.094558 -0.133580
vn 0.411295 -0.911447 -0.010046
vn 0.803159 0.562574 -0.196077
vn 0.834634 0.545090 0.079147
vn 0.952523 0.226824 0.203105
vn 0.606160 -0.754240 0.252372
vn -0.497928 0.726965 -0.472853
vn -0.422310 0.866258 -0.266929
vn -0.661697 0.740146 -0.119755
vn -0.082609 0.501900 0.860971
vn -0.104217 -0.662696 0.741601
vn 0.032717 -0.761083 0.647829
vn 0.246977 0.415161 0.875582
vn -0.422181 0.484862 0.765945
vn -0.367420 -0.598786 0.711658
vn -0.060563 0.800545 0.596205
vn -0.361411 0.803854 0.472441
vn 0.280951 0.753043 0.594974
vn -0.005427 -0.999984 -0.001546
vn -0.005435 -0.999984 -0.001552
vn -0.005447 -0.999984 -0.001543
vn -0.005421 -0.999984 -0.001533
vn -0.005436 -0.999984 -0.001554
vn -0.005440 -0.999984 -0.001548
vn -0.249552 0.465984 0.848871
vn -0.336978 0.446537 0.828885
vn -0.440917 0.546176 0.712239
vn -0.531825 0.541051 0.651480
vn -0.161059 0.574758 0.802318
vn -0.678416 0.473203 0.561988
vn -0.607559 -0.614289 0.503509
vn -0.005417 -0.999984 -0.001539
vn -0.005415 -0.999984 -0.001534
vn -0.005425 -0.999984 -0.001541
vn -0.005420 -0.999984 -0.001543
vn 0.058077 -0.998174 0.016583
vn 0.020505 -0.999602 0.019362
vn 0.491102 -0.822989 0.285497
vn 0.036734 -0.999322 -0.002638
vn 0.784313 0.287518 0.549716
vn 0.009954 -0.999652 0.024413
vn 0.035550 -0.997722 0.057336
vn -0.005425 -0.999984 -0.001558
vn -0.005424 -0.999984 -0.001548
vn 0.556917 -0.568114 0.605880
vn 0.592535 -0.391008 0.704284
vn -0.005425 -0.999984 -0.001549
vn -0.005423 -0.999984 -0.001530
vn -0.005416 -0.999984 -0.001536
vn -0.005430 -0.999984 -0.001541
vn -0.005422 -0.999984 -0.001549
vn -0.005448 -0.999984 -0.001559
vn -0.005439 -0.999984 -0.001550
vn 0.089990 -0.962281 0.256741
vn -0.005424 -0.999984 -0.001546
vn -0.005433 -0.999984 -0.001528
vn -0.005437 -0.999984 -0.001539
vn -0.005438 -0.999984 -0.001535
vn -0.005430 -0.999984 -0.001527
vn -0.005417 -0.999984 -0.001542
vn -0.005418 -0.999984 -0.001544
vn -0.005427 -0.999984 -0.001531
vn -0.005430 -0.999984 -0.001534
vn 0.039760 0.739277 0.672227
vn -0.073402 0.918715 0.388039
vn -0.481763 0.633910 0.605031
vn 0.205675 0.464213 0.861513
vn 0.287073 0.461130 0.839612
vn 0.449442 0.466828 0.761626
vn 0.489947 0.420907 0.763406
vn 0.393145 0.751010 0.530491
vn 0.221185 0.956955 0.187921
vn 0.487022 0.469861 0.736234
vn 0.414888 0.768170 0.487631
vn 0.411205 0.518607 0.749638
vn 0.217628 0.958160 0.185921
vn 0.388584 0.565997 0.727083
vn 0.465254 0.555688 0.689021
vn 0.473965 0.554311 0.684176
vn 0.399297 0.576421 0.712952
vn 0.532652 0.586905 0.609774
vn 0.442453 0.828152 0.344093
vn 0.276914 0.948787 0.152056
vn 0.687057 0.596999 0.414180
vn 0.694622 0.672537 0.255333
vn 0.684047 0.550610 0.478444
vn 0.610350 0.790169 0.055722
vn 0.498397 0.866632 -0.023444
vn 0.592444 0.389262 0.705326
vn 0.798867 0.600374 -0.036909
vn 0.760812 0.628885 -0.160214
vn 0.729845 0.645418 -0.225302
vn 0.694669 0.679761 -0.235286
vn 0.752290 0.597172 -0.278290
vn 0.736756 0.605613 -0.300704
vn 0.740841 0.599681 -0.302552
vn 0.744384 0.595224 -0.302656
vn 0.696293 0.675405 -0.242908
vn 0.688982 0.686629 -0.232044
vn 0.746542 0.593101 -0.301507
vn 0.745894 0.590784 -0.307598
vn 0.498170 0.864345 -0.068808
vn 0.487409 0.872505 -0.034154
vn 0.640696 0.689588 -0.337606
vn 0.401147 0.884642 -0.237676
vn 0.677150 0.612823 -0.407328
vn 0.501321 0.697943 -0.511422
vn 0.200907 0.842471 -0.499878
vn 0.478205 0.653485 -0.586752
vn 0.742243 0.594259 -0.309729
vn 0.745358 0.594080 -0.302507
vn 0.742274 0.597291 -0.303763
vn 0.736121 0.604006 -0.305455
vn 0.745874 0.593829 -0.301728
vn 0.677674 0.695763 -0.238057
vn -0.501477 0.746266 0.437730
vn -0.146021 0.961779 0.231644
vn -0.293520 0.954147 0.058731
vn -0.584956 0.791918 0.175195
vn -0.454773 0.687220 0.566490
vn -0.089901 0.950960 0.295962
vn -0.636795 0.771032 0.001745
vn -0.386112 0.916357 -0.105864
vn -0.219816 0.964667 -0.145253
vn -0.067658 0.997003 0.037521
vn -0.005419 -0.999984 -0.001531
vn -0.005426 -0.999984 -0.001542
vn -0.005424 -0.999984 -0.001527
vn -0.005418 -0.999984 -0.001536
vn -0.005413 -0.999984 -0.001537
vn -0.005413 -0.999984 -0.001545
vn -0.005414 -0.999984 -0.001548
vn -0.005428 -0.999984 -0.001547
vn -0.005427 -0.999984 -0.001537
vn -0.005428 -0.999984 -0.001525
vn -0.005424 -0.999984 -0.001536
vn -0.005429 -0.999984 -0.001548
vn -0.005421 -0.999984 -0.001541
vn -0.005421 -0.999984 -0.001542
vn -0.005407 -0.999984 -0.001545
vn -0.005437 -0.999984 -0.001537
vn -0.005431 -0.999984 -0.001543
vn -0.005423 -0.999984 -0.001534
vn -0.005427 -0.999984 -0.001526
vn -0.005433 -0.999984 -0.001544
vn -0.005425 -0.999984 -0.001543
vn -0.005427 -0.999984 -0.001544
vn -0.005418 -0.999984 -0.001545
vn -0.005419 -0.999984 -0.001534
vn -0.005422 -0.999984 -0.001545
vn 0.090950 0.989327 -0.113846
vn -0.065034 0.900528 -0.429908
vn -0.225543 0.925655 -0.303798
vn -0.132401 0.987795 -0.082042
vn 0.207354 0.973246 0.098979
vn 0.048237 0.993441 0.103679
vn -0.005432 -0.999984 -0.001520
vn -0.005437 -0.999984 -0.001532
vn -0.005422 -0.999984 -0.001530
vn -0.005412 -0.999984 -0.001554
vn -0.005408 -0.999984 -0.001552
vn 0.160920 0.978746 0.127125
vn 0.174680 0.970756 0.164682
vn 0.241141 0.960224 0.140789
vn 0.154960 0.969343 0.190689
vn 0.096972 0.981399 0.165686
vn 0.244595 0.958348 0.147450
vn 0.463973 0.885102 -0.036384
vn 0.292866 0.575693 0.763418
vn 0.438586 0.684677 0.582116
vn 0.465774 0.553429 0.690486
vn 0.583997 0.159502 0.795931
s 1
g group3 pSphere8
usemtl initialShadingGroup
f 2980/4285/2980 2984/4288/2981 3143/4295/2982 2981/4296/2983
f 2980/4285/2980 3236/4286/2984 2983/4287/2985 2984/4288/2981
f 2980/4285/2980 3243/4289/2986 3076/4290/2987 3236/4286/2984
f 2980/4285/2980 2981/4296/2983 3218/4297/2988 3243/4289/2986
f 2981/4296/2983 3143/4295/2982 3144/4307/2989 2982/4308/2990
f 2981/4296/2983 2982/4308/2990 3219/4309/2991 3218/4297/2988
f 2982/3837/2990 3144/3838/2989 3145/3839/2992 3141/3840/2993
f 2982/3837/2990 3141/3840/2993 3220/3845/2994 3219/3846/2991
f 2983/4287/2985 3237/4292/2995 2985/4303/2996 2986/4293/2997
f 2983/4287/2985 3236/4286/2984 3077/4291/2998 3237/4292/2995
f 2983/4287/2985 2986/4293/2997 3147/4294/2999 2984/4288/2981
f 2984/4288/2981 3147/4294/2999 3148/4306/3000 3143/4295/2982
f 2985/4303/2996 3244/4319/3001 3084/4332/3002 3152/4320/3003
f 2985/4303/2996 3237/4292/2995 3074/4302/3004 3244/4319/3001
f 2985/4303/2996 3152/4320/3003 3153/4304/3005 2986/4293/2997
f 2986/4293/2997 3153/4304/3005 3154/4305/3006 3147/4294/2999
f 2987/3962/3007 3208/3966/3008 3209/3968/3009 3210/3967/3010
f 2987/3962/3007 3221/3955/3011 3251/3961/3012 3208/3966/3008
f 2987/3962/3007 2988/3956/3013 3222/3946/3014 3221/3955/3011
f 2987/3962/3007 3210/3967/3010 2993/3963/3015 2988/3956/3013
f 2988/3956/3013 2993/3963/3015 2994/3957/3016 2989/3947/3017
f 2988/3956/3013 2989/3947/3017 3223/3936/3018 3222/3946/3014
f 2989/3947/3017 2994/3957/3016 2995/3948/3019 2990/3937/3020
f 2989/3947/3017 2990/3937/3020 3224/3924/3021 3223/3936/3018
f 2990/3937/3020 2995/3948/3019 3100/3938/3022 2991/3925/3023
f 2990/3937/3020 2991/3925/3023 3225/3913/3024 3224/3924/3021
f 2991/3925/3023 3100/3938/3022 3097/3926/3025 2992/3914/3026
f 2991/3925/3023 2992/3914/3026 3226/3900/3027 3225/3913/3024
f 2992/3914/3026 3097/3926/3025 3094/3915/3028 3093/3903/3029
f 2992/3914/3026 3093/3903/3029 3227/3888/3030 3226/3900/3027
f 2993/4675/3015 3210/4676/3010 3212/4677/3031 3213/4678/3032
f 2993/4675/3015 3213/4678/3032 3103/4683/3033 2994/4684/3016
f 2994/4684/3016 3103/4683/3033 3102/4691/3034 2995/4692/3019
f 2995/4692/3019 3102/4691/3034 3101/4700/3035 3100/4701/3022
f 2996/4344/3036 2998/4345/3037 2999/4330/3038 3081/4331/3039
f 2996/4344/3036 3065/4356/3040 2997/4357/3041 2998/4345/3037
f 2996/4344/3036 3253/4354/3042 3123/4364/3043 3065/4356/3040
f 2996/4344/3036 3081/4331/3039 3078/4342/3044 3253/4354/3042
f 2997/4357/3041 3068/4367/3045 3071/4376/3046 3000/4365/3047
f 2997/4357/3041 3065/4356/3040 3064/4366/3048 3068/4367/3045
f 2997/4357/3041 3000/4365/3047 3001/4355/3049 2998/4345/3037
f 2998/4345/3037 3001/4355/3049 3002/4343/3050 2999/4330/3038
f 2999/4330/3038 3083/4318/3051 3082/4317/3052 3081/4331/3039
f 2999/4330/3038 3002/4343/3050 3084/4332/3002 3083/4318/3051
f 3000/4365/3047 3004/4358/3053 3140/4346/3054 3001/4355/3049
f 3000/4365/3047 3071/4376/3046 3003/4368/3055 3004/4358/3053
f 3001/4355/3049 3140/4346/3054 3198/4333/3056 3002/4343/3050
f 3002/4343/3050 3198/4333/3056 3152/4320/3003 3084/4332/3002
f 3003/4368/3055 3072/4379/3057 3005/4380/3058 3139/4369/3059
f 3003/4368/3055 3071/4376/3046 3070/4385/3060 3072/4379/3057
f 3003/4368/3055 3139/4369/3059 3138/4347/3061 3004/4358/3053
f 3004/4358/3053 3138/4347/3061 3199/4334/3062 3140/4346/3054
f 3005/3939/3058 3132/3949/3063 3131/3940/3064 3137/3927/3065
f 3005/4380/3058 3072/4379/3057 3088/4388/3066 3132/4389/3063
f 3005/3939/3058 3137/3927/3065 3136/3916/3067 3139/3929/3059
f 3006/4893/3068 3233/4894/3069 3234/4895/3070 3053/4896/3071
f 3006/3876/3068 3129/3877/3072 3232/3890/3073 3233/3891/3069
f 3006/3876/3068 3126/3866/3074 3128/3865/3075 3129/3877/3072
f 3006/4893/3068 3053/4896/3071 3007/4901/3076 3126/4902/3074
f 3007/4325/3076 3008/4312/3077 3252/4311/3078 3124/4310/3079
f 3007/4325/3076 3053/4337/3071 3054/4326/3080 3008/4312/3077
f 3007/4325/3076 3124/4310/3079 3125/4324/3081 3126/4336/3074
f 3008/4312/3077 3054/4326/3080 3085/4313/3082 3180/4298/3083
f 3008/4312/3077 3180/4298/3083 3243/4289/2986 3252/4311/3078
f 3009/3852/3084 3012/3853/3085 3013/3863/3086 3010/3864/3087
f 3009/3852/3084 3142/3844/3088 3146/3843/3089 3012/3853/3085
f 3009/3852/3084 3229/3862/3090 3248/3854/3091 3142/3844/3088
f 3009/3852/3084 3010/3864/3087 3230/3873/3092 3229/3862/3090
f 3010/3864/3087 3013/3863/3086 3014/3874/3093 3011/3875/3094
f 3010/3864/3087 3011/3875/3094 3231/3887/3095 3230/3873/3092
f 3011/3875/3094 3014/3874/3093 3227/3888/3030 3228/3889/3096
f 3011/3875/3094 3228/3889/3096 3242/3901/3097 3231/3887/3095
f 3012/3853/3085 3015/3861/3098 3016/3872/3099 3013/3863/3086
f 3012/3853/3085 3146/3843/3089 3151/3851/3100 3015/3861/3098
f 3013/3863/3086 3016/3872/3099 3032/3886/3101 3014/3874/3093
f 3014/3874/3093 3032/3886/3101 3226/3900/3027 3227/3888/3030
f 3015/3861/3098 3017/3871/3102 3018/3885/3103 3016/3872/3099
f 3015/3861/3098 3151/3851/3100 3158/3860/3104 3017/3871/3102
f 3016/3872/3099 3018/3885/3103 3031/3899/3105 3032/3886/3101
f 3017/3871/3102 3019/3884/3106 3020/3898/3107 3018/3885/3103
f 3017/3871/3102 3158/3860/3104 3164/3870/3108 3019/3884/3106
f 3018/3885/3103 3020/3898/3107 3030/3912/3109 3031/3899/3105
f 3019/3884/3106 3021/3897/3110 3026/3911/3111 3020/3898/3107
f 3019/3884/3106 3164/3870/3108 3169/3883/3112 3021/3897/3110
f 3020/3898/3107 3026/3911/3111 3029/3923/3113 3030/3912/3109
f 3021/3897/3110 3022/3910/3114 3025/3922/3115 3026/3911/3111
f 3021/3897/3110 3169/3883/3112 3172/3896/3116 3022/3910/3114
f 3022/3910/3114 3023/3921/3117 3024/3934/3118 3025/3922/3115
f 3022/3910/3114 3172/3896/3116 3173/3909/3119 3023/3921/3117
f 3023/3921/3117 3173/3909/3119 3207/3920/3120 3041/3933/3121
f 3023/3921/3117 3041/3933/3121 3042/3944/3122 3024/3934/3118
f 3024/3934/3118 3027/3945/3123 3028/3935/3124 3025/3922/3115
f 3024/3934/3118 3042/3944/3122 3043/3954/3125 3027/3945/3123
f 3025/3922/3115 3028/3935/3124 3029/3923/3113 3026/3911/3111
f 3027/3945/3123 3221/3955/3011 3222/3946/3014 3028/3935/3124
f 3027/3945/3123 3043/3954/3125 3251/3961/3012 3221/3955/3011
f 3028/3935/3124 3222/3946/3014 3223/3936/3018 3029/3923/3113
f 3029/3923/3113 3223/3936/3018 3224/3924/3021 3030/3912/3109
f 3030/3912/3109 3224/3924/3021 3225/3913/3024 3031/3899/3105
f 3031/3899/3105 3225/3913/3024 3226/3900/3027 3032/3886/3101
f 3033/3918/3126 3035/3932/3127 3036/3941/3128 3034/3931/3129
f 3033/3918/3126 3250/3919/3130 3130/3930/3131 3035/3932/3127
f 3033/3918/3126 3206/3908/3132 3205/3907/3133 3250/3919/3130
f 3033/3918/3126 3034/3931/3129 3207/3920/3120 3206/3908/3132
f 3034/3931/3129 3036/3941/3128 3182/3951/3134 3044/3942/3135
f 3034/3931/3129 3044/3942/3135 3041/3933/3121 3207/3920/3120
f 3035/3932/3127 3037/3943/3136 3038/3950/3137 3036/3941/3128
f 3035/3932/3127 3130/3930/3131 3131/3940/3064 3037/3943/3136
f 3036/3941/3128 3038/3950/3137 3183/3958/3138 3182/3951/3134
f 3037/3943/3136 3131/3940/3064 3132/3949/3063 3133/3953/3139
f 3037/4409/3136 3133/4397/3139 3039/4403/3140 3038/4410/3137
f 3038/4410/3137 3039/4403/3140 3184/4411/3141 3183/4415/3138
f 3039/4403/3140 3040/4404/3142 3186/4407/3143 3184/4411/3141
f 3039/4403/3140 3133/4397/3139 3134/4396/3144 3040/4404/3142
f 3040/4404/3142 3134/4396/3144 3087/4400/3145 3249/4406/3146
f 3040/4404/3142 3249/4406/3146 3188/4402/3147 3186/4407/3143
f 3041/3933/3121 3044/3942/3135 3045/3952/3148 3042/3944/3122
f 3042/3944/3122 3045/3952/3148 3046/3960/3149 3043/3954/3125
f 3043/3954/3125 3046/3960/3149 3208/3966/3008 3251/3961/3012
f 3044/3942/3135 3182/3951/3134 3047/3959/3150 3045/3952/3148
f 3045/3952/3148 3047/3959/3150 3048/3965/3151 3046/3960/3149
f 3046/3960/3149 3048/3965/3151 3209/3968/3009 3208/3966/3008
f 3047/4693/3150 3049/4694/3152 3050/4686/3153 3048/4685/3151
f 3047/3959/3150 3182/3951/3134 3183/3958/3138 3049/3964/3152
f 3048/4685/3151 3050/4686/3153 3211/4680/3154 3209/4679/3009
f 3049/4418/3152 3183/4415/3138 3184/4411/3141 3185/4414/3155
f 3049/4418/3152 3185/4414/3155 3051/4416/3156 3050/4419/3153
f 3050/4419/3153 3051/4416/3156 3214/4417/3157 3211/4420/3154
f 3051/4416/3156 3052/4412/3158 3216/4413/3159 3214/4417/3157
f 3051/4416/3156 3185/4414/3155 3187/4408/3160 3052/4412/3158
f 3052/4412/3158 3217/4405/3161 3177/4398/3162 3216/4413/3159
f 3052/4412/3158 3187/4408/3160 3189/4401/3163 3217/4405/3161
f 3053/4896/3071 3234/4895/3070 3235/4899/3164 3054/4900/3080
f 3054/4900/3080 3235/4899/3164 3247/4906/3165 3085/4907/3082
f 3055/4352/3166 3056/4363/3167 3057/4372/3168 3112/4361/3169
f 3055/4352/3166 3239/4350/3170 3240/4360/3171 3056/4363/3167
f 3055/4352/3166 3110/4340/3172 3238/4339/3173 3239/4350/3170
f 3055/4352/3166 3112/4361/3169 3113/4351/3174 3110/4340/3172
f 3056/4363/3167 3058/4375/3175 3059/4382/3176 3057/4372/3168
f 3056/4363/3167 3240/4360/3171 3245/4371/3177 3058/4375/3175
f 3057/4372/3168 3059/4382/3176 3060/4391/3178 3115/4383/3179
f 3057/4372/3168 3115/4383/3179 3116/4373/3180 3112/4361/3169
f 3058/4375/3175 3179/4381/3181 3178/4390/3182 3059/4382/3176
f 3058/4375/3175 3245/4371/3177 3107/4370/3183 3179/4381/3181
f 3059/4382/3176 3178/4390/3182 3177/4398/3162 3060/4391/3178
f 3060/4391/3178 3177/4398/3162 3217/4405/3161 3119/4399/3184
f 3060/4391/3178 3119/4399/3184 3120/4392/3185 3115/4383/3179
f 3061/4394/3186 3189/4401/3163 3188/4402/3147 3086/4395/3187
f 3061/4394/3186 3119/4399/3184 3217/4405/3161 3189/4401/3163
f 3061/4394/3186 3062/4386/3188 3120/4392/3185 3119/4399/3184
f 3061/4394/3186 3086/4395/3187 3066/4387/3189 3062/4386/3188
f 3062/4386/3188 3066/4387/3189 3067/4378/3190 3063/4377/3191
f 3062/4386/3188 3063/4377/3191 3121/4384/3192 3120/4392/3185
f 3063/4377/3191 3067/4378/3190 3068/4367/3045 3064/4366/3048
f 3063/4377/3191 3064/4366/3048 3122/4374/3193 3121/4384/3192
f 3064/4366/3048 3065/4356/3040 3123/4364/3043 3122/4374/3193
f 3066/4387/3189 3069/4393/3194 3070/4385/3060 3067/4378/3190
f 3066/4387/3189 3086/4395/3187 3087/4400/3145 3069/4393/3194
f 3067/4378/3190 3070/4385/3060 3071/4376/3046 3068/4367/3045
f 3069/4393/3194 3087/4400/3145 3134/4396/3144 3088/4388/3066
f 3069/4393/3194 3088/4388/3066 3072/4379/3057 3070/4385/3060
f 3073/4301/3195 3082/4317/3052 3083/4318/3051 3074/4302/3004
f 3073/4301/3195 3080/4316/3196 3079/4329/3197 3082/4317/3052
f 3073/4301/3195 3077/4291/2998 3075/4300/3198 3080/4316/3196
f 3073/4301/3195 3074/4302/3004 3237/4292/2995 3077/4291/2998
f 3074/4302/3004 3083/4318/3051 3084/4332/3002 3244/4319/3001
f 3075/4300/3198 3077/4291/2998 3236/4286/2984 3076/4290/2987
f 3075/4300/3198 3246/4315/3199 3111/4328/3200 3080/4316/3196
f 3075/4300/3198 3076/4290/2987 3181/4299/3201 3246/4315/3199
f 3076/4290/2987 3243/4289/2986 3180/4298/3083 3181/4299/3201
f 3078/4342/3044 3079/4329/3197 3114/4341/3202 3118/4353/3203
f 3078/4342/3044 3081/4331/3039 3082/4317/3052 3079/4329/3197
f 3078/4342/3044 3118/4353/3203 3123/4364/3043 3253/4354/3042
f 3079/4329/3197 3080/4316/3196 3111/4328/3200 3114/4341/3202
f 3085/4313/3082 3241/4314/3204 3181/4299/3201 3180/4298/3083
f 3085/4907/3082 3247/4906/3165 3190/4911/3205 3241/4912/3204
f 3086/4395/3187 3188/4402/3147 3249/4406/3146 3087/4400/3145
f 3088/4388/3066 3134/4396/3144 3133/4397/3139 3132/4389/3063
f 3089/3902/3206 3093/3903/3029 3094/3915/3028 3090/3904/3207
f 3089/3902/3206 3228/3889/3096 3227/3888/3030 3093/3903/3029
f 3089/3902/3206 3232/3890/3073 3242/3901/3097 3228/3889/3096
f 3089/3902/3206 3090/3904/3207 3233/3891/3069 3232/3890/3073
f 3090/4897/3207 3094/4903/3028 3095/4904/3208 3091/4898/3209
f 3090/4897/3207 3091/4898/3209 3234/4895/3070 3233/4894/3069
f 3091/4898/3209 3095/4904/3208 3096/4910/3210 3092/4905/3211
f 3091/4898/3209 3092/4905/3211 3235/4899/3164 3234/4895/3070
f 3092/4905/3211 3096/4910/3210 3191/4914/3212 3190/4911/3205
f 3092/4905/3211 3190/4911/3205 3247/4906/3165 3235/4899/3164
f 3094/4903/3028 3097/4908/3025 3098/4909/3213 3095/4904/3208
f 3095/4904/3208 3098/4909/3213 3099/4913/3214 3096/4910/3210
f 3096/4910/3210 3099/4913/3214 3193/4916/3215 3191/4914/3212
f 3097/4706/3025 3100/4701/3022 3101/4700/3035 3098/4707/3213
f 3098/4707/3213 3101/4700/3035 3195/4705/3216 3099/4710/3214
f 3099/4710/3214 3195/4705/3216 3196/4709/3217 3193/4712/3215
f 3101/4700/3035 3102/4691/3034 3197/4697/3218 3195/4705/3216
f 3102/4691/3034 3103/4683/3033 3104/4688/3219 3197/4697/3218
f 3103/4683/3033 3213/4678/3032 3174/4681/3220 3104/4688/3219
f 3104/4688/3219 3174/4681/3220 3176/4690/3221 3105/4696/3222
f 3104/4688/3219 3105/4696/3222 3106/4704/3223 3197/4697/3218
f 3105/4696/3222 3176/4690/3221 3179/4699/3181 3107/4703/3183
f 3105/4696/3222 3107/4703/3183 3108/4708/3224 3106/4704/3223
f 3106/4704/3223 3108/4708/3224 3109/4711/3225 3196/4709/3217
f 3106/4704/3223 3196/4709/3217 3195/4705/3216 3197/4697/3218
f 3107/4370/3183 3245/4371/3177 3240/4360/3171 3108/4359/3224
f 3108/4359/3224 3240/4360/3171 3239/4350/3170 3109/4349/3225
f 3109/4349/3225 3239/4350/3170 3238/4339/3173 3194/4338/3226
f 3109/4711/3225 3194/4713/3226 3193/4712/3215 3196/4709/3217
f 3110/4340/3172 3113/4351/3174 3114/4341/3202 3111/4328/3200
f 3110/4340/3172 3111/4328/3200 3246/4315/3199 3238/4339/3173
f 3112/4361/3169 3116/4373/3180 3117/4362/3227 3113/4351/3174
f 3113/4351/3174 3117/4362/3227 3118/4353/3203 3114/4341/3202
f 3115/4383/3179 3120/4392/3185 3121/4384/3192 3116/4373/3180
f 3116/4373/3180 3121/4384/3192 3122/4374/3193 3117/4362/3227
f 3117/4362/3227 3122/4374/3193 3123/4364/3043 3118/4353/3203
f 3124/4310/3079 3218/4297/2988 3219/4309/2991 3125/4324/3081
f 3124/4310/3079 3252/4311/3078 3243/4289/2986 3218/4297/2988
f 3125/3855/3081 3127/3856/3228 3128/3865/3075 3126/3866/3074
f 3125/3855/3081 3219/3846/2991 3220/3845/2994 3127/3856/3228
f 3127/3856/3228 3229/3862/3090 3230/3873/3092 3128/3865/3075
f 3127/3856/3228 3220/3845/2994 3248/3854/3091 3229/3862/3090
f 3128/3865/3075 3230/3873/3092 3231/3887/3095 3129/3877/3072
f 3129/3877/3072 3231/3887/3095 3242/3901/3097 3232/3890/3073
f 3130/3930/3131 3135/3917/3229 3137/3927/3065 3131/3940/3064
f 3130/3930/3131 3250/3919/3130 3205/3907/3133 3135/3917/3229
f 3135/3917/3229 3202/3906/3230 3136/3916/3067 3137/3927/3065
f 3135/3917/3229 3205/3907/3133 3203/3894/3231 3202/3906/3230
f 3136/3916/3067 3200/3905/3232 3138/3928/3061 3139/3929/3059
f 3136/3916/3067 3202/3906/3230 3201/3893/3233 3200/3905/3232
f 3138/4347/3061 3200/4348/3232 3165/4335/3234 3199/4334/3062
f 3140/4346/3054 3199/4334/3062 3159/4321/3235 3198/4333/3056
f 3141/3840/2993 3145/3839/2992 3146/3843/3089 3142/3844/3088
f 3141/3840/2993 3142/3844/3088 3248/3854/3091 3220/3845/2994
f 3143/3847/2982 3148/3848/3000 3149/3841/3236 3144/3838/2989
f 3144/3838/2989 3149/3841/3236 3150/3842/3237 3145/3839/2992
f 3145/3839/2992 3150/3842/3237 3151/3851/3100 3146/3843/3089
f 3147/4294/2999 3154/4305/3006 3155/4323/3238 3148/4306/3000
f 3148/3848/3000 3155/3857/3238 3156/3849/3239 3149/3841/3236
f 3149/3841/3236 3156/3849/3239 3157/3850/3240 3150/3842/3237
f 3150/3842/3237 3157/3850/3240 3158/3860/3104 3151/3851/3100
f 3152/4320/3003 3198/4333/3056 3159/4321/3235 3153/4304/3005
f 3153/4304/3005 3159/4321/3235 3160/4322/3241 3154/4305/3006
f 3154/3878/3006 3160/3879/3241 3161/3867/3242 3155/3857/3238
f 3155/3857/3238 3161/3867/3242 3162/3858/3243 3156/3849/3239
f 3156/3849/3239 3162/3858/3243 3163/3859/3244 3157/3850/3240
f 3157/3850/3240 3163/3859/3244 3164/3870/3108 3158/3860/3104
f 3159/4321/3235 3199/4334/3062 3165/4335/3234 3160/4322/3241
f 3160/3879/3241 3165/3892/3234 3166/3880/3245 3161/3867/3242
f 3161/3867/3242 3166/3880/3245 3167/3868/3246 3162/3858/3243
f 3162/3858/3243 3167/3868/3246 3168/3869/3247 3163/3859/3244
f 3163/3859/3244 3168/3869/3247 3169/3883/3112 3164/3870/3108
f 3165/3892/3234 3200/3905/3232 3201/3893/3233 3166/3880/3245
f 3166/3880/3245 3201/3893/3233 3170/3881/3248 3167/3868/3246
f 3167/3868/3246 3170/3881/3248 3171/3882/3249 3168/3869/3247
f 3168/3869/3247 3171/3882/3249 3172/3896/3116 3169/3883/3112
f 3170/3881/3248 3203/3894/3231 3204/3895/3250 3171/3882/3249
f 3170/3881/3248 3201/3893/3233 3202/3906/3230 3203/3894/3231
f 3171/3882/3249 3204/3895/3250 3173/3909/3119 3172/3896/3116
f 3173/3909/3119 3204/3895/3250 3206/3908/3132 3207/3920/3120
f 3174/4681/3220 3215/4682/3251 3175/4689/3252 3176/4690/3221
f 3174/4681/3220 3213/4678/3032 3212/4677/3031 3215/4682/3251
f 3175/4689/3252 3178/4698/3182 3179/4699/3181 3176/4690/3221
f 3175/4689/3252 3216/4695/3159 3177/4702/3162 3178/4698/3182
f 3175/4689/3252 3215/4682/3251 3214/4687/3157 3216/4695/3159
f 3181/4299/3201 3241/4314/3204 3192/4327/3253 3246/4315/3199
f 3184/4411/3141 3186/4407/3143 3187/4408/3160 3185/4414/3155
f 3186/4407/3143 3188/4402/3147 3189/4401/3163 3187/4408/3160
f 3190/4911/3205 3191/4914/3212 3192/4915/3253 3241/4912/3204
f 3191/4914/3212 3193/4916/3215 3194/4917/3226 3192/4915/3253
f 3192/4327/3253 3194/4338/3226 3238/4339/3173 3246/4315/3199
f 3203/3894/3231 3205/3907/3133 3206/3908/3132 3204/3895/3250
f 3209/4679/3009 3211/4680/3154 3212/4677/3031 3210/4676/3010
f 3211/4680/3154 3214/4687/3157 3215/4682/3251 3212/4677/3031
s 8
f 3254/3969/3254 3486/3970/3255 3485/3971/3256 3489/3972/3257
f 3254/3969/3254 3286/3973/3258 3285/3974/3259 3486/3970/3255
f 3254/3969/3254 3255/3980/3260 3287/3981/3261 3286/3973/3258
f 3254/3969/3254 3489/3972/3257 3492/3979/3262 3255/3980/3260
f 3255/3980/3260 3492/3979/3262 3260/3991/3263 3256/3992/3264
f 3255/3980/3260 3256/3992/3264 3288/3993/3265 3287/3981/3261
f 3256/3992/3264 3257/4007/3266 3289/4008/3267 3288/3993/3265
f 3256/3992/3264 3260/3991/3263 3261/4006/3268 3257/4007/3266
f 3257/4007/3266 3258/4021/3269 3290/4022/3270 3289/4008/3267
f 3257/4007/3266 3261/4006/3268 3262/4020/3271 3258/4021/3269
f 3258/4021/3269 3259/4037/3272 3291/4038/3273 3290/4022/3270
f 3258/4021/3269 3262/4020/3271 3263/4036/3274 3259/4037/3272
f 3259/4037/3272 3637/4052/3275 3365/4053/3276 3291/4038/3273
f 3259/4037/3272 3263/4036/3274 3614/4051/3277 3637/4052/3275
f 3260/3991/3263 3494/4005/3278 3264/4019/3279 3261/4006/3268
f 3260/3991/3263 3492/3979/3262 3491/3990/3280 3494/4005/3278
f 3261/4006/3268 3264/4019/3279 3265/4035/3281 3262/4020/3271
f 3262/4020/3271 3265/4035/3281 3266/4050/3282 3263/4036/3274
f 3263/4036/3274 3266/4050/3282 3613/4063/3283 3614/4051/3277
f 3264/4019/3279 3494/4005/3278 3493/4018/3284 3495/4034/3285
f 3264/4019/3279 3495/4034/3285 3496/4049/3286 3265/4035/3281
f 3265/4035/3281 3496/4049/3286 3267/4062/3287 3266/4050/3282
f 3266/4050/3282 3267/4062/3287 3612/4074/3288 3613/4063/3283
f 3267/4062/3287 3611/4073/3289 3647/4082/3290 3612/4074/3288
f 3267/4062/3287 3496/4049/3286 3610/4061/3291 3611/4073/3289
f 3268/4714/3292 3407/4725/3293 3269/4726/3294 3270/4718/3295
f 3268/4714/3292 3533/4717/3296 3406/4724/3297 3407/4725/3293
f 3268/4714/3292 3602/4715/3298 3595/4716/3299 3533/4717/3296
f 3268/4714/3292 3270/4718/3295 3603/4719/3300 3602/4715/3298
f 3269/4726/3294 3411/4738/3301 3412/4755/3302 3271/4739/3303
f 3269/4726/3294 3407/4725/3293 3410/4737/3304 3411/4738/3301
f 3269/4726/3294 3271/4739/3303 3272/4727/3305 3270/4718/3295
f 3270/4718/3295 3272/4727/3305 3273/4728/3306 3603/4719/3300
f 3271/4739/3303 3275/4756/3307 3276/4740/3308 3272/4727/3305
f 3271/4739/3303 3412/4755/3302 3274/4774/3309 3275/4756/3307
f 3272/4727/3305 3276/4740/3308 3277/4741/3310 3273/4728/3306
f 3273/4728/3306 3277/4741/3310 3278/4757/3311 3601/4742/3312
f 3273/4728/3306 3601/4742/3312 3600/4729/3313 3603/4719/3300
f 3274/3996/3309 3280/3983/3314 3281/3994/3315 3275/4010/3307
f 3274/3996/3309 3419/3997/3316 3279/3982/3317 3280/3983/3314
f 3274/4774/3309 3412/4755/3302 3418/4773/3318 3419/4789/3316
f 3275/4010/3307 3281/3994/3315 3282/4009/3319 3276/4024/3308
f 3276/4024/3308 3282/4009/3319 3283/4023/3320 3277/4040/3310
f 3277/4040/3310 3283/4023/3320 3284/4039/3321 3278/4055/3311
f 3278/4757/3311 3598/4775/3322 3597/4758/3323 3601/4742/3312
f 3278/4055/3311 3284/4039/3321 3599/4054/3324 3598/4066/3322
f 3279/3982/3317 3428/3995/3325 3646/3984/3326 3285/3974/3259
f 3279/3982/3317 3419/3997/3316 3427/4011/3327 3428/3995/3325
f 3279/3982/3317 3285/3974/3259 3286/3973/3258 3280/3983/3314
f 3280/3983/3314 3286/3973/3258 3287/3981/3261 3281/3994/3315
f 3281/3994/3315 3287/3981/3261 3288/3993/3265 3282/4009/3319
f 3282/4009/3319 3288/3993/3265 3289/4008/3267 3283/4023/3320
f 3283/4023/3320 3289/4008/3267 3290/4022/3270 3284/4039/3321
f 3284/4039/3321 3290/4022/3270 3291/4038/3273 3599/4054/3324
f 3285/3974/3259 3646/3984/3326 3482/3976/3328 3486/3970/3255
f 3291/4038/3273 3365/4053/3276 3368/4065/3329 3599/4054/3324
f 3292/4820/3330 3573/4821/3331 3576/4811/3332 3577/4810/3333
f 3292/4820/3330 3619/4828/3334 3618/4829/3335 3573/4821/3331
f 3292/4146/3330 3293/4132/3336 3620/4140/3337 3619/4145/3334
f 3292/4820/3330 3577/4810/3333 3578/4816/3338 3293/4824/3336
f 3293/4132/3336 3578/4133/3338 3515/4117/3339 3312/4125/3340
f 3293/4132/3336 3312/4125/3340 3636/4131/3341 3620/4140/3337
f 3294/4421/3342 3307/4422/3343 3622/4423/3344 3295/4424/3345
f 3294/4421/3342 3621/4425/3346 3306/4426/3347 3307/4422/3343
f 3294/4421/3342 3457/4430/3348 3456/4431/3349 3621/4425/3346
f 3294/4421/3342 3295/4424/3345 3458/4429/3350 3457/4430/3348
f 3295/4147/3345 3296/4142/3351 3459/4136/3352 3458/4141/3350
f 3295/4147/3345 3622/4148/3344 3298/4143/3353 3296/4142/3351
f 3296/4142/3351 3297/4137/3354 3460/4127/3355 3459/4136/3352
f 3296/4142/3351 3298/4143/3353 3299/4138/3356 3297/4137/3354
f 3297/4137/3354 3463/4128/3357 3461/4121/3358 3460/4127/3355
f 3297/4137/3354 3299/4138/3356 3300/4129/3359 3463/4128/3357
f 3298/4143/3353 3311/4144/3360 3623/4139/3361 3299/4138/3356
f 3298/4143/3353 3622/4148/3344 3310/4149/3362 3311/4144/3360
f 3299/4138/3356 3623/4139/3361 3303/4130/3363 3300/4129/3359
f 3300/4129/3359 3303/4130/3363 3304/4124/3364 3301/4123/3365
f 3300/4129/3359 3301/4123/3365 3464/4122/3366 3463/4128/3357
f 3301/4123/3365 3304/4124/3364 3313/4116/3367 3302/4115/3368
f 3301/4123/3365 3302/4115/3368 3465/4114/3369 3464/4122/3366
f 3302/4115/3368 3313/4116/3367 3381/4108/3370 3314/4107/3371
f 3302/4115/3368 3314/4107/3371 3361/4106/3372 3465/4114/3369
f 3303/4130/3363 3620/4140/3337 3636/4131/3341 3304/4124/3364
f 3303/4130/3363 3623/4139/3361 3619/4145/3334 3620/4140/3337
f 3304/4124/3364 3636/4131/3341 3312/4125/3340 3313/4116/3367
f 3305/4432/3373 3503/4441/3374 3504/4442/3375 3615/4433/3376
f 3305/4432/3373 3455/4440/3377 3642/4451/3378 3503/4441/3374
f 3305/4432/3373 3621/4425/3346 3456/4431/3349 3455/4440/3377
f 3305/4432/3373 3615/4433/3376 3306/4426/3347 3621/4425/3346
f 3306/4426/3347 3308/4434/3379 3309/4427/3380 3307/4422/3343
f 3306/4426/3347 3615/4433/3376 3502/4443/3381 3308/4434/3379
f 3307/4422/3343 3309/4427/3380 3310/4428/3362 3622/4423/3344
f 3308/4434/3379 3502/4443/3381 3630/4455/3382 3635/4444/3383
f 3308/4434/3379 3635/4444/3383 3616/4435/3384 3309/4427/3380
f 3309/4427/3380 3616/4435/3384 3617/4436/3385 3310/4428/3362
f 3310/4428/3362 3617/4436/3385 3618/4445/3335 3311/4446/3360
f 3311/4144/3360 3618/4150/3335 3619/4145/3334 3623/4139/3361
f 3312/4125/3340 3515/4117/3339 3381/4108/3370 3313/4116/3367
f 3314/4107/3371 3381/4108/3370 3513/4100/3386 3645/4092/3387
f 3314/4107/3371 3645/4092/3387 3379/4099/3388 3361/4106/3372
f 3315/4918/3389 3316/4919/3390 3545/4920/3391 3543/4921/3392
f 3315/4499/3389 3324/4489/3393 3325/4496/3394 3316/4506/3390
f 3315/4499/3389 3648/4500/3395 3429/4490/3396 3324/4489/3393
f 3315/4918/3389 3543/4921/3392 3511/4926/3397 3648/4927/3395
f 3316/4919/3390 3317/4922/3398 3547/4923/3399 3545/4920/3391
f 3316/4506/3390 3325/4496/3394 3326/4505/3400 3317/4513/3398
f 3317/4922/3398 3318/4928/3401 3548/4929/3402 3547/4923/3399
f 3317/4922/3398 3326/4934/3400 3327/4935/3403 3318/4928/3401
f 3318/4928/3401 3319/4936/3404 3549/4937/3405 3548/4929/3402
f 3318/4928/3401 3327/4935/3403 3328/4943/3406 3319/4936/3404
f 3319/4936/3404 3328/4943/3406 3329/4952/3407 3320/4944/3408
f 3319/4936/3404 3320/4944/3408 3550/4945/3409 3549/4937/3405
f 3320/4944/3408 3329/4952/3407 3330/4963/3410 3321/4953/3411
f 3320/4944/3408 3321/4953/3411 3551/4954/3412 3550/4945/3409
f 3321/4057/3411 3330/4044/3410 3331/4030/3413 3322/4042/3414
f 3321/4057/3411 3322/4042/3414 3552/4056/3415 3551/4067/3412
f 3322/4042/3414 3331/4030/3413 3332/4015/3416 3323/4026/3417
f 3322/4042/3414 3323/4026/3417 3553/4041/3418 3552/4056/3415
f 3323/4026/3417 3332/4015/3416 3605/4002/3419 3604/4012/3420
f 3323/4026/3417 3604/4012/3420 3643/4025/3421 3553/4041/3418
f 3324/4489/3393 3429/4490/3396 3430/4479/3422 3431/4480/3423
f 3324/4489/3393 3431/4480/3423 3333/4488/3424 3325/4496/3394
f 3325/4496/3394 3333/4488/3424 3334/4498/3425 3326/4505/3400
f 3326/4505/3400 3334/4498/3425 3335/4508/3426 3327/4512/3403
f 3327/4512/3403 3335/4508/3426 3336/4515/3427 3328/4517/3406
f 3328/4517/3406 3336/4515/3427 3337/4519/3428 3329/4520/3407
f 3329/4952/3407 3337/4971/3428 3338/4972/3429 3330/4963/3410
f 3330/4044/3410 3338/4045/3429 3339/4031/3430 3331/4030/3413
f 3331/4030/3413 3339/4031/3430 3340/4016/3431 3332/4015/3416
f 3332/4015/3416 3340/4016/3431 3606/4003/3432 3605/4002/3419
f 3333/4488/3424 3431/4480/3423 3434/4469/3433 3435/4478/3434
f 3333/4488/3424 3435/4478/3434 3341/4497/3435 3334/4498/3425
f 3334/4498/3425 3341/4497/3435 3342/4507/3436 3335/4508/3426
f 3335/4508/3426 3342/4507/3436 3343/4514/3437 3336/4515/3427
f 3336/4515/3427 3343/4514/3437 3344/4518/3438 3337/4519/3428
f 3337/4068/3428 3344/4069/3438 3345/4058/3439 3338/4045/3429
f 3338/4045/3429 3345/4058/3439 3346/4046/3440 3339/4031/3430
f 3339/4031/3430 3346/4046/3440 3372/4032/3441 3340/4016/3431
f 3340/4016/3431 3372/4032/3441 3607/4017/3442 3606/4003/3432
f 3341/4101/3435 3440/4102/3443 3347/4095/3444 3342/4094/3436
f 3341/4101/3435 3435/4109/3434 3439/4110/3445 3440/4102/3443
f 3342/4094/3436 3347/4095/3444 3348/4087/3446 3343/4086/3437
f 3343/4086/3437 3348/4087/3446 3349/4078/3447 3344/4069/3438
f 3344/4069/3438 3349/4078/3447 3350/4070/3448 3345/4058/3439
f 3345/4058/3439 3350/4070/3448 3351/4059/3449 3346/4046/3440
f 3346/4046/3440 3351/4059/3449 3373/4047/3450 3372/4032/3441
f 3347/4095/3444 3447/4103/3451 3352/4096/3452 3348/4087/3446
f 3347/4095/3444 3440/4102/3443 3446/4111/3453 3447/4103/3451
f 3348/4087/3446 3352/4096/3452 3353/4088/3454 3349/4078/3447
f 3349/4078/3447 3353/4088/3454 3354/4079/3455 3350/4070/3448
f 3350/4070/3448 3354/4079/3455 3355/4071/3456 3351/4059/3449
f 3351/4059/3449 3355/4071/3456 3374/4060/3457 3373/4047/3450
f 3352/4096/3452 3356/4104/3458 3357/4097/3459 3353/4088/3454
f 3352/4096/3452 3447/4103/3451 3454/4112/3460 3356/4104/3458
f 3353/4088/3454 3357/4097/3459 3358/4089/3461 3354/4079/3455
f 3354/4079/3455 3358/4089/3461 3375/4080/3462 3355/4071/3456
f 3355/4071/3456 3375/4080/3462 3376/4072/3463 3374/4060/3457
f 3356/4104/3458 3454/4112/3460 3461/4121/3358 3462/4113/3464
f 3356/4104/3458 3462/4113/3464 3359/4105/3465 3357/4097/3459
f 3357/4097/3459 3359/4105/3465 3360/4098/3466 3358/4089/3461
f 3358/4089/3461 3360/4098/3466 3377/4090/3467 3375/4080/3462
f 3359/4105/3465 3462/4113/3464 3464/4122/3366 3465/4114/3369
f 3359/4105/3465 3465/4114/3369 3361/4106/3372 3360/4098/3466
f 3360/4098/3466 3361/4106/3372 3379/4099/3388 3377/4090/3467
f 3362/4083/3468 3645/4092/3387 3366/4084/3469 3363/4075/3470
f 3362/4083/3468 3380/4091/3471 3379/4099/3388 3645/4092/3387
f 3362/4083/3468 3612/4074/3288 3647/4082/3290 3380/4091/3471
f 3362/4083/3468 3363/4075/3470 3613/4063/3283 3612/4074/3288
f 3363/4075/3470 3366/4084/3469 3367/4076/3472 3364/4064/3473
f 3363/4075/3470 3364/4064/3473 3614/4051/3277 3613/4063/3283
f 3364/4064/3473 3365/4053/3276 3637/4052/3275 3614/4051/3277
f 3364/4064/3473 3367/4076/3472 3368/4065/3329 3365/4053/3276
f 3366/4084/3469 3514/4093/3474 3369/4085/3475 3367/4076/3472
f 3366/4084/3469 3645/4092/3387 3513/4100/3386 3514/4093/3474
f 3367/4076/3472 3369/4085/3475 3370/4077/3476 3368/4065/3329
f 3368/4065/3329 3370/4077/3476 3598/4066/3322 3599/4054/3324
f 3369/4804/3475 3518/4791/3477 3371/4776/3478 3370/4790/3476
f 3369/4804/3475 3514/4814/3474 3517/4805/3479 3518/4791/3477
f 3370/4790/3476 3371/4776/3478 3597/4758/3323 3598/4775/3322
f 3371/4776/3478 3519/4759/3480 3596/4743/3481 3597/4758/3323
f 3371/4776/3478 3518/4791/3477 3562/4777/3482 3519/4759/3480
f 3372/4032/3441 3373/4047/3450 3608/4033/3483 3607/4017/3442
f 3373/4047/3450 3374/4060/3457 3609/4048/3484 3608/4033/3483
f 3374/4060/3457 3376/4072/3463 3610/4061/3291 3609/4048/3484
f 3375/4080/3462 3377/4090/3467 3378/4081/3485 3376/4072/3463
f 3376/4072/3463 3378/4081/3485 3611/4073/3289 3610/4061/3291
f 3377/4090/3467 3379/4099/3388 3380/4091/3471 3378/4081/3485
f 3378/4081/3485 3380/4091/3471 3647/4082/3290 3611/4073/3289
f 3381/4108/3370 3515/4117/3339 3516/4118/3486 3513/4100/3386
f 3382/4950/3487 3469/4941/3488 3472/4948/3489 3383/4958/3490
f 3382/4950/3487 3641/4951/3491 3467/4942/3492 3469/4941/3488
f 3382/4950/3487 3420/4962/3493 3629/4959/3494 3641/4951/3491
f 3382/4950/3487 3383/4958/3490 3421/4968/3495 3420/4962/3493
f 3383/4958/3490 3385/4967/3496 3422/4978/3497 3421/4968/3495
f 3383/4958/3490 3472/4948/3489 3384/4957/3498 3385/4967/3496
f 3384/4957/3498 3474/4947/3499 3476/4956/3500 3386/4966/3501
f 3384/4957/3498 3472/4948/3489 3471/4939/3502 3474/4947/3499
f 3384/4957/3498 3386/4966/3501 3387/4977/3503 3385/4967/3496
f 3385/4967/3496 3387/4977/3503 3423/4985/3504 3422/4978/3497
f 3386/4966/3501 3389/4976/3505 3390/4984/3506 3387/4977/3503
f 3386/4966/3501 3476/4956/3500 3388/4965/3507 3389/4976/3505
f 3387/4977/3503 3390/4984/3506 3424/4989/3508 3423/4985/3504
f 3388/4965/3507 3477/4955/3509 3478/4964/3510 3391/4975/3511
f 3388/4965/3507 3476/4956/3500 3475/4946/3512 3477/4955/3509
f 3388/4965/3507 3391/4975/3511 3392/4983/3513 3389/4976/3505
f 3389/4976/3505 3392/4983/3513 3393/4988/3514 3390/4984/3506
f 3390/4984/3506 3393/4988/3514 3425/4991/3515 3424/4989/3508
f 3391/4975/3511 3395/4982/3516 3396/4987/3517 3392/4983/3513
f 3391/4975/3511 3478/4964/3510 3394/4973/3518 3395/4982/3516
f 3392/4983/3513 3396/4987/3517 3397/4990/3519 3393/4988/3514
f 3393/4988/3514 3397/4990/3519 3426/4994/3520 3425/4991/3515
f 3394/4043/3518 3552/4056/3415 3553/4041/3418 3398/4027/3521
f 3394/4973/3518 3478/4964/3510 3551/4954/3412 3552/4974/3415
f 3394/4043/3518 3398/4027/3521 3399/4014/3522 3395/4028/3516
f 3395/4028/3516 3399/4014/3522 3400/4000/3523 3396/4029/3517
f 3396/4987/3517 3400/4992/3523 3401/4993/3524 3397/4990/3519
f 3397/4990/3519 3401/4993/3524 3427/4995/3327 3426/4994/3520
f 3398/4027/3521 3402/4013/3525 3403/3999/3526 3399/4014/3522
f 3398/4027/3521 3553/4041/3418 3643/4025/3421 3402/4013/3525
f 3399/4014/3522 3403/3999/3526 3404/3986/3527 3400/4000/3523
f 3400/4000/3523 3404/3986/3527 3405/3987/3528 3401/4001/3524
f 3401/4001/3524 3405/3987/3528 3428/3995/3325 3427/4011/3327
f 3402/4013/3525 3479/3998/3529 3480/3985/3530 3403/3999/3526
f 3402/4013/3525 3643/4025/3421 3604/4012/3420 3479/3998/3529
f 3403/3999/3526 3480/3985/3530 3481/3975/3531 3404/3986/3527
f 3404/3986/3527 3481/3975/3531 3482/3976/3328 3405/3987/3528
f 3405/3987/3528 3482/3976/3328 3646/3984/3326 3428/3995/3325
f 3406/4724/3297 3531/4733/3532 3408/4749/3533 3409/4736/3534
f 3406/4724/3297 3533/4717/3296 3532/4722/3535 3531/4733/3532
f 3406/4724/3297 3409/4736/3534 3410/4737/3304 3407/4725/3293
f 3408/4749/3533 3528/4765/3536 3413/4785/3537 3414/4767/3538
f 3408/4749/3533 3531/4733/3532 3529/4748/3539 3528/4765/3536
f 3408/4749/3533 3414/4767/3538 3415/4752/3540 3409/4736/3534
f 3409/4736/3534 3415/4752/3540 3416/4753/3541 3410/4737/3304
f 3410/4737/3304 3416/4753/3541 3417/4754/3542 3411/4738/3301
f 3411/4738/3301 3417/4754/3542 3418/4773/3318 3412/4755/3302
f 3413/4979/3537 3524/4970/3543 3420/4962/3493 3421/4968/3495
f 3413/4785/3537 3528/4765/3536 3525/4784/3544 3524/4799/3543
f 3413/4979/3537 3421/4968/3495 3422/4978/3497 3414/4986/3538
f 3414/4767/3538 3422/4787/3497 3423/4770/3504 3415/4752/3540
f 3415/4752/3540 3423/4770/3504 3424/4771/3508 3416/4753/3541
f 3416/4753/3541 3424/4771/3508 3425/4772/3515 3417/4754/3542
f 3417/4754/3542 3425/4772/3515 3426/4788/3520 3418/4773/3318
f 3418/4773/3318 3426/4788/3520 3427/4803/3327 3419/4789/3316
f 3420/4962/3493 3524/4970/3543 3628/4969/3545 3629/4959/3494
f 3429/4490/3396 3509/4493/3546 3570/4483/3547 3430/4479/3422
f 3429/4490/3396 3648/4500/3395 3511/4503/3397 3509/4493/3546
f 3430/4479/3422 3433/4468/3548 3434/4469/3433 3431/4480/3423
f 3430/4479/3422 3570/4483/3547 3432/4472/3549 3433/4468/3548
f 3432/4472/3549 3624/4482/3550 3569/4471/3551 3436/4461/3552
f 3432/4472/3549 3570/4483/3547 3508/4492/3553 3624/4482/3550
f 3432/4472/3549 3436/4461/3552 3437/4457/3554 3433/4468/3548
f 3433/4468/3548 3437/4457/3554 3438/4458/3555 3434/4469/3433
f 3434/4469/3433 3438/4458/3555 3439/4467/3445 3435/4478/3434
f 3436/4461/3552 3442/4450/3556 3443/4447/3557 3437/4457/3554
f 3436/4461/3552 3569/4471/3551 3441/4460/3558 3442/4450/3556
f 3437/4457/3554 3443/4447/3557 3444/4448/3559 3438/4458/3555
f 3438/4458/3555 3444/4448/3559 3445/4466/3560 3439/4467/3445
f 3439/4110/3445 3445/4119/3560 3446/4111/3453 3440/4102/3443
f 3441/4460/3558 3568/4470/3561 3567/4459/3562 3448/4449/3563
f 3441/4460/3558 3569/4471/3551 3506/4481/3564 3568/4470/3561
f 3441/4460/3558 3448/4449/3563 3449/4439/3565 3442/4450/3556
f 3442/4450/3556 3449/4439/3565 3450/4437/3566 3443/4447/3557
f 3443/4447/3557 3450/4437/3566 3451/4438/3567 3444/4448/3559
f 3444/4134/3559 3451/4135/3567 3452/4126/3568 3445/4119/3560
f 3445/4119/3560 3452/4126/3568 3453/4120/3569 3446/4111/3453
f 3446/4111/3453 3453/4120/3569 3454/4112/3460 3447/4103/3451
f 3448/4449/3563 3455/4440/3377 3456/4431/3349 3449/4439/3565
f 3448/4449/3563 3567/4459/3562 3642/4451/3378 3455/4440/3377
f 3449/4439/3565 3456/4431/3349 3457/4430/3348 3450/4437/3566
f 3450/4437/3566 3457/4430/3348 3458/4429/3350 3451/4438/3567
f 3451/4135/3567 3458/4141/3350 3459/4136/3352 3452/4126/3568
f 3452/4126/3568 3459/4136/3352 3460/4127/3355 3453/4120/3569
f 3453/4120/3569 3460/4127/3355 3461/4121/3358 3454/4112/3460
f 3461/4121/3358 3463/4128/3357 3464/4122/3366 3462/4113/3464
f 3466/4931/3570 3467/4942/3492 3523/4949/3571 3522/4940/3572
f 3466/4931/3570 3468/4932/3573 3469/4941/3488 3467/4942/3492
f 3466/4931/3570 3544/4925/3574 3546/4924/3575 3468/4932/3573
f 3466/4931/3570 3522/4940/3572 3512/4933/3576 3544/4925/3574
f 3467/4942/3492 3641/4951/3491 3629/4959/3494 3523/4949/3571
f 3468/4932/3573 3471/4939/3502 3472/4948/3489 3469/4941/3488
f 3468/4932/3573 3546/4924/3575 3470/4930/3577 3471/4939/3502
f 3470/4930/3577 3547/4923/3399 3548/4929/3402 3473/4938/3578
f 3470/4930/3577 3546/4924/3575 3545/4920/3391 3547/4923/3399
f 3470/4930/3577 3473/4938/3578 3474/4947/3499 3471/4939/3502
f 3473/4938/3578 3548/4929/3402 3549/4937/3405 3475/4946/3512
f 3473/4938/3578 3475/4946/3512 3476/4956/3500 3474/4947/3499
f 3475/4946/3512 3549/4937/3405 3550/4945/3409 3477/4955/3509
f 3477/4955/3509 3550/4945/3409 3551/4954/3412 3478/4964/3510
f 3479/3998/3529 3483/3988/3579 3484/3977/3580 3480/3985/3530
f 3479/3998/3529 3604/4012/3420 3605/4002/3419 3483/3988/3579
f 3480/3985/3530 3484/3977/3580 3485/3971/3256 3481/3975/3531
f 3481/3975/3531 3485/3971/3256 3486/3970/3255 3482/3976/3328
f 3483/3988/3579 3487/3989/3581 3488/3978/3582 3484/3977/3580
f 3483/3988/3579 3605/4002/3419 3606/4003/3432 3487/3989/3581
f 3484/3977/3580 3488/3978/3582 3489/3972/3257 3485/3971/3256
f 3487/3989/3581 3490/4004/3583 3491/3990/3280 3488/3978/3582
f 3487/3989/3581 3606/4003/3432 3607/4017/3442 3490/4004/3583
f 3488/3978/3582 3491/3990/3280 3492/3979/3262 3489/3972/3257
f 3490/4004/3583 3493/4018/3284 3494/4005/3278 3491/3990/3280
f 3490/4004/3583 3607/4017/3442 3608/4033/3483 3493/4018/3284
f 3493/4018/3284 3608/4033/3483 3609/4048/3484 3495/4034/3285
f 3495/4034/3285 3609/4048/3484 3610/4061/3291 3496/4049/3286
f 3497/4473/3584 3568/4470/3561 3506/4481/3564 3498/4484/3585
f 3497/4473/3584 3639/4452/3586 3567/4459/3562 3568/4470/3561
f 3497/4473/3584 3640/4474/3587 3638/4462/3588 3639/4452/3586
f 3497/4473/3584 3498/4484/3585 3625/4485/3589 3640/4474/3587
f 3498/4801/3585 3499/4802/3590 3626/4786/3591 3625/4769/3589
f 3498/4484/3585 3506/4481/3564 3507/4491/3592 3499/4494/3590
f 3499/4802/3590 3520/4813/3593 3627/4800/3594 3626/4786/3591
f 3499/4494/3590 3507/4491/3592 3500/4501/3595 3520/4504/3593
f 3500/4501/3595 3508/4492/3553 3510/4502/3596 3501/4509/3597
f 3500/4501/3595 3507/4491/3592 3624/4482/3550 3508/4492/3553
f 3500/4501/3595 3501/4509/3597 3521/4511/3598 3520/4504/3593
f 3501/4509/3597 3510/4502/3596 3512/4510/3576 3522/4516/3572
f 3501/4960/3597 3522/4940/3572 3523/4949/3571 3521/4961/3598
f 3502/4443/3381 3585/4454/3599 3631/4465/3600 3630/4455/3382
f 3502/4443/3381 3615/4433/3376 3504/4442/3375 3585/4454/3599
f 3503/4441/3374 3639/4452/3586 3505/4453/3601 3504/4442/3375
f 3503/4441/3374 3642/4451/3378 3567/4459/3562 3639/4452/3586
f 3504/4442/3375 3505/4453/3601 3586/4464/3602 3585/4454/3599
f 3505/4453/3601 3534/4463/3603 3587/4476/3604 3586/4464/3602
f 3505/4453/3601 3639/4452/3586 3638/4462/3588 3534/4463/3603
f 3506/4481/3564 3569/4471/3551 3624/4482/3550 3507/4491/3592
f 3508/4492/3553 3570/4483/3547 3509/4493/3546 3510/4502/3596
f 3509/4493/3546 3511/4503/3397 3512/4510/3576 3510/4502/3596
f 3511/4926/3397 3543/4921/3392 3544/4925/3574 3512/4933/3576
f 3513/4822/3386 3516/4815/3486 3517/4805/3479 3514/4814/3474
f 3515/4823/3339 3578/4816/3338 3555/4806/3605 3516/4815/3486
f 3516/4815/3486 3555/4806/3605 3558/4792/3606 3517/4805/3479
f 3517/4805/3479 3558/4792/3606 3562/4777/3482 3518/4791/3477
f 3519/4759/3480 3562/4777/3482 3561/4764/3607 3566/4747/3608
f 3519/4759/3480 3566/4747/3608 3591/4732/3609 3596/4743/3481
f 3520/4980/3593 3521/4961/3598 3628/4969/3545 3627/4981/3594
f 3521/4961/3598 3523/4949/3571 3629/4959/3494 3628/4969/3545
f 3524/4799/3543 3525/4784/3544 3627/4800/3594 3628/4812/3545
f 3525/4784/3544 3528/4765/3536 3529/4748/3539 3526/4766/3610
f 3525/4784/3544 3526/4766/3610 3626/4786/3591 3627/4800/3594
f 3526/4766/3610 3529/4748/3539 3530/4734/3611 3527/4750/3612
f 3526/4766/3610 3527/4750/3612 3625/4769/3589 3626/4786/3591
f 3527/4750/3612 3530/4734/3611 3540/4735/3613 3537/4751/3614
f 3527/4750/3612 3537/4751/3614 3640/4768/3587 3625/4769/3589
f 3529/4748/3539 3531/4733/3532 3532/4722/3535 3530/4734/3611
f 3530/4734/3611 3532/4722/3535 3542/4723/3615 3540/4735/3613
f 3532/4722/3535 3533/4717/3296 3595/4716/3299 3542/4723/3615
f 3534/4463/3603 3535/4475/3616 3536/4486/3617 3587/4476/3604
f 3534/4463/3603 3638/4462/3588 3640/4474/3587 3535/4475/3616
f 3535/4781/3616 3538/4762/3618 3539/4779/3619 3536/4795/3617
f 3535/4781/3616 3640/4768/3587 3537/4751/3614 3538/4762/3618
f 3536/4486/3617 3634/4495/3620 3633/4487/3621 3587/4476/3604
f 3536/4795/3617 3539/4779/3619 3644/4793/3622 3634/4807/3620
f 3537/4751/3614 3540/4735/3613 3541/4745/3623 3538/4762/3618
f 3538/4762/3618 3541/4745/3623 3588/4760/3624 3539/4779/3619
f 3539/4779/3619 3588/4760/3624 3563/4778/3625 3644/4793/3622
f 3540/4735/3613 3542/4723/3615 3592/4730/3626 3541/4745/3623
f 3541/4745/3623 3592/4730/3626 3589/4744/3627 3588/4760/3624
f 3542/4723/3615 3595/4716/3299 3593/4720/3628 3592/4730/3626
f 3543/4921/3392 3545/4920/3391 3546/4924/3575 3544/4925/3574
f 3554/4797/3629 3581/4798/3630 3556/4782/3631 3557/4783/3632
f 3554/4797/3629 3577/4810/3333 3576/4811/3332 3581/4798/3630
f 3554/4797/3629 3555/4806/3605 3578/4816/3338 3577/4810/3333
f 3554/4797/3629 3557/4783/3632 3558/4792/3606 3555/4806/3605
f 3556/4782/3631 3583/4796/3633 3559/4780/3634 3560/4763/3635
f 3556/4782/3631 3581/4798/3630 3580/4809/3636 3583/4796/3633
f 3556/4782/3631 3560/4763/3635 3561/4764/3607 3557/4783/3632
f 3557/4783/3632 3561/4764/3607 3562/4777/3482 3558/4792/3606
f 3559/4780/3634 3564/4761/3637 3565/4746/3638 3560/4763/3635
f 3559/4780/3634 3584/4794/3639 3563/4778/3625 3564/4761/3637
f 3559/4780/3634 3583/4796/3633 3582/4808/3640 3584/4794/3639
f 3560/4763/3635 3565/4746/3638 3566/4747/3608 3561/4764/3607
f 3563/4778/3625 3588/4760/3624 3589/4744/3627 3564/4761/3637
f 3563/4778/3625 3584/4794/3639 3634/4807/3620 3644/4793/3622
f 3564/4761/3637 3589/4744/3627 3590/4731/3641 3565/4746/3638
f 3565/4746/3638 3590/4731/3641 3591/4732/3609 3566/4747/3608
f 3571/4831/3642 3574/4826/3643 3575/4819/3644 3572/4827/3645
f 3571/4831/3642 3630/4833/3382 3631/4830/3600 3574/4826/3643
f 3571/4456/3642 3616/4435/3384 3635/4444/3383 3630/4455/3382
f 3571/4831/3642 3572/4827/3645 3617/4832/3385 3616/4834/3384
f 3572/4827/3645 3575/4819/3644 3576/4811/3332 3573/4821/3331
f 3572/4827/3645 3573/4821/3331 3618/4829/3335 3617/4832/3385
f 3574/4826/3643 3579/4818/3646 3580/4809/3636 3575/4819/3644
f 3574/4826/3643 3631/4830/3600 3632/4825/3647 3579/4818/3646
f 3575/4819/3644 3580/4809/3636 3581/4798/3630 3576/4811/3332
f 3579/4818/3646 3582/4808/3640 3583/4796/3633 3580/4809/3636
f 3579/4818/3646 3632/4825/3647 3633/4817/3621 3582/4808/3640
f 3582/4808/3640 3633/4817/3621 3634/4807/3620 3584/4794/3639
f 3585/4454/3599 3586/4464/3602 3632/4477/3647 3631/4465/3600
f 3586/4464/3602 3587/4476/3604 3633/4487/3621 3632/4477/3647
f 3589/4744/3627 3592/4730/3626 3593/4720/3628 3590/4731/3641
f 3590/4731/3641 3593/4720/3628 3594/4721/3648 3591/4732/3609
f 3591/4732/3609 3594/4721/3648 3600/4729/3313 3596/4743/3481
f 3593/4720/3628 3595/4716/3299 3602/4715/3298 3594/4721/3648
f 3594/4721/3648 3602/4715/3298 3603/4719/3300 3600/4729/3313
f 3596/4743/3481 3600/4729/3313 3601/4742/3312 3597/4758/3323
s 15
f 3649/4521/3649 3655/4522/3650 3656/4523/3651 3650/4524/3652
f 3649/4521/3649 3672/4525/3653 3674/4526/3654 3655/4522/3650
f 3649/4521/3649 3937/4532/3655 3958/4533/3656 3672/4525/3653
f 3649/4521/3649 3650/4524/3652 3936/4531/3657 3937/4532/3655
f 3650/4524/3652 3656/4523/3651 3657/4529/3658 3651/4530/3659
f 3650/4524/3652 3651/4530/3659 3935/4542/3660 3936/4531/3657
f 3651/4530/3659 3657/4529/3658 3658/4540/3661 3652/4541/3662
f 3651/4530/3659 3652/4541/3662 3934/4554/3663 3935/4542/3660
f 3652/4541/3662 3658/4540/3661 3659/4552/3664 3653/4553/3665
f 3652/4541/3662 3653/4553/3665 3933/4567/3666 3934/4554/3663
f 3653/4553/3665 3659/4552/3664 3943/4565/3667 3654/4566/3668
f 3653/4553/3665 3654/4566/3668 3932/4583/3669 3933/4567/3666
f 3654/4566/3668 3943/4565/3667 3747/4581/3670 3746/4582/3671
f 3654/4566/3668 3746/4582/3671 3956/4600/3672 3932/4583/3669
f 3655/4522/3650 3674/4526/3654 3677/4536/3673 3678/4527/3674
f 3655/4522/3650 3678/4527/3674 3660/4528/3675 3656/4523/3651
f 3656/4523/3651 3660/4528/3675 3661/4539/3676 3657/4529/3658
f 3657/4529/3658 3661/4539/3676 3662/4551/3677 3658/4540/3661
f 3658/4540/3661 3662/4551/3677 3663/4564/3678 3659/4552/3664
f 3659/4552/3664 3663/4564/3678 3753/4580/3679 3943/4565/3667
f 3660/4528/3675 3664/4538/3680 3665/4550/3681 3661/4539/3676
f 3660/4528/3675 3678/4527/3674 3682/4537/3682 3664/4538/3680
f 3661/4539/3676 3665/4550/3681 3666/4563/3683 3662/4551/3677
f 3662/4551/3677 3666/4563/3683 3944/4579/3684 3663/4564/3678
f 3663/4564/3678 3944/4579/3684 3754/4596/3685 3753/4580/3679
f 3664/4151/3680 3682/4152/3682 3687/4153/3686 3667/4154/3687
f 3664/4151/3680 3667/4154/3687 3668/4159/3688 3665/4160/3681
f 3665/4550/3681 3668/4577/3688 3669/4578/3689 3666/4563/3683
f 3666/4563/3683 3669/4578/3689 3758/4595/3690 3944/4579/3684
f 3667/4154/3687 3687/4153/3686 3693/4157/3691 3694/4158/3692
f 3667/4154/3687 3694/4158/3692 3670/4166/3693 3668/4159/3688
f 3668/4159/3688 3670/4166/3693 3945/4174/3694 3669/4175/3689
f 3669/4175/3689 3945/4174/3694 3759/4183/3695 3758/4184/3690
f 3670/4166/3693 3671/4173/3696 3761/4182/3697 3945/4174/3694
f 3670/4166/3693 3694/4158/3692 3701/4165/3698 3671/4173/3696
f 3671/4173/3696 3701/4165/3698 3831/4172/3699 3951/4181/3700
f 3671/4173/3696 3951/4181/3700 3950/4192/3701 3761/4182/3697
f 3672/4525/3653 3736/4534/3702 3673/4535/3703 3674/4526/3654
f 3672/4525/3653 3958/4533/3656 3733/4545/3704 3736/4534/3702
f 3673/4535/3703 3738/4547/3705 3675/4561/3706 3676/4548/3707
f 3673/4535/3703 3736/4534/3702 3735/4546/3708 3738/4547/3705
f 3673/4535/3703 3676/4548/3707 3677/4536/3673 3674/4526/3654
f 3675/4561/3706 3739/4575/3709 3741/4594/3710 3679/4576/3711
f 3675/4561/3706 3738/4547/3705 3737/4560/3712 3739/4575/3709
f 3675/4561/3706 3679/4576/3711 3680/4562/3713 3676/4548/3707
f 3676/4548/3707 3680/4562/3713 3681/4549/3714 3677/4536/3673
f 3677/4536/3673 3681/4549/3714 3682/4537/3682 3678/4527/3674
f 3679/4167/3711 3684/4168/3715 3685/4162/3716 3680/4161/3713
f 3679/4576/3711 3741/4594/3710 3683/4613/3717 3684/4614/3715
f 3680/4161/3713 3685/4162/3716 3686/4156/3718 3681/4155/3714
f 3681/4155/3714 3686/4156/3718 3687/4153/3686 3682/4152/3682
f 3683/4185/3717 3689/4186/3719 3690/4176/3720 3684/4168/3715
f 3683/4185/3717 3742/4194/3721 3688/4195/3722 3689/4186/3719
f 3683/4613/3717 3741/4594/3710 3740/4612/3723 3742/4631/3721
f 3684/4168/3715 3690/4176/3720 3691/4169/3724 3685/4162/3716
f 3685/4162/3716 3691/4169/3724 3692/4163/3725 3686/4156/3718
f 3686/4156/3718 3692/4163/3725 3693/4157/3691 3687/4153/3686
f 3688/4195/3722 3710/4206/3726 3955/4219/3727 3695/4207/3728
f 3688/4195/3722 3742/4194/3721 3709/4205/3729 3710/4206/3726
f 3688/4195/3722 3695/4207/3728 3696/4196/3730 3689/4186/3719
f 3689/4186/3719 3696/4196/3730 3697/4187/3731 3690/4176/3720
f 3690/4176/3720 3697/4187/3731 3698/4177/3732 3691/4169/3724
f 3691/4169/3724 3698/4177/3732 3699/4170/3733 3692/4163/3725
f 3692/4163/3725 3699/4170/3733 3700/4164/3734 3693/4157/3691
f 3693/4157/3691 3700/4164/3734 3701/4165/3698 3694/4158/3692
f 3695/4207/3728 3837/4220/3735 3836/4208/3736 3696/4196/3730
f 3695/4207/3728 3955/4219/3727 3876/4232/3737 3837/4220/3735
f 3696/4196/3730 3836/4208/3736 3835/4197/3738 3697/4187/3731
f 3697/4187/3731 3835/4197/3738 3834/4188/3739 3698/4177/3732
f 3698/4177/3732 3834/4188/3739 3833/4178/3740 3699/4170/3733
f 3699/4170/3733 3833/4178/3740 3832/4171/3741 3700/4164/3734
f 3700/4164/3734 3832/4171/3741 3831/4172/3699 3701/4165/3698
f 3702/4589/3742 3856/4590/3743 3855/4607/3744 3859/4608/3745
f 3702/4589/3742 3731/4572/3746 3952/4571/3747 3856/4590/3743
f 3702/4589/3742 3703/4573/3748 3734/4559/3749 3731/4572/3746
f 3702/4589/3742 3859/4608/3745 3705/4591/3750 3703/4573/3748
f 3703/4573/3748 3704/4574/3751 3737/4560/3712 3734/4559/3749
f 3703/4573/3748 3705/4591/3750 3706/4592/3752 3704/4574/3751
f 3704/4574/3751 3930/4593/3753 3739/4575/3709 3737/4560/3712
f 3704/4574/3751 3706/4592/3752 3707/4611/3754 3930/4593/3753
f 3705/4591/3750 3711/4609/3755 3712/4610/3756 3706/4592/3752
f 3705/4591/3750 3859/4608/3745 3858/4626/3757 3711/4609/3755
f 3706/4592/3752 3712/4610/3756 3713/4629/3758 3707/4611/3754
f 3707/4611/3754 3713/4629/3758 3714/4644/3759 3708/4630/3760
f 3707/4611/3754 3708/4630/3760 3740/4612/3723 3930/4593/3753
f 3708/4630/3760 3714/4644/3759 3715/4653/3761 3709/4645/3729
f 3708/4630/3760 3709/4645/3729 3742/4631/3721 3740/4612/3723
f 3709/4205/3729 3715/4217/3761 3716/4218/3762 3710/4206/3726
f 3710/4206/3726 3716/4218/3762 3876/4232/3737 3955/4219/3727
f 3711/4609/3755 3858/4626/3757 3857/4642/3763 3861/4627/3764
f 3711/4609/3755 3861/4627/3764 3717/4628/3765 3712/4610/3756
f 3712/4610/3756 3717/4628/3765 3718/4643/3766 3713/4629/3758
f 3713/4629/3758 3718/4643/3766 3719/4652/3767 3714/4644/3759
f 3714/4644/3759 3719/4652/3767 3720/4662/3768 3715/4653/3761
f 3715/4217/3761 3720/4230/3768 3721/4231/3769 3716/4218/3762
f 3716/4218/3762 3721/4231/3769 3875/4245/3770 3876/4232/3737
f 3717/4835/3765 3722/4836/3771 3723/4837/3772 3718/4838/3766
f 3717/4835/3765 3861/4839/3764 3860/4840/3773 3722/4836/3771
f 3718/4643/3766 3723/4660/3772 3724/4661/3774 3719/4652/3767
f 3719/4891/3767 3724/4887/3774 3725/4888/3775 3720/4892/3768
f 3720/4230/3768 3725/4243/3775 3870/4244/3776 3721/4231/3769
f 3721/4231/3769 3870/4244/3776 3874/4257/3777 3875/4245/3770
f 3722/4836/3771 3860/4840/3773 3800/4845/3778 3862/4841/3779
f 3722/4836/3771 3862/4841/3779 3726/4842/3780 3723/4837/3772
f 3723/4660/3772 3726/4668/3780 3727/4669/3781 3724/4661/3774
f 3724/4887/3774 3727/4878/3781 3728/4879/3782 3725/4888/3775
f 3725/4243/3775 3728/4255/3782 3869/4256/3783 3870/4244/3776
f 3726/4842/3780 3862/4841/3779 3801/4846/3784 3863/4847/3785
f 3726/4668/3780 3863/4672/3785 3729/4673/3786 3727/4669/3781
f 3727/4878/3781 3729/4861/3786 3866/4871/3787 3728/4879/3782
f 3728/4255/3782 3866/4264/3787 3868/4265/3788 3869/4256/3783
f 3729/4861/3786 3730/4862/3789 3865/4870/3790 3866/4871/3787
f 3729/4861/3786 3863/4847/3785 3809/4853/3791 3730/4862/3789
f 3730/4862/3789 3809/4853/3791 3790/4859/3792 3919/4867/3793
f 3730/4862/3789 3919/4867/3793 3762/4877/3794 3865/4870/3790
f 3731/4572/3746 3734/4559/3749 3735/4546/3708 3732/4558/3795
f 3731/4572/3746 3732/4558/3795 3814/4557/3796 3952/4571/3747
f 3732/4558/3795 3735/4546/3708 3736/4534/3702 3733/4545/3704
f 3732/4558/3795 3733/4545/3704 3815/4544/3797 3814/4557/3796
f 3733/4545/3704 3958/4533/3656 3937/4532/3655 3815/4544/3797
f 3734/4559/3749 3737/4560/3712 3738/4547/3705 3735/4546/3708
f 3739/4575/3709 3930/4593/3753 3740/4612/3723 3741/4594/3710
f 3743/4996/3798 3744/4997/3799 3925/4998/3800 3920/4999/3801
f 3743/4996/3798 3750/5000/3802 3751/5001/3803 3744/4997/3799
f 3743/4646/3798 3942/4633/3804 3749/4616/3805 3750/4632/3802
f 3743/4646/3798 3920/4654/3801 3914/4655/3806 3942/4633/3804
f 3744/4228/3799 3751/4215/3803 3752/4216/3807 3745/4229/3808
f 3744/4228/3799 3745/4229/3808 3928/4241/3809 3925/4242/3800
f 3745/4229/3808 3752/4216/3807 3947/4225/3810 3946/4238/3811
f 3745/4229/3808 3946/4238/3811 3954/4251/3812 3928/4241/3809
f 3746/4582/3671 3747/4581/3670 3906/4598/3813 3905/4599/3814
f 3746/4582/3671 3905/4599/3814 3775/4618/3815 3956/4600/3672
f 3747/4581/3670 3943/4565/3667 3753/4580/3679 3748/4597/3816
f 3747/4581/3670 3748/4597/3816 3909/4617/3817 3906/4598/3813
f 3748/4597/3816 3753/4580/3679 3754/4596/3685 3749/4616/3805
f 3748/4597/3816 3749/4616/3805 3942/4633/3804 3909/4617/3817
f 3749/4616/3805 3754/4596/3685 3755/4615/3818 3750/4632/3802
f 3750/5000/3802 3755/5004/3818 3756/5005/3819 3751/5001/3803
f 3751/4215/3803 3756/4203/3819 3757/4204/3820 3752/4216/3807
f 3752/4216/3807 3757/4204/3820 3948/4212/3821 3947/4225/3810
f 3754/4596/3685 3944/4579/3684 3758/4595/3690 3755/4615/3818
f 3755/5004/3818 3758/5006/3690 3759/5007/3695 3756/5005/3819
f 3756/4203/3819 3759/4183/3695 3760/4193/3822 3757/4204/3820
f 3757/4204/3820 3760/4193/3822 3949/4202/3823 3948/4212/3821
f 3759/4183/3695 3945/4174/3694 3761/4182/3697 3760/4193/3822
f 3760/4193/3822 3761/4182/3697 3950/4192/3701 3949/4202/3823
f 3762/4281/3794 3765/4282/3824 3867/4275/3825 3865/4274/3790
f 3762/4281/3794 3924/4284/3826 3764/4279/3827 3765/4282/3824
f 3762/4877/3794 3919/4867/3793 3918/4876/3828 3924/4886/3826
f 3763/4271/3829 3927/4263/3830 3766/4252/3831 3767/4262/3832
f 3763/4271/3829 3923/4280/3833 3922/4273/3834 3927/4263/3830
f 3763/4271/3829 3764/4279/3827 3924/4284/3826 3923/4280/3833
f 3763/4271/3829 3767/4262/3832 3768/4270/3835 3764/4279/3827
f 3764/4279/3827 3768/4270/3835 3769/4278/3836 3765/4282/3824
f 3765/4282/3824 3769/4278/3836 3871/4283/3837 3867/4275/3825
f 3766/4252/3831 3771/4240/3838 3772/4250/3839 3767/4262/3832
f 3766/4252/3831 3929/4253/3840 3770/4239/3841 3771/4240/3838
f 3766/4252/3831 3927/4263/3830 3926/4254/3842 3929/4253/3840
f 3767/4262/3832 3772/4250/3839 3773/4261/3843 3768/4270/3835
f 3768/4270/3835 3773/4261/3843 3774/4269/3844 3769/4278/3836
f 3769/4278/3836 3774/4269/3844 3877/4277/3845 3871/4283/3837
f 3770/4239/3841 3839/4226/3846 3840/4227/3847 3771/4240/3838
f 3770/4239/3841 3954/4251/3812 3946/4238/3811 3839/4226/3846
f 3770/4239/3841 3929/4253/3840 3928/4241/3809 3954/4251/3812
f 3771/4240/3838 3840/4227/3847 3841/4237/3848 3772/4250/3839
f 3772/4250/3839 3841/4237/3848 3842/4249/3849 3773/4261/3843
f 3773/4261/3843 3842/4249/3849 3843/4260/3850 3774/4269/3844
f 3774/4269/3844 3843/4260/3850 3953/4268/3851 3877/4277/3845
f 3775/4618/3815 3777/4634/3852 3880/4619/3853 3892/4601/3854
f 3775/5008/3815 3905/5009/3814 3776/5010/3855 3777/5011/3852
f 3775/4618/3815 3892/4601/3854 3932/4583/3669 3956/4600/3672
f 3776/5010/3855 3907/5013/3856 3908/5018/3857 3778/5014/3858
f 3776/5010/3855 3905/5009/3814 3906/5012/3813 3907/5013/3856
f 3776/5010/3855 3778/5014/3858 3779/5015/3859 3777/5011/3852
f 3777/4634/3852 3779/4647/3859 3881/4635/3860 3880/4619/3853
f 3778/5014/3858 3781/5019/3861 3782/5020/3862 3779/5015/3859
f 3778/5014/3858 3908/5018/3857 3780/5024/3863 3781/5019/3861
f 3779/4647/3859 3782/4656/3862 3882/4648/3864 3881/4635/3860
f 3780/5024/3863 3912/5028/3865 3913/5031/3866 3783/5029/3867
f 3780/5024/3863 3908/5018/3857 3911/5023/3868 3912/5028/3865
f 3780/5024/3863 3783/5029/3867 3784/5025/3869 3781/5019/3861
f 3781/5019/3861 3784/5025/3869 3785/5026/3870 3782/5020/3862
f 3782/4656/3862 3785/4665/3870 3884/4657/3871 3882/4648/3864
f 3783/4882/3867 3787/4869/3872 3788/4875/3873 3784/4883/3869
f 3783/5029/3867 3913/5031/3866 3786/5035/3874 3787/5036/3872
f 3784/4883/3869 3788/4875/3873 3789/4881/3875 3785/4889/3870
f 3785/4665/3870 3789/4670/3875 3886/4666/3876 3884/4657/3871
f 3786/4868/3874 3918/4876/3828 3919/4867/3793 3790/4859/3792
f 3786/4868/3874 3913/4884/3866 3917/4885/3877 3918/4876/3828
f 3786/4868/3874 3790/4859/3792 3791/4860/3878 3787/4869/3872
f 3787/4869/3872 3791/4860/3878 3792/4866/3879 3788/4875/3873
f 3788/4875/3873 3792/4866/3879 3793/4874/3880 3789/4881/3875
f 3789/4670/3875 3793/4674/3880 3889/4671/3881 3886/4666/3876
f 3790/4859/3792 3809/4853/3791 3808/4852/3882 3791/4860/3878
f 3791/4860/3878 3808/4852/3882 3806/4858/3883 3792/4866/3879
f 3792/4866/3879 3806/4858/3883 3804/4864/3884 3793/4874/3880
f 3793/4874/3880 3804/4864/3884 3957/4873/3885 3889/4880/3881
f 3794/4856/3886 3891/4865/3887 3803/4855/3888 3796/4849/3889
f 3794/4651/3886 3899/4638/3890 3888/4650/3891 3891/4659/3887
f 3794/4651/3886 3795/4639/3892 3864/4623/3893 3899/4638/3890
f 3794/4856/3886 3796/4849/3889 3797/4850/3894 3795/4857/3892
f 3795/4639/3892 3960/4640/3895 3938/4624/3896 3864/4623/3893
f 3795/4639/3892 3797/4641/3894 3854/4625/3897 3960/4640/3895
f 3796/4849/3889 3799/4843/3898 3857/4844/3763 3797/4850/3894
f 3796/4849/3889 3803/4855/3888 3798/4848/3899 3799/4843/3898
f 3797/4641/3894 3857/4642/3763 3858/4626/3757 3854/4625/3897
f 3798/4848/3899 3805/4854/3900 3807/4851/3901 3800/4845/3778
f 3798/4848/3899 3803/4855/3888 3802/4863/3902 3805/4854/3900
f 3798/4848/3899 3800/4845/3778 3860/4840/3773 3799/4843/3898
f 3799/4843/3898 3860/4840/3773 3861/4839/3764 3857/4844/3763
f 3800/4845/3778 3807/4851/3901 3801/4846/3784 3862/4841/3779
f 3801/4846/3784 3808/4852/3882 3809/4853/3791 3863/4847/3785
f 3801/4846/3784 3807/4851/3901 3806/4858/3883 3808/4852/3882
f 3802/4863/3902 3957/4873/3885 3804/4864/3884 3805/4854/3900
f 3802/4863/3902 3890/4872/3903 3889/4880/3881 3957/4873/3885
f 3802/4863/3902 3803/4855/3888 3891/4865/3887 3890/4872/3903
f 3804/4864/3884 3806/4858/3883 3807/4851/3901 3805/4854/3900
f 3810/4568/3904 3898/4585/3905 3941/4569/3906 3811/4555/3907
f 3810/4568/3904 3940/4584/3908 3894/4602/3909 3898/4585/3905
f 3810/4568/3904 3934/4554/3663 3933/4567/3666 3940/4584/3908
f 3810/4568/3904 3811/4555/3907 3935/4542/3660 3934/4554/3663
f 3811/4555/3907 3813/4543/3910 3936/4531/3657 3935/4542/3660
f 3811/4555/3907 3941/4569/3906 3812/4556/3911 3813/4543/3910
f 3812/4556/3911 3904/4570/3912 3952/4571/3747 3814/4557/3796
f 3812/4556/3911 3941/4569/3906 3902/4586/3913 3904/4570/3912
f 3812/4556/3911 3814/4557/3796 3815/4544/3797 3813/4543/3910
f 3813/4543/3910 3815/4544/3797 3937/4532/3655 3936/4531/3657
f 3816/4248/3914 3847/4236/3915 3818/4223/3916 3819/4235/3917
f 3816/4248/3914 3843/4260/3850 3842/4249/3849 3847/4236/3915
f 3816/4248/3914 3817/4259/3918 3953/4268/3851 3843/4260/3850
f 3816/4248/3914 3819/4235/3917 3820/4247/3919 3817/4259/3918
f 3817/4259/3918 3820/4247/3919 3879/4258/3920 3878/4267/3921
f 3817/4259/3918 3878/4267/3921 3877/4277/3845 3953/4268/3851
f 3818/4223/3916 3850/4211/3922 3821/4199/3923 3822/4210/3924
f 3818/4223/3916 3847/4236/3915 3846/4224/3925 3850/4211/3922
f 3818/4223/3916 3822/4210/3924 3823/4222/3926 3819/4235/3917
f 3819/4235/3917 3823/4222/3926 3824/4234/3927 3820/4247/3919
f 3820/4247/3919 3824/4234/3927 3931/4246/3928 3879/4258/3920
f 3821/4199/3923 3826/4189/3929 3827/4198/3930 3822/4210/3924
f 3821/4199/3923 3852/4190/3931 3825/4179/3932 3826/4189/3929
f 3821/4199/3923 3850/4211/3922 3849/4201/3933 3852/4190/3931
f 3822/4210/3924 3827/4198/3930 3828/4209/3934 3823/4222/3926
f 3823/4222/3926 3828/4209/3934 3829/4221/3935 3824/4234/3927
f 3824/4234/3927 3829/4221/3935 3830/4233/3936 3931/4246/3928
f 3825/4179/3932 3832/4171/3741 3833/4178/3740 3826/4189/3929
f 3825/4179/3932 3853/4180/3937 3831/4172/3699 3832/4171/3741
f 3825/4179/3932 3852/4190/3931 3851/4191/3938 3853/4180/3937
f 3826/4189/3929 3833/4178/3740 3834/4188/3739 3827/4198/3930
f 3827/4198/3930 3834/4188/3739 3835/4197/3738 3828/4209/3934
f 3828/4209/3934 3835/4197/3738 3836/4208/3736 3829/4221/3935
f 3829/4221/3935 3836/4208/3736 3837/4220/3735 3830/4233/3936
f 3830/4233/3936 3837/4220/3735 3876/4232/3737 3875/4245/3770
f 3830/4233/3936 3875/4245/3770 3874/4257/3777 3931/4246/3928
f 3831/4172/3699 3853/4180/3937 3950/4192/3701 3951/4181/3700
f 3838/4605/3939 3939/4606/3940 3959/4588/3941 3903/4587/3942
f 3838/4605/3939 3864/4623/3893 3938/4624/3896 3939/4606/3940
f 3838/4605/3939 3900/4622/3943 3899/4638/3890 3864/4623/3893
f 3838/4605/3939 3903/4587/3942 3901/4604/3944 3900/4622/3943
f 3839/4226/3846 3844/4213/3945 3845/4214/3946 3840/4227/3847
f 3839/4226/3846 3946/4238/3811 3947/4225/3810 3844/4213/3945
f 3840/4227/3847 3845/4214/3946 3846/4224/3925 3841/4237/3848
f 3841/4237/3848 3846/4224/3925 3847/4236/3915 3842/4249/3849
f 3844/4213/3945 3848/4200/3947 3849/4201/3933 3845/4214/3946
f 3844/4213/3945 3947/4225/3810 3948/4212/3821 3848/4200/3947
f 3845/4214/3946 3849/4201/3933 3850/4211/3922 3846/4224/3925
f 3848/4200/3947 3851/4191/3938 3852/4190/3931 3849/4201/3933
f 3848/4200/3947 3948/4212/3821 3949/4202/3823 3851/4191/3938
f 3851/4191/3938 3949/4202/3823 3950/4192/3701 3853/4180/3937
f 3854/4625/3897 3858/4626/3757 3859/4608/3745 3855/4607/3744
f 3854/4625/3897 3855/4607/3744 3938/4624/3896 3960/4640/3895
f 3855/4607/3744 3856/4590/3743 3939/4606/3940 3938/4624/3896
f 3856/4590/3743 3952/4571/3747 3959/4588/3941 3939/4606/3940
f 3865/4274/3790 3867/4275/3825 3868/4265/3788 3866/4264/3787
f 3867/4275/3825 3871/4283/3837 3872/4276/3948 3868/4265/3788
f 3868/4265/3788 3872/4276/3948 3873/4266/3949 3869/4256/3783
f 3869/4256/3783 3873/4266/3949 3874/4257/3777 3870/4244/3776
f 3871/4283/3837 3877/4277/3845 3878/4267/3921 3872/4276/3948
f 3872/4276/3948 3878/4267/3921 3879/4258/3920 3873/4266/3949
f 3873/4266/3949 3879/4258/3920 3931/4246/3928 3874/4257/3777
f 3880/4619/3853 3894/4602/3909 3940/4584/3908 3892/4601/3854
f 3880/4619/3853 3881/4635/3860 3893/4620/3950 3894/4602/3909
f 3881/4635/3860 3882/4648/3864 3883/4636/3951 3893/4620/3950
f 3882/4648/3864 3884/4657/3871 3885/4649/3952 3883/4636/3951
f 3883/4636/3951 3896/4621/3953 3897/4603/3954 3893/4620/3950
f 3883/4636/3951 3885/4649/3952 3895/4637/3955 3896/4621/3953
f 3884/4657/3871 3886/4666/3876 3887/4658/3956 3885/4649/3952
f 3885/4649/3952 3887/4658/3956 3888/4650/3891 3895/4637/3955
f 3886/4666/3876 3889/4671/3881 3890/4667/3903 3887/4658/3956
f 3887/4658/3956 3890/4667/3903 3891/4659/3887 3888/4650/3891
f 3888/4650/3891 3899/4638/3890 3900/4622/3943 3895/4637/3955
f 3892/4601/3854 3940/4584/3908 3933/4567/3666 3932/4583/3669
f 3893/4620/3950 3897/4603/3954 3898/4585/3905 3894/4602/3909
f 3895/4637/3955 3900/4622/3943 3901/4604/3944 3896/4621/3953
f 3896/4621/3953 3901/4604/3944 3902/4586/3913 3897/4603/3954
f 3897/4603/3954 3902/4586/3913 3941/4569/3906 3898/4585/3905
f 3901/4604/3944 3903/4587/3942 3904/4570/3912 3902/4586/3913
f 3903/4587/3942 3959/4588/3941 3952/4571/3747 3904/4570/3912
f 3906/5012/3813 3909/5016/3817 3910/5017/3957 3907/5013/3856
f 3907/5013/3856 3910/5017/3957 3911/5023/3868 3908/5018/3857
f 3909/5016/3817 3942/5021/3804 3914/5022/3806 3910/5017/3957
f 3910/5017/3957 3914/5022/3806 3915/5027/3958 3911/5023/3868
f 3911/5023/3868 3915/5027/3958 3916/5030/3959 3912/5028/3865
f 3912/5028/3865 3916/5030/3959 3917/5034/3877 3913/5031/3866
f 3914/4655/3806 3920/4654/3801 3921/4663/3960 3915/4664/3958
f 3915/5027/3958 3921/5032/3960 3922/5033/3834 3916/5030/3959
f 3916/5030/3959 3922/5033/3834 3923/5037/3833 3917/5034/3877
f 3917/4885/3877 3923/4890/3833 3924/4886/3826 3918/4876/3828
f 3920/4999/3801 3925/4998/3800 3926/5002/3842 3921/5003/3960
f 3921/4272/3960 3926/4254/3842 3927/4263/3830 3922/4273/3834
f 3925/4242/3800 3928/4241/3809 3929/4253/3840 3926/4254/3842
